timestamp,satellite_id,temperature_c,voltage_v,current_a,battery_soc_percent,solar_power_w,communication_signal_db,vibration_g,attitude_error_deg,subsystem,label
2026-03-01 00:00:00,SAT-001,35.99,25.92,14.67,22.54,522.98,-68.7,0.0608,0.103,BATTERY,ANOMALY
2026-03-01 00:01:00,SAT-002,30.12,28.58,4.25,91.02,531.21,-68.49,0.0273,0.125,PAYLOAD,NORMAL
2026-03-01 00:02:00,SAT-003,23.09,28.23,5.28,89.88,518.98,-68.88,0.0378,0.136,COMMUNICATION,NORMAL
2026-03-01 00:03:00,SAT-004,23.13,28.2,6.02,89.95,495.72,-64.72,0.0783,0.116,COMMUNICATION,NORMAL
2026-03-01 00:04:00,INSAT-3D,72.11,27.5,5.69,77.08,553.21,-69.61,0.0315,0.054,THERMAL,ANOMALY
2026-03-01 00:05:00,GSAT-30,22.05,28.07,6.17,86.62,485.29,-70.39,0.0562,0.1,POWER,NORMAL
2026-03-01 00:06:00,SAT-001,24.27,28.04,4.99,93.5,533.78,-69.23,0.0592,0.053,THERMAL,NORMAL
2026-03-01 00:07:00,SAT-002,24.75,28.45,6.49,84.77,552.65,-63.39,0.0446,0.127,PAYLOAD,NORMAL
2026-03-01 00:08:00,SAT-003,18.14,21.09,6.57,83.5,223.33,-73.96,0.0428,0.091,POWER,ANOMALY
2026-03-01 00:09:00,SAT-004,25.48,28.35,6.76,89.8,488.66,-65.32,0.0437,0.051,COMMUNICATION,NORMAL
2026-03-01 00:10:00,INSAT-3D,29.8,28.24,5.95,91.37,531.02,-69.1,0.0603,0.071,COMMUNICATION,NORMAL
2026-03-01 00:11:00,GSAT-30,21.95,28.07,5.15,99.5,501.63,-65.26,0.037,0.065,POWER,NORMAL
2026-03-01 00:12:00,SAT-001,38.9,26.26,20.5,84.27,504.62,-70.47,0.0559,0.11,POWER,ANOMALY
2026-03-01 00:13:00,SAT-002,23.45,28.18,7.19,80.87,551.83,-62.08,0.0686,0.022,POWER,NORMAL
2026-03-01 00:14:00,SAT-003,24.25,28.03,6.78,84.9,552.47,-68.07,0.0596,0.068,COMMUNICATION,NORMAL
2026-03-01 00:15:00,SAT-004,25.1,27.9,6.83,90.16,501.61,-70.05,0.0557,0.098,POWER,NORMAL
2026-03-01 00:16:00,INSAT-3D,23.84,28.12,6.39,88.09,567.47,-120.19,0.0567,0.106,COMMUNICATION,ANOMALY
2026-03-01 00:17:00,GSAT-30,21.4,28.39,4.83,88.59,575.02,-67.54,0.0378,0.055,PAYLOAD,NORMAL
2026-03-01 00:18:00,SAT-001,26.83,28.27,6.4,89.73,516.2,-67.3,0.0485,0.059,THERMAL,NORMAL
2026-03-01 00:19:00,SAT-002,21.55,27.93,3.9,83.98,539.83,-69.15,0.0394,0.047,ATTITUDE,NORMAL
2026-03-01 00:20:00,SAT-003,28.6,28.49,6.83,75.57,598.2,-67.56,1.7205,0.635,ATTITUDE,ANOMALY
2026-03-01 00:21:00,SAT-004,25.97,28.41,6.21,95.27,530.74,-59.84,0.0525,0.054,THERMAL,NORMAL
2026-03-01 00:22:00,INSAT-3D,30.18,28.3,4.77,86.78,551.45,-66.48,0.0435,0.09,THERMAL,NORMAL
2026-03-01 00:23:00,GSAT-30,23.42,28.39,7.04,86.29,507.59,-69.54,0.0535,0.083,PAYLOAD,NORMAL
2026-03-01 00:24:00,SAT-001,27.89,28.73,6.68,80.96,252.78,-67.85,0.0537,9.614,ATTITUDE,ANOMALY
2026-03-01 00:25:00,SAT-002,22.67,27.78,6.73,80.82,498.59,-66.52,0.043,0.059,ATTITUDE,NORMAL
2026-03-01 00:26:00,SAT-003,23.9,28.39,5.58,86.82,523.01,-67.75,0.0728,0.024,PAYLOAD,NORMAL
2026-03-01 00:27:00,SAT-004,25.52,28.24,6.48,78.6,573.82,-69.53,0.0595,0.075,ATTITUDE,NORMAL
2026-03-01 00:28:00,INSAT-3D,33.38,25.23,10.85,26.79,490.76,-73.97,0.0364,0.105,BATTERY,ANOMALY
2026-03-01 00:29:00,GSAT-30,20.8,28.12,5.82,84.73,601.79,-66.79,0.0299,0.108,COMMUNICATION,NORMAL
2026-03-01 00:30:00,SAT-001,26.32,28.61,5.14,97.22,514.42,-71.84,0.0422,0.136,ATTITUDE,NORMAL
2026-03-01 00:31:00,SAT-002,27.45,28.35,5.82,77.53,525.3,-67.58,0.045,0.103,BATTERY,NORMAL
2026-03-01 00:32:00,SAT-003,61.34,27.5,6.95,85.74,565.17,-66.41,0.0525,0.134,THERMAL,ANOMALY
2026-03-01 00:33:00,SAT-004,27.4,28.22,6.55,87.46,522.97,-67.38,0.0556,0.066,ATTITUDE,NORMAL
2026-03-01 00:34:00,INSAT-3D,20.67,27.99,7.76,87.8,558.53,-68.55,0.0439,0.065,BATTERY,NORMAL
2026-03-01 00:35:00,GSAT-30,22.1,28.06,6.8,91.05,539.27,-67.65,0.0603,0.062,ATTITUDE,NORMAL
2026-03-01 00:36:00,SAT-001,27.64,20.67,6.33,90.49,244.33,-65.56,0.0581,0.081,POWER,ANOMALY
2026-03-01 00:37:00,SAT-002,23.56,28.45,6.28,89.34,493.02,-78.09,0.0585,0.144,POWER,NORMAL
2026-03-01 00:38:00,SAT-003,27.7,28.37,5.64,87.96,466.85,-62.69,0.0413,0.104,ATTITUDE,NORMAL
2026-03-01 00:39:00,SAT-004,25.32,28.22,5.99,93.92,522.31,-72.07,0.026,0.082,BATTERY,NORMAL
2026-03-01 00:40:00,INSAT-3D,41.18,26.77,25.0,87.29,535.59,-65.52,0.0583,0.051,POWER,ANOMALY
2026-03-01 00:41:00,GSAT-30,17.87,28.59,5.96,87.98,516.12,-68.14,0.0603,0.103,COMMUNICATION,NORMAL
2026-03-01 00:42:00,SAT-001,23.11,27.85,5.52,87.77,450.25,-64.57,0.0222,0.098,ATTITUDE,NORMAL
2026-03-01 00:43:00,SAT-002,27.95,27.93,5.64,83.16,590.29,-70.11,0.0433,0.062,PAYLOAD,NORMAL
2026-03-01 00:44:00,SAT-003,25.08,27.98,6.87,79.8,489.43,-119.02,0.037,0.04,COMMUNICATION,ANOMALY
2026-03-01 00:45:00,SAT-004,26.2,28.67,6.96,85.12,508.56,-66.52,0.0292,0.135,THERMAL,NORMAL
2026-03-01 00:46:00,INSAT-3D,24.74,28.13,6.44,82.51,551.93,-68.26,0.0483,0.088,PAYLOAD,NORMAL
2026-03-01 00:47:00,GSAT-30,26.2,28.68,6.46,88.97,595.87,-66.2,0.0373,0.121,BATTERY,NORMAL
2026-03-01 00:48:00,SAT-001,23.78,28.01,5.82,80.32,540.0,-68.77,1.5139,0.672,ATTITUDE,ANOMALY
2026-03-01 00:49:00,SAT-002,25.59,28.49,7.02,88.83,504.29,-68.81,0.0629,0.106,BATTERY,NORMAL
2026-03-01 00:50:00,SAT-003,25.82,28.4,6.24,89.2,568.82,-61.84,0.048,0.066,THERMAL,NORMAL
2026-03-01 00:51:00,SAT-004,30.26,28.22,7.5,81.1,480.38,-68.17,0.0496,0.079,POWER,NORMAL
2026-03-01 00:52:00,INSAT-3D,19.8,28.17,5.46,88.35,243.45,-70.82,0.0399,11.499,ATTITUDE,ANOMALY
2026-03-01 00:53:00,GSAT-30,26.64,28.2,5.11,90.52,522.39,-64.86,0.0422,0.078,THERMAL,NORMAL
2026-03-01 00:54:00,SAT-001,24.63,27.94,5.76,82.01,608.77,-67.89,0.0366,0.086,PAYLOAD,NORMAL
2026-03-01 00:55:00,SAT-002,23.67,27.94,6.35,84.12,540.83,-67.05,0.0446,0.082,PAYLOAD,NORMAL
2026-03-01 00:56:00,SAT-003,35.08,25.75,10.95,32.33,556.01,-66.59,0.0414,0.107,BATTERY,ANOMALY
2026-03-01 00:57:00,SAT-004,22.74,27.93,7.55,92.41,539.72,-63.56,0.0459,0.054,COMMUNICATION,NORMAL
2026-03-01 00:58:00,INSAT-3D,32.3,28.55,4.59,93.34,564.9,-68.87,0.028,0.098,BATTERY,NORMAL
2026-03-01 00:59:00,GSAT-30,25.1,28.23,5.91,86.81,523.97,-69.88,0.0404,0.068,THERMAL,NORMAL
2026-03-01 01:00:00,SAT-001,64.71,27.24,4.5,88.42,541.71,-68.25,0.0474,0.088,THERMAL,ANOMALY
2026-03-01 01:01:00,SAT-002,26.85,28.25,7.83,96.1,572.66,-70.29,0.0382,0.05,PAYLOAD,NORMAL
2026-03-01 01:02:00,SAT-003,27.24,28.0,7.68,89.33,532.53,-67.58,0.0542,0.08,THERMAL,NORMAL
2026-03-01 01:03:00,SAT-004,22.72,28.21,5.51,86.08,575.22,-69.73,0.055,0.046,ATTITUDE,NORMAL
2026-03-01 01:04:00,INSAT-3D,27.59,23.52,4.52,81.02,137.18,-68.61,0.0487,0.062,POWER,ANOMALY
2026-03-01 01:05:00,GSAT-30,25.64,28.29,6.63,91.48,558.06,-66.57,0.0381,0.06,THERMAL,NORMAL
2026-03-01 01:06:00,SAT-001,17.27,28.29,5.98,92.74,531.25,-64.1,0.0369,0.013,PAYLOAD,NORMAL
2026-03-01 01:07:00,SAT-002,16.86,28.58,4.71,92.98,564.04,-75.02,0.0175,0.123,PAYLOAD,NORMAL
2026-03-01 01:08:00,SAT-003,41.64,26.44,31.97,87.56,529.62,-64.84,0.0498,0.127,POWER,ANOMALY
2026-03-01 01:09:00,SAT-004,21.18,28.0,7.41,90.01,527.84,-65.51,0.0604,0.067,POWER,NORMAL
2026-03-01 01:10:00,INSAT-3D,15.99,28.1,7.26,98.0,565.13,-63.3,0.0309,0.06,ATTITUDE,NORMAL
2026-03-01 01:11:00,GSAT-30,25.63,28.86,6.04,88.23,602.38,-66.23,0.0476,0.093,BATTERY,NORMAL
2026-03-01 01:12:00,SAT-001,26.75,27.86,5.43,94.43,535.52,-122.4,0.0441,0.103,COMMUNICATION,ANOMALY
2026-03-01 01:13:00,SAT-002,23.59,28.09,5.82,92.76,503.09,-70.19,0.026,0.122,ATTITUDE,NORMAL
2026-03-01 01:14:00,SAT-003,28.75,28.05,6.88,76.4,531.95,-66.12,0.0602,0.055,ATTITUDE,NORMAL
2026-03-01 01:15:00,SAT-004,23.45,28.22,6.05,89.56,498.2,-67.17,0.0364,0.107,POWER,NORMAL
2026-03-01 01:16:00,INSAT-3D,23.98,28.0,6.86,85.07,598.3,-72.89,0.6082,0.714,ATTITUDE,ANOMALY
2026-03-01 01:17:00,GSAT-30,21.95,27.8,7.28,86.35,524.32,-74.37,0.0278,0.124,POWER,NORMAL
2026-03-01 01:18:00,SAT-001,29.86,27.54,4.54,81.8,498.79,-67.39,0.0485,0.072,THERMAL,NORMAL
2026-03-01 01:19:00,SAT-002,20.07,28.01,5.31,96.76,572.75,-64.19,0.0537,0.046,THERMAL,NORMAL
2026-03-01 01:20:00,SAT-003,24.43,28.35,5.52,88.56,235.26,-69.12,0.0521,10.853,ATTITUDE,ANOMALY
2026-03-01 01:21:00,SAT-004,19.07,27.97,6.38,84.42,564.11,-66.6,0.0614,0.109,COMMUNICATION,NORMAL
2026-03-01 01:22:00,INSAT-3D,23.17,28.46,5.64,80.96,485.52,-66.18,0.0296,0.133,POWER,NORMAL
2026-03-01 01:23:00,GSAT-30,28.32,28.11,5.92,89.29,549.96,-67.88,0.029,0.076,PAYLOAD,NORMAL
2026-03-01 01:24:00,SAT-001,41.34,25.68,14.37,25.44,489.25,-69.41,0.035,0.136,BATTERY,ANOMALY
2026-03-01 01:25:00,SAT-002,25.69,27.96,6.53,79.49,576.02,-66.58,0.0481,0.109,ATTITUDE,NORMAL
2026-03-01 01:26:00,SAT-003,24.65,28.77,7.15,89.29,589.14,-69.49,0.0227,0.05,COMMUNICATION,NORMAL
2026-03-01 01:27:00,SAT-004,23.78,28.25,5.05,90.91,486.66,-70.4,0.0611,0.053,PAYLOAD,NORMAL
2026-03-01 01:28:00,INSAT-3D,59.34,26.87,8.17,83.48,532.86,-67.46,0.0511,0.034,THERMAL,ANOMALY
2026-03-01 01:29:00,GSAT-30,23.32,28.77,5.19,81.35,597.92,-70.11,0.0337,0.149,PAYLOAD,NORMAL
2026-03-01 01:30:00,SAT-001,26.75,28.33,5.33,92.65,478.3,-64.57,0.0292,0.073,THERMAL,NORMAL
2026-03-01 01:31:00,SAT-002,29.5,28.37,6.87,94.84,587.42,-64.91,0.0467,0.069,PAYLOAD,NORMAL
2026-03-01 01:32:00,SAT-003,26.31,21.14,4.94,83.6,229.3,-69.76,0.0431,0.075,POWER,ANOMALY
2026-03-01 01:33:00,SAT-004,24.77,28.03,7.95,89.7,495.41,-63.76,0.0347,0.162,PAYLOAD,NORMAL
2026-03-01 01:34:00,INSAT-3D,21.35,28.52,5.99,88.67,554.44,-73.79,0.0372,0.111,THERMAL,NORMAL
2026-03-01 01:35:00,GSAT-30,15.73,28.38,6.03,92.98,548.97,-68.06,0.0527,0.075,BATTERY,NORMAL
2026-03-01 01:36:00,SAT-001,38.0,26.53,28.39,87.84,505.82,-68.6,0.0479,0.017,POWER,ANOMALY
2026-03-01 01:37:00,SAT-002,23.95,28.0,5.4,82.75,472.32,-71.62,0.0322,0.1,POWER,NORMAL
2026-03-01 01:38:00,SAT-003,22.73,28.4,6.42,88.25,548.52,-65.22,0.0438,0.082,BATTERY,NORMAL
2026-03-01 01:39:00,SAT-004,23.33,28.35,6.1,85.49,556.4,-66.48,0.03,0.097,COMMUNICATION,NORMAL
2026-03-01 01:40:00,INSAT-3D,33.51,28.34,5.14,85.89,475.08,-107.8,0.0674,0.06,COMMUNICATION,ANOMALY
2026-03-01 01:41:00,GSAT-30,30.42,28.65,5.71,86.06,550.01,-67.0,0.0529,0.14,POWER,NORMAL
2026-03-01 01:42:00,SAT-001,21.62,27.99,6.24,84.85,571.76,-67.89,0.0674,0.105,THERMAL,NORMAL
2026-03-01 01:43:00,SAT-002,26.43,28.36,7.08,88.32,517.68,-69.42,0.0394,0.051,THERMAL,NORMAL
2026-03-01 01:44:00,SAT-003,26.95,28.01,6.66,84.21,528.75,-66.33,1.6222,0.699,ATTITUDE,ANOMALY
2026-03-01 01:45:00,SAT-004,26.46,28.3,6.02,88.02,568.62,-72.47,0.0453,0.083,BATTERY,NORMAL
2026-03-01 01:46:00,INSAT-3D,27.26,28.74,5.95,89.1,548.73,-63.27,0.0439,0.088,BATTERY,NORMAL
2026-03-01 01:47:00,GSAT-30,26.95,28.02,5.76,90.46,557.16,-69.81,0.0422,0.135,COMMUNICATION,NORMAL
2026-03-01 01:48:00,SAT-001,24.24,28.77,7.38,93.63,230.01,-68.51,0.0405,10.742,ATTITUDE,ANOMALY
2026-03-01 01:49:00,SAT-002,23.06,28.67,5.04,77.01,555.4,-69.51,0.0327,0.101,THERMAL,NORMAL
2026-03-01 01:50:00,SAT-003,22.47,28.38,6.54,89.22,527.97,-63.35,0.0316,0.045,BATTERY,NORMAL
2026-03-01 01:51:00,SAT-004,22.51,28.03,6.26,86.85,573.27,-69.03,0.0511,0.079,PAYLOAD,NORMAL
2026-03-01 01:52:00,INSAT-3D,35.31,25.55,14.46,22.85,543.8,-66.18,0.0356,0.09,BATTERY,ANOMALY
2026-03-01 01:53:00,GSAT-30,30.73,28.58,6.49,80.1,519.91,-69.39,0.0291,0.115,PAYLOAD,NORMAL
2026-03-01 01:54:00,SAT-001,22.78,28.45,5.98,87.87,533.94,-70.06,0.0747,0.065,BATTERY,NORMAL
2026-03-01 01:55:00,SAT-002,27.75,28.31,5.43,87.76,539.87,-71.48,0.063,0.106,THERMAL,NORMAL
2026-03-01 01:56:00,SAT-003,72.76,27.41,6.67,74.79,522.58,-70.05,0.035,0.072,THERMAL,ANOMALY
2026-03-01 01:57:00,SAT-004,28.22,28.34,6.28,86.63,547.37,-65.36,0.0627,0.126,PAYLOAD,NORMAL
2026-03-01 01:58:00,INSAT-3D,27.44,28.3,6.92,91.18,576.73,-69.61,0.0608,0.086,POWER,NORMAL
2026-03-01 01:59:00,GSAT-30,22.97,28.19,6.02,81.93,562.76,-63.3,0.0414,0.145,BATTERY,NORMAL
2026-03-01 02:00:00,SAT-001,21.33,21.47,7.84,83.98,122.23,-64.87,0.0501,0.02,POWER,ANOMALY
2026-03-01 02:01:00,SAT-002,23.24,28.25,7.07,87.45,572.65,-65.38,0.0226,0.053,THERMAL,NORMAL
2026-03-01 02:02:00,SAT-003,25.1,28.6,6.96,99.5,525.67,-67.77,0.0638,0.034,COMMUNICATION,NORMAL
2026-03-01 02:03:00,SAT-004,27.1,28.48,5.18,80.26,583.62,-68.38,0.054,0.058,BATTERY,NORMAL
2026-03-01 02:04:00,INSAT-3D,42.97,26.24,19.81,92.22,451.7,-66.86,0.0439,0.058,POWER,ANOMALY
2026-03-01 02:05:00,GSAT-30,27.7,27.5,7.12,79.3,527.31,-71.36,0.0295,0.115,ATTITUDE,NORMAL
2026-03-01 02:06:00,SAT-001,19.55,28.13,4.52,89.27,530.93,-64.3,0.0528,0.038,COMMUNICATION,NORMAL
2026-03-01 02:07:00,SAT-002,22.4,27.87,7.32,79.97,557.63,-74.46,0.0535,0.109,POWER,NORMAL
2026-03-01 02:08:00,SAT-003,29.28,28.15,7.77,96.54,520.35,-119.83,0.0465,0.066,COMMUNICATION,ANOMALY
2026-03-01 02:09:00,SAT-004,24.34,28.31,5.73,88.05,544.88,-66.64,0.0434,0.113,ATTITUDE,NORMAL
2026-03-01 02:10:00,INSAT-3D,32.31,28.17,7.09,82.8,561.45,-71.16,0.0375,0.137,THERMAL,NORMAL
2026-03-01 02:11:00,GSAT-30,24.64,28.19,6.73,85.42,553.07,-66.48,0.0474,0.072,ATTITUDE,NORMAL
2026-03-01 02:12:00,SAT-001,26.54,28.43,7.17,94.08,500.3,-69.32,1.563,0.708,ATTITUDE,ANOMALY
2026-03-01 02:13:00,SAT-002,26.12,28.31,7.49,90.27,531.45,-65.11,0.0593,0.043,POWER,NORMAL
2026-03-01 02:14:00,SAT-003,27.76,28.1,5.02,83.5,493.08,-64.51,0.0611,0.128,PAYLOAD,NORMAL
2026-03-01 02:15:00,SAT-004,28.06,27.66,7.05,99.23,529.39,-68.1,0.0307,0.089,ATTITUDE,NORMAL
2026-03-01 02:16:00,INSAT-3D,29.81,28.41,9.01,85.17,216.49,-67.49,0.0208,8.129,ATTITUDE,ANOMALY
2026-03-01 02:17:00,GSAT-30,24.12,28.3,6.05,90.77,538.82,-70.85,0.0346,0.05,PAYLOAD,NORMAL
2026-03-01 02:18:00,SAT-001,25.2,28.39,5.54,88.82,514.91,-63.32,0.0323,0.082,THERMAL,NORMAL
2026-03-01 02:19:00,SAT-002,25.37,27.87,5.72,89.6,484.25,-66.68,0.0448,0.097,COMMUNICATION,NORMAL
2026-03-01 02:20:00,SAT-003,35.17,25.54,11.41,27.93,533.67,-66.37,0.0455,0.081,BATTERY,ANOMALY
2026-03-01 02:21:00,SAT-004,27.59,28.14,6.45,95.55,510.0,-71.17,0.0533,0.094,BATTERY,NORMAL
2026-03-01 02:22:00,INSAT-3D,27.05,28.37,6.0,82.36,524.35,-69.76,0.044,0.113,BATTERY,NORMAL
2026-03-01 02:23:00,GSAT-30,29.29,28.61,4.97,89.34,591.08,-73.06,0.0488,0.08,ATTITUDE,NORMAL
2026-03-01 02:24:00,SAT-001,73.04,27.17,5.35,75.43,559.29,-64.69,0.048,0.064,THERMAL,ANOMALY
2026-03-01 02:25:00,SAT-002,21.15,28.02,5.73,87.01,513.43,-67.9,0.0375,0.101,ATTITUDE,NORMAL
2026-03-01 02:26:00,SAT-003,27.21,27.81,5.32,91.66,492.5,-68.57,0.0433,0.064,ATTITUDE,NORMAL
2026-03-01 02:27:00,SAT-004,30.85,28.3,5.64,87.72,559.54,-67.77,0.0515,0.052,PAYLOAD,NORMAL
2026-03-01 02:28:00,INSAT-3D,26.51,23.47,6.41,80.48,145.2,-64.29,0.0559,0.098,POWER,ANOMALY
2026-03-01 02:29:00,GSAT-30,28.03,28.39,6.82,82.22,531.72,-69.19,0.0501,0.09,COMMUNICATION,NORMAL
2026-03-01 02:30:00,SAT-001,26.76,28.35,5.34,83.55,515.35,-68.72,0.046,0.101,ATTITUDE,NORMAL
2026-03-01 02:31:00,SAT-002,23.07,28.4,6.56,85.35,599.14,-62.32,0.0453,0.01,THERMAL,NORMAL
2026-03-01 02:32:00,SAT-003,40.66,26.01,29.55,90.42,583.23,-67.22,0.0414,0.066,POWER,ANOMALY
2026-03-01 02:33:00,SAT-004,27.49,28.23,5.62,99.5,571.93,-72.79,0.0388,0.108,ATTITUDE,NORMAL
2026-03-01 02:34:00,INSAT-3D,21.27,28.12,5.71,87.07,541.98,-66.41,0.0442,0.095,THERMAL,NORMAL
2026-03-01 02:35:00,GSAT-30,27.54,28.09,4.87,94.28,580.04,-74.05,0.0382,0.062,ATTITUDE,NORMAL
2026-03-01 02:36:00,SAT-001,30.92,28.17,5.3,89.41,493.08,-109.09,0.0373,0.063,COMMUNICATION,ANOMALY
2026-03-01 02:37:00,SAT-002,25.56,28.2,6.55,93.95,573.23,-72.45,0.015,0.108,POWER,NORMAL
2026-03-01 02:38:00,SAT-003,24.55,28.45,5.79,82.14,582.27,-68.95,0.0555,0.103,ATTITUDE,NORMAL
2026-03-01 02:39:00,SAT-004,23.01,28.1,7.3,86.08,601.22,-65.62,0.0505,0.044,PAYLOAD,NORMAL
2026-03-01 02:40:00,INSAT-3D,28.81,28.05,5.54,87.56,488.36,-70.29,0.7224,0.747,ATTITUDE,ANOMALY
2026-03-01 02:41:00,GSAT-30,20.82,28.19,7.13,83.69,459.41,-69.33,0.0345,0.012,ATTITUDE,NORMAL
2026-03-01 02:42:00,SAT-001,26.02,28.02,6.04,86.1,536.93,-67.54,0.0521,0.095,ATTITUDE,NORMAL
2026-03-01 02:43:00,SAT-002,21.68,27.66,6.49,86.72,575.38,-68.39,0.0377,0.078,BATTERY,NORMAL
2026-03-01 02:44:00,SAT-003,29.28,28.37,4.55,85.93,241.68,-68.05,0.0389,6.798,ATTITUDE,ANOMALY
2026-03-01 02:45:00,SAT-004,29.15,28.38,7.0,84.22,490.24,-63.5,0.0411,0.072,ATTITUDE,NORMAL
2026-03-01 02:46:00,INSAT-3D,24.26,28.17,6.18,90.87,529.2,-65.94,0.0441,0.048,PAYLOAD,NORMAL
2026-03-01 02:47:00,GSAT-30,30.09,28.65,6.8,90.97,510.12,-66.92,0.0517,0.074,BATTERY,NORMAL
2026-03-01 02:48:00,SAT-001,32.72,25.6,14.31,27.13,547.38,-67.56,0.0402,0.07,BATTERY,ANOMALY
2026-03-01 02:49:00,SAT-002,20.76,28.48,5.92,90.75,614.51,-65.93,0.0495,0.128,THERMAL,NORMAL
2026-03-01 02:50:00,SAT-003,24.49,28.11,5.54,92.55,600.55,-67.1,0.0489,0.06,COMMUNICATION,NORMAL
2026-03-01 02:51:00,SAT-004,23.15,28.35,7.19,88.11,550.81,-62.89,0.0479,0.158,COMMUNICATION,NORMAL
2026-03-01 02:52:00,INSAT-3D,58.24,26.87,7.1,86.91,568.69,-65.98,0.0436,0.043,THERMAL,ANOMALY
2026-03-01 02:53:00,GSAT-30,26.89,28.29,5.52,84.9,551.86,-65.55,0.0582,0.054,POWER,NORMAL
2026-03-01 02:54:00,SAT-001,20.81,28.31,7.16,84.95,535.31,-67.96,0.0356,0.099,PAYLOAD,NORMAL
2026-03-01 02:55:00,SAT-002,27.71,28.48,6.71,90.38,548.1,-78.05,0.0415,0.052,BATTERY,NORMAL
2026-03-01 02:56:00,SAT-003,29.63,23.22,6.13,83.21,186.52,-69.24,0.0306,0.03,POWER,ANOMALY
2026-03-01 02:57:00,SAT-004,25.44,28.03,7.69,97.43,597.08,-65.13,0.0375,0.105,THERMAL,NORMAL
2026-03-01 02:58:00,INSAT-3D,28.82,27.84,6.56,83.91,559.36,-69.48,0.0174,0.091,COMMUNICATION,NORMAL
2026-03-01 02:59:00,GSAT-30,22.49,27.73,6.13,87.39,592.97,-66.11,0.0327,0.136,PAYLOAD,NORMAL
2026-03-01 03:00:00,SAT-001,41.66,26.8,20.99,80.2,518.83,-64.73,0.0638,0.126,POWER,ANOMALY
2026-03-01 03:01:00,SAT-002,27.51,28.62,7.54,91.67,519.58,-71.9,0.0282,0.01,ATTITUDE,NORMAL
2026-03-01 03:02:00,SAT-003,20.91,27.5,6.18,96.86,598.14,-69.37,0.0378,0.094,ATTITUDE,NORMAL
2026-03-01 03:03:00,SAT-004,24.04,27.95,6.16,92.06,506.61,-70.86,0.0322,0.022,COMMUNICATION,NORMAL
2026-03-01 03:04:00,INSAT-3D,24.56,28.41,6.64,84.15,533.87,-117.75,0.0255,0.104,COMMUNICATION,ANOMALY
2026-03-01 03:05:00,GSAT-30,27.58,28.13,6.25,90.58,485.31,-69.59,0.0545,0.042,THERMAL,NORMAL
2026-03-01 03:06:00,SAT-001,23.05,27.93,6.45,87.34,511.19,-68.49,0.0506,0.137,BATTERY,NORMAL
2026-03-01 03:07:00,SAT-002,23.28,27.85,7.35,89.05,616.08,-65.18,0.0516,0.067,ATTITUDE,NORMAL
2026-03-01 03:08:00,SAT-003,22.71,28.13,5.6,88.25,578.98,-68.78,0.5067,0.659,ATTITUDE,ANOMALY
2026-03-01 03:09:00,SAT-004,22.73,28.19,5.7,91.01,515.18,-69.53,0.0589,0.057,THERMAL,NORMAL
2026-03-01 03:10:00,INSAT-3D,21.59,28.31,7.47,89.9,604.0,-61.94,0.0418,0.059,PAYLOAD,NORMAL
2026-03-01 03:11:00,GSAT-30,24.37,29.0,6.44,84.24,525.08,-64.55,0.0464,0.037,COMMUNICATION,NORMAL
2026-03-01 03:12:00,SAT-001,28.76,28.0,8.0,90.4,232.46,-64.16,0.0457,4.332,ATTITUDE,ANOMALY
2026-03-01 03:13:00,SAT-002,20.7,28.25,4.95,94.49,629.03,-67.45,0.0439,0.07,COMMUNICATION,NORMAL
2026-03-01 03:14:00,SAT-003,23.07,28.44,5.51,93.71,539.68,-67.09,0.0494,0.062,COMMUNICATION,NORMAL
2026-03-01 03:15:00,SAT-004,20.84,28.14,6.23,86.67,602.75,-67.33,0.0353,0.098,BATTERY,NORMAL
2026-03-01 03:16:00,INSAT-3D,35.31,25.91,12.63,31.3,520.89,-73.87,0.0433,0.119,BATTERY,ANOMALY
2026-03-01 03:17:00,GSAT-30,19.32,28.24,5.72,96.21,548.72,-66.74,0.0504,0.044,COMMUNICATION,NORMAL
2026-03-01 03:18:00,SAT-001,27.78,28.35,5.82,91.33,528.88,-70.03,0.0506,0.05,PAYLOAD,NORMAL
2026-03-01 03:19:00,SAT-002,23.22,28.39,7.3,93.06,472.24,-67.62,0.0573,0.04,POWER,NORMAL
2026-03-01 03:20:00,SAT-003,69.62,27.5,5.53,89.17,538.18,-66.05,0.0353,0.085,THERMAL,ANOMALY
2026-03-01 03:21:00,SAT-004,23.0,27.87,6.01,82.93,536.58,-63.76,0.0444,0.071,PAYLOAD,NORMAL
2026-03-01 03:22:00,INSAT-3D,24.22,28.31,5.85,91.75,546.86,-67.05,0.0557,0.064,PAYLOAD,NORMAL
2026-03-01 03:23:00,GSAT-30,22.28,28.72,5.9,86.59,535.8,-68.66,0.046,0.063,COMMUNICATION,NORMAL
2026-03-01 03:24:00,SAT-001,28.49,23.06,7.02,92.64,152.79,-65.62,0.0506,0.148,POWER,ANOMALY
2026-03-01 03:25:00,SAT-002,25.25,28.49,5.46,89.19,574.13,-66.5,0.0473,0.11,COMMUNICATION,NORMAL
2026-03-01 03:26:00,SAT-003,23.19,28.26,6.14,92.38,526.4,-70.65,0.0408,0.069,ATTITUDE,NORMAL
2026-03-01 03:27:00,SAT-004,29.28,28.64,5.39,91.91,506.21,-67.91,0.0419,0.01,ATTITUDE,NORMAL
2026-03-01 03:28:00,INSAT-3D,39.27,26.74,23.39,88.06,598.73,-67.68,0.0439,0.074,POWER,ANOMALY
2026-03-01 03:29:00,GSAT-30,27.82,28.25,6.05,80.04,490.48,-75.78,0.0382,0.148,COMMUNICATION,NORMAL
2026-03-01 03:30:00,SAT-001,33.7,28.02,7.13,88.61,523.03,-65.67,0.0164,0.037,ATTITUDE,NORMAL
2026-03-01 03:31:00,SAT-002,23.22,28.17,6.86,85.09,569.74,-69.73,0.0575,0.083,PAYLOAD,NORMAL
2026-03-01 03:32:00,SAT-003,24.69,28.22,6.27,85.57,552.74,-108.21,0.0413,0.046,COMMUNICATION,ANOMALY
2026-03-01 03:33:00,SAT-004,27.7,28.58,6.94,85.29,545.07,-69.84,0.0365,0.09,ATTITUDE,NORMAL
2026-03-01 03:34:00,INSAT-3D,27.06,28.47,6.35,83.91,572.19,-67.66,0.0249,0.053,PAYLOAD,NORMAL
2026-03-01 03:35:00,GSAT-30,25.59,28.31,5.33,95.05,536.55,-67.94,0.0535,0.087,POWER,NORMAL
2026-03-01 03:36:00,SAT-001,28.86,28.29,6.01,86.81,495.69,-67.67,0.7631,0.674,ATTITUDE,ANOMALY
2026-03-01 03:37:00,SAT-002,24.35,28.01,6.06,80.57,576.68,-69.01,0.0361,0.075,POWER,NORMAL
2026-03-01 03:38:00,SAT-003,28.5,28.03,7.31,86.75,550.1,-67.22,0.0434,0.104,POWER,NORMAL
2026-03-01 03:39:00,SAT-004,18.58,28.49,7.47,91.9,505.46,-63.55,0.042,0.044,THERMAL,NORMAL
2026-03-01 03:40:00,INSAT-3D,23.11,28.07,6.54,84.19,219.43,-64.36,0.0435,5.819,ATTITUDE,ANOMALY
2026-03-01 03:41:00,GSAT-30,25.38,28.5,6.42,93.79,507.16,-67.57,0.0316,0.083,PAYLOAD,NORMAL
2026-03-01 03:42:00,SAT-001,21.16,28.11,4.76,86.23,536.73,-67.31,0.0479,0.107,BATTERY,NORMAL
2026-03-01 03:43:00,SAT-002,21.98,28.22,5.34,89.65,632.15,-73.42,0.0388,0.06,COMMUNICATION,NORMAL
2026-03-01 03:44:00,SAT-003,33.2,24.78,12.84,43.6,530.91,-71.97,0.0339,0.102,BATTERY,ANOMALY
2026-03-01 03:45:00,SAT-004,32.26,27.97,4.18,86.57,578.53,-62.12,0.0302,0.095,ATTITUDE,NORMAL
2026-03-01 03:46:00,INSAT-3D,25.3,28.18,6.62,89.36,549.03,-71.06,0.0247,0.114,ATTITUDE,NORMAL
2026-03-01 03:47:00,GSAT-30,22.63,28.22,5.91,97.84,540.66,-66.04,0.0476,0.07,COMMUNICATION,NORMAL
2026-03-01 03:48:00,SAT-001,67.42,27.38,9.1,78.78,475.55,-62.19,0.0524,0.086,THERMAL,ANOMALY
2026-03-01 03:49:00,SAT-002,29.18,28.12,6.53,95.46,580.8,-68.61,0.0434,0.11,POWER,NORMAL
2026-03-01 03:50:00,SAT-003,28.1,28.4,6.26,93.4,589.91,-64.08,0.0387,0.11,ATTITUDE,NORMAL
2026-03-01 03:51:00,SAT-004,28.34,28.33,6.78,90.58,517.55,-66.7,0.0546,0.103,THERMAL,NORMAL
2026-03-01 03:52:00,INSAT-3D,29.57,21.07,6.78,90.35,119.9,-70.65,0.0434,0.058,POWER,ANOMALY
2026-03-01 03:53:00,GSAT-30,32.38,28.4,7.58,91.36,553.67,-65.62,0.0434,0.031,THERMAL,NORMAL
2026-03-01 03:54:00,SAT-001,24.44,28.02,5.4,84.18,570.55,-69.89,0.0431,0.101,BATTERY,NORMAL
2026-03-01 03:55:00,SAT-002,25.21,28.11,6.34,94.01,525.77,-72.15,0.0366,0.098,THERMAL,NORMAL
2026-03-01 03:56:00,SAT-003,40.03,26.8,21.67,84.07,591.56,-65.55,0.0198,0.134,POWER,ANOMALY
2026-03-01 03:57:00,SAT-004,25.83,28.54,5.28,88.33,514.14,-65.33,0.023,0.079,ATTITUDE,NORMAL
2026-03-01 03:58:00,INSAT-3D,26.95,28.4,5.67,80.31,564.74,-65.21,0.0556,0.086,BATTERY,NORMAL
2026-03-01 03:59:00,GSAT-30,17.74,28.09,6.35,82.74,547.27,-64.82,0.0224,0.044,BATTERY,NORMAL
2026-03-01 04:00:00,SAT-001,26.55,28.34,7.09,85.55,543.85,-104.86,0.0409,0.062,COMMUNICATION,ANOMALY
2026-03-01 04:01:00,SAT-002,25.31,28.25,5.71,86.42,561.55,-64.39,0.0433,0.066,ATTITUDE,NORMAL
2026-03-01 04:02:00,SAT-003,24.74,28.48,6.43,83.83,529.98,-67.02,0.019,0.12,COMMUNICATION,NORMAL
2026-03-01 04:03:00,SAT-004,27.18,27.92,7.03,87.62,563.47,-71.22,0.0264,0.105,BATTERY,NORMAL
2026-03-01 04:04:00,INSAT-3D,27.13,27.93,5.8,90.63,494.32,-63.07,1.5963,0.699,ATTITUDE,ANOMALY
2026-03-01 04:05:00,GSAT-30,25.4,28.12,6.61,90.95,507.6,-67.7,0.032,0.104,COMMUNICATION,NORMAL
2026-03-01 04:06:00,SAT-001,24.2,27.95,4.15,87.04,624.44,-65.65,0.0448,0.072,PAYLOAD,NORMAL
2026-03-01 04:07:00,SAT-002,24.62,28.08,5.98,95.83,509.69,-70.16,0.0358,0.084,COMMUNICATION,NORMAL
2026-03-01 04:08:00,SAT-003,21.43,27.79,6.29,78.56,222.22,-71.84,0.0365,9.026,ATTITUDE,ANOMALY
2026-03-01 04:09:00,SAT-004,25.58,28.21,6.34,89.22,532.19,-63.53,0.0258,0.055,COMMUNICATION,NORMAL
2026-03-01 04:10:00,INSAT-3D,26.09,28.24,5.7,99.5,546.04,-69.33,0.0468,0.081,THERMAL,NORMAL
2026-03-01 04:11:00,GSAT-30,32.44,28.31,6.87,97.91,516.52,-66.11,0.0542,0.123,ATTITUDE,NORMAL
2026-03-01 04:12:00,SAT-001,32.0,24.6,12.82,40.85,563.69,-66.45,0.0435,0.092,BATTERY,ANOMALY
2026-03-01 04:13:00,SAT-002,21.19,28.16,6.23,90.92,540.13,-72.88,0.0386,0.087,PAYLOAD,NORMAL
2026-03-01 04:14:00,SAT-003,20.42,28.25,8.03,80.22,537.98,-64.63,0.0486,0.101,PAYLOAD,NORMAL
2026-03-01 04:15:00,SAT-004,23.5,28.35,4.92,90.31,610.85,-72.09,0.0473,0.06,POWER,NORMAL
2026-03-01 04:16:00,INSAT-3D,75.33,27.41,5.99,87.44,584.13,-68.57,0.0522,0.041,THERMAL,ANOMALY
2026-03-01 04:17:00,GSAT-30,26.07,28.46,6.57,90.73,571.31,-74.35,0.0391,0.094,THERMAL,NORMAL
2026-03-01 04:18:00,SAT-001,22.04,28.0,6.91,86.91,539.75,-66.15,0.015,0.14,THERMAL,NORMAL
2026-03-01 04:19:00,SAT-002,29.97,28.05,4.71,93.04,516.04,-65.63,0.0214,0.107,THERMAL,NORMAL
2026-03-01 04:20:00,SAT-003,22.37,21.21,6.51,80.23,197.01,-65.94,0.0461,0.098,POWER,ANOMALY
2026-03-01 04:21:00,SAT-004,28.24,28.08,6.03,82.45,589.71,-69.6,0.028,0.086,THERMAL,NORMAL
2026-03-01 04:22:00,INSAT-3D,27.61,27.79,6.27,86.42,490.8,-70.79,0.0437,0.111,POWER,NORMAL
2026-03-01 04:23:00,GSAT-30,23.33,28.44,7.03,91.7,506.67,-66.73,0.0463,0.112,THERMAL,NORMAL
2026-03-01 04:24:00,SAT-001,38.0,26.2,18.52,72.21,508.05,-71.07,0.0347,0.058,POWER,ANOMALY
2026-03-01 04:25:00,SAT-002,29.26,28.41,6.0,93.67,502.82,-71.59,0.0554,0.097,COMMUNICATION,NORMAL
2026-03-01 04:26:00,SAT-003,23.74,27.99,6.76,84.24,498.99,-67.57,0.0295,0.026,PAYLOAD,NORMAL
2026-03-01 04:27:00,SAT-004,22.09,28.33,6.53,95.01,562.77,-72.51,0.0576,0.05,BATTERY,NORMAL
2026-03-01 04:28:00,INSAT-3D,24.85,28.28,8.1,100.55,548.2,-108.57,0.0503,0.107,COMMUNICATION,ANOMALY
2026-03-01 04:29:00,GSAT-30,24.04,28.26,6.04,87.66,562.46,-71.34,0.0538,0.114,THERMAL,NORMAL
2026-03-01 04:30:00,SAT-001,24.98,28.37,5.33,86.06,564.34,-65.45,0.0415,0.078,ATTITUDE,NORMAL
2026-03-01 04:31:00,SAT-002,25.9,28.12,7.06,89.82,544.61,-70.7,0.0676,0.08,COMMUNICATION,NORMAL
2026-03-01 04:32:00,SAT-003,32.87,28.78,5.08,81.73,498.89,-68.14,1.298,0.687,ATTITUDE,ANOMALY
2026-03-01 04:33:00,SAT-004,27.43,28.1,7.05,91.09,563.92,-72.1,0.0595,0.088,COMMUNICATION,NORMAL
2026-03-01 04:34:00,INSAT-3D,20.29,28.37,5.89,85.89,538.09,-68.72,0.0406,0.042,THERMAL,NORMAL
2026-03-01 04:35:00,GSAT-30,29.26,27.98,5.65,87.24,515.37,-65.2,0.0668,0.06,PAYLOAD,NORMAL
2026-03-01 04:36:00,SAT-001,24.7,28.15,6.93,84.23,257.23,-64.56,0.0331,6.858,ATTITUDE,ANOMALY
2026-03-01 04:37:00,SAT-002,26.49,28.16,6.52,87.79,543.96,-70.82,0.0455,0.091,PAYLOAD,NORMAL
2026-03-01 04:38:00,SAT-003,22.75,28.63,5.31,79.69,511.0,-69.99,0.024,0.076,BATTERY,NORMAL
2026-03-01 04:39:00,SAT-004,31.55,28.32,6.43,82.67,535.92,-70.17,0.0402,0.136,COMMUNICATION,NORMAL
2026-03-01 04:40:00,INSAT-3D,34.84,24.92,12.76,37.17,560.23,-74.02,0.0645,0.063,BATTERY,ANOMALY
2026-03-01 04:41:00,GSAT-30,24.25,28.27,7.53,91.62,509.74,-62.91,0.0455,0.072,BATTERY,NORMAL
2026-03-01 04:42:00,SAT-001,27.45,28.22,6.78,83.53,589.86,-65.91,0.0528,0.046,POWER,NORMAL
2026-03-01 04:43:00,SAT-002,24.92,28.16,6.38,86.15,535.4,-65.52,0.0398,0.032,BATTERY,NORMAL
2026-03-01 04:44:00,SAT-003,77.21,27.5,5.47,88.45,514.91,-67.21,0.0479,0.073,THERMAL,ANOMALY
2026-03-01 04:45:00,SAT-004,22.55,27.98,7.56,86.5,596.52,-65.01,0.0499,0.094,POWER,NORMAL
2026-03-01 04:46:00,INSAT-3D,18.6,28.19,5.82,94.63,481.31,-67.72,0.0403,0.124,THERMAL,NORMAL
2026-03-01 04:47:00,GSAT-30,28.76,28.79,5.57,81.09,550.63,-65.84,0.0422,0.124,ATTITUDE,NORMAL
2026-03-01 04:48:00,SAT-001,21.98,21.24,6.02,93.6,113.29,-70.3,0.0395,0.106,POWER,ANOMALY
2026-03-01 04:49:00,SAT-002,19.17,28.61,5.82,87.85,516.17,-70.71,0.0538,0.075,COMMUNICATION,NORMAL
2026-03-01 04:50:00,SAT-003,26.9,27.94,6.31,88.82,515.7,-67.01,0.0329,0.046,ATTITUDE,NORMAL
2026-03-01 04:51:00,SAT-004,31.54,27.7,6.89,83.67,522.75,-66.29,0.0517,0.098,COMMUNICATION,NORMAL
2026-03-01 04:52:00,INSAT-3D,38.0,26.8,29.23,81.16,549.14,-68.86,0.0481,0.015,POWER,ANOMALY
2026-03-01 04:53:00,GSAT-30,23.22,27.68,6.03,87.81,527.15,-73.51,0.0641,0.061,POWER,NORMAL
2026-03-01 04:54:00,SAT-001,23.54,28.13,6.98,92.59,496.4,-67.84,0.0365,0.042,COMMUNICATION,NORMAL
2026-03-01 04:55:00,SAT-002,21.59,28.25,5.66,82.9,522.21,-69.98,0.0346,0.043,COMMUNICATION,NORMAL
2026-03-01 04:56:00,SAT-003,27.35,28.67,6.47,86.11,546.09,-107.67,0.0365,0.132,COMMUNICATION,ANOMALY
2026-03-01 04:57:00,SAT-004,15.77,28.2,6.46,92.62,504.51,-67.74,0.0339,0.088,ATTITUDE,NORMAL
2026-03-01 04:58:00,INSAT-3D,26.24,28.19,5.39,88.16,566.22,-64.67,0.0514,0.12,ATTITUDE,NORMAL
2026-03-01 04:59:00,GSAT-30,24.84,28.01,7.82,92.79,501.63,-65.49,0.0599,0.084,THERMAL,NORMAL
2026-03-01 05:00:00,SAT-001,27.08,28.3,4.83,84.07,522.83,-63.71,1.5856,0.671,ATTITUDE,ANOMALY
2026-03-01 05:01:00,SAT-002,24.87,28.15,5.48,84.63,539.07,-69.76,0.0519,0.058,THERMAL,NORMAL
2026-03-01 05:02:00,SAT-003,26.26,28.21,6.83,73.43,513.72,-68.28,0.0535,0.125,COMMUNICATION,NORMAL
2026-03-01 05:03:00,SAT-004,19.92,27.85,6.1,86.02,533.59,-66.05,0.0488,0.089,PAYLOAD,NORMAL
2026-03-01 05:04:00,INSAT-3D,30.34,27.78,6.58,82.1,257.88,-74.63,0.0233,9.371,ATTITUDE,ANOMALY
2026-03-01 05:05:00,GSAT-30,26.43,27.98,7.32,91.49,524.49,-69.44,0.0486,0.094,COMMUNICATION,NORMAL
2026-03-01 05:06:00,SAT-001,27.24,27.83,7.38,86.21,544.8,-64.51,0.0355,0.112,POWER,NORMAL
2026-03-01 05:07:00,SAT-002,21.54,28.43,5.7,82.96,513.47,-70.06,0.0552,0.075,ATTITUDE,NORMAL
2026-03-01 05:08:00,SAT-003,32.0,24.95,13.48,29.07,564.68,-69.26,0.0561,0.098,BATTERY,ANOMALY
2026-03-01 05:09:00,SAT-004,22.15,28.38,7.24,88.57,478.23,-68.88,0.0575,0.095,PAYLOAD,NORMAL
2026-03-01 05:10:00,INSAT-3D,28.66,28.33,6.77,91.8,506.77,-63.7,0.0395,0.078,BATTERY,NORMAL
2026-03-01 05:11:00,GSAT-30,26.22,27.81,6.28,86.68,563.77,-68.91,0.041,0.102,PAYLOAD,NORMAL
2026-03-01 05:12:00,SAT-001,58.58,27.49,6.88,77.32,552.7,-66.16,0.0348,0.073,THERMAL,ANOMALY
2026-03-01 05:13:00,SAT-002,23.96,28.47,5.37,93.57,541.23,-71.33,0.024,0.034,THERMAL,NORMAL
2026-03-01 05:14:00,SAT-003,25.51,28.21,5.92,95.82,511.35,-63.4,0.051,0.038,THERMAL,NORMAL
2026-03-01 05:15:00,SAT-004,24.28,28.34,5.02,88.71,579.15,-66.35,0.0533,0.128,THERMAL,NORMAL
2026-03-01 05:16:00,INSAT-3D,25.8,22.38,7.45,90.86,214.57,-68.48,0.045,0.042,POWER,ANOMALY
2026-03-01 05:17:00,GSAT-30,25.33,28.01,6.8,91.0,493.24,-69.17,0.0461,0.064,POWER,NORMAL
2026-03-01 05:18:00,SAT-001,23.83,28.29,7.44,92.27,554.52,-66.61,0.0455,0.097,POWER,NORMAL
2026-03-01 05:19:00,SAT-002,21.14,28.12,4.88,90.69,545.29,-65.7,0.0241,0.113,BATTERY,NORMAL
2026-03-01 05:20:00,SAT-003,38.0,26.66,30.46,86.31,539.96,-65.6,0.0493,0.07,POWER,ANOMALY
2026-03-01 05:21:00,SAT-004,21.87,28.45,6.43,88.37,581.74,-68.36,0.0428,0.065,THERMAL,NORMAL
2026-03-01 05:22:00,INSAT-3D,24.28,28.01,6.06,80.26,522.81,-68.85,0.0419,0.073,ATTITUDE,NORMAL
2026-03-01 05:23:00,GSAT-30,23.56,28.08,5.19,90.93,490.48,-71.9,0.0552,0.125,THERMAL,NORMAL
2026-03-01 05:24:00,SAT-001,25.77,27.83,5.94,90.04,533.49,-115.9,0.0481,0.079,COMMUNICATION,ANOMALY
2026-03-01 05:25:00,SAT-002,21.98,27.85,5.77,82.54,547.63,-67.94,0.0321,0.098,BATTERY,NORMAL
2026-03-01 05:26:00,SAT-003,20.85,28.08,7.56,87.63,423.63,-72.41,0.0399,0.111,ATTITUDE,NORMAL
2026-03-01 05:27:00,SAT-004,23.93,28.26,5.63,96.45,572.39,-67.9,0.0657,0.082,THERMAL,NORMAL
2026-03-01 05:28:00,INSAT-3D,29.29,28.21,6.82,84.59,532.86,-67.49,1.5466,0.668,ATTITUDE,ANOMALY
2026-03-01 05:29:00,GSAT-30,21.82,28.02,6.55,85.85,553.31,-68.57,0.0458,0.093,ATTITUDE,NORMAL
2026-03-01 05:30:00,SAT-001,22.57,28.4,7.19,83.62,475.17,-65.49,0.0466,0.03,POWER,NORMAL
2026-03-01 05:31:00,SAT-002,22.06,27.98,6.63,94.14,517.69,-66.62,0.02,0.062,COMMUNICATION,NORMAL
2026-03-01 05:32:00,SAT-003,25.91,27.93,5.75,81.66,242.44,-68.56,0.0226,10.178,ATTITUDE,ANOMALY
2026-03-01 05:33:00,SAT-004,25.28,28.6,6.49,88.84,591.15,-70.62,0.0693,0.072,BATTERY,NORMAL
2026-03-01 05:34:00,INSAT-3D,22.9,27.92,8.13,89.11,540.74,-65.34,0.0372,0.08,PAYLOAD,NORMAL
2026-03-01 05:35:00,GSAT-30,27.53,28.09,6.72,91.79,517.33,-71.37,0.0634,0.074,COMMUNICATION,NORMAL
2026-03-01 05:36:00,SAT-001,35.17,25.92,14.18,36.47,532.97,-69.93,0.0334,0.098,BATTERY,ANOMALY
2026-03-01 05:37:00,SAT-002,19.98,27.94,5.85,95.82,531.36,-69.41,0.0249,0.06,PAYLOAD,NORMAL
2026-03-01 05:38:00,SAT-003,25.32,28.26,6.11,89.07,595.23,-65.04,0.0554,0.066,ATTITUDE,NORMAL
2026-03-01 05:39:00,SAT-004,26.16,28.33,5.43,83.1,574.69,-64.88,0.0319,0.042,ATTITUDE,NORMAL
2026-03-01 05:40:00,INSAT-3D,83.17,27.16,5.84,78.74,515.95,-71.46,0.034,0.089,THERMAL,ANOMALY
2026-03-01 05:41:00,GSAT-30,25.93,28.38,5.56,85.2,517.28,-69.04,0.0583,0.077,POWER,NORMAL
2026-03-01 05:42:00,SAT-001,19.02,27.81,5.98,90.97,501.35,-65.23,0.039,0.065,COMMUNICATION,NORMAL
2026-03-01 05:43:00,SAT-002,28.57,28.27,5.87,90.05,503.94,-68.11,0.0488,0.084,BATTERY,NORMAL
2026-03-01 05:44:00,SAT-003,27.25,19.69,7.42,94.11,240.95,-71.65,0.0454,0.072,POWER,ANOMALY
2026-03-01 05:45:00,SAT-004,29.87,27.69,6.85,84.42,514.4,-68.75,0.0279,0.093,THERMAL,NORMAL
2026-03-01 05:46:00,INSAT-3D,30.31,28.35,6.26,86.94,506.68,-67.77,0.0481,0.043,THERMAL,NORMAL
2026-03-01 05:47:00,GSAT-30,23.39,27.82,5.64,91.79,540.82,-69.4,0.0321,0.087,ATTITUDE,NORMAL
2026-03-01 05:48:00,SAT-001,39.93,26.79,29.77,85.73,534.23,-67.43,0.0332,0.086,POWER,ANOMALY
2026-03-01 05:49:00,SAT-002,25.47,28.41,5.96,86.67,592.3,-66.69,0.0364,0.107,PAYLOAD,NORMAL
2026-03-01 05:50:00,SAT-003,24.5,28.01,6.71,88.74,501.73,-70.47,0.0593,0.126,THERMAL,NORMAL
2026-03-01 05:51:00,SAT-004,31.03,28.32,6.09,84.47,549.33,-70.72,0.0472,0.095,COMMUNICATION,NORMAL
2026-03-01 05:52:00,INSAT-3D,25.35,28.01,4.75,90.72,542.1,-119.13,0.0294,0.121,COMMUNICATION,ANOMALY
2026-03-01 05:53:00,GSAT-30,30.59,28.11,8.07,97.78,508.38,-70.12,0.0506,0.027,POWER,NORMAL
2026-03-01 05:54:00,SAT-001,25.35,27.82,5.77,89.41,509.31,-71.34,0.0179,0.06,COMMUNICATION,NORMAL
2026-03-01 05:55:00,SAT-002,20.56,28.63,6.36,96.16,514.34,-62.55,0.0543,0.097,ATTITUDE,NORMAL
2026-03-01 05:56:00,SAT-003,26.7,28.13,7.46,85.7,470.99,-71.35,1.5319,0.689,ATTITUDE,ANOMALY
2026-03-01 05:57:00,SAT-004,18.17,28.24,4.75,91.8,536.69,-66.74,0.0346,0.118,BATTERY,NORMAL
2026-03-01 05:58:00,INSAT-3D,24.16,28.52,5.95,83.16,510.82,-61.45,0.0429,0.039,PAYLOAD,NORMAL
2026-03-01 05:59:00,GSAT-30,26.55,27.91,5.63,82.86,461.31,-64.22,0.0411,0.07,BATTERY,NORMAL
2026-03-01 06:00:00,SAT-001,30.49,28.06,5.83,83.88,223.21,-66.97,0.0413,11.224,ATTITUDE,ANOMALY
2026-03-01 06:01:00,SAT-002,23.64,27.85,5.65,93.23,568.82,-71.15,0.0565,0.021,COMMUNICATION,NORMAL
2026-03-01 06:02:00,SAT-003,18.93,28.29,5.38,92.67,531.54,-65.66,0.0374,0.082,PAYLOAD,NORMAL
2026-03-01 06:03:00,SAT-004,20.93,28.12,5.64,82.66,527.02,-68.65,0.0467,0.065,COMMUNICATION,NORMAL
2026-03-01 06:04:00,INSAT-3D,32.0,24.87,12.88,40.04,540.9,-66.44,0.0438,0.133,BATTERY,ANOMALY
2026-03-01 06:05:00,GSAT-30,27.13,28.38,6.06,87.15,511.78,-72.04,0.0654,0.054,ATTITUDE,NORMAL
2026-03-01 06:06:00,SAT-001,26.1,28.5,7.06,85.11,494.72,-71.7,0.0362,0.069,ATTITUDE,NORMAL
2026-03-01 06:07:00,SAT-002,19.87,28.07,6.98,90.58,574.24,-66.43,0.0318,0.07,THERMAL,NORMAL
2026-03-01 06:08:00,SAT-003,70.16,27.5,5.54,89.47,556.79,-62.51,0.0409,0.101,THERMAL,ANOMALY
2026-03-01 06:09:00,SAT-004,19.1,27.68,7.43,93.53,617.91,-67.97,0.0443,0.069,BATTERY,NORMAL
2026-03-01 06:10:00,INSAT-3D,26.94,28.81,6.04,79.69,490.82,-68.11,0.0591,0.099,POWER,NORMAL
2026-03-01 06:11:00,GSAT-30,25.99,28.82,6.09,86.57,563.93,-68.17,0.0589,0.042,BATTERY,NORMAL
2026-03-01 06:12:00,SAT-001,22.24,21.09,5.57,88.05,128.96,-70.08,0.0487,0.043,POWER,ANOMALY
2026-03-01 06:13:00,SAT-002,21.25,28.68,5.18,88.95,575.26,-71.76,0.0472,0.108,BATTERY,NORMAL
2026-03-01 06:14:00,SAT-003,24.8,28.15,7.17,88.84,549.22,-68.98,0.0556,0.101,ATTITUDE,NORMAL
2026-03-01 06:15:00,SAT-004,25.39,28.24,7.15,93.8,535.95,-67.24,0.0528,0.046,ATTITUDE,NORMAL
2026-03-01 06:16:00,INSAT-3D,41.64,26.8,23.93,78.77,470.9,-65.87,0.0374,0.089,POWER,ANOMALY
2026-03-01 06:17:00,GSAT-30,27.23,28.12,5.28,88.89,544.31,-65.23,0.0397,0.116,THERMAL,NORMAL
2026-03-01 06:18:00,SAT-001,19.53,28.58,5.94,86.94,518.03,-68.86,0.062,0.01,BATTERY,NORMAL
2026-03-01 06:19:00,SAT-002,18.13,28.1,4.61,86.71,580.15,-68.1,0.0649,0.104,BATTERY,NORMAL
2026-03-01 06:20:00,SAT-003,30.04,27.97,5.87,86.73,482.67,-102.12,0.0418,0.12,COMMUNICATION,ANOMALY
2026-03-01 06:21:00,SAT-004,20.86,28.31,7.87,82.93,527.35,-66.75,0.0444,0.051,THERMAL,NORMAL
2026-03-01 06:22:00,INSAT-3D,28.22,28.01,7.01,90.33,539.16,-66.68,0.0496,0.075,THERMAL,NORMAL
2026-03-01 06:23:00,GSAT-30,31.9,28.2,5.53,82.6,569.27,-67.28,0.0491,0.119,BATTERY,NORMAL
2026-03-01 06:24:00,SAT-001,23.59,28.61,6.08,95.82,547.96,-70.76,1.6259,0.704,ATTITUDE,ANOMALY
2026-03-01 06:25:00,SAT-002,26.12,28.24,6.7,88.93,498.34,-64.74,0.0548,0.017,PAYLOAD,NORMAL
2026-03-01 06:26:00,SAT-003,25.76,27.96,6.13,89.69,533.65,-69.48,0.03,0.081,ATTITUDE,NORMAL
2026-03-01 06:27:00,SAT-004,21.58,28.2,6.09,93.3,592.97,-63.56,0.0178,0.052,PAYLOAD,NORMAL
2026-03-01 06:28:00,INSAT-3D,19.18,27.84,5.98,87.05,231.48,-69.48,0.0468,3.879,ATTITUDE,ANOMALY
2026-03-01 06:29:00,GSAT-30,22.08,28.11,5.31,86.21,510.59,-65.97,0.046,0.06,THERMAL,NORMAL
2026-03-01 06:30:00,SAT-001,22.31,28.13,5.94,85.43,549.54,-73.58,0.0556,0.131,PAYLOAD,NORMAL
2026-03-01 06:31:00,SAT-002,19.48,28.0,6.14,87.62,609.04,-72.16,0.0511,0.125,POWER,NORMAL
2026-03-01 06:32:00,SAT-003,41.31,25.64,14.52,37.1,535.86,-68.3,0.0494,0.004,BATTERY,ANOMALY
2026-03-01 06:33:00,SAT-004,26.4,28.08,4.96,93.76,552.62,-72.42,0.0593,0.032,POWER,NORMAL
2026-03-01 06:34:00,INSAT-3D,24.38,27.86,6.49,89.13,525.1,-66.59,0.0285,0.072,ATTITUDE,NORMAL
2026-03-01 06:35:00,GSAT-30,29.0,28.06,7.22,89.06,583.44,-66.28,0.0267,0.132,COMMUNICATION,NORMAL
2026-03-01 06:36:00,SAT-001,71.61,27.5,5.42,87.53,563.09,-62.19,0.059,0.097,THERMAL,ANOMALY
2026-03-01 06:37:00,SAT-002,17.38,28.39,6.54,84.82,559.42,-72.35,0.0574,0.07,BATTERY,NORMAL
2026-03-01 06:38:00,SAT-003,16.68,28.12,6.04,88.95,514.53,-67.97,0.0465,0.058,ATTITUDE,NORMAL
2026-03-01 06:39:00,SAT-004,23.2,28.12,4.08,94.76,571.91,-73.2,0.0202,0.022,ATTITUDE,NORMAL
2026-03-01 06:40:00,INSAT-3D,27.94,19.98,5.76,87.5,118.31,-69.1,0.0547,0.044,POWER,ANOMALY
2026-03-01 06:41:00,GSAT-30,23.35,28.56,6.96,97.15,558.52,-67.83,0.0447,0.049,THERMAL,NORMAL
2026-03-01 06:42:00,SAT-001,27.17,28.46,5.08,99.5,508.59,-71.94,0.051,0.07,ATTITUDE,NORMAL
2026-03-01 06:43:00,SAT-002,24.73,28.64,7.29,91.72,534.04,-67.88,0.0514,0.064,PAYLOAD,NORMAL
2026-03-01 06:44:00,SAT-003,40.81,26.42,26.18,73.55,513.48,-61.77,0.0554,0.126,POWER,ANOMALY
2026-03-01 06:45:00,SAT-004,26.39,27.99,5.4,86.58,587.88,-71.51,0.015,0.064,PAYLOAD,NORMAL
2026-03-01 06:46:00,INSAT-3D,24.38,28.33,6.79,81.89,518.42,-71.01,0.0386,0.101,PAYLOAD,NORMAL
2026-03-01 06:47:00,GSAT-30,25.16,28.17,7.15,83.9,494.53,-69.12,0.0318,0.081,BATTERY,NORMAL
2026-03-01 06:48:00,SAT-001,20.42,28.02,5.76,87.84,505.68,-122.9,0.043,0.09,COMMUNICATION,ANOMALY
2026-03-01 06:49:00,SAT-002,27.24,28.23,6.11,81.5,548.15,-70.27,0.0187,0.116,THERMAL,NORMAL
2026-03-01 06:50:00,SAT-003,27.63,27.87,6.17,79.06,547.98,-70.94,0.0572,0.036,ATTITUDE,NORMAL
2026-03-01 06:51:00,SAT-004,19.63,28.41,5.54,82.15,526.58,-69.21,0.0389,0.118,THERMAL,NORMAL
2026-03-01 06:52:00,INSAT-3D,32.04,27.79,5.95,85.71,518.34,-66.8,1.3509,0.702,ATTITUDE,ANOMALY
2026-03-01 06:53:00,GSAT-30,22.48,27.81,7.27,93.91,536.24,-65.0,0.0678,0.103,BATTERY,NORMAL
2026-03-01 06:54:00,SAT-001,22.08,28.37,6.48,83.39,526.3,-68.48,0.0403,0.039,BATTERY,NORMAL
2026-03-01 06:55:00,SAT-002,27.74,28.0,5.58,93.41,492.76,-69.25,0.0454,0.083,ATTITUDE,NORMAL
2026-03-01 06:56:00,SAT-003,25.46,28.32,7.05,88.67,225.19,-68.85,0.0569,8.378,ATTITUDE,ANOMALY
2026-03-01 06:57:00,SAT-004,22.15,28.55,5.9,85.75,576.22,-72.26,0.0549,0.081,BATTERY,NORMAL
2026-03-01 06:58:00,INSAT-3D,29.7,28.03,4.99,82.22,539.19,-70.19,0.0415,0.066,POWER,NORMAL
2026-03-01 06:59:00,GSAT-30,23.74,28.83,6.82,88.42,550.94,-66.78,0.0502,0.073,COMMUNICATION,NORMAL
2026-03-01 07:00:00,SAT-001,33.32,24.9,13.44,24.19,505.95,-71.18,0.0449,0.076,BATTERY,ANOMALY
2026-03-01 07:01:00,SAT-002,27.86,28.09,6.52,84.39,569.59,-64.55,0.0516,0.069,THERMAL,NORMAL
2026-03-01 07:02:00,SAT-003,27.78,28.09,6.63,92.89,497.19,-62.92,0.0241,0.101,PAYLOAD,NORMAL
2026-03-01 07:03:00,SAT-004,29.46,28.16,6.63,92.2,582.64,-64.83,0.0555,0.071,POWER,NORMAL
2026-03-01 07:04:00,INSAT-3D,82.49,27.5,7.25,83.89,561.96,-63.64,0.0358,0.055,THERMAL,ANOMALY
2026-03-01 07:05:00,GSAT-30,24.69,28.23,5.17,88.54,535.04,-71.78,0.0369,0.076,POWER,NORMAL
2026-03-01 07:06:00,SAT-001,24.36,28.17,7.0,96.52,482.67,-73.36,0.0375,0.097,THERMAL,NORMAL
2026-03-01 07:07:00,SAT-002,21.52,28.66,4.88,86.57,542.95,-63.05,0.0558,0.03,BATTERY,NORMAL
2026-03-01 07:08:00,SAT-003,25.99,19.97,6.32,88.1,128.05,-69.23,0.0498,0.1,POWER,ANOMALY
2026-03-01 07:09:00,SAT-004,26.31,28.36,6.81,83.03,502.73,-70.38,0.0465,0.073,PAYLOAD,NORMAL
2026-03-01 07:10:00,INSAT-3D,22.95,28.28,7.2,85.76,515.77,-73.91,0.0462,0.141,POWER,NORMAL
2026-03-01 07:11:00,GSAT-30,24.26,28.58,6.19,89.48,548.69,-72.88,0.0485,0.063,BATTERY,NORMAL
2026-03-01 07:12:00,SAT-001,38.0,26.54,22.43,90.15,498.09,-70.37,0.0474,0.04,POWER,ANOMALY
2026-03-01 07:13:00,SAT-002,21.85,27.7,6.41,96.46,524.04,-65.1,0.0585,0.044,THERMAL,NORMAL
2026-03-01 07:14:00,SAT-003,25.82,28.31,5.43,82.02,599.84,-68.51,0.0428,0.047,PAYLOAD,NORMAL
2026-03-01 07:15:00,SAT-004,25.03,28.12,6.07,89.06,505.23,-71.05,0.0283,0.032,PAYLOAD,NORMAL
2026-03-01 07:16:00,INSAT-3D,22.35,28.25,5.79,87.57,531.04,-110.15,0.0515,0.104,COMMUNICATION,ANOMALY
2026-03-01 07:17:00,GSAT-30,24.15,27.96,5.69,91.32,516.22,-70.47,0.0546,0.094,PAYLOAD,NORMAL
2026-03-01 07:18:00,SAT-001,23.6,28.27,6.16,88.91,516.55,-64.48,0.0309,0.095,THERMAL,NORMAL
2026-03-01 07:19:00,SAT-002,30.44,27.58,6.78,90.71,556.49,-67.34,0.048,0.118,BATTERY,NORMAL
2026-03-01 07:20:00,SAT-003,27.62,28.27,7.41,87.09,545.41,-62.4,1.7048,0.635,ATTITUDE,ANOMALY
2026-03-01 07:21:00,SAT-004,27.53,28.23,6.8,99.5,568.05,-65.07,0.0434,0.038,BATTERY,NORMAL
2026-03-01 07:22:00,INSAT-3D,23.85,28.4,5.31,93.74,545.0,-69.73,0.0377,0.038,BATTERY,NORMAL
2026-03-01 07:23:00,GSAT-30,20.0,28.26,4.97,89.26,528.85,-64.75,0.0536,0.062,ATTITUDE,NORMAL
2026-03-01 07:24:00,SAT-001,23.66,28.11,8.0,93.1,225.43,-65.6,0.0277,3.585,ATTITUDE,ANOMALY
2026-03-01 07:25:00,SAT-002,23.35,28.09,6.0,90.98,586.41,-69.96,0.0496,0.076,POWER,NORMAL
2026-03-01 07:26:00,SAT-003,30.85,28.64,6.08,86.27,487.26,-68.01,0.0684,0.076,COMMUNICATION,NORMAL
2026-03-01 07:27:00,SAT-004,24.78,28.33,4.44,87.19,545.01,-65.45,0.0533,0.097,PAYLOAD,NORMAL
2026-03-01 07:28:00,INSAT-3D,32.1,25.18,10.72,32.27,571.8,-65.87,0.0493,0.091,BATTERY,ANOMALY
2026-03-01 07:29:00,GSAT-30,21.39,28.8,5.89,99.5,500.05,-66.03,0.0478,0.052,BATTERY,NORMAL
2026-03-01 07:30:00,SAT-001,24.59,28.62,5.49,75.06,542.09,-65.15,0.0328,0.105,POWER,NORMAL
2026-03-01 07:31:00,SAT-002,25.48,28.72,5.7,87.5,538.93,-68.31,0.0322,0.032,BATTERY,NORMAL
2026-03-01 07:32:00,SAT-003,71.41,27.21,8.03,84.64,522.46,-64.72,0.049,0.075,THERMAL,ANOMALY
2026-03-01 07:33:00,SAT-004,28.53,28.06,4.88,95.53,580.76,-68.26,0.0552,0.069,ATTITUDE,NORMAL
2026-03-01 07:34:00,INSAT-3D,24.18,28.03,5.27,92.62,558.86,-65.79,0.041,0.088,THERMAL,NORMAL
2026-03-01 07:35:00,GSAT-30,22.97,28.05,6.13,86.8,579.09,-67.44,0.0362,0.137,THERMAL,NORMAL
2026-03-01 07:36:00,SAT-001,26.15,19.96,6.01,86.82,166.96,-73.67,0.0652,0.119,POWER,ANOMALY
2026-03-01 07:37:00,SAT-002,25.65,28.42,5.53,90.92,534.63,-74.18,0.026,0.06,PAYLOAD,NORMAL
2026-03-01 07:38:00,SAT-003,20.06,28.22,5.78,90.53,535.56,-70.48,0.0359,0.138,COMMUNICATION,NORMAL
2026-03-01 07:39:00,SAT-004,23.77,28.27,4.99,83.99,566.79,-66.47,0.0401,0.104,ATTITUDE,NORMAL
2026-03-01 07:40:00,INSAT-3D,38.41,26.55,24.68,82.72,494.49,-64.23,0.0393,0.055,POWER,ANOMALY
2026-03-01 07:41:00,GSAT-30,22.34,28.17,5.63,84.95,595.14,-67.91,0.0464,0.06,POWER,NORMAL
2026-03-01 07:42:00,SAT-001,23.45,28.53,4.68,81.9,553.29,-62.75,0.0423,0.055,THERMAL,NORMAL
2026-03-01 07:43:00,SAT-002,32.59,27.84,4.72,91.92,516.25,-68.95,0.0356,0.072,COMMUNICATION,NORMAL
2026-03-01 07:44:00,SAT-003,30.8,28.44,7.19,77.92,495.47,-117.69,0.0369,0.109,COMMUNICATION,ANOMALY
2026-03-01 07:45:00,SAT-004,24.92,28.03,6.36,91.83,483.44,-67.1,0.0562,0.068,BATTERY,NORMAL
2026-03-01 07:46:00,INSAT-3D,25.92,28.1,6.39,90.0,579.59,-67.69,0.0578,0.07,THERMAL,NORMAL
2026-03-01 07:47:00,GSAT-30,25.77,27.95,5.8,95.13,551.51,-65.48,0.048,0.104,COMMUNICATION,NORMAL
2026-03-01 07:48:00,SAT-001,24.81,27.97,7.11,90.64,502.57,-69.73,0.6661,0.729,ATTITUDE,ANOMALY
2026-03-01 07:49:00,SAT-002,19.33,28.12,7.14,87.04,553.95,-66.69,0.0269,0.053,BATTERY,NORMAL
2026-03-01 07:50:00,SAT-003,25.28,27.99,6.04,91.8,533.71,-67.51,0.047,0.093,POWER,NORMAL
2026-03-01 07:51:00,SAT-004,24.44,27.98,5.2,90.82,563.45,-67.4,0.0358,0.048,PAYLOAD,NORMAL
2026-03-01 07:52:00,INSAT-3D,21.7,28.03,5.7,76.45,247.29,-71.96,0.0548,9.986,ATTITUDE,ANOMALY
2026-03-01 07:53:00,GSAT-30,22.63,27.93,5.73,95.09,502.05,-61.65,0.0349,0.102,PAYLOAD,NORMAL
2026-03-01 07:54:00,SAT-001,22.35,27.96,7.37,82.18,547.81,-64.83,0.0583,0.062,COMMUNICATION,NORMAL
2026-03-01 07:55:00,SAT-002,22.43,28.61,6.01,88.01,577.46,-64.18,0.0437,0.068,COMMUNICATION,NORMAL
2026-03-01 07:56:00,SAT-003,34.33,25.16,12.54,33.88,548.57,-63.08,0.0488,0.089,BATTERY,ANOMALY
2026-03-01 07:57:00,SAT-004,27.78,28.47,5.44,87.11,529.02,-66.74,0.0385,0.108,COMMUNICATION,NORMAL
2026-03-01 07:58:00,INSAT-3D,24.06,27.74,5.85,91.97,529.59,-68.74,0.0568,0.059,ATTITUDE,NORMAL
2026-03-01 07:59:00,GSAT-30,24.31,28.03,4.62,85.49,537.5,-69.93,0.0357,0.042,ATTITUDE,NORMAL
2026-03-01 08:00:00,SAT-001,72.61,27.5,7.52,88.27,550.26,-68.4,0.027,0.069,THERMAL,ANOMALY
2026-03-01 08:01:00,SAT-002,26.39,28.27,7.23,75.87,456.46,-69.49,0.0582,0.033,ATTITUDE,NORMAL
2026-03-01 08:02:00,SAT-003,15.0,28.34,6.39,82.55,505.51,-70.91,0.0463,0.061,PAYLOAD,NORMAL
2026-03-01 08:03:00,SAT-004,30.92,28.1,5.75,87.09,537.13,-64.73,0.0357,0.126,POWER,NORMAL
2026-03-01 08:04:00,INSAT-3D,23.6,23.53,6.92,91.15,228.23,-66.69,0.0645,0.117,POWER,ANOMALY
2026-03-01 08:05:00,GSAT-30,23.81,27.79,7.07,92.52,609.59,-61.16,0.0309,0.07,THERMAL,NORMAL
2026-03-01 08:06:00,SAT-001,23.19,28.13,5.77,86.67,510.5,-66.84,0.0487,0.09,PAYLOAD,NORMAL
2026-03-01 08:07:00,SAT-002,25.62,27.68,5.72,93.49,508.48,-66.22,0.0352,0.103,POWER,NORMAL
2026-03-01 08:08:00,SAT-003,38.0,26.6,24.58,78.28,559.16,-64.09,0.0414,0.096,POWER,ANOMALY
2026-03-01 08:09:00,SAT-004,21.12,28.6,5.89,84.95,597.36,-66.17,0.0481,0.051,PAYLOAD,NORMAL
2026-03-01 08:10:00,INSAT-3D,22.37,27.89,4.69,85.02,608.28,-67.19,0.0563,0.053,BATTERY,NORMAL
2026-03-01 08:11:00,GSAT-30,26.44,28.05,6.27,95.97,544.27,-63.45,0.0594,0.098,PAYLOAD,NORMAL
2026-03-01 08:12:00,SAT-001,24.94,28.51,6.3,84.99,539.91,-109.19,0.0378,0.034,COMMUNICATION,ANOMALY
2026-03-01 08:13:00,SAT-002,24.51,28.5,5.85,86.29,520.17,-71.36,0.0548,0.146,PAYLOAD,NORMAL
2026-03-01 08:14:00,SAT-003,25.9,28.08,6.93,84.0,500.03,-67.91,0.0278,0.017,COMMUNICATION,NORMAL
2026-03-01 08:15:00,SAT-004,24.31,28.08,6.24,79.27,557.31,-66.85,0.0401,0.11,ATTITUDE,NORMAL
2026-03-01 08:16:00,INSAT-3D,22.62,28.54,6.62,83.32,529.4,-68.32,1.4227,0.648,ATTITUDE,ANOMALY
2026-03-01 08:17:00,GSAT-30,22.92,28.43,7.56,85.99,563.85,-71.46,0.0541,0.086,THERMAL,NORMAL
2026-03-01 08:18:00,SAT-001,20.42,27.71,6.3,79.46,511.83,-66.35,0.0663,0.092,POWER,NORMAL
2026-03-01 08:19:00,SAT-002,18.12,28.18,6.21,81.28,499.62,-70.54,0.0318,0.077,THERMAL,NORMAL
2026-03-01 08:20:00,SAT-003,24.19,28.3,7.02,87.91,232.96,-67.15,0.0554,8.4,ATTITUDE,ANOMALY
2026-03-01 08:21:00,SAT-004,27.83,28.05,6.77,85.26,473.63,-68.02,0.0394,0.031,COMMUNICATION,NORMAL
2026-03-01 08:22:00,INSAT-3D,23.25,28.31,6.26,93.27,506.07,-68.24,0.0557,0.091,COMMUNICATION,NORMAL
2026-03-01 08:23:00,GSAT-30,27.7,28.53,7.0,80.45,529.88,-72.41,0.059,0.068,ATTITUDE,NORMAL
2026-03-01 08:24:00,SAT-001,34.36,26.2,13.31,37.68,522.85,-71.72,0.0596,0.075,BATTERY,ANOMALY
2026-03-01 08:25:00,SAT-002,27.67,28.33,7.26,94.61,552.33,-70.62,0.0385,0.078,THERMAL,NORMAL
2026-03-01 08:26:00,SAT-003,29.21,28.29,6.11,93.7,515.7,-72.59,0.0426,0.096,THERMAL,NORMAL
2026-03-01 08:27:00,SAT-004,27.01,28.38,5.35,93.51,534.17,-69.41,0.0365,0.089,POWER,NORMAL
2026-03-01 08:28:00,INSAT-3D,75.46,27.5,6.81,88.04,613.29,-67.88,0.0377,0.019,THERMAL,ANOMALY
2026-03-01 08:29:00,GSAT-30,26.93,28.37,4.65,84.19,509.26,-67.7,0.0508,0.125,PAYLOAD,NORMAL
2026-03-01 08:30:00,SAT-001,23.28,28.08,6.3,84.87,543.35,-69.78,0.0385,0.11,COMMUNICATION,NORMAL
2026-03-01 08:31:00,SAT-002,24.78,28.32,6.77,85.5,574.34,-64.61,0.0488,0.1,POWER,NORMAL
2026-03-01 08:32:00,SAT-003,28.95,20.71,7.34,81.05,200.34,-67.41,0.0236,0.085,POWER,ANOMALY
2026-03-01 08:33:00,SAT-004,29.53,28.34,6.88,90.57,523.86,-65.73,0.0283,0.112,BATTERY,NORMAL
2026-03-01 08:34:00,INSAT-3D,27.21,28.04,5.64,91.41,522.58,-67.6,0.0409,0.08,POWER,NORMAL
2026-03-01 08:35:00,GSAT-30,25.01,28.61,5.21,91.38,556.52,-70.65,0.0626,0.096,BATTERY,NORMAL
2026-03-01 08:36:00,SAT-001,38.0,26.14,21.91,84.78,499.08,-71.13,0.0537,0.021,POWER,ANOMALY
2026-03-01 08:37:00,SAT-002,26.94,28.11,6.59,81.67,548.66,-72.5,0.0332,0.098,THERMAL,NORMAL
2026-03-01 08:38:00,SAT-003,21.75,28.05,5.74,86.62,587.55,-69.06,0.0313,0.096,ATTITUDE,NORMAL
2026-03-01 08:39:00,SAT-004,22.01,28.22,5.7,85.53,528.79,-70.69,0.0364,0.059,ATTITUDE,NORMAL
2026-03-01 08:40:00,INSAT-3D,27.27,27.37,6.32,79.56,498.45,-109.23,0.0449,0.074,COMMUNICATION,ANOMALY
2026-03-01 08:41:00,GSAT-30,21.18,28.4,6.05,88.69,544.45,-67.74,0.0633,0.039,BATTERY,NORMAL
2026-03-01 08:42:00,SAT-001,18.63,28.05,6.5,90.92,536.48,-68.17,0.0499,0.073,PAYLOAD,NORMAL
2026-03-01 08:43:00,SAT-002,23.43,27.95,7.02,84.74,499.15,-64.85,0.0341,0.077,ATTITUDE,NORMAL
2026-03-01 08:44:00,SAT-003,28.46,28.25,7.88,80.83,523.68,-68.4,1.7339,0.719,ATTITUDE,ANOMALY
2026-03-01 08:45:00,SAT-004,22.91,28.13,6.85,85.08,513.77,-68.66,0.0309,0.135,ATTITUDE,NORMAL
2026-03-01 08:46:00,INSAT-3D,26.42,27.97,6.9,91.48,511.92,-71.18,0.0362,0.079,ATTITUDE,NORMAL
2026-03-01 08:47:00,GSAT-30,22.31,28.34,7.29,81.11,533.11,-69.83,0.0467,0.08,BATTERY,NORMAL
2026-03-01 08:48:00,SAT-001,30.04,28.17,7.6,83.42,251.01,-67.31,0.0623,8.911,ATTITUDE,ANOMALY
2026-03-01 08:49:00,SAT-002,26.33,27.94,6.26,86.83,526.35,-73.18,0.0327,0.065,BATTERY,NORMAL
2026-03-01 08:50:00,SAT-003,20.61,28.21,5.99,93.18,520.27,-66.75,0.0309,0.148,PAYLOAD,NORMAL
2026-03-01 08:51:00,SAT-004,24.94,28.17,5.84,96.63,508.94,-65.68,0.0493,0.118,BATTERY,NORMAL
2026-03-01 08:52:00,INSAT-3D,32.5,24.85,12.6,33.65,483.65,-69.62,0.0489,0.105,BATTERY,ANOMALY
2026-03-01 08:53:00,GSAT-30,25.91,28.33,3.88,89.83,526.04,-70.11,0.0545,0.124,PAYLOAD,NORMAL
2026-03-01 08:54:00,SAT-001,19.34,28.14,6.0,91.13,541.59,-66.13,0.0534,0.145,POWER,NORMAL
2026-03-01 08:55:00,SAT-002,24.74,28.39,5.75,83.44,538.41,-69.94,0.0411,0.078,BATTERY,NORMAL
2026-03-01 08:56:00,SAT-003,83.29,27.5,7.63,89.31,476.86,-69.93,0.0432,0.025,THERMAL,ANOMALY
2026-03-01 08:57:00,SAT-004,28.02,28.26,6.01,85.12,591.49,-70.1,0.0326,0.1,COMMUNICATION,NORMAL
2026-03-01 08:58:00,INSAT-3D,23.58,28.23,5.56,86.65,503.05,-64.8,0.0417,0.112,THERMAL,NORMAL
2026-03-01 08:59:00,GSAT-30,26.52,28.07,5.81,88.62,487.64,-65.12,0.0604,0.061,ATTITUDE,NORMAL
2026-03-01 09:00:00,SAT-001,24.8,20.12,6.4,87.94,230.77,-63.33,0.0499,0.096,POWER,ANOMALY
2026-03-01 09:01:00,SAT-002,25.96,27.88,6.51,87.5,516.23,-72.6,0.0453,0.091,PAYLOAD,NORMAL
2026-03-01 09:02:00,SAT-003,27.53,28.23,7.01,90.59,540.92,-68.91,0.044,0.01,THERMAL,NORMAL
2026-03-01 09:03:00,SAT-004,22.15,28.29,5.62,91.31,574.39,-69.63,0.0586,0.083,PAYLOAD,NORMAL
2026-03-01 09:04:00,INSAT-3D,39.48,26.31,31.11,81.62,544.24,-63.6,0.0479,0.053,POWER,ANOMALY
2026-03-01 09:05:00,GSAT-30,30.62,28.13,6.31,82.57,509.61,-67.71,0.0582,0.072,ATTITUDE,NORMAL
2026-03-01 09:06:00,SAT-001,27.05,28.11,6.51,84.7,548.77,-70.44,0.0592,0.062,POWER,NORMAL
2026-03-01 09:07:00,SAT-002,24.04,28.08,7.09,84.21,523.58,-64.3,0.0384,0.077,COMMUNICATION,NORMAL
2026-03-01 09:08:00,SAT-003,24.76,27.67,6.4,79.95,537.64,-116.75,0.0229,0.068,COMMUNICATION,ANOMALY
2026-03-01 09:09:00,SAT-004,28.77,28.12,3.58,83.91,582.3,-68.1,0.0409,0.115,ATTITUDE,NORMAL
2026-03-01 09:10:00,INSAT-3D,25.46,28.26,6.71,99.5,553.4,-67.86,0.0409,0.087,POWER,NORMAL
2026-03-01 09:11:00,GSAT-30,24.3,27.89,6.73,82.93,526.96,-65.99,0.0422,0.065,BATTERY,NORMAL
2026-03-01 09:12:00,SAT-001,22.41,28.56,5.83,82.07,476.25,-68.06,1.2796,0.685,ATTITUDE,ANOMALY
2026-03-01 09:13:00,SAT-002,30.0,28.1,6.81,78.43,563.08,-70.41,0.0487,0.073,PAYLOAD,NORMAL
2026-03-01 09:14:00,SAT-003,24.02,28.52,5.72,83.71,545.03,-73.22,0.0394,0.07,PAYLOAD,NORMAL
2026-03-01 09:15:00,SAT-004,30.51,28.34,6.12,87.8,433.33,-69.27,0.0279,0.084,ATTITUDE,NORMAL
2026-03-01 09:16:00,INSAT-3D,25.22,27.94,6.59,85.52,259.0,-65.94,0.0472,9.27,ATTITUDE,ANOMALY
2026-03-01 09:17:00,GSAT-30,25.87,28.6,6.04,83.59,546.54,-66.23,0.0431,0.122,ATTITUDE,NORMAL
2026-03-01 09:18:00,SAT-001,23.03,28.32,4.1,99.5,558.59,-67.55,0.0592,0.15,BATTERY,NORMAL
2026-03-01 09:19:00,SAT-002,25.15,28.65,5.37,91.13,537.11,-61.7,0.0516,0.09,ATTITUDE,NORMAL
2026-03-01 09:20:00,SAT-003,34.26,26.01,11.19,31.6,489.91,-64.96,0.0274,0.07,BATTERY,ANOMALY
2026-03-01 09:21:00,SAT-004,20.64,28.26,5.71,82.93,493.1,-66.7,0.0368,0.109,PAYLOAD,NORMAL
2026-03-01 09:22:00,INSAT-3D,23.63,28.14,6.18,87.86,506.56,-66.89,0.0465,0.095,PAYLOAD,NORMAL
2026-03-01 09:23:00,GSAT-30,25.8,28.36,5.54,81.9,520.07,-68.37,0.0322,0.08,ATTITUDE,NORMAL
2026-03-01 09:24:00,SAT-001,78.76,27.06,7.04,88.02,518.24,-71.05,0.0347,0.069,THERMAL,ANOMALY
2026-03-01 09:25:00,SAT-002,23.37,28.5,6.24,76.88,533.79,-68.01,0.016,0.081,COMMUNICATION,NORMAL
2026-03-01 09:26:00,SAT-003,26.47,28.45,6.91,89.83,543.43,-70.7,0.0554,0.104,BATTERY,NORMAL
2026-03-01 09:27:00,SAT-004,23.52,28.09,6.96,88.69,505.83,-71.62,0.0418,0.053,BATTERY,NORMAL
2026-03-01 09:28:00,INSAT-3D,25.78,23.53,5.4,85.44,210.63,-68.26,0.0522,0.071,POWER,ANOMALY
2026-03-01 09:29:00,GSAT-30,29.32,28.16,7.32,95.98,544.86,-64.47,0.0455,0.122,BATTERY,NORMAL
2026-03-01 09:30:00,SAT-001,21.79,28.37,7.05,88.99,556.78,-68.21,0.0314,0.075,POWER,NORMAL
2026-03-01 09:31:00,SAT-002,28.54,27.9,5.46,95.25,541.67,-68.52,0.0478,0.044,THERMAL,NORMAL
2026-03-01 09:32:00,SAT-003,38.0,26.7,21.13,76.65,582.89,-68.37,0.0339,0.041,POWER,ANOMALY
2026-03-01 09:33:00,SAT-004,31.5,28.44,6.27,86.32,645.51,-66.12,0.037,0.073,ATTITUDE,NORMAL
2026-03-01 09:34:00,INSAT-3D,20.7,28.48,6.82,89.92,488.98,-70.13,0.0347,0.075,BATTERY,NORMAL
2026-03-01 09:35:00,GSAT-30,24.4,27.86,5.42,83.85,587.05,-64.12,0.0413,0.117,POWER,NORMAL
2026-03-01 09:36:00,SAT-001,25.48,28.1,6.55,86.42,513.34,-102.73,0.0529,0.084,COMMUNICATION,ANOMALY
2026-03-01 09:37:00,SAT-002,27.33,28.18,5.82,88.95,484.21,-68.63,0.0153,0.03,POWER,NORMAL
2026-03-01 09:38:00,SAT-003,26.82,28.5,5.63,88.03,547.18,-65.78,0.0501,0.043,COMMUNICATION,NORMAL
2026-03-01 09:39:00,SAT-004,27.56,28.33,6.77,99.5,616.48,-70.06,0.0645,0.091,PAYLOAD,NORMAL
2026-03-01 09:40:00,INSAT-3D,27.5,27.69,6.36,80.94,554.84,-64.79,0.9668,0.679,ATTITUDE,ANOMALY
2026-03-01 09:41:00,GSAT-30,31.06,27.67,6.5,94.71,543.69,-67.09,0.0398,0.081,BATTERY,NORMAL
2026-03-01 09:42:00,SAT-001,27.48,28.2,6.09,85.88,529.32,-64.86,0.041,0.04,PAYLOAD,NORMAL
2026-03-01 09:43:00,SAT-002,27.59,28.42,5.68,92.21,572.67,-73.28,0.0485,0.065,COMMUNICATION,NORMAL
2026-03-01 09:44:00,SAT-003,29.91,28.05,5.43,84.85,226.39,-65.45,0.0369,8.793,ATTITUDE,ANOMALY
2026-03-01 09:45:00,SAT-004,21.52,28.23,6.27,82.65,573.47,-61.03,0.0448,0.095,COMMUNICATION,NORMAL
2026-03-01 09:46:00,INSAT-3D,29.22,28.25,6.7,86.61,555.82,-71.63,0.039,0.077,THERMAL,NORMAL
2026-03-01 09:47:00,GSAT-30,31.64,28.17,5.88,92.85,508.82,-65.84,0.0619,0.073,BATTERY,NORMAL
2026-03-01 09:48:00,SAT-001,40.66,26.15,12.24,31.35,578.92,-67.21,0.053,0.122,BATTERY,ANOMALY
2026-03-01 09:49:00,SAT-002,29.4,28.19,5.79,84.14,545.97,-69.08,0.0379,0.039,BATTERY,NORMAL
2026-03-01 09:50:00,SAT-003,23.86,27.97,5.68,91.05,538.23,-70.49,0.0521,0.1,ATTITUDE,NORMAL
2026-03-01 09:51:00,SAT-004,21.87,27.87,7.28,91.56,546.48,-72.35,0.0539,0.122,POWER,NORMAL
2026-03-01 09:52:00,INSAT-3D,80.32,27.39,7.01,86.36,557.78,-65.29,0.0428,0.06,THERMAL,ANOMALY
2026-03-01 09:53:00,GSAT-30,27.79,27.91,6.12,92.95,497.22,-66.74,0.0445,0.027,POWER,NORMAL
2026-03-01 09:54:00,SAT-001,28.72,28.5,6.84,83.75,511.45,-64.65,0.0225,0.076,POWER,NORMAL
2026-03-01 09:55:00,SAT-002,27.78,28.44,5.8,87.25,513.19,-71.38,0.0487,0.042,THERMAL,NORMAL
2026-03-01 09:56:00,SAT-003,24.76,19.56,6.94,94.01,242.19,-73.56,0.0438,0.08,POWER,ANOMALY
2026-03-01 09:57:00,SAT-004,24.43,28.06,6.2,92.01,562.6,-67.24,0.0451,0.112,ATTITUDE,NORMAL
2026-03-01 09:58:00,INSAT-3D,22.19,27.59,6.02,95.19,508.84,-72.57,0.0502,0.099,PAYLOAD,NORMAL
2026-03-01 09:59:00,GSAT-30,24.58,28.43,6.73,88.38,543.62,-72.44,0.0247,0.075,PAYLOAD,NORMAL
2026-03-01 10:00:00,SAT-001,38.0,26.8,26.47,81.14,534.9,-69.25,0.0657,0.092,POWER,ANOMALY
2026-03-01 10:01:00,SAT-002,22.78,27.96,7.91,89.73,564.53,-65.8,0.0425,0.063,BATTERY,NORMAL
2026-03-01 10:02:00,SAT-003,22.43,28.62,6.52,83.65,617.43,-66.83,0.0531,0.072,BATTERY,NORMAL
2026-03-01 10:03:00,SAT-004,24.64,27.99,6.8,91.27,574.02,-68.04,0.0378,0.033,ATTITUDE,NORMAL
2026-03-01 10:04:00,INSAT-3D,28.46,28.33,5.73,82.31,516.0,-121.9,0.0368,0.046,COMMUNICATION,ANOMALY
2026-03-01 10:05:00,GSAT-30,17.99,28.41,5.85,94.1,517.43,-65.05,0.0606,0.066,THERMAL,NORMAL
2026-03-01 10:06:00,SAT-001,28.82,28.06,5.13,91.62,585.18,-60.24,0.0306,0.101,PAYLOAD,NORMAL
2026-03-01 10:07:00,SAT-002,25.05,28.11,4.28,91.59,576.45,-71.48,0.0523,0.062,THERMAL,NORMAL
2026-03-01 10:08:00,SAT-003,24.9,28.59,5.71,80.04,584.15,-68.44,0.8855,0.632,ATTITUDE,ANOMALY
2026-03-01 10:09:00,SAT-004,30.51,28.31,5.0,83.41,586.3,-68.51,0.046,0.103,POWER,NORMAL
2026-03-01 10:10:00,INSAT-3D,22.6,27.91,3.88,87.57,524.93,-68.98,0.0329,0.104,COMMUNICATION,NORMAL
2026-03-01 10:11:00,GSAT-30,28.26,28.26,6.45,90.44,542.73,-69.45,0.0586,0.085,ATTITUDE,NORMAL
2026-03-01 10:12:00,SAT-001,25.5,28.2,6.48,84.12,244.52,-70.81,0.0364,11.419,ATTITUDE,ANOMALY
2026-03-01 10:13:00,SAT-002,26.43,28.06,6.66,93.99,555.64,-66.0,0.0429,0.11,BATTERY,NORMAL
2026-03-01 10:14:00,SAT-003,19.37,28.03,4.75,90.68,582.89,-68.55,0.0329,0.051,THERMAL,NORMAL
2026-03-01 10:15:00,SAT-004,22.72,28.24,6.23,90.27,572.11,-59.82,0.0275,0.101,THERMAL,NORMAL
2026-03-01 10:16:00,INSAT-3D,34.79,24.97,13.08,36.36,553.99,-73.1,0.0428,0.048,BATTERY,ANOMALY
2026-03-01 10:17:00,GSAT-30,26.43,28.29,7.22,88.99,510.98,-72.81,0.0408,0.021,COMMUNICATION,NORMAL
2026-03-01 10:18:00,SAT-001,23.71,28.12,6.34,83.61,489.47,-63.89,0.0625,0.085,POWER,NORMAL
2026-03-01 10:19:00,SAT-002,23.29,28.6,5.21,82.37,501.63,-68.2,0.0502,0.102,POWER,NORMAL
2026-03-01 10:20:00,SAT-003,82.22,26.73,6.99,82.21,512.41,-69.86,0.0359,0.131,THERMAL,ANOMALY
2026-03-01 10:21:00,SAT-004,19.49,27.95,6.05,90.89,509.76,-68.72,0.0304,0.109,ATTITUDE,NORMAL
2026-03-01 10:22:00,INSAT-3D,20.34,27.66,5.64,88.81,543.6,-67.55,0.0281,0.104,COMMUNICATION,NORMAL
2026-03-01 10:23:00,GSAT-30,22.8,28.25,6.25,83.94,509.98,-72.72,0.0487,0.042,THERMAL,NORMAL
2026-03-01 10:24:00,SAT-001,26.01,20.08,6.67,81.38,225.31,-69.22,0.0317,0.071,POWER,ANOMALY
2026-03-01 10:25:00,SAT-002,25.23,28.0,6.15,94.15,545.0,-61.6,0.0601,0.077,COMMUNICATION,NORMAL
2026-03-01 10:26:00,SAT-003,28.37,28.19,5.58,79.13,515.99,-69.85,0.0463,0.07,PAYLOAD,NORMAL
2026-03-01 10:27:00,SAT-004,22.63,28.51,6.88,84.8,567.65,-68.72,0.0475,0.098,THERMAL,NORMAL
2026-03-01 10:28:00,INSAT-3D,42.11,26.51,23.66,95.08,524.72,-67.41,0.0651,0.099,POWER,ANOMALY
2026-03-01 10:29:00,GSAT-30,28.42,28.55,5.7,86.61,503.73,-68.61,0.0446,0.1,POWER,NORMAL
2026-03-01 10:30:00,SAT-001,18.13,28.49,5.56,93.29,573.32,-60.95,0.0528,0.069,BATTERY,NORMAL
2026-03-01 10:31:00,SAT-002,26.45,28.13,4.1,81.55,561.69,-74.39,0.0592,0.111,PAYLOAD,NORMAL
2026-03-01 10:32:00,SAT-003,26.12,28.38,6.92,84.42,488.78,-114.17,0.0591,0.044,COMMUNICATION,ANOMALY
2026-03-01 10:33:00,SAT-004,25.48,28.01,6.98,90.0,510.7,-69.57,0.0268,0.042,COMMUNICATION,NORMAL
2026-03-01 10:34:00,INSAT-3D,25.36,28.72,5.49,94.62,528.9,-74.05,0.0389,0.115,POWER,NORMAL
2026-03-01 10:35:00,GSAT-30,24.21,28.16,6.31,91.64,562.32,-67.22,0.0593,0.034,ATTITUDE,NORMAL
2026-03-01 10:36:00,SAT-001,27.51,28.39,5.51,77.49,507.62,-69.98,0.7415,0.662,ATTITUDE,ANOMALY
2026-03-01 10:37:00,SAT-002,27.63,27.99,6.84,85.86,512.35,-63.16,0.0471,0.07,BATTERY,NORMAL
2026-03-01 10:38:00,SAT-003,21.31,28.11,5.21,92.76,599.12,-62.99,0.0597,0.074,COMMUNICATION,NORMAL
2026-03-01 10:39:00,SAT-004,23.55,28.36,6.33,99.5,548.05,-69.55,0.0527,0.099,BATTERY,NORMAL
2026-03-01 10:40:00,INSAT-3D,25.53,27.87,6.08,89.41,214.91,-68.74,0.0549,7.215,ATTITUDE,ANOMALY
2026-03-01 10:41:00,GSAT-30,25.11,28.37,7.07,91.46,549.56,-70.99,0.045,0.064,PAYLOAD,NORMAL
2026-03-01 10:42:00,SAT-001,25.14,28.4,6.06,88.13,519.64,-72.54,0.0228,0.069,THERMAL,NORMAL
2026-03-01 10:43:00,SAT-002,19.68,28.44,6.38,90.51,528.11,-70.65,0.0589,0.09,THERMAL,NORMAL
2026-03-01 10:44:00,SAT-003,32.0,26.04,12.72,26.97,578.59,-69.85,0.0433,0.103,BATTERY,ANOMALY
2026-03-01 10:45:00,SAT-004,22.7,28.29,6.16,95.78,554.33,-63.84,0.0463,0.075,COMMUNICATION,NORMAL
2026-03-01 10:46:00,INSAT-3D,21.72,27.9,6.13,88.87,609.79,-69.37,0.0444,0.042,PAYLOAD,NORMAL
2026-03-01 10:47:00,GSAT-30,27.35,28.49,8.23,82.97,544.57,-69.43,0.0551,0.088,BATTERY,NORMAL
2026-03-01 10:48:00,SAT-001,71.22,27.4,7.34,78.48,506.08,-70.84,0.0483,0.117,THERMAL,ANOMALY
2026-03-01 10:49:00,SAT-002,18.25,28.1,7.48,90.82,602.04,-71.67,0.0579,0.11,PAYLOAD,NORMAL
2026-03-01 10:50:00,SAT-003,21.67,28.28,5.55,92.67,578.29,-69.64,0.0358,0.072,THERMAL,NORMAL
2026-03-01 10:51:00,SAT-004,25.03,27.83,5.81,80.82,564.29,-65.85,0.0242,0.12,ATTITUDE,NORMAL
2026-03-01 10:52:00,INSAT-3D,33.49,19.8,5.99,99.12,224.92,-67.94,0.0468,0.12,POWER,ANOMALY
2026-03-01 10:53:00,GSAT-30,24.48,28.33,6.25,82.4,519.82,-70.21,0.0244,0.039,PAYLOAD,NORMAL
2026-03-01 10:54:00,SAT-001,26.38,28.32,6.55,88.23,593.63,-74.92,0.0468,0.114,BATTERY,NORMAL
2026-03-01 10:55:00,SAT-002,24.63,28.35,6.18,86.91,542.04,-69.81,0.0409,0.017,POWER,NORMAL
2026-03-01 10:56:00,SAT-003,40.92,26.79,20.7,94.49,532.61,-71.11,0.0536,0.092,POWER,ANOMALY
2026-03-01 10:57:00,SAT-004,26.58,28.13,6.64,78.48,524.81,-62.83,0.0358,0.062,COMMUNICATION,NORMAL
2026-03-01 10:58:00,INSAT-3D,19.0,27.97,5.97,88.83,537.52,-69.84,0.0563,0.076,PAYLOAD,NORMAL
2026-03-01 10:59:00,GSAT-30,25.36,28.28,6.16,86.09,526.73,-65.85,0.0476,0.07,BATTERY,NORMAL
2026-03-01 11:00:00,SAT-001,29.88,28.78,5.5,87.61,622.7,-105.62,0.0462,0.078,COMMUNICATION,ANOMALY
2026-03-01 11:01:00,SAT-002,25.19,28.34,6.35,85.2,571.3,-67.41,0.0295,0.119,ATTITUDE,NORMAL
2026-03-01 11:02:00,SAT-003,21.84,28.28,4.87,85.44,573.83,-70.03,0.0221,0.088,BATTERY,NORMAL
2026-03-01 11:03:00,SAT-004,25.38,28.12,6.7,87.6,547.18,-72.87,0.0677,0.075,COMMUNICATION,NORMAL
2026-03-01 11:04:00,INSAT-3D,28.09,27.95,6.75,78.49,543.56,-69.07,0.8432,0.701,ATTITUDE,ANOMALY
2026-03-01 11:05:00,GSAT-30,25.1,27.91,5.82,93.17,503.94,-68.62,0.0485,0.052,BATTERY,NORMAL
2026-03-01 11:06:00,SAT-001,26.04,28.23,5.97,87.47,648.44,-68.77,0.0511,0.061,ATTITUDE,NORMAL
2026-03-01 11:07:00,SAT-002,26.94,27.99,5.4,91.86,569.95,-71.82,0.0302,0.067,BATTERY,NORMAL
2026-03-01 11:08:00,SAT-003,23.87,28.34,6.54,90.82,242.78,-69.93,0.0261,6.899,ATTITUDE,ANOMALY
2026-03-01 11:09:00,SAT-004,16.48,28.37,5.55,88.88,496.26,-68.8,0.0454,0.088,ATTITUDE,NORMAL
2026-03-01 11:10:00,INSAT-3D,19.85,28.4,7.24,83.56,588.39,-61.83,0.0543,0.098,BATTERY,NORMAL
2026-03-01 11:11:00,GSAT-30,26.1,28.37,6.74,96.85,479.87,-71.61,0.0529,0.047,POWER,NORMAL
2026-03-01 11:12:00,SAT-001,32.0,25.71,10.87,26.73,528.22,-64.07,0.0263,0.092,BATTERY,ANOMALY
2026-03-01 11:13:00,SAT-002,26.86,27.93,6.34,82.23,600.28,-67.4,0.0333,0.101,ATTITUDE,NORMAL
2026-03-01 11:14:00,SAT-003,29.49,28.13,6.26,94.11,530.6,-63.5,0.0519,0.094,ATTITUDE,NORMAL
2026-03-01 11:15:00,SAT-004,27.74,27.88,6.28,82.92,482.19,-69.34,0.0568,0.088,POWER,NORMAL
2026-03-01 11:16:00,INSAT-3D,67.97,27.26,6.39,76.55,551.4,-68.69,0.0311,0.037,THERMAL,ANOMALY
2026-03-01 11:17:00,GSAT-30,26.19,28.29,5.34,93.12,495.98,-71.23,0.0457,0.07,POWER,NORMAL
2026-03-01 11:18:00,SAT-001,32.32,28.19,4.61,84.63,533.57,-71.29,0.015,0.077,POWER,NORMAL
2026-03-01 11:19:00,SAT-002,25.61,28.25,5.48,90.62,509.52,-70.08,0.0461,0.155,POWER,NORMAL
2026-03-01 11:20:00,SAT-003,26.51,20.06,5.99,88.42,143.66,-65.51,0.0466,0.11,POWER,ANOMALY
2026-03-01 11:21:00,SAT-004,29.13,28.3,5.43,84.02,543.6,-74.94,0.0651,0.093,ATTITUDE,NORMAL
2026-03-01 11:22:00,INSAT-3D,27.39,28.42,6.78,85.61,482.7,-69.56,0.0583,0.069,PAYLOAD,NORMAL
2026-03-01 11:23:00,GSAT-30,29.34,28.2,6.98,91.38,501.55,-73.15,0.0302,0.067,PAYLOAD,NORMAL
2026-03-01 11:24:00,SAT-001,38.4,26.51,24.78,82.36,537.71,-67.65,0.0623,0.051,POWER,ANOMALY
2026-03-01 11:25:00,SAT-002,20.31,28.15,8.79,92.48,561.1,-65.61,0.0358,0.09,ATTITUDE,NORMAL
2026-03-01 11:26:00,SAT-003,22.19,27.81,7.0,85.62,573.15,-70.74,0.0627,0.106,POWER,NORMAL
2026-03-01 11:27:00,SAT-004,33.07,28.15,5.59,94.93,573.1,-64.45,0.0438,0.136,PAYLOAD,NORMAL
2026-03-01 11:28:00,INSAT-3D,22.07,28.03,6.81,90.84,549.83,-119.68,0.0402,0.115,COMMUNICATION,ANOMALY
2026-03-01 11:29:00,GSAT-30,28.29,27.89,6.45,81.82,530.03,-66.08,0.0327,0.097,BATTERY,NORMAL
2026-03-01 11:30:00,SAT-001,26.47,28.51,6.71,86.32,536.57,-64.31,0.0463,0.069,PAYLOAD,NORMAL
2026-03-01 11:31:00,SAT-002,28.85,28.15,5.26,89.13,544.83,-62.13,0.0545,0.089,COMMUNICATION,NORMAL
2026-03-01 11:32:00,SAT-003,28.72,28.16,6.44,93.29,480.93,-65.1,1.2226,0.671,ATTITUDE,ANOMALY
2026-03-01 11:33:00,SAT-004,24.85,28.1,5.64,78.47,514.67,-69.54,0.0468,0.139,THERMAL,NORMAL
2026-03-01 11:34:00,INSAT-3D,31.93,28.16,6.33,92.74,557.85,-66.45,0.0439,0.078,COMMUNICATION,NORMAL
2026-03-01 11:35:00,GSAT-30,25.7,28.15,6.79,90.46,503.19,-71.46,0.0439,0.081,ATTITUDE,NORMAL
2026-03-01 11:36:00,SAT-001,28.28,28.35,7.67,82.66,231.42,-70.88,0.0525,7.87,ATTITUDE,ANOMALY
2026-03-01 11:37:00,SAT-002,25.17,28.38,5.91,99.5,546.3,-68.82,0.035,0.113,ATTITUDE,NORMAL
2026-03-01 11:38:00,SAT-003,26.87,28.62,5.68,90.14,547.3,-65.1,0.0437,0.048,PAYLOAD,NORMAL
2026-03-01 11:39:00,SAT-004,21.25,28.53,6.79,94.4,524.44,-68.43,0.0457,0.066,ATTITUDE,NORMAL
2026-03-01 11:40:00,INSAT-3D,35.18,26.08,12.88,47.62,507.03,-68.28,0.0436,0.103,BATTERY,ANOMALY
2026-03-01 11:41:00,GSAT-30,27.61,28.23,6.11,84.87,528.49,-62.51,0.039,0.094,PAYLOAD,NORMAL
2026-03-01 11:42:00,SAT-001,25.82,28.02,5.73,89.15,500.33,-66.95,0.0343,0.112,THERMAL,NORMAL
2026-03-01 11:43:00,SAT-002,20.89,28.29,5.5,93.32,506.61,-66.64,0.0359,0.092,BATTERY,NORMAL
2026-03-01 11:44:00,SAT-003,76.55,27.26,5.82,89.42,543.87,-71.7,0.043,0.057,THERMAL,ANOMALY
2026-03-01 11:45:00,SAT-004,25.07,28.29,6.61,90.19,493.13,-64.31,0.0588,0.077,POWER,NORMAL
2026-03-01 11:46:00,INSAT-3D,20.9,27.89,6.22,88.11,440.87,-64.52,0.0193,0.076,ATTITUDE,NORMAL
2026-03-01 11:47:00,GSAT-30,32.1,28.2,5.02,84.64,544.11,-66.45,0.0332,0.097,PAYLOAD,NORMAL
2026-03-01 11:48:00,SAT-001,28.51,20.3,8.08,82.34,172.28,-72.59,0.0572,0.081,POWER,ANOMALY
2026-03-01 11:49:00,SAT-002,24.45,27.97,6.27,80.18,545.02,-65.39,0.03,0.034,THERMAL,NORMAL
2026-03-01 11:50:00,SAT-003,28.97,28.25,4.57,82.04,505.53,-68.75,0.0699,0.091,BATTERY,NORMAL
2026-03-01 11:51:00,SAT-004,30.57,28.42,6.97,86.47,479.48,-62.14,0.0443,0.058,THERMAL,NORMAL
2026-03-01 11:52:00,INSAT-3D,39.25,26.8,25.19,91.39,562.49,-71.23,0.0383,0.109,POWER,ANOMALY
2026-03-01 11:53:00,GSAT-30,18.3,28.57,6.84,89.68,483.17,-70.1,0.0455,0.072,BATTERY,NORMAL
2026-03-01 11:54:00,SAT-001,23.07,27.93,8.03,97.34,499.33,-63.25,0.0402,0.084,POWER,NORMAL
2026-03-01 11:55:00,SAT-002,23.65,28.26,8.44,90.74,601.33,-68.13,0.0517,0.076,PAYLOAD,NORMAL
2026-03-01 11:56:00,SAT-003,34.05,27.99,6.06,88.98,536.22,-102.4,0.0546,0.079,COMMUNICATION,ANOMALY
2026-03-01 11:57:00,SAT-004,26.82,28.12,5.06,89.97,569.03,-69.89,0.0485,0.069,COMMUNICATION,NORMAL
2026-03-01 11:58:00,INSAT-3D,28.65,28.19,7.02,76.16,567.71,-71.36,0.0662,0.048,COMMUNICATION,NORMAL
2026-03-01 11:59:00,GSAT-30,21.0,27.92,5.55,89.37,513.08,-67.27,0.0482,0.066,COMMUNICATION,NORMAL
2026-03-01 12:00:00,SAT-001,25.81,28.04,6.25,80.96,532.52,-69.8,0.5531,0.698,ATTITUDE,ANOMALY
2026-03-01 12:01:00,SAT-002,27.2,28.48,5.38,85.6,548.07,-69.51,0.0519,0.095,COMMUNICATION,NORMAL
2026-03-01 12:02:00,SAT-003,27.79,28.01,4.96,90.8,571.1,-63.18,0.0426,0.07,BATTERY,NORMAL
2026-03-01 12:03:00,SAT-004,25.13,28.43,6.85,92.5,507.86,-66.08,0.053,0.049,THERMAL,NORMAL
2026-03-01 12:04:00,INSAT-3D,25.04,27.76,7.04,88.33,257.81,-68.69,0.0495,5.016,ATTITUDE,ANOMALY
2026-03-01 12:05:00,GSAT-30,28.99,28.72,6.29,90.03,509.19,-71.06,0.0574,0.107,COMMUNICATION,NORMAL
2026-03-01 12:06:00,SAT-001,22.84,28.27,6.3,91.89,585.56,-70.07,0.0553,0.048,BATTERY,NORMAL
2026-03-01 12:07:00,SAT-002,25.56,28.1,5.94,93.55,453.6,-66.34,0.0563,0.061,THERMAL,NORMAL
2026-03-01 12:08:00,SAT-003,37.31,25.82,10.55,27.55,558.54,-73.23,0.0614,0.071,BATTERY,ANOMALY
2026-03-01 12:09:00,SAT-004,25.53,28.05,7.19,85.43,514.41,-65.37,0.0467,0.121,PAYLOAD,NORMAL
2026-03-01 12:10:00,INSAT-3D,27.4,28.18,6.82,91.09,532.41,-73.24,0.039,0.132,POWER,NORMAL
2026-03-01 12:11:00,GSAT-30,28.41,28.36,4.88,82.83,535.96,-72.75,0.0701,0.105,THERMAL,NORMAL
2026-03-01 12:12:00,SAT-001,75.83,27.3,6.02,75.18,478.01,-62.3,0.0607,0.063,THERMAL,ANOMALY
2026-03-01 12:13:00,SAT-002,27.19,27.84,4.75,93.91,470.72,-68.44,0.0406,0.066,POWER,NORMAL
2026-03-01 12:14:00,SAT-003,24.56,28.44,4.23,92.46,525.06,-66.34,0.0372,0.04,COMMUNICATION,NORMAL
2026-03-01 12:15:00,SAT-004,26.25,28.22,6.93,88.36,612.02,-72.32,0.0388,0.076,COMMUNICATION,NORMAL
2026-03-01 12:16:00,INSAT-3D,27.32,23.68,6.48,77.89,209.5,-65.74,0.0256,0.08,POWER,ANOMALY
2026-03-01 12:17:00,GSAT-30,29.18,27.99,6.94,85.35,586.23,-66.72,0.036,0.071,PAYLOAD,NORMAL
2026-03-01 12:18:00,SAT-001,27.58,28.02,6.49,88.41,591.88,-71.1,0.0432,0.061,THERMAL,NORMAL
2026-03-01 12:19:00,SAT-002,22.1,28.61,6.02,92.99,524.13,-68.29,0.0664,0.093,POWER,NORMAL
2026-03-01 12:20:00,SAT-003,38.0,26.49,19.93,91.21,552.96,-71.45,0.0459,0.078,POWER,ANOMALY
2026-03-01 12:21:00,SAT-004,27.0,27.98,5.07,79.66,532.44,-71.05,0.0171,0.069,THERMAL,NORMAL
2026-03-01 12:22:00,INSAT-3D,25.47,28.12,5.12,86.59,557.69,-66.42,0.0222,0.076,PAYLOAD,NORMAL
2026-03-01 12:23:00,GSAT-30,23.76,28.13,5.66,82.19,540.44,-67.22,0.0377,0.047,COMMUNICATION,NORMAL
2026-03-01 12:24:00,SAT-001,27.23,27.97,6.25,82.82,567.37,-111.96,0.0623,0.103,COMMUNICATION,ANOMALY
2026-03-01 12:25:00,SAT-002,24.23,27.97,5.92,95.44,538.32,-66.02,0.0475,0.087,PAYLOAD,NORMAL
2026-03-01 12:26:00,SAT-003,26.01,28.32,5.55,86.63,550.83,-67.51,0.0395,0.092,ATTITUDE,NORMAL
2026-03-01 12:27:00,SAT-004,24.0,28.39,4.55,91.77,548.32,-70.99,0.0278,0.084,ATTITUDE,NORMAL
2026-03-01 12:28:00,INSAT-3D,30.22,28.13,5.82,85.96,584.63,-66.71,0.5637,0.717,ATTITUDE,ANOMALY
2026-03-01 12:29:00,GSAT-30,29.15,27.88,5.92,96.51,502.83,-63.81,0.0417,0.083,POWER,NORMAL
2026-03-01 12:30:00,SAT-001,20.56,28.65,5.87,91.02,541.73,-67.37,0.0518,0.059,THERMAL,NORMAL
2026-03-01 12:31:00,SAT-002,28.13,27.78,5.83,99.5,539.21,-63.93,0.0329,0.093,COMMUNICATION,NORMAL
2026-03-01 12:32:00,SAT-003,22.45,28.32,7.17,88.02,233.84,-67.18,0.0478,11.506,ATTITUDE,ANOMALY
2026-03-01 12:33:00,SAT-004,27.03,28.32,7.43,94.28,516.0,-65.54,0.0336,0.101,ATTITUDE,NORMAL
2026-03-01 12:34:00,INSAT-3D,30.1,28.32,6.6,94.3,533.7,-66.04,0.0386,0.048,COMMUNICATION,NORMAL
2026-03-01 12:35:00,GSAT-30,22.5,28.18,6.09,88.61,598.19,-68.72,0.0596,0.094,POWER,NORMAL
2026-03-01 12:36:00,SAT-001,38.76,25.3,11.27,36.42,440.32,-71.27,0.0508,0.095,BATTERY,ANOMALY
2026-03-01 12:37:00,SAT-002,27.16,28.3,6.09,83.52,596.1,-68.19,0.0394,0.11,ATTITUDE,NORMAL
2026-03-01 12:38:00,SAT-003,22.72,28.21,6.5,85.96,527.22,-69.51,0.0576,0.01,POWER,NORMAL
2026-03-01 12:39:00,SAT-004,25.87,28.22,6.08,93.52,538.6,-70.18,0.0558,0.128,BATTERY,NORMAL
2026-03-01 12:40:00,INSAT-3D,73.27,27.5,5.67,80.2,492.65,-68.0,0.0322,0.045,THERMAL,ANOMALY
2026-03-01 12:41:00,GSAT-30,25.82,28.51,7.17,93.12,530.84,-73.52,0.0226,0.111,COMMUNICATION,NORMAL
2026-03-01 12:42:00,SAT-001,27.69,28.2,7.07,99.5,489.64,-68.68,0.0165,0.086,ATTITUDE,NORMAL
2026-03-01 12:43:00,SAT-002,27.57,28.39,5.46,85.5,515.94,-63.83,0.072,0.066,POWER,NORMAL
2026-03-01 12:44:00,SAT-003,25.5,20.74,5.93,89.32,219.16,-73.23,0.032,0.07,POWER,ANOMALY
2026-03-01 12:45:00,SAT-004,19.47,28.05,6.68,82.32,496.52,-68.97,0.0525,0.134,COMMUNICATION,NORMAL
2026-03-01 12:46:00,INSAT-3D,22.17,27.96,6.42,91.97,553.17,-67.38,0.0477,0.091,PAYLOAD,NORMAL
2026-03-01 12:47:00,GSAT-30,26.63,28.17,6.39,87.57,530.3,-66.55,0.0401,0.032,BATTERY,NORMAL
2026-03-01 12:48:00,SAT-001,38.0,26.76,27.28,76.35,533.2,-68.28,0.04,0.087,POWER,ANOMALY
2026-03-01 12:49:00,SAT-002,23.8,27.93,5.4,87.87,478.7,-70.3,0.0461,0.082,ATTITUDE,NORMAL
2026-03-01 12:50:00,SAT-003,20.62,28.25,5.62,79.12,501.09,-70.9,0.0543,0.085,ATTITUDE,NORMAL
2026-03-01 12:51:00,SAT-004,28.97,28.16,5.8,75.04,512.06,-71.95,0.0445,0.042,ATTITUDE,NORMAL
2026-03-01 12:52:00,INSAT-3D,27.83,28.53,6.48,80.08,538.59,-102.72,0.0608,0.038,COMMUNICATION,ANOMALY
2026-03-01 12:53:00,GSAT-30,19.95,27.78,5.29,89.26,520.52,-70.52,0.0575,0.096,ATTITUDE,NORMAL
2026-03-01 12:54:00,SAT-001,26.99,28.47,6.47,75.54,522.53,-64.41,0.0353,0.073,PAYLOAD,NORMAL
2026-03-01 12:55:00,SAT-002,25.89,28.02,4.83,80.1,523.55,-67.42,0.0619,0.095,ATTITUDE,NORMAL
2026-03-01 12:56:00,SAT-003,24.86,28.31,6.73,88.7,528.8,-64.89,1.6099,0.682,ATTITUDE,ANOMALY
2026-03-01 12:57:00,SAT-004,20.55,28.15,5.69,83.62,581.57,-71.83,0.0334,0.059,THERMAL,NORMAL
2026-03-01 12:58:00,INSAT-3D,26.44,28.27,6.04,80.47,577.47,-68.26,0.046,0.128,BATTERY,NORMAL
2026-03-01 12:59:00,GSAT-30,27.87,28.15,6.44,96.34,465.66,-66.76,0.0706,0.088,THERMAL,NORMAL
2026-03-01 13:00:00,SAT-001,30.95,28.01,6.47,85.17,208.56,-71.5,0.034,9.01,ATTITUDE,ANOMALY
2026-03-01 13:01:00,SAT-002,19.89,27.92,7.57,78.88,532.42,-65.52,0.0717,0.085,COMMUNICATION,NORMAL
2026-03-01 13:02:00,SAT-003,29.21,28.2,6.25,86.67,563.96,-69.26,0.0567,0.046,ATTITUDE,NORMAL
2026-03-01 13:03:00,SAT-004,19.33,28.03,6.63,90.77,618.73,-70.72,0.059,0.091,BATTERY,NORMAL
2026-03-01 13:04:00,INSAT-3D,32.0,25.2,11.35,27.56,467.78,-73.28,0.0476,0.065,BATTERY,ANOMALY
2026-03-01 13:05:00,GSAT-30,21.47,28.2,5.43,74.43,532.05,-65.43,0.0448,0.099,COMMUNICATION,NORMAL
2026-03-01 13:06:00,SAT-001,23.37,28.18,8.58,87.44,601.82,-66.49,0.0384,0.058,THERMAL,NORMAL
2026-03-01 13:07:00,SAT-002,35.36,28.4,8.27,87.96,529.18,-71.22,0.0642,0.053,PAYLOAD,NORMAL
2026-03-01 13:08:00,SAT-003,81.75,27.1,7.21,77.04,516.74,-67.93,0.039,0.075,THERMAL,ANOMALY
2026-03-01 13:09:00,SAT-004,27.59,28.23,5.79,92.76,512.44,-70.62,0.0653,0.081,COMMUNICATION,NORMAL
2026-03-01 13:10:00,INSAT-3D,25.53,28.13,5.71,92.49,511.1,-62.46,0.0682,0.088,PAYLOAD,NORMAL
2026-03-01 13:11:00,GSAT-30,29.05,28.46,6.31,88.34,554.3,-64.7,0.0316,0.099,ATTITUDE,NORMAL
2026-03-01 13:12:00,SAT-001,23.34,21.26,6.79,82.92,128.12,-67.97,0.0434,0.026,POWER,ANOMALY
2026-03-01 13:13:00,SAT-002,30.92,28.59,4.92,78.46,540.87,-70.02,0.0307,0.08,ATTITUDE,NORMAL
2026-03-01 13:14:00,SAT-003,27.67,28.19,7.01,92.24,560.95,-69.96,0.0397,0.112,THERMAL,NORMAL
2026-03-01 13:15:00,SAT-004,22.48,27.92,6.17,80.63,573.14,-67.83,0.0501,0.066,THERMAL,NORMAL
2026-03-01 13:16:00,INSAT-3D,38.0,26.79,31.29,83.21,504.21,-70.67,0.0239,0.12,POWER,ANOMALY
2026-03-01 13:17:00,GSAT-30,22.32,28.12,6.94,84.23,578.39,-69.57,0.034,0.065,ATTITUDE,NORMAL
2026-03-01 13:18:00,SAT-001,21.19,28.84,7.6,87.84,549.01,-69.89,0.0502,0.058,ATTITUDE,NORMAL
2026-03-01 13:19:00,SAT-002,15.0,28.22,6.57,84.98,465.6,-68.29,0.047,0.046,COMMUNICATION,NORMAL
2026-03-01 13:20:00,SAT-003,23.51,28.49,6.59,77.46,543.49,-124.16,0.0373,0.086,COMMUNICATION,ANOMALY
2026-03-01 13:21:00,SAT-004,29.55,28.44,4.76,93.42,475.65,-65.31,0.0406,0.101,COMMUNICATION,NORMAL
2026-03-01 13:22:00,INSAT-3D,27.4,27.63,6.42,93.76,546.28,-69.52,0.0301,0.112,THERMAL,NORMAL
2026-03-01 13:23:00,GSAT-30,27.7,28.24,6.28,85.03,524.96,-66.23,0.0478,0.084,ATTITUDE,NORMAL
2026-03-01 13:24:00,SAT-001,23.74,28.78,6.12,84.85,524.39,-62.14,0.4403,0.669,ATTITUDE,ANOMALY
2026-03-01 13:25:00,SAT-002,24.62,27.96,6.71,85.53,560.3,-66.48,0.0544,0.096,COMMUNICATION,NORMAL
2026-03-01 13:26:00,SAT-003,31.54,28.08,7.3,92.38,530.68,-68.55,0.0464,0.105,THERMAL,NORMAL
2026-03-01 13:27:00,SAT-004,24.03,28.03,5.2,85.22,490.92,-61.73,0.0447,0.078,THERMAL,NORMAL
2026-03-01 13:28:00,INSAT-3D,27.76,28.49,7.26,90.37,229.98,-68.89,0.0527,12.311,ATTITUDE,ANOMALY
2026-03-01 13:29:00,GSAT-30,27.75,27.76,6.77,86.83,564.76,-65.67,0.0643,0.121,COMMUNICATION,NORMAL
2026-03-01 13:30:00,SAT-001,22.58,28.28,6.02,82.37,531.3,-67.31,0.0459,0.09,PAYLOAD,NORMAL
2026-03-01 13:31:00,SAT-002,28.43,28.84,6.29,85.85,528.38,-67.05,0.0645,0.129,ATTITUDE,NORMAL
2026-03-01 13:32:00,SAT-003,34.33,25.03,12.17,45.23,561.39,-63.19,0.038,0.087,BATTERY,ANOMALY
2026-03-01 13:33:00,SAT-004,28.51,28.12,6.04,90.18,552.35,-66.63,0.0254,0.097,COMMUNICATION,NORMAL
2026-03-01 13:34:00,INSAT-3D,26.8,28.04,6.55,89.61,541.95,-69.28,0.0374,0.046,ATTITUDE,NORMAL
2026-03-01 13:35:00,GSAT-30,25.5,27.77,5.98,87.86,608.36,-65.94,0.0634,0.098,PAYLOAD,NORMAL
2026-03-01 13:36:00,SAT-001,66.55,27.44,6.69,80.3,518.47,-68.62,0.0611,0.018,THERMAL,ANOMALY
2026-03-01 13:37:00,SAT-002,21.5,28.57,6.9,84.0,531.39,-63.45,0.0263,0.121,PAYLOAD,NORMAL
2026-03-01 13:38:00,SAT-003,26.75,28.42,3.8,92.56,588.46,-64.71,0.0696,0.109,PAYLOAD,NORMAL
2026-03-01 13:39:00,SAT-004,28.51,27.7,6.86,82.56,546.73,-64.57,0.0163,0.104,COMMUNICATION,NORMAL
2026-03-01 13:40:00,INSAT-3D,32.11,19.72,6.96,91.68,190.03,-65.73,0.0552,0.099,POWER,ANOMALY
2026-03-01 13:41:00,GSAT-30,16.71,28.29,5.42,88.82,585.99,-70.85,0.0577,0.067,THERMAL,NORMAL
2026-03-01 13:42:00,SAT-001,16.54,28.31,7.57,91.26,532.63,-71.25,0.0232,0.031,COMMUNICATION,NORMAL
2026-03-01 13:43:00,SAT-002,24.71,28.1,6.66,88.46,586.77,-67.79,0.0383,0.082,POWER,NORMAL
2026-03-01 13:44:00,SAT-003,40.17,26.17,24.77,81.53,542.33,-66.42,0.046,0.006,POWER,ANOMALY
2026-03-01 13:45:00,SAT-004,26.08,28.16,6.97,86.17,543.78,-73.21,0.0487,0.058,BATTERY,NORMAL
2026-03-01 13:46:00,INSAT-3D,27.4,28.39,5.5,91.3,526.51,-74.21,0.059,0.057,BATTERY,NORMAL
2026-03-01 13:47:00,GSAT-30,27.63,28.55,6.48,90.03,535.9,-69.33,0.0567,0.088,BATTERY,NORMAL
2026-03-01 13:48:00,SAT-001,25.61,27.89,7.74,85.56,493.2,-116.93,0.043,0.073,COMMUNICATION,ANOMALY
2026-03-01 13:49:00,SAT-002,23.93,28.54,4.81,87.74,572.51,-66.12,0.0572,0.141,POWER,NORMAL
2026-03-01 13:50:00,SAT-003,32.31,28.09,6.01,92.32,536.84,-66.52,0.0639,0.103,COMMUNICATION,NORMAL
2026-03-01 13:51:00,SAT-004,25.81,27.79,7.09,93.86,558.57,-72.55,0.0435,0.123,COMMUNICATION,NORMAL
2026-03-01 13:52:00,INSAT-3D,24.3,28.56,6.54,88.56,517.64,-67.75,0.9378,0.648,ATTITUDE,ANOMALY
2026-03-01 13:53:00,GSAT-30,19.32,27.78,7.82,98.3,500.77,-68.03,0.0296,0.08,PAYLOAD,NORMAL
2026-03-01 13:54:00,SAT-001,21.01,28.35,5.32,84.13,506.53,-67.58,0.0427,0.095,THERMAL,NORMAL
2026-03-01 13:55:00,SAT-002,24.1,28.27,5.45,83.02,564.09,-69.33,0.0348,0.061,POWER,NORMAL
2026-03-01 13:56:00,SAT-003,28.1,28.01,6.41,85.08,212.62,-72.41,0.0484,9.61,ATTITUDE,ANOMALY
2026-03-01 13:57:00,SAT-004,24.6,28.52,7.15,88.95,489.19,-68.28,0.0468,0.118,PAYLOAD,NORMAL
2026-03-01 13:58:00,INSAT-3D,15.76,28.24,6.23,93.35,499.98,-68.97,0.0502,0.086,THERMAL,NORMAL
2026-03-01 13:59:00,GSAT-30,27.92,28.24,5.94,87.67,555.17,-74.02,0.0555,0.153,THERMAL,NORMAL
2026-03-01 14:00:00,SAT-001,35.94,25.27,14.49,25.19,522.25,-65.39,0.0433,0.131,BATTERY,ANOMALY
2026-03-01 14:01:00,SAT-002,23.39,28.3,5.0,93.8,531.94,-71.02,0.0313,0.081,BATTERY,NORMAL
2026-03-01 14:02:00,SAT-003,24.92,28.42,5.09,86.85,534.55,-68.2,0.0291,0.101,PAYLOAD,NORMAL
2026-03-01 14:03:00,SAT-004,27.17,28.06,5.63,94.36,569.0,-70.24,0.0225,0.058,COMMUNICATION,NORMAL
2026-03-01 14:04:00,INSAT-3D,77.72,27.2,6.76,92.1,527.21,-67.3,0.0518,0.048,THERMAL,ANOMALY
2026-03-01 14:05:00,GSAT-30,21.75,28.51,6.48,78.95,562.24,-68.35,0.0395,0.087,PAYLOAD,NORMAL
2026-03-01 14:06:00,SAT-001,26.49,28.45,5.64,99.5,582.81,-66.43,0.0446,0.095,BATTERY,NORMAL
2026-03-01 14:07:00,SAT-002,27.17,28.22,5.98,85.68,582.37,-68.05,0.0651,0.081,POWER,NORMAL
2026-03-01 14:08:00,SAT-003,24.76,20.89,5.91,87.57,193.29,-70.46,0.0582,0.051,POWER,ANOMALY
2026-03-01 14:09:00,SAT-004,30.23,28.19,6.08,90.36,562.75,-72.2,0.0485,0.08,ATTITUDE,NORMAL
2026-03-01 14:10:00,INSAT-3D,22.34,28.37,7.05,85.22,576.33,-65.71,0.0657,0.066,THERMAL,NORMAL
2026-03-01 14:11:00,GSAT-30,29.91,27.99,6.47,81.97,503.61,-64.1,0.0533,0.09,POWER,NORMAL
2026-03-01 14:12:00,SAT-001,38.0,26.53,26.07,77.75,519.38,-65.7,0.0299,0.03,POWER,ANOMALY
2026-03-01 14:13:00,SAT-002,28.66,27.94,8.29,90.01,559.85,-70.32,0.0434,0.077,POWER,NORMAL
2026-03-01 14:14:00,SAT-003,20.42,28.11,6.24,78.82,588.6,-67.57,0.0496,0.121,POWER,NORMAL
2026-03-01 14:15:00,SAT-004,24.62,28.15,5.58,96.33,526.86,-65.9,0.0225,0.115,BATTERY,NORMAL
2026-03-01 14:16:00,INSAT-3D,29.16,28.23,6.32,87.0,598.66,-116.31,0.0528,0.053,COMMUNICATION,ANOMALY
2026-03-01 14:17:00,GSAT-30,25.82,28.59,6.26,82.57,498.08,-69.17,0.0416,0.063,POWER,NORMAL
2026-03-01 14:18:00,SAT-001,25.14,27.84,6.57,83.38,524.22,-67.12,0.0357,0.078,COMMUNICATION,NORMAL
2026-03-01 14:19:00,SAT-002,23.16,28.3,6.62,81.58,574.18,-61.83,0.0439,0.075,THERMAL,NORMAL
2026-03-01 14:20:00,SAT-003,25.36,28.39,6.91,77.05,504.02,-66.48,0.8901,0.645,ATTITUDE,ANOMALY
2026-03-01 14:21:00,SAT-004,25.13,28.16,5.34,88.92,553.72,-69.4,0.041,0.098,PAYLOAD,NORMAL
2026-03-01 14:22:00,INSAT-3D,22.88,28.15,6.98,90.6,547.75,-69.74,0.0212,0.022,THERMAL,NORMAL
2026-03-01 14:23:00,GSAT-30,17.14,28.25,7.73,86.23,532.11,-67.11,0.0383,0.071,BATTERY,NORMAL
2026-03-01 14:24:00,SAT-001,24.99,28.01,7.48,87.31,241.88,-65.57,0.0424,7.663,ATTITUDE,ANOMALY
2026-03-01 14:25:00,SAT-002,26.26,28.11,7.69,95.99,619.78,-70.09,0.0454,0.091,ATTITUDE,NORMAL
2026-03-01 14:26:00,SAT-003,21.95,28.18,4.97,91.94,545.59,-71.66,0.0354,0.082,PAYLOAD,NORMAL
2026-03-01 14:27:00,SAT-004,20.88,28.32,7.63,86.76,456.74,-65.99,0.0568,0.032,POWER,NORMAL
2026-03-01 14:28:00,INSAT-3D,35.03,24.56,13.83,38.49,560.48,-69.21,0.0301,0.019,BATTERY,ANOMALY
2026-03-01 14:29:00,GSAT-30,28.3,28.03,5.07,79.02,584.53,-68.57,0.0485,0.063,THERMAL,NORMAL
2026-03-01 14:30:00,SAT-001,27.78,28.54,7.05,90.35,540.42,-70.94,0.0539,0.13,THERMAL,NORMAL
2026-03-01 14:31:00,SAT-002,25.73,28.08,4.39,91.19,580.39,-72.58,0.0449,0.11,COMMUNICATION,NORMAL
2026-03-01 14:32:00,SAT-003,72.24,27.5,6.39,82.37,567.51,-70.8,0.0378,0.053,THERMAL,ANOMALY
2026-03-01 14:33:00,SAT-004,22.51,28.17,3.8,91.58,564.73,-64.46,0.0271,0.071,POWER,NORMAL
2026-03-01 14:34:00,INSAT-3D,19.79,28.04,6.17,76.21,497.53,-70.21,0.0419,0.078,BATTERY,NORMAL
2026-03-01 14:35:00,GSAT-30,24.8,27.81,7.05,85.7,541.19,-68.1,0.0163,0.056,ATTITUDE,NORMAL
2026-03-01 14:36:00,SAT-001,27.36,20.48,6.87,88.92,180.64,-69.55,0.0436,0.103,POWER,ANOMALY
2026-03-01 14:37:00,SAT-002,22.64,28.56,6.96,79.53,502.03,-69.09,0.0373,0.09,POWER,NORMAL
2026-03-01 14:38:00,SAT-003,24.18,28.31,7.21,90.15,519.31,-66.31,0.0371,0.088,THERMAL,NORMAL
2026-03-01 14:39:00,SAT-004,23.99,27.91,6.48,78.17,561.6,-67.95,0.0678,0.074,PAYLOAD,NORMAL
2026-03-01 14:40:00,INSAT-3D,38.0,26.8,20.09,86.37,559.83,-68.8,0.057,0.03,POWER,ANOMALY
2026-03-01 14:41:00,GSAT-30,28.38,28.38,7.68,85.91,501.58,-69.08,0.0622,0.025,BATTERY,NORMAL
2026-03-01 14:42:00,SAT-001,25.05,28.01,6.28,77.66,547.66,-64.11,0.0238,0.068,COMMUNICATION,NORMAL
2026-03-01 14:43:00,SAT-002,23.05,28.12,5.18,93.65,515.1,-66.05,0.0456,0.108,PAYLOAD,NORMAL
2026-03-01 14:44:00,SAT-003,25.29,27.92,6.02,82.08,591.94,-102.79,0.045,0.106,COMMUNICATION,ANOMALY
2026-03-01 14:45:00,SAT-004,17.82,28.03,5.14,89.17,525.24,-66.12,0.0437,0.034,COMMUNICATION,NORMAL
2026-03-01 14:46:00,INSAT-3D,25.69,28.04,5.89,89.55,593.23,-67.7,0.0365,0.065,ATTITUDE,NORMAL
2026-03-01 14:47:00,GSAT-30,23.25,28.34,6.01,87.02,554.34,-69.79,0.0629,0.075,COMMUNICATION,NORMAL
2026-03-01 14:48:00,SAT-001,27.86,28.64,7.33,77.96,543.35,-65.45,1.4594,0.647,ATTITUDE,ANOMALY
2026-03-01 14:49:00,SAT-002,20.31,28.51,6.51,95.14,559.0,-67.48,0.0601,0.106,ATTITUDE,NORMAL
2026-03-01 14:50:00,SAT-003,27.02,27.89,6.64,84.7,504.41,-69.52,0.0613,0.069,THERMAL,NORMAL
2026-03-01 14:51:00,SAT-004,25.58,28.2,7.51,80.84,495.0,-72.85,0.0495,0.085,BATTERY,NORMAL
2026-03-01 14:52:00,INSAT-3D,30.63,28.27,6.18,85.01,240.09,-73.02,0.0721,11.78,ATTITUDE,ANOMALY
2026-03-01 14:53:00,GSAT-30,22.06,28.1,6.8,84.41,538.82,-66.58,0.0373,0.027,POWER,NORMAL
2026-03-01 14:54:00,SAT-001,27.55,28.55,6.22,89.58,568.35,-70.17,0.0456,0.084,THERMAL,NORMAL
2026-03-01 14:55:00,SAT-002,25.01,28.09,6.89,81.45,564.06,-66.74,0.0474,0.08,COMMUNICATION,NORMAL
2026-03-01 14:56:00,SAT-003,32.0,25.84,14.78,25.08,552.76,-67.43,0.0392,0.116,BATTERY,ANOMALY
2026-03-01 14:57:00,SAT-004,28.64,27.95,6.02,83.3,526.49,-64.95,0.0463,0.158,PAYLOAD,NORMAL
2026-03-01 14:58:00,INSAT-3D,28.76,28.25,5.54,87.82,473.17,-65.93,0.0473,0.074,POWER,NORMAL
2026-03-01 14:59:00,GSAT-30,31.73,28.37,5.1,93.97,515.37,-66.08,0.0525,0.13,POWER,NORMAL
2026-03-01 15:00:00,SAT-001,72.63,27.18,4.35,84.39,551.76,-65.41,0.0575,0.089,THERMAL,ANOMALY
2026-03-01 15:01:00,SAT-002,27.52,28.28,5.78,90.51,576.7,-70.96,0.0567,0.108,PAYLOAD,NORMAL
2026-03-01 15:02:00,SAT-003,28.37,28.49,6.15,86.9,546.69,-71.45,0.0427,0.102,ATTITUDE,NORMAL
2026-03-01 15:03:00,SAT-004,25.82,28.38,4.71,93.71,533.63,-63.12,0.0395,0.06,BATTERY,NORMAL
2026-03-01 15:04:00,INSAT-3D,25.55,20.28,6.28,87.86,196.84,-67.9,0.0674,0.091,POWER,ANOMALY
2026-03-01 15:05:00,GSAT-30,24.23,28.12,6.15,83.09,567.44,-66.89,0.0298,0.109,BATTERY,NORMAL
2026-03-01 15:06:00,SAT-001,33.85,27.93,6.24,91.9,580.29,-69.7,0.0225,0.062,ATTITUDE,NORMAL
2026-03-01 15:07:00,SAT-002,27.67,28.49,6.58,80.78,518.86,-59.86,0.0391,0.17,BATTERY,NORMAL
2026-03-01 15:08:00,SAT-003,43.13,26.8,29.71,82.68,527.33,-70.07,0.0444,0.039,POWER,ANOMALY
2026-03-01 15:09:00,SAT-004,29.1,27.79,6.67,86.66,545.83,-64.82,0.0307,0.05,THERMAL,NORMAL
2026-03-01 15:10:00,INSAT-3D,25.54,28.01,6.18,91.31,555.91,-70.31,0.0261,0.068,PAYLOAD,NORMAL
2026-03-01 15:11:00,GSAT-30,26.44,28.16,5.79,87.24,567.36,-64.97,0.0419,0.156,COMMUNICATION,NORMAL
2026-03-01 15:12:00,SAT-001,26.28,28.1,7.68,74.81,544.4,-103.46,0.0595,0.098,COMMUNICATION,ANOMALY
2026-03-01 15:13:00,SAT-002,26.05,28.39,6.44,91.71,566.6,-68.9,0.0513,0.028,COMMUNICATION,NORMAL
2026-03-01 15:14:00,SAT-003,26.1,27.83,6.69,94.73,533.89,-63.92,0.0427,0.105,PAYLOAD,NORMAL
2026-03-01 15:15:00,SAT-004,15.55,27.91,6.32,95.66,500.58,-70.56,0.0461,0.065,COMMUNICATION,NORMAL
2026-03-01 15:16:00,INSAT-3D,24.35,28.07,7.55,90.58,530.7,-63.04,0.7752,0.715,ATTITUDE,ANOMALY
2026-03-01 15:17:00,GSAT-30,25.24,27.93,7.08,97.34,553.81,-68.7,0.0563,0.103,PAYLOAD,NORMAL
2026-03-01 15:18:00,SAT-001,30.27,28.4,7.39,85.59,515.09,-70.09,0.0402,0.048,PAYLOAD,NORMAL
2026-03-01 15:19:00,SAT-002,19.5,28.06,5.34,83.42,622.06,-65.88,0.015,0.071,POWER,NORMAL
2026-03-01 15:20:00,SAT-003,25.73,27.76,6.93,74.79,253.31,-63.68,0.0685,5.563,ATTITUDE,ANOMALY
2026-03-01 15:21:00,SAT-004,20.2,28.37,7.15,92.04,577.79,-63.87,0.0474,0.074,THERMAL,NORMAL
2026-03-01 15:22:00,INSAT-3D,21.95,28.69,6.05,87.31,504.03,-68.49,0.073,0.072,PAYLOAD,NORMAL
2026-03-01 15:23:00,GSAT-30,23.39,28.25,5.32,82.98,517.82,-68.58,0.0467,0.084,COMMUNICATION,NORMAL
2026-03-01 15:24:00,SAT-001,32.0,25.27,11.06,33.29,622.27,-70.4,0.0376,0.04,BATTERY,ANOMALY
2026-03-01 15:25:00,SAT-002,23.19,28.79,6.8,87.02,532.31,-71.02,0.0447,0.015,ATTITUDE,NORMAL
2026-03-01 15:26:00,SAT-003,23.6,28.19,6.09,80.27,577.89,-68.68,0.0678,0.093,PAYLOAD,NORMAL
2026-03-01 15:27:00,SAT-004,29.94,28.4,5.94,97.93,485.64,-72.21,0.044,0.148,THERMAL,NORMAL
2026-03-01 15:28:00,INSAT-3D,71.55,27.35,5.35,89.73,558.6,-65.63,0.0387,0.059,THERMAL,ANOMALY
2026-03-01 15:29:00,GSAT-30,26.68,28.1,6.61,87.6,570.29,-64.0,0.043,0.133,THERMAL,NORMAL
2026-03-01 15:30:00,SAT-001,25.64,27.95,6.28,88.75,487.39,-65.01,0.0344,0.083,COMMUNICATION,NORMAL
2026-03-01 15:31:00,SAT-002,31.34,28.3,5.72,90.83,543.18,-73.15,0.0554,0.068,BATTERY,NORMAL
2026-03-01 15:32:00,SAT-003,30.26,20.18,7.65,87.12,181.33,-69.48,0.0485,0.028,POWER,ANOMALY
2026-03-01 15:33:00,SAT-004,25.27,28.64,6.5,85.22,532.99,-66.54,0.0477,0.097,COMMUNICATION,NORMAL
2026-03-01 15:34:00,INSAT-3D,28.78,28.2,6.4,85.15,580.23,-64.33,0.0446,0.062,PAYLOAD,NORMAL
2026-03-01 15:35:00,GSAT-30,24.46,28.08,6.54,94.02,565.31,-65.24,0.038,0.08,POWER,NORMAL
2026-03-01 15:36:00,SAT-001,38.0,26.73,31.4,87.2,578.8,-68.87,0.0369,0.095,POWER,ANOMALY
2026-03-01 15:37:00,SAT-002,25.25,27.91,6.05,98.12,525.13,-68.4,0.0426,0.085,PAYLOAD,NORMAL
2026-03-01 15:38:00,SAT-003,25.74,28.1,4.85,84.56,561.09,-68.45,0.0638,0.017,PAYLOAD,NORMAL
2026-03-01 15:39:00,SAT-004,21.82,28.35,4.91,89.73,517.95,-70.2,0.0276,0.066,ATTITUDE,NORMAL
2026-03-01 15:40:00,INSAT-3D,29.25,28.19,7.0,93.32,537.91,-119.25,0.0497,0.064,COMMUNICATION,ANOMALY
2026-03-01 15:41:00,GSAT-30,22.49,28.44,7.4,84.94,538.37,-66.53,0.041,0.094,PAYLOAD,NORMAL
2026-03-01 15:42:00,SAT-001,36.23,28.0,5.68,83.51,533.83,-63.27,0.0571,0.035,PAYLOAD,NORMAL
2026-03-01 15:43:00,SAT-002,22.17,28.14,6.9,89.54,580.64,-69.31,0.0602,0.03,PAYLOAD,NORMAL
2026-03-01 15:44:00,SAT-003,21.13,28.58,6.51,89.6,532.98,-68.02,1.0683,0.679,ATTITUDE,ANOMALY
2026-03-01 15:45:00,SAT-004,26.43,28.43,4.66,83.89,524.87,-70.43,0.0265,0.093,BATTERY,NORMAL
2026-03-01 15:46:00,INSAT-3D,24.54,28.54,5.4,79.67,606.07,-71.44,0.027,0.129,POWER,NORMAL
2026-03-01 15:47:00,GSAT-30,27.14,27.81,5.34,89.72,561.8,-66.08,0.0356,0.051,POWER,NORMAL
2026-03-01 15:48:00,SAT-001,24.48,28.27,7.69,74.76,235.52,-72.0,0.0285,10.375,ATTITUDE,ANOMALY
2026-03-01 15:49:00,SAT-002,29.37,28.01,5.9,93.21,562.31,-69.0,0.0366,0.124,PAYLOAD,NORMAL
2026-03-01 15:50:00,SAT-003,17.84,28.06,7.04,91.94,571.99,-70.96,0.0644,0.051,BATTERY,NORMAL
2026-03-01 15:51:00,SAT-004,19.53,28.38,5.92,91.86,504.48,-70.78,0.048,0.047,POWER,NORMAL
2026-03-01 15:52:00,INSAT-3D,33.68,24.59,10.94,26.66,530.46,-69.09,0.0483,0.084,BATTERY,ANOMALY
2026-03-01 15:53:00,GSAT-30,28.93,28.26,5.94,89.34,521.85,-62.84,0.0427,0.077,PAYLOAD,NORMAL
2026-03-01 15:54:00,SAT-001,22.05,28.41,5.57,87.2,509.95,-67.31,0.0497,0.093,THERMAL,NORMAL
2026-03-01 15:55:00,SAT-002,21.04,28.0,6.45,82.98,543.79,-71.79,0.0252,0.102,ATTITUDE,NORMAL
2026-03-01 15:56:00,SAT-003,72.46,27.21,5.28,73.96,585.26,-67.67,0.0389,0.069,THERMAL,ANOMALY
2026-03-01 15:57:00,SAT-004,32.0,28.0,8.11,87.42,598.34,-67.08,0.0487,0.135,ATTITUDE,NORMAL
2026-03-01 15:58:00,INSAT-3D,25.41,28.17,6.07,93.46,564.32,-66.79,0.0461,0.064,PAYLOAD,NORMAL
2026-03-01 15:59:00,GSAT-30,25.45,28.05,4.73,84.08,544.58,-70.57,0.0334,0.078,BATTERY,NORMAL
2026-03-01 16:00:00,SAT-001,30.35,19.93,6.73,85.94,175.31,-68.33,0.0409,0.102,POWER,ANOMALY
2026-03-01 16:01:00,SAT-002,21.24,28.18,5.72,89.05,591.47,-70.56,0.0456,0.07,COMMUNICATION,NORMAL
2026-03-01 16:02:00,SAT-003,24.44,28.14,6.25,87.38,532.47,-64.57,0.0468,0.101,BATTERY,NORMAL
2026-03-01 16:03:00,SAT-004,23.15,27.69,5.73,84.74,526.78,-73.1,0.0561,0.092,BATTERY,NORMAL
2026-03-01 16:04:00,INSAT-3D,38.0,26.53,30.35,83.71,492.78,-68.25,0.0341,0.059,POWER,ANOMALY
2026-03-01 16:05:00,GSAT-30,27.04,28.52,4.99,85.22,555.01,-65.69,0.0713,0.109,PAYLOAD,NORMAL
2026-03-01 16:06:00,SAT-001,25.33,28.04,5.2,82.13,534.85,-65.74,0.0578,0.043,BATTERY,NORMAL
2026-03-01 16:07:00,SAT-002,23.65,27.97,6.4,75.8,533.55,-68.62,0.0286,0.052,THERMAL,NORMAL
2026-03-01 16:08:00,SAT-003,28.43,28.27,6.58,86.53,532.78,-112.23,0.0462,0.036,COMMUNICATION,ANOMALY
2026-03-01 16:09:00,SAT-004,28.78,27.91,6.57,92.18,545.73,-67.02,0.0374,0.095,ATTITUDE,NORMAL
2026-03-01 16:10:00,INSAT-3D,24.79,28.44,6.55,88.91,551.52,-67.06,0.0214,0.115,BATTERY,NORMAL
2026-03-01 16:11:00,GSAT-30,25.59,27.87,6.96,83.37,558.35,-65.56,0.0461,0.133,COMMUNICATION,NORMAL
2026-03-01 16:12:00,SAT-001,24.17,28.7,5.48,89.0,525.73,-70.12,1.3688,0.672,ATTITUDE,ANOMALY
2026-03-01 16:13:00,SAT-002,26.57,28.28,5.24,90.2,532.86,-73.46,0.0398,0.13,POWER,NORMAL
2026-03-01 16:14:00,SAT-003,20.31,28.06,5.83,92.23,528.38,-69.34,0.0476,0.085,PAYLOAD,NORMAL
2026-03-01 16:15:00,SAT-004,24.39,28.18,7.06,85.88,581.54,-70.71,0.0482,0.059,COMMUNICATION,NORMAL
2026-03-01 16:16:00,INSAT-3D,29.35,27.95,5.93,78.72,239.89,-66.23,0.0498,5.992,ATTITUDE,ANOMALY
2026-03-01 16:17:00,GSAT-30,28.53,28.21,5.51,95.95,513.74,-74.49,0.0505,0.047,BATTERY,NORMAL
2026-03-01 16:18:00,SAT-001,25.25,28.12,6.48,85.9,537.96,-64.52,0.0392,0.092,POWER,NORMAL
2026-03-01 16:19:00,SAT-002,23.37,28.09,5.64,91.61,448.98,-63.71,0.057,0.086,POWER,NORMAL
2026-03-01 16:20:00,SAT-003,34.07,25.78,11.29,38.81,564.16,-61.72,0.0353,0.093,BATTERY,ANOMALY
2026-03-01 16:21:00,SAT-004,21.93,28.41,6.83,81.5,594.7,-68.07,0.0556,0.044,ATTITUDE,NORMAL
2026-03-01 16:22:00,INSAT-3D,27.73,28.36,6.88,88.02,576.2,-65.12,0.0588,0.061,ATTITUDE,NORMAL
2026-03-01 16:23:00,GSAT-30,30.14,27.98,5.36,90.95,499.02,-65.57,0.0319,0.133,ATTITUDE,NORMAL
2026-03-01 16:24:00,SAT-001,67.27,27.41,7.87,90.16,541.06,-73.59,0.038,0.113,THERMAL,ANOMALY
2026-03-01 16:25:00,SAT-002,26.82,28.41,6.95,88.93,506.6,-66.08,0.0422,0.01,THERMAL,NORMAL
2026-03-01 16:26:00,SAT-003,21.85,28.15,6.62,93.31,464.77,-67.7,0.0619,0.087,BATTERY,NORMAL
2026-03-01 16:27:00,SAT-004,28.3,28.25,5.92,98.74,536.71,-64.51,0.0402,0.101,POWER,NORMAL
2026-03-01 16:28:00,INSAT-3D,28.78,22.46,4.62,85.09,130.16,-66.42,0.0495,0.028,POWER,ANOMALY
2026-03-01 16:29:00,GSAT-30,26.92,28.23,5.6,86.46,509.64,-67.96,0.0469,0.129,THERMAL,NORMAL
2026-03-01 16:30:00,SAT-001,25.61,28.05,4.9,91.15,530.69,-66.33,0.0674,0.016,BATTERY,NORMAL
2026-03-01 16:31:00,SAT-002,31.12,27.7,5.13,85.81,591.29,-66.4,0.0301,0.1,PAYLOAD,NORMAL
2026-03-01 16:32:00,SAT-003,38.0,26.8,25.18,80.41,528.02,-64.33,0.0261,0.089,POWER,ANOMALY
2026-03-01 16:33:00,SAT-004,23.66,28.01,8.27,90.1,561.46,-64.59,0.0279,0.133,BATTERY,NORMAL
2026-03-01 16:34:00,INSAT-3D,27.05,28.25,5.94,86.22,586.67,-68.87,0.0327,0.054,COMMUNICATION,NORMAL
2026-03-01 16:35:00,GSAT-30,33.62,28.17,6.96,83.06,480.96,-65.26,0.0516,0.066,THERMAL,NORMAL
2026-03-01 16:36:00,SAT-001,31.12,27.67,5.52,82.29,519.31,-109.78,0.0455,0.074,COMMUNICATION,ANOMALY
2026-03-01 16:37:00,SAT-002,27.51,28.13,6.46,79.69,528.96,-71.46,0.0508,0.11,THERMAL,NORMAL
2026-03-01 16:38:00,SAT-003,18.75,28.92,6.84,86.52,530.93,-68.74,0.0671,0.107,ATTITUDE,NORMAL
2026-03-01 16:39:00,SAT-004,23.9,27.95,5.28,86.52,580.4,-71.1,0.055,0.056,BATTERY,NORMAL
2026-03-01 16:40:00,INSAT-3D,20.64,28.36,7.8,80.72,482.9,-66.64,1.1849,0.696,ATTITUDE,ANOMALY
2026-03-01 16:41:00,GSAT-30,21.3,28.42,7.22,99.5,549.24,-71.14,0.0411,0.076,THERMAL,NORMAL
2026-03-01 16:42:00,SAT-001,28.05,28.28,5.3,94.9,611.3,-67.56,0.0511,0.086,BATTERY,NORMAL
2026-03-01 16:43:00,SAT-002,25.5,28.1,6.36,85.98,508.54,-68.23,0.0438,0.136,BATTERY,NORMAL
2026-03-01 16:44:00,SAT-003,23.58,28.15,6.29,82.76,245.43,-61.29,0.0418,3.987,ATTITUDE,ANOMALY
2026-03-01 16:45:00,SAT-004,29.95,27.98,6.11,85.74,499.12,-68.99,0.0583,0.097,POWER,NORMAL
2026-03-01 16:46:00,INSAT-3D,28.81,27.78,6.97,92.1,544.13,-74.3,0.0243,0.087,BATTERY,NORMAL
2026-03-01 16:47:00,GSAT-30,29.91,28.13,6.22,86.52,511.3,-65.89,0.0488,0.01,COMMUNICATION,NORMAL
2026-03-01 16:48:00,SAT-001,32.0,24.86,12.52,41.1,537.22,-69.06,0.056,0.106,BATTERY,ANOMALY
2026-03-01 16:49:00,SAT-002,25.35,28.33,6.09,85.94,601.75,-71.56,0.015,0.129,THERMAL,NORMAL
2026-03-01 16:50:00,SAT-003,24.77,28.09,7.01,88.94,541.84,-65.66,0.0405,0.127,POWER,NORMAL
2026-03-01 16:51:00,SAT-004,24.56,28.31,5.96,88.47,550.41,-65.55,0.054,0.088,COMMUNICATION,NORMAL
2026-03-01 16:52:00,INSAT-3D,67.48,27.47,6.82,88.0,501.32,-74.37,0.0531,0.043,THERMAL,ANOMALY
2026-03-01 16:53:00,GSAT-30,21.4,28.29,6.69,90.78,557.56,-70.12,0.0267,0.068,BATTERY,NORMAL
2026-03-01 16:54:00,SAT-001,29.4,28.5,5.55,82.23,557.38,-66.09,0.0498,0.02,ATTITUDE,NORMAL
2026-03-01 16:55:00,SAT-002,24.75,27.83,6.35,88.47,552.61,-67.53,0.0706,0.115,POWER,NORMAL
2026-03-01 16:56:00,SAT-003,26.12,19.91,7.91,89.32,141.01,-65.15,0.0574,0.129,POWER,ANOMALY
2026-03-01 16:57:00,SAT-004,20.87,28.32,7.48,90.31,515.67,-65.02,0.0734,0.087,ATTITUDE,NORMAL
2026-03-01 16:58:00,INSAT-3D,29.97,28.35,5.63,91.6,537.54,-68.86,0.0502,0.058,ATTITUDE,NORMAL
2026-03-01 16:59:00,GSAT-30,27.69,28.07,5.98,87.36,536.49,-69.85,0.043,0.09,BATTERY,NORMAL
2026-03-01 17:00:00,SAT-001,38.0,26.65,22.53,84.68,502.09,-71.14,0.0323,0.129,POWER,ANOMALY
2026-03-01 17:01:00,SAT-002,25.97,27.99,6.24,81.17,577.03,-67.75,0.0238,0.071,POWER,NORMAL
2026-03-01 17:02:00,SAT-003,34.21,28.21,7.23,82.0,514.6,-71.24,0.0438,0.089,THERMAL,NORMAL
2026-03-01 17:03:00,SAT-004,25.61,28.49,6.64,89.51,529.9,-65.97,0.0549,0.072,PAYLOAD,NORMAL
2026-03-01 17:04:00,INSAT-3D,23.15,27.92,7.2,77.28,580.31,-120.3,0.0481,0.101,COMMUNICATION,ANOMALY
2026-03-01 17:05:00,GSAT-30,25.31,28.46,6.83,91.86,498.35,-65.69,0.0428,0.112,PAYLOAD,NORMAL
2026-03-01 17:06:00,SAT-001,29.23,28.3,5.57,92.36,514.18,-73.85,0.0534,0.129,THERMAL,NORMAL
2026-03-01 17:07:00,SAT-002,19.65,28.17,5.85,91.18,570.79,-69.53,0.0355,0.03,ATTITUDE,NORMAL
2026-03-01 17:08:00,SAT-003,23.56,28.1,5.43,89.47,537.86,-68.36,1.4734,0.689,ATTITUDE,ANOMALY
2026-03-01 17:09:00,SAT-004,27.19,28.19,5.41,99.2,556.68,-68.46,0.062,0.135,ATTITUDE,NORMAL
2026-03-01 17:10:00,INSAT-3D,28.22,28.55,6.54,85.17,570.7,-71.32,0.0423,0.098,ATTITUDE,NORMAL
2026-03-01 17:11:00,GSAT-30,18.65,28.36,6.43,86.73,482.77,-72.66,0.0402,0.046,COMMUNICATION,NORMAL
2026-03-01 17:12:00,SAT-001,25.0,28.47,6.28,83.5,234.45,-64.96,0.0579,4.094,ATTITUDE,ANOMALY
2026-03-01 17:13:00,SAT-002,25.48,28.26,7.34,90.38,593.29,-69.26,0.029,0.06,THERMAL,NORMAL
2026-03-01 17:14:00,SAT-003,26.07,28.19,6.7,86.88,529.25,-63.89,0.0438,0.105,PAYLOAD,NORMAL
2026-03-01 17:15:00,SAT-004,26.24,28.36,5.96,92.84,505.96,-72.56,0.029,0.048,PAYLOAD,NORMAL
2026-03-01 17:16:00,INSAT-3D,32.0,25.26,11.66,41.06,529.25,-67.33,0.0359,0.09,BATTERY,ANOMALY
2026-03-01 17:17:00,GSAT-30,24.76,28.31,6.51,93.12,574.85,-68.09,0.0393,0.104,POWER,NORMAL
2026-03-01 17:18:00,SAT-001,22.44,28.16,6.05,83.64,556.39,-68.64,0.0611,0.061,BATTERY,NORMAL
2026-03-01 17:19:00,SAT-002,28.11,28.0,5.91,79.85,522.47,-67.3,0.0641,0.131,ATTITUDE,NORMAL
2026-03-01 17:20:00,SAT-003,81.06,27.5,4.94,82.08,520.95,-67.24,0.0461,0.091,THERMAL,ANOMALY
2026-03-01 17:21:00,SAT-004,27.42,28.13,6.87,98.34,516.44,-62.97,0.038,0.122,BATTERY,NORMAL
2026-03-01 17:22:00,INSAT-3D,26.48,27.92,6.14,86.32,478.94,-70.07,0.0428,0.077,BATTERY,NORMAL
2026-03-01 17:23:00,GSAT-30,19.69,28.02,6.36,90.34,567.92,-71.92,0.0413,0.113,POWER,NORMAL
2026-03-01 17:24:00,SAT-001,25.08,21.12,6.63,91.51,149.46,-72.17,0.0353,0.086,POWER,ANOMALY
2026-03-01 17:25:00,SAT-002,20.81,28.27,4.84,82.73,589.94,-69.62,0.0535,0.079,ATTITUDE,NORMAL
2026-03-01 17:26:00,SAT-003,29.81,28.1,7.83,97.96,535.41,-69.73,0.0534,0.07,POWER,NORMAL
2026-03-01 17:27:00,SAT-004,28.67,28.21,5.56,86.52,539.41,-66.03,0.0736,0.082,COMMUNICATION,NORMAL
2026-03-01 17:28:00,INSAT-3D,38.0,26.2,28.07,79.36,546.74,-66.3,0.0435,0.1,POWER,ANOMALY
2026-03-01 17:29:00,GSAT-30,21.93,28.55,5.23,84.02,557.15,-67.76,0.0483,0.069,BATTERY,NORMAL
2026-03-01 17:30:00,SAT-001,28.72,28.12,6.21,92.55,596.45,-65.81,0.044,0.121,ATTITUDE,NORMAL
2026-03-01 17:31:00,SAT-002,28.06,27.82,6.36,93.37,567.73,-66.53,0.064,0.073,POWER,NORMAL
2026-03-01 17:32:00,SAT-003,21.43,28.24,6.4,74.42,496.25,-123.05,0.0369,0.069,COMMUNICATION,ANOMALY
2026-03-01 17:33:00,SAT-004,22.86,28.4,6.2,87.11,548.71,-69.17,0.0399,0.029,PAYLOAD,NORMAL
2026-03-01 17:34:00,INSAT-3D,28.29,28.02,6.53,83.13,548.55,-66.3,0.0445,0.081,THERMAL,NORMAL
2026-03-01 17:35:00,GSAT-30,24.88,28.17,6.26,96.56,513.27,-71.55,0.0459,0.114,PAYLOAD,NORMAL
2026-03-01 17:36:00,SAT-001,27.68,28.21,6.32,74.97,547.58,-65.88,1.331,0.666,ATTITUDE,ANOMALY
2026-03-01 17:37:00,SAT-002,20.96,28.59,5.82,94.0,518.95,-64.49,0.0547,0.073,PAYLOAD,NORMAL
2026-03-01 17:38:00,SAT-003,24.4,28.18,4.83,89.96,536.88,-63.17,0.0337,0.026,BATTERY,NORMAL
2026-03-01 17:39:00,SAT-004,23.61,28.15,6.56,84.04,576.38,-65.74,0.0452,0.12,BATTERY,NORMAL
2026-03-01 17:40:00,INSAT-3D,25.8,28.12,8.1,86.48,225.19,-70.55,0.0452,12.026,ATTITUDE,ANOMALY
2026-03-01 17:41:00,GSAT-30,25.87,28.42,5.04,83.38,582.46,-66.4,0.0376,0.116,ATTITUDE,NORMAL
2026-03-01 17:42:00,SAT-001,25.83,28.23,6.46,90.51,497.61,-68.93,0.0474,0.051,THERMAL,NORMAL
2026-03-01 17:43:00,SAT-002,27.21,28.01,6.88,85.03,551.33,-69.45,0.0436,0.053,POWER,NORMAL
2026-03-01 17:44:00,SAT-003,32.22,25.15,11.93,39.19,484.23,-60.59,0.0454,0.089,BATTERY,ANOMALY
2026-03-01 17:45:00,SAT-004,28.7,28.27,6.48,84.44,493.41,-69.24,0.0363,0.075,COMMUNICATION,NORMAL
2026-03-01 17:46:00,INSAT-3D,30.5,28.23,6.6,84.68,557.35,-69.42,0.0253,0.093,BATTERY,NORMAL
2026-03-01 17:47:00,GSAT-30,21.73,28.37,6.0,78.37,602.55,-69.3,0.0629,0.118,THERMAL,NORMAL
2026-03-01 17:48:00,SAT-001,71.87,27.5,5.98,75.67,517.26,-66.81,0.0404,0.071,THERMAL,ANOMALY
2026-03-01 17:49:00,SAT-002,30.39,28.09,6.74,88.65,526.6,-65.48,0.0354,0.081,ATTITUDE,NORMAL
2026-03-01 17:50:00,SAT-003,19.52,28.3,7.76,83.03,513.41,-70.13,0.0466,0.048,THERMAL,NORMAL
2026-03-01 17:51:00,SAT-004,20.43,28.07,7.04,93.05,549.08,-69.36,0.0549,0.117,BATTERY,NORMAL
2026-03-01 17:52:00,INSAT-3D,24.76,19.51,6.86,89.57,210.97,-63.3,0.0607,0.071,POWER,ANOMALY
2026-03-01 17:53:00,GSAT-30,20.86,28.1,5.12,80.71,551.9,-69.74,0.0392,0.061,ATTITUDE,NORMAL
2026-03-01 17:54:00,SAT-001,22.69,27.91,6.5,95.32,534.85,-70.58,0.0549,0.085,BATTERY,NORMAL
2026-03-01 17:55:00,SAT-002,23.9,28.27,5.56,84.0,531.83,-67.12,0.0427,0.124,ATTITUDE,NORMAL
2026-03-01 17:56:00,SAT-003,39.78,26.8,24.26,87.0,516.7,-68.79,0.0337,0.14,POWER,ANOMALY
2026-03-01 17:57:00,SAT-004,27.13,28.12,6.46,90.4,504.75,-67.5,0.0191,0.094,POWER,NORMAL
2026-03-01 17:58:00,INSAT-3D,27.76,27.85,6.63,92.25,629.94,-69.87,0.0452,0.082,PAYLOAD,NORMAL
2026-03-01 17:59:00,GSAT-30,29.98,28.55,6.18,88.7,578.88,-72.5,0.0411,0.12,ATTITUDE,NORMAL
2026-03-01 18:00:00,SAT-001,28.93,28.31,5.3,84.75,512.3,-112.11,0.0369,0.049,COMMUNICATION,ANOMALY
2026-03-01 18:01:00,SAT-002,19.11,28.48,5.63,87.54,517.38,-65.79,0.0285,0.01,BATTERY,NORMAL
2026-03-01 18:02:00,SAT-003,22.47,28.29,5.56,96.73,575.95,-65.57,0.0436,0.125,THERMAL,NORMAL
2026-03-01 18:03:00,SAT-004,24.34,27.98,6.55,91.55,549.5,-65.3,0.0461,0.062,ATTITUDE,NORMAL
2026-03-01 18:04:00,INSAT-3D,28.43,27.93,5.6,90.78,519.56,-63.0,1.1811,0.667,ATTITUDE,ANOMALY
2026-03-01 18:05:00,GSAT-30,27.18,28.65,5.24,85.87,526.37,-63.93,0.0446,0.053,BATTERY,NORMAL
2026-03-01 18:06:00,SAT-001,22.06,28.05,6.9,83.83,501.39,-69.32,0.0415,0.06,PAYLOAD,NORMAL
2026-03-01 18:07:00,SAT-002,26.65,27.98,6.38,89.13,518.14,-68.78,0.0337,0.121,ATTITUDE,NORMAL
2026-03-01 18:08:00,SAT-003,26.77,27.89,6.6,85.86,208.22,-63.98,0.0351,5.187,ATTITUDE,ANOMALY
2026-03-01 18:09:00,SAT-004,21.54,27.81,5.35,89.91,534.33,-64.66,0.0442,0.105,BATTERY,NORMAL
2026-03-01 18:10:00,INSAT-3D,21.76,28.31,6.33,83.44,491.33,-73.79,0.0415,0.078,POWER,NORMAL
2026-03-01 18:11:00,GSAT-30,28.14,28.32,5.61,96.07,541.06,-67.1,0.0459,0.057,ATTITUDE,NORMAL
2026-03-01 18:12:00,SAT-001,35.46,24.88,14.03,46.12,531.75,-65.25,0.042,0.087,BATTERY,ANOMALY
2026-03-01 18:13:00,SAT-002,22.11,28.03,6.53,86.82,531.3,-66.19,0.0572,0.116,POWER,NORMAL
2026-03-01 18:14:00,SAT-003,24.81,28.3,4.86,98.45,540.86,-73.89,0.0594,0.057,ATTITUDE,NORMAL
2026-03-01 18:15:00,SAT-004,25.42,28.46,6.67,85.82,490.69,-67.17,0.0271,0.119,ATTITUDE,NORMAL
2026-03-01 18:16:00,INSAT-3D,65.22,27.5,6.12,86.34,536.28,-68.14,0.0407,0.092,THERMAL,ANOMALY
2026-03-01 18:17:00,GSAT-30,28.3,28.21,6.26,96.88,483.72,-72.86,0.0282,0.091,BATTERY,NORMAL
2026-03-01 18:18:00,SAT-001,31.47,28.45,6.1,91.64,525.87,-65.51,0.0163,0.049,THERMAL,NORMAL
2026-03-01 18:19:00,SAT-002,24.48,27.79,6.37,89.94,515.36,-62.18,0.0436,0.081,THERMAL,NORMAL
2026-03-01 18:20:00,SAT-003,30.01,22.12,5.6,82.11,225.88,-70.23,0.0535,0.054,POWER,ANOMALY
2026-03-01 18:21:00,SAT-004,26.23,28.46,5.83,85.74,553.03,-66.28,0.0329,0.132,BATTERY,NORMAL
2026-03-01 18:22:00,INSAT-3D,31.3,28.03,6.82,85.68,556.54,-68.19,0.0471,0.091,COMMUNICATION,NORMAL
2026-03-01 18:23:00,GSAT-30,29.93,28.17,6.74,91.73,518.04,-74.16,0.0493,0.082,PAYLOAD,NORMAL
2026-03-01 18:24:00,SAT-001,39.67,26.63,20.04,95.04,485.83,-65.8,0.0393,0.07,POWER,ANOMALY
2026-03-01 18:25:00,SAT-002,26.63,28.51,6.35,83.61,592.72,-68.79,0.0422,0.037,THERMAL,NORMAL
2026-03-01 18:26:00,SAT-003,23.68,28.06,5.81,74.27,554.18,-70.54,0.0257,0.103,POWER,NORMAL
2026-03-01 18:27:00,SAT-004,24.36,28.02,5.9,82.77,567.57,-61.59,0.0367,0.044,BATTERY,NORMAL
2026-03-01 18:28:00,INSAT-3D,29.02,28.3,6.77,92.94,489.01,-111.07,0.0434,0.082,COMMUNICATION,ANOMALY
2026-03-01 18:29:00,GSAT-30,23.91,28.06,6.3,92.85,514.61,-68.44,0.057,0.112,POWER,NORMAL
2026-03-01 18:30:00,SAT-001,27.83,28.19,6.2,90.51,557.54,-71.08,0.0477,0.09,POWER,NORMAL
2026-03-01 18:31:00,SAT-002,25.65,28.8,5.51,98.2,610.15,-68.29,0.0414,0.059,POWER,NORMAL
2026-03-01 18:32:00,SAT-003,25.8,27.78,6.44,92.48,511.67,-68.72,1.2109,0.691,ATTITUDE,ANOMALY
2026-03-01 18:33:00,SAT-004,23.15,27.96,7.48,95.08,595.6,-67.46,0.0484,0.06,POWER,NORMAL
2026-03-01 18:34:00,INSAT-3D,28.93,28.37,6.35,95.59,554.71,-64.09,0.0523,0.025,POWER,NORMAL
2026-03-01 18:35:00,GSAT-30,23.67,27.81,5.91,96.21,560.71,-64.51,0.0304,0.088,COMMUNICATION,NORMAL
2026-03-01 18:36:00,SAT-001,26.27,28.23,6.94,85.74,222.44,-66.16,0.0534,12.362,ATTITUDE,ANOMALY
2026-03-01 18:37:00,SAT-002,27.66,28.39,5.83,86.84,538.86,-68.66,0.047,0.079,COMMUNICATION,NORMAL
2026-03-01 18:38:00,SAT-003,24.87,28.68,6.66,87.56,517.41,-71.03,0.0317,0.05,BATTERY,NORMAL
2026-03-01 18:39:00,SAT-004,24.14,28.31,6.67,88.03,558.98,-70.43,0.0637,0.11,PAYLOAD,NORMAL
2026-03-01 18:40:00,INSAT-3D,32.0,24.84,13.03,25.65,491.46,-68.99,0.0495,0.078,BATTERY,ANOMALY
2026-03-01 18:41:00,GSAT-30,26.95,27.8,7.01,94.53,559.16,-70.8,0.0411,0.115,COMMUNICATION,NORMAL
2026-03-01 18:42:00,SAT-001,23.38,28.3,5.18,93.78,584.44,-71.74,0.0613,0.076,BATTERY,NORMAL
2026-03-01 18:43:00,SAT-002,26.95,27.93,5.85,91.12,554.99,-73.98,0.0521,0.063,THERMAL,NORMAL
2026-03-01 18:44:00,SAT-003,61.97,27.5,7.72,84.0,565.37,-72.32,0.0463,0.064,THERMAL,ANOMALY
2026-03-01 18:45:00,SAT-004,20.31,27.98,4.89,81.47,556.81,-68.75,0.0478,0.134,POWER,NORMAL
2026-03-01 18:46:00,INSAT-3D,25.1,28.89,3.79,84.41,562.89,-70.26,0.0518,0.078,BATTERY,NORMAL
2026-03-01 18:47:00,GSAT-30,26.4,28.24,6.87,89.84,523.98,-64.79,0.0317,0.09,POWER,NORMAL
2026-03-01 18:48:00,SAT-001,21.36,20.18,6.65,93.38,255.81,-69.8,0.0532,0.09,POWER,ANOMALY
2026-03-01 18:49:00,SAT-002,26.59,28.39,6.57,97.4,552.91,-67.49,0.0304,0.106,BATTERY,NORMAL
2026-03-01 18:50:00,SAT-003,24.45,28.51,4.97,91.1,484.39,-66.8,0.0447,0.098,PAYLOAD,NORMAL
2026-03-01 18:51:00,SAT-004,21.23,27.98,6.23,82.53,552.48,-71.19,0.0481,0.045,BATTERY,NORMAL
2026-03-01 18:52:00,INSAT-3D,38.0,25.99,19.66,92.27,571.92,-67.03,0.025,0.105,POWER,ANOMALY
2026-03-01 18:53:00,GSAT-30,19.09,28.05,6.62,84.73,504.34,-70.44,0.0395,0.069,PAYLOAD,NORMAL
2026-03-01 18:54:00,SAT-001,24.0,28.6,5.7,84.99,554.61,-65.47,0.0182,0.111,COMMUNICATION,NORMAL
2026-03-01 18:55:00,SAT-002,20.05,28.0,5.88,90.52,542.84,-68.44,0.0392,0.041,THERMAL,NORMAL
2026-03-01 18:56:00,SAT-003,27.78,28.37,6.01,79.49,576.68,-124.62,0.049,0.093,COMMUNICATION,ANOMALY
2026-03-01 18:57:00,SAT-004,20.79,28.57,5.88,92.11,591.05,-67.76,0.0308,0.01,ATTITUDE,NORMAL
2026-03-01 18:58:00,INSAT-3D,26.14,28.43,5.95,91.83,573.34,-68.26,0.0499,0.073,BATTERY,NORMAL
2026-03-01 18:59:00,GSAT-30,20.8,28.31,6.64,82.53,535.09,-69.01,0.0481,0.046,COMMUNICATION,NORMAL
2026-03-01 19:00:00,SAT-001,29.76,28.47,6.21,83.92,525.91,-70.33,1.1978,0.672,ATTITUDE,ANOMALY
2026-03-01 19:01:00,SAT-002,23.64,28.19,5.75,95.91,504.49,-67.8,0.0583,0.135,POWER,NORMAL
2026-03-01 19:02:00,SAT-003,25.76,28.44,5.63,91.98,562.9,-67.13,0.0608,0.064,ATTITUDE,NORMAL
2026-03-01 19:03:00,SAT-004,26.9,28.13,6.5,83.72,528.0,-58.87,0.0455,0.021,BATTERY,NORMAL
2026-03-01 19:04:00,INSAT-3D,24.77,27.88,6.63,80.55,235.64,-70.22,0.047,9.439,ATTITUDE,ANOMALY
2026-03-01 19:05:00,GSAT-30,25.21,28.23,6.45,92.29,495.8,-73.73,0.0382,0.134,THERMAL,NORMAL
2026-03-01 19:06:00,SAT-001,23.39,28.73,4.68,94.25,529.81,-70.85,0.0738,0.102,COMMUNICATION,NORMAL
2026-03-01 19:07:00,SAT-002,21.89,27.96,6.4,91.49,553.72,-71.1,0.0528,0.093,COMMUNICATION,NORMAL
2026-03-01 19:08:00,SAT-003,32.0,25.72,12.81,23.67,577.67,-66.5,0.0401,0.08,BATTERY,ANOMALY
2026-03-01 19:09:00,SAT-004,26.19,28.12,7.0,83.01,553.33,-67.84,0.0361,0.065,PAYLOAD,NORMAL
2026-03-01 19:10:00,INSAT-3D,21.46,27.76,5.84,85.48,558.41,-67.27,0.0307,0.068,PAYLOAD,NORMAL
2026-03-01 19:11:00,GSAT-30,18.7,28.1,6.82,83.64,540.63,-68.67,0.037,0.105,ATTITUDE,NORMAL
2026-03-01 19:12:00,SAT-001,60.68,27.5,5.94,94.96,560.04,-69.37,0.0372,0.114,THERMAL,ANOMALY
2026-03-01 19:13:00,SAT-002,29.15,28.72,6.99,86.38,584.15,-65.27,0.0392,0.063,ATTITUDE,NORMAL
2026-03-01 19:14:00,SAT-003,22.89,28.56,6.29,80.65,547.59,-66.04,0.0513,0.052,THERMAL,NORMAL
2026-03-01 19:15:00,SAT-004,21.7,28.39,6.23,89.34,515.59,-66.93,0.0378,0.068,COMMUNICATION,NORMAL
2026-03-01 19:16:00,INSAT-3D,21.45,19.43,6.08,86.56,201.48,-69.82,0.0434,0.131,POWER,ANOMALY
2026-03-01 19:17:00,GSAT-30,28.74,27.85,5.51,87.33,541.36,-70.06,0.0313,0.092,PAYLOAD,NORMAL
2026-03-01 19:18:00,SAT-001,25.96,28.34,6.41,94.17,504.5,-70.09,0.0581,0.036,COMMUNICATION,NORMAL
2026-03-01 19:19:00,SAT-002,30.67,28.32,7.42,89.84,565.42,-74.4,0.034,0.081,BATTERY,NORMAL
2026-03-01 19:20:00,SAT-003,38.18,26.68,27.51,87.47,555.95,-65.99,0.057,0.116,POWER,ANOMALY
2026-03-01 19:21:00,SAT-004,21.89,28.09,5.21,97.27,588.14,-66.21,0.0708,0.103,BATTERY,NORMAL
2026-03-01 19:22:00,INSAT-3D,21.94,28.08,6.46,94.13,581.01,-66.76,0.032,0.063,POWER,NORMAL
2026-03-01 19:23:00,GSAT-30,24.6,28.6,6.74,89.53,526.0,-69.75,0.0619,0.086,BATTERY,NORMAL
2026-03-01 19:24:00,SAT-001,19.69,28.0,5.81,82.27,546.89,-109.5,0.0442,0.119,COMMUNICATION,ANOMALY
2026-03-01 19:25:00,SAT-002,23.54,27.82,7.54,87.09,518.9,-66.6,0.0556,0.086,THERMAL,NORMAL
2026-03-01 19:26:00,SAT-003,33.76,28.08,6.76,79.96,530.21,-68.38,0.0507,0.01,THERMAL,NORMAL
2026-03-01 19:27:00,SAT-004,20.48,28.33,6.81,85.76,553.38,-69.37,0.0348,0.086,PAYLOAD,NORMAL
2026-03-01 19:28:00,INSAT-3D,22.55,28.77,5.35,86.42,534.51,-67.82,0.6857,0.599,ATTITUDE,ANOMALY
2026-03-01 19:29:00,GSAT-30,20.91,28.16,4.81,86.03,541.2,-70.56,0.0395,0.038,THERMAL,NORMAL
2026-03-01 19:30:00,SAT-001,23.77,27.99,6.82,78.48,517.22,-69.06,0.0563,0.092,COMMUNICATION,NORMAL
2026-03-01 19:31:00,SAT-002,25.09,28.34,6.63,75.66,516.87,-64.54,0.0489,0.043,ATTITUDE,NORMAL
2026-03-01 19:32:00,SAT-003,29.73,28.49,6.26,89.4,265.5,-71.16,0.0506,4.791,ATTITUDE,ANOMALY
2026-03-01 19:33:00,SAT-004,28.9,28.2,6.08,86.56,545.32,-68.76,0.0206,0.122,COMMUNICATION,NORMAL
2026-03-01 19:34:00,INSAT-3D,24.81,28.25,6.19,83.1,590.92,-62.36,0.0516,0.098,COMMUNICATION,NORMAL
2026-03-01 19:35:00,GSAT-30,27.7,27.75,5.6,80.01,513.08,-65.62,0.0403,0.112,PAYLOAD,NORMAL
2026-03-01 19:36:00,SAT-001,36.58,24.71,10.55,32.41,543.63,-67.31,0.0513,0.038,BATTERY,ANOMALY
2026-03-01 19:37:00,SAT-002,24.22,28.55,6.31,94.66,583.62,-71.82,0.0505,0.132,COMMUNICATION,NORMAL
2026-03-01 19:38:00,SAT-003,25.18,28.02,6.43,90.86,561.97,-64.92,0.042,0.074,PAYLOAD,NORMAL
2026-03-01 19:39:00,SAT-004,19.78,28.24,7.13,87.08,487.3,-65.48,0.0652,0.061,THERMAL,NORMAL
2026-03-01 19:40:00,INSAT-3D,79.19,27.5,7.8,82.4,490.03,-66.11,0.053,0.08,THERMAL,ANOMALY
2026-03-01 19:41:00,GSAT-30,29.89,28.41,6.53,82.76,536.51,-68.65,0.0439,0.058,COMMUNICATION,NORMAL
2026-03-01 19:42:00,SAT-001,27.4,28.13,5.85,87.84,541.41,-65.32,0.0521,0.075,PAYLOAD,NORMAL
2026-03-01 19:43:00,SAT-002,23.82,28.43,6.41,81.58,586.81,-65.7,0.057,0.092,BATTERY,NORMAL
2026-03-01 19:44:00,SAT-003,18.99,20.37,6.55,86.77,155.74,-62.19,0.0395,0.064,POWER,ANOMALY
2026-03-01 19:45:00,SAT-004,18.39,28.14,5.27,83.73,515.48,-64.04,0.041,0.132,POWER,NORMAL
2026-03-01 19:46:00,INSAT-3D,31.68,27.96,7.71,83.17,548.36,-71.82,0.0452,0.092,COMMUNICATION,NORMAL
2026-03-01 19:47:00,GSAT-30,25.42,28.39,5.51,85.95,590.47,-70.72,0.0283,0.061,BATTERY,NORMAL
2026-03-01 19:48:00,SAT-001,38.0,26.8,25.34,83.63,552.28,-70.18,0.0428,0.057,POWER,ANOMALY
2026-03-01 19:49:00,SAT-002,28.63,28.13,6.35,81.43,544.85,-66.51,0.0512,0.112,ATTITUDE,NORMAL
2026-03-01 19:50:00,SAT-003,22.36,27.88,6.49,86.41,527.57,-65.99,0.0393,0.112,PAYLOAD,NORMAL
2026-03-01 19:51:00,SAT-004,20.59,28.1,5.36,85.71,534.57,-69.22,0.0279,0.074,BATTERY,NORMAL
2026-03-01 19:52:00,INSAT-3D,23.12,28.01,7.09,89.78,490.67,-112.91,0.0399,0.062,COMMUNICATION,ANOMALY
2026-03-01 19:53:00,GSAT-30,24.85,27.98,6.59,96.26,559.69,-71.31,0.0505,0.086,THERMAL,NORMAL
2026-03-01 19:54:00,SAT-001,26.97,28.27,4.39,88.13,546.23,-68.48,0.0535,0.075,BATTERY,NORMAL
2026-03-01 19:55:00,SAT-002,21.45,28.33,5.1,96.82,512.9,-68.67,0.049,0.063,ATTITUDE,NORMAL
2026-03-01 19:56:00,SAT-003,26.43,28.37,7.27,88.96,524.85,-68.44,1.1109,0.708,ATTITUDE,ANOMALY
2026-03-01 19:57:00,SAT-004,29.83,28.25,6.91,88.4,544.45,-69.9,0.0681,0.102,BATTERY,NORMAL
2026-03-01 19:58:00,INSAT-3D,28.81,28.11,6.77,83.7,523.54,-63.5,0.0417,0.024,ATTITUDE,NORMAL
2026-03-01 19:59:00,GSAT-30,28.23,27.73,5.78,87.02,475.04,-72.13,0.0446,0.088,PAYLOAD,NORMAL
2026-03-01 20:00:00,SAT-001,23.04,27.77,7.45,83.09,235.27,-69.64,0.0373,8.443,ATTITUDE,ANOMALY
2026-03-01 20:01:00,SAT-002,29.45,28.25,6.88,88.05,576.97,-66.81,0.0452,0.08,COMMUNICATION,NORMAL
2026-03-01 20:02:00,SAT-003,26.83,28.09,5.66,89.05,488.48,-68.21,0.0544,0.111,BATTERY,NORMAL
2026-03-01 20:03:00,SAT-004,24.5,28.43,5.82,80.78,519.37,-67.02,0.0599,0.072,ATTITUDE,NORMAL
2026-03-01 20:04:00,INSAT-3D,37.66,25.0,11.96,33.48,538.85,-71.62,0.0626,0.076,BATTERY,ANOMALY
2026-03-01 20:05:00,GSAT-30,20.45,28.11,5.73,83.66,568.44,-71.32,0.0472,0.04,PAYLOAD,NORMAL
2026-03-01 20:06:00,SAT-001,24.38,28.25,5.43,85.44,594.87,-65.75,0.05,0.022,PAYLOAD,NORMAL
2026-03-01 20:07:00,SAT-002,23.33,27.94,5.49,77.47,561.24,-66.25,0.064,0.092,COMMUNICATION,NORMAL
2026-03-01 20:08:00,SAT-003,79.79,27.38,6.87,90.45,535.44,-69.56,0.0428,0.103,THERMAL,ANOMALY
2026-03-01 20:09:00,SAT-004,25.13,27.97,6.35,80.65,553.38,-64.68,0.0529,0.145,BATTERY,NORMAL
2026-03-01 20:10:00,INSAT-3D,23.64,28.19,6.53,83.8,522.43,-67.03,0.0415,0.074,BATTERY,NORMAL
2026-03-01 20:11:00,GSAT-30,24.67,27.85,6.33,92.83,500.51,-64.18,0.0263,0.144,THERMAL,NORMAL
2026-03-01 20:12:00,SAT-001,24.77,21.55,4.99,84.69,239.45,-68.26,0.0394,0.052,POWER,ANOMALY
2026-03-01 20:13:00,SAT-002,21.27,28.0,5.75,87.27,547.58,-64.17,0.0339,0.061,ATTITUDE,NORMAL
2026-03-01 20:14:00,SAT-003,28.28,28.2,6.68,86.03,503.62,-70.6,0.0266,0.042,COMMUNICATION,NORMAL
2026-03-01 20:15:00,SAT-004,29.46,28.4,7.0,99.5,549.87,-63.67,0.0401,0.096,BATTERY,NORMAL
2026-03-01 20:16:00,INSAT-3D,38.0,26.8,30.28,74.7,511.65,-67.31,0.0224,0.077,POWER,ANOMALY
2026-03-01 20:17:00,GSAT-30,26.63,27.91,5.29,84.41,546.79,-71.87,0.0376,0.079,COMMUNICATION,NORMAL
2026-03-01 20:18:00,SAT-001,19.41,28.04,7.46,92.63,621.29,-72.33,0.0575,0.103,BATTERY,NORMAL
2026-03-01 20:19:00,SAT-002,26.4,28.11,5.98,86.15,537.16,-65.49,0.049,0.095,PAYLOAD,NORMAL
2026-03-01 20:20:00,SAT-003,27.5,28.47,6.73,86.79,565.66,-122.52,0.0364,0.044,COMMUNICATION,ANOMALY
2026-03-01 20:21:00,SAT-004,24.03,28.32,5.12,86.22,533.64,-75.31,0.0569,0.057,POWER,NORMAL
2026-03-01 20:22:00,INSAT-3D,29.84,28.03,6.35,89.47,553.08,-68.79,0.0604,0.023,ATTITUDE,NORMAL
2026-03-01 20:23:00,GSAT-30,26.96,28.48,8.12,87.38,545.98,-69.09,0.0635,0.158,BATTERY,NORMAL
2026-03-01 20:24:00,SAT-001,28.2,27.72,5.79,90.8,495.67,-69.8,0.7705,0.678,ATTITUDE,ANOMALY
2026-03-01 20:25:00,SAT-002,19.65,27.82,5.09,88.08,546.81,-64.96,0.0517,0.063,PAYLOAD,NORMAL
2026-03-01 20:26:00,SAT-003,22.24,28.26,7.77,89.68,527.3,-72.58,0.0424,0.087,THERMAL,NORMAL
2026-03-01 20:27:00,SAT-004,31.16,28.09,6.72,87.05,531.47,-70.29,0.0334,0.102,POWER,NORMAL
2026-03-01 20:28:00,INSAT-3D,23.02,28.34,6.57,88.76,230.27,-64.76,0.0436,11.974,ATTITUDE,ANOMALY
2026-03-01 20:29:00,GSAT-30,23.48,28.07,5.35,88.13,545.79,-66.71,0.0366,0.091,ATTITUDE,NORMAL
2026-03-01 20:30:00,SAT-001,26.35,27.76,4.87,80.52,526.94,-73.62,0.0367,0.039,COMMUNICATION,NORMAL
2026-03-01 20:31:00,SAT-002,23.21,28.42,7.05,87.56,563.97,-71.23,0.0615,0.144,ATTITUDE,NORMAL
2026-03-01 20:32:00,SAT-003,36.06,24.61,12.71,24.36,517.36,-64.18,0.0509,0.059,BATTERY,ANOMALY
2026-03-01 20:33:00,SAT-004,21.95,28.48,7.29,87.65,593.84,-70.2,0.0269,0.104,ATTITUDE,NORMAL
2026-03-01 20:34:00,INSAT-3D,22.57,28.46,6.6,87.9,508.22,-66.65,0.0413,0.069,COMMUNICATION,NORMAL
2026-03-01 20:35:00,GSAT-30,24.75,28.26,6.87,87.03,572.46,-63.19,0.0388,0.075,BATTERY,NORMAL
2026-03-01 20:36:00,SAT-001,81.03,27.5,7.01,81.07,535.95,-65.12,0.0369,0.048,THERMAL,ANOMALY
2026-03-01 20:37:00,SAT-002,20.21,28.03,6.42,93.45,550.16,-66.88,0.0571,0.128,ATTITUDE,NORMAL
2026-03-01 20:38:00,SAT-003,29.39,28.51,6.57,91.16,615.59,-70.89,0.0466,0.139,COMMUNICATION,NORMAL
2026-03-01 20:39:00,SAT-004,27.78,28.7,7.19,95.89,570.75,-63.95,0.0689,0.086,PAYLOAD,NORMAL
2026-03-01 20:40:00,INSAT-3D,21.28,22.0,6.81,85.37,213.17,-72.89,0.0376,0.104,POWER,ANOMALY
2026-03-01 20:41:00,GSAT-30,34.89,28.54,6.04,87.42,569.66,-65.59,0.0335,0.089,BATTERY,NORMAL
2026-03-01 20:42:00,SAT-001,24.59,28.45,6.51,87.19,546.91,-67.4,0.0627,0.082,COMMUNICATION,NORMAL
2026-03-01 20:43:00,SAT-002,26.02,28.21,6.94,84.7,519.87,-68.04,0.0373,0.095,BATTERY,NORMAL
2026-03-01 20:44:00,SAT-003,38.0,26.77,28.51,86.07,516.21,-69.02,0.046,0.086,POWER,ANOMALY
2026-03-01 20:45:00,SAT-004,30.24,28.32,6.62,86.42,539.83,-66.77,0.0412,0.1,THERMAL,NORMAL
2026-03-01 20:46:00,INSAT-3D,23.07,28.05,7.35,89.42,520.36,-68.75,0.0647,0.073,POWER,NORMAL
2026-03-01 20:47:00,GSAT-30,23.19,28.33,5.7,82.35,548.56,-68.29,0.0532,0.107,ATTITUDE,NORMAL
2026-03-01 20:48:00,SAT-001,24.93,28.3,6.19,88.17,537.0,-117.67,0.0379,0.088,COMMUNICATION,ANOMALY
2026-03-01 20:49:00,SAT-002,28.91,28.16,5.89,83.93,602.63,-65.65,0.0359,0.113,COMMUNICATION,NORMAL
2026-03-01 20:50:00,SAT-003,18.64,28.4,5.84,90.31,528.95,-68.07,0.0368,0.079,BATTERY,NORMAL
2026-03-01 20:51:00,SAT-004,19.95,27.99,6.17,93.7,562.83,-74.99,0.0415,0.094,POWER,NORMAL
2026-03-01 20:52:00,INSAT-3D,23.6,27.94,5.9,83.46,500.63,-66.02,1.426,0.649,ATTITUDE,ANOMALY
2026-03-01 20:53:00,GSAT-30,26.84,28.35,6.43,83.27,517.6,-70.43,0.0581,0.089,POWER,NORMAL
2026-03-01 20:54:00,SAT-001,25.33,28.09,6.91,86.74,518.8,-73.3,0.0239,0.086,PAYLOAD,NORMAL
2026-03-01 20:55:00,SAT-002,16.52,27.92,5.84,92.23,533.83,-67.56,0.0407,0.113,THERMAL,NORMAL
2026-03-01 20:56:00,SAT-003,27.56,28.25,5.59,85.6,276.06,-65.61,0.0376,3.921,ATTITUDE,ANOMALY
2026-03-01 20:57:00,SAT-004,24.51,28.52,5.72,89.9,476.89,-67.7,0.0419,0.045,THERMAL,NORMAL
2026-03-01 20:58:00,INSAT-3D,23.58,28.66,5.27,88.51,548.67,-71.21,0.0532,0.068,ATTITUDE,NORMAL
2026-03-01 20:59:00,GSAT-30,25.28,27.74,7.29,88.23,550.43,-67.45,0.0388,0.101,POWER,NORMAL
2026-03-01 21:00:00,SAT-001,34.52,26.04,11.36,27.95,550.9,-59.9,0.0488,0.144,BATTERY,ANOMALY
2026-03-01 21:01:00,SAT-002,26.22,28.23,3.82,81.67,513.82,-67.13,0.0485,0.075,THERMAL,NORMAL
2026-03-01 21:02:00,SAT-003,23.08,28.19,6.17,86.32,569.07,-71.36,0.0514,0.089,COMMUNICATION,NORMAL
2026-03-01 21:03:00,SAT-004,24.52,28.08,5.61,80.64,602.9,-67.49,0.0397,0.135,POWER,NORMAL
2026-03-01 21:04:00,INSAT-3D,77.72,27.5,6.3,85.53,549.53,-63.01,0.0456,0.05,THERMAL,ANOMALY
2026-03-01 21:05:00,GSAT-30,26.01,28.24,5.19,86.97,546.39,-71.37,0.024,0.114,POWER,NORMAL
2026-03-01 21:06:00,SAT-001,20.88,28.31,7.09,91.78,577.96,-68.64,0.0394,0.058,POWER,NORMAL
2026-03-01 21:07:00,SAT-002,29.77,27.88,6.11,89.67,553.44,-69.02,0.0388,0.088,THERMAL,NORMAL
2026-03-01 21:08:00,SAT-003,27.06,23.68,5.84,91.06,197.68,-74.82,0.0572,0.062,POWER,ANOMALY
2026-03-01 21:09:00,SAT-004,27.29,27.9,7.11,93.69,582.66,-70.42,0.0536,0.117,POWER,NORMAL
2026-03-01 21:10:00,INSAT-3D,19.16,28.45,5.5,83.08,536.02,-66.7,0.047,0.058,BATTERY,NORMAL
2026-03-01 21:11:00,GSAT-30,23.98,28.16,6.04,87.69,489.73,-67.21,0.051,0.072,THERMAL,NORMAL
2026-03-01 21:12:00,SAT-001,38.0,26.71,19.9,87.14,533.58,-67.35,0.0344,0.118,POWER,ANOMALY
2026-03-01 21:13:00,SAT-002,27.03,28.22,7.67,85.24,496.34,-67.13,0.0571,0.15,PAYLOAD,NORMAL
2026-03-01 21:14:00,SAT-003,29.58,27.88,6.06,83.59,541.14,-67.92,0.0503,0.034,BATTERY,NORMAL
2026-03-01 21:15:00,SAT-004,28.63,28.27,4.49,80.02,583.4,-67.42,0.0622,0.114,PAYLOAD,NORMAL
2026-03-01 21:16:00,INSAT-3D,22.55,28.46,6.95,75.19,489.14,-105.66,0.0357,0.092,COMMUNICATION,ANOMALY
2026-03-01 21:17:00,GSAT-30,25.06,28.33,7.5,87.16,576.56,-69.84,0.0477,0.037,BATTERY,NORMAL
2026-03-01 21:18:00,SAT-001,26.04,28.45,5.22,82.24,593.36,-72.11,0.0696,0.052,COMMUNICATION,NORMAL
2026-03-01 21:19:00,SAT-002,22.89,28.06,7.5,86.52,560.53,-67.84,0.0287,0.025,THERMAL,NORMAL
2026-03-01 21:20:00,SAT-003,27.46,28.71,6.75,88.12,502.86,-64.96,0.7654,0.659,ATTITUDE,ANOMALY
2026-03-01 21:21:00,SAT-004,28.21,27.86,5.73,83.37,446.47,-69.43,0.0443,0.057,ATTITUDE,NORMAL
2026-03-01 21:22:00,INSAT-3D,25.21,28.16,7.37,81.58,588.13,-71.41,0.056,0.113,PAYLOAD,NORMAL
2026-03-01 21:23:00,GSAT-30,24.89,27.82,6.31,96.13,505.72,-70.5,0.0394,0.09,POWER,NORMAL
2026-03-01 21:24:00,SAT-001,22.94,28.09,5.96,82.67,242.96,-66.35,0.0302,7.749,ATTITUDE,ANOMALY
2026-03-01 21:25:00,SAT-002,29.96,28.5,5.61,85.84,554.41,-71.04,0.0421,0.11,PAYLOAD,NORMAL
2026-03-01 21:26:00,SAT-003,22.44,28.47,6.45,89.59,582.64,-64.3,0.0575,0.116,POWER,NORMAL
2026-03-01 21:27:00,SAT-004,23.73,28.24,3.5,85.75,566.74,-69.17,0.0394,0.049,ATTITUDE,NORMAL
2026-03-01 21:28:00,INSAT-3D,37.51,25.46,11.99,44.75,525.19,-68.84,0.0422,0.062,BATTERY,ANOMALY
2026-03-01 21:29:00,GSAT-30,26.69,28.19,6.93,80.74,516.74,-68.36,0.0614,0.079,COMMUNICATION,NORMAL
2026-03-01 21:30:00,SAT-001,25.87,28.02,5.12,90.95,487.47,-67.31,0.0478,0.046,THERMAL,NORMAL
2026-03-01 21:31:00,SAT-002,26.74,28.32,5.7,98.56,530.02,-65.13,0.0393,0.06,PAYLOAD,NORMAL
2026-03-01 21:32:00,SAT-003,58.23,27.37,6.47,86.42,608.05,-61.49,0.0578,0.166,THERMAL,ANOMALY
2026-03-01 21:33:00,SAT-004,21.41,28.49,7.69,95.47,502.01,-72.01,0.0506,0.124,POWER,NORMAL
2026-03-01 21:34:00,INSAT-3D,25.27,27.76,6.57,85.55,593.67,-69.19,0.0396,0.126,COMMUNICATION,NORMAL
2026-03-01 21:35:00,GSAT-30,28.29,28.16,7.14,75.71,537.97,-67.6,0.0559,0.061,POWER,NORMAL
2026-03-01 21:36:00,SAT-001,28.36,20.85,6.58,89.61,178.25,-65.78,0.0483,0.07,POWER,ANOMALY
2026-03-01 21:37:00,SAT-002,15.45,28.2,5.83,82.68,520.64,-69.72,0.0444,0.039,BATTERY,NORMAL
2026-03-01 21:38:00,SAT-003,28.27,28.24,7.33,93.1,519.3,-62.12,0.0395,0.086,BATTERY,NORMAL
2026-03-01 21:39:00,SAT-004,22.8,27.87,6.35,80.37,575.81,-65.81,0.044,0.063,POWER,NORMAL
2026-03-01 21:40:00,INSAT-3D,38.0,26.4,27.66,70.78,532.66,-67.66,0.0535,0.089,POWER,ANOMALY
2026-03-01 21:41:00,GSAT-30,30.75,27.92,7.38,86.35,517.12,-66.85,0.0456,0.074,POWER,NORMAL
2026-03-01 21:42:00,SAT-001,25.25,28.22,6.92,79.52,611.17,-66.54,0.0402,0.129,COMMUNICATION,NORMAL
2026-03-01 21:43:00,SAT-002,25.77,28.21,5.62,77.12,505.25,-69.65,0.042,0.046,POWER,NORMAL
2026-03-01 21:44:00,SAT-003,24.53,27.86,6.4,79.63,504.53,-102.39,0.0435,0.054,COMMUNICATION,ANOMALY
2026-03-01 21:45:00,SAT-004,23.64,28.19,6.63,99.5,570.07,-70.43,0.0392,0.122,COMMUNICATION,NORMAL
2026-03-01 21:46:00,INSAT-3D,26.45,28.09,5.66,86.61,531.83,-63.61,0.0286,0.079,PAYLOAD,NORMAL
2026-03-01 21:47:00,GSAT-30,19.16,28.38,6.41,86.58,553.69,-66.74,0.0293,0.122,THERMAL,NORMAL
2026-03-01 21:48:00,SAT-001,26.22,28.89,7.13,85.25,509.3,-68.33,0.3907,0.724,ATTITUDE,ANOMALY
2026-03-01 21:49:00,SAT-002,21.95,28.62,5.75,89.61,502.06,-61.7,0.0458,0.059,BATTERY,NORMAL
2026-03-01 21:50:00,SAT-003,26.2,28.22,7.79,90.22,531.53,-70.43,0.0541,0.11,ATTITUDE,NORMAL
2026-03-01 21:51:00,SAT-004,20.27,28.18,4.5,87.49,468.13,-69.81,0.0397,0.084,THERMAL,NORMAL
2026-03-01 21:52:00,INSAT-3D,25.24,27.83,5.53,76.93,241.29,-67.51,0.0517,7.25,ATTITUDE,ANOMALY
2026-03-01 21:53:00,GSAT-30,28.09,28.14,8.68,86.82,536.38,-71.83,0.044,0.089,PAYLOAD,NORMAL
2026-03-01 21:54:00,SAT-001,31.03,27.82,5.86,88.62,552.73,-64.95,0.0537,0.114,ATTITUDE,NORMAL
2026-03-01 21:55:00,SAT-002,28.5,28.93,5.8,89.13,527.29,-67.08,0.0567,0.074,BATTERY,NORMAL
2026-03-01 21:56:00,SAT-003,32.0,24.92,11.51,31.24,513.04,-67.07,0.038,0.063,BATTERY,ANOMALY
2026-03-01 21:57:00,SAT-004,22.3,28.58,5.95,95.65,517.53,-74.08,0.0498,0.087,THERMAL,NORMAL
2026-03-01 21:58:00,INSAT-3D,23.2,28.21,7.01,87.59,560.7,-68.57,0.0522,0.085,POWER,NORMAL
2026-03-01 21:59:00,GSAT-30,28.49,28.12,5.77,85.85,505.97,-72.44,0.015,0.048,THERMAL,NORMAL
2026-03-01 22:00:00,SAT-001,78.1,27.5,7.99,83.41,515.95,-62.85,0.0488,0.051,THERMAL,ANOMALY
2026-03-01 22:01:00,SAT-002,26.19,27.93,6.62,86.13,498.21,-71.62,0.0303,0.091,THERMAL,NORMAL
2026-03-01 22:02:00,SAT-003,26.12,27.68,7.1,91.97,548.76,-71.76,0.0253,0.141,PAYLOAD,NORMAL
2026-03-01 22:03:00,SAT-004,32.26,28.31,6.16,84.41,533.39,-64.19,0.0481,0.091,PAYLOAD,NORMAL
2026-03-01 22:04:00,INSAT-3D,22.25,20.21,6.54,88.48,182.29,-65.22,0.0336,0.082,POWER,ANOMALY
2026-03-01 22:05:00,GSAT-30,26.04,27.99,6.12,85.19,550.35,-64.67,0.0588,0.119,PAYLOAD,NORMAL
2026-03-01 22:06:00,SAT-001,23.34,28.03,6.01,85.83,559.38,-66.74,0.0521,0.118,COMMUNICATION,NORMAL
2026-03-01 22:07:00,SAT-002,26.65,28.43,6.47,97.39,528.8,-66.51,0.0607,0.063,BATTERY,NORMAL
2026-03-01 22:08:00,SAT-003,41.0,26.69,22.24,77.74,527.28,-65.03,0.0242,0.086,POWER,ANOMALY
2026-03-01 22:09:00,SAT-004,22.78,28.34,6.88,96.02,519.48,-70.45,0.0648,0.057,ATTITUDE,NORMAL
2026-03-01 22:10:00,INSAT-3D,22.35,27.85,6.15,97.14,501.53,-62.61,0.0475,0.077,PAYLOAD,NORMAL
2026-03-01 22:11:00,GSAT-30,30.08,27.96,7.2,87.55,581.16,-64.6,0.0502,0.095,POWER,NORMAL
2026-03-01 22:12:00,SAT-001,27.27,27.6,6.59,79.42,535.14,-113.53,0.0332,0.128,COMMUNICATION,ANOMALY
2026-03-01 22:13:00,SAT-002,26.88,27.89,6.26,84.84,527.04,-67.19,0.0389,0.077,COMMUNICATION,NORMAL
2026-03-01 22:14:00,SAT-003,22.93,28.28,5.77,90.34,582.56,-70.16,0.0434,0.094,BATTERY,NORMAL
2026-03-01 22:15:00,SAT-004,23.79,27.93,6.5,90.12,490.54,-65.71,0.0371,0.069,THERMAL,NORMAL
2026-03-01 22:16:00,INSAT-3D,31.56,28.68,5.34,78.61,498.47,-63.24,1.4807,0.636,ATTITUDE,ANOMALY
2026-03-01 22:17:00,GSAT-30,22.93,28.17,4.72,90.43,501.28,-67.7,0.0385,0.048,PAYLOAD,NORMAL
2026-03-01 22:18:00,SAT-001,24.08,28.02,6.44,87.08,548.81,-64.67,0.0542,0.081,ATTITUDE,NORMAL
2026-03-01 22:19:00,SAT-002,21.68,28.23,6.26,90.46,523.99,-70.54,0.0463,0.123,PAYLOAD,NORMAL
2026-03-01 22:20:00,SAT-003,20.37,27.96,6.97,86.08,246.67,-69.29,0.0289,7.569,ATTITUDE,ANOMALY
2026-03-01 22:21:00,SAT-004,22.05,28.08,6.38,86.74,539.49,-63.17,0.0561,0.045,COMMUNICATION,NORMAL
2026-03-01 22:22:00,INSAT-3D,24.83,28.14,6.03,91.04,552.85,-68.09,0.0631,0.01,PAYLOAD,NORMAL
2026-03-01 22:23:00,GSAT-30,29.36,28.41,6.27,89.66,505.78,-68.92,0.0519,0.076,PAYLOAD,NORMAL
2026-03-01 22:24:00,SAT-001,34.68,26.16,11.47,36.06,583.3,-69.13,0.0326,0.068,BATTERY,ANOMALY
2026-03-01 22:25:00,SAT-002,18.84,28.32,6.61,92.85,551.48,-79.27,0.051,0.036,BATTERY,NORMAL
2026-03-01 22:26:00,SAT-003,17.78,28.0,6.21,86.17,501.35,-70.87,0.0331,0.071,COMMUNICATION,NORMAL
2026-03-01 22:27:00,SAT-004,23.85,28.36,6.13,91.73,497.94,-65.35,0.0645,0.059,BATTERY,NORMAL
2026-03-01 22:28:00,INSAT-3D,68.27,27.41,6.85,93.13,539.82,-65.71,0.0324,0.102,THERMAL,ANOMALY
2026-03-01 22:29:00,GSAT-30,22.98,28.51,6.22,88.67,580.0,-69.03,0.056,0.105,POWER,NORMAL
2026-03-01 22:30:00,SAT-001,25.02,28.45,5.26,90.94,577.16,-68.73,0.039,0.041,POWER,NORMAL
2026-03-01 22:31:00,SAT-002,26.3,28.02,5.52,96.72,532.52,-71.01,0.0407,0.041,ATTITUDE,NORMAL
2026-03-01 22:32:00,SAT-003,30.3,21.13,6.92,91.78,243.46,-66.4,0.0347,0.153,POWER,ANOMALY
2026-03-01 22:33:00,SAT-004,23.6,28.37,5.67,83.56,513.29,-67.65,0.0566,0.079,COMMUNICATION,NORMAL
2026-03-01 22:34:00,INSAT-3D,25.23,28.01,5.34,86.87,563.14,-70.71,0.0425,0.121,PAYLOAD,NORMAL
2026-03-01 22:35:00,GSAT-30,26.38,27.77,6.55,86.93,578.2,-70.02,0.0544,0.045,COMMUNICATION,NORMAL
2026-03-01 22:36:00,SAT-001,38.32,26.09,18.75,93.63,509.05,-67.63,0.0494,0.033,POWER,ANOMALY
2026-03-01 22:37:00,SAT-002,21.27,28.17,5.37,87.07,641.31,-67.64,0.0384,0.074,BATTERY,NORMAL
2026-03-01 22:38:00,SAT-003,21.31,28.54,5.59,84.42,560.66,-66.96,0.0453,0.105,PAYLOAD,NORMAL
2026-03-01 22:39:00,SAT-004,18.57,28.09,5.29,89.16,517.04,-64.67,0.0642,0.1,ATTITUDE,NORMAL
2026-03-01 22:40:00,INSAT-3D,21.35,28.65,7.76,85.09,569.69,-115.54,0.0263,0.057,COMMUNICATION,ANOMALY
2026-03-01 22:41:00,GSAT-30,26.66,28.12,6.85,92.57,567.74,-68.94,0.0568,0.092,ATTITUDE,NORMAL
2026-03-01 22:42:00,SAT-001,28.76,28.42,5.55,81.74,530.05,-63.3,0.0527,0.101,ATTITUDE,NORMAL
2026-03-01 22:43:00,SAT-002,22.64,28.84,5.09,89.12,542.46,-67.98,0.0382,0.082,POWER,NORMAL
2026-03-01 22:44:00,SAT-003,24.65,28.59,7.8,83.06,480.65,-67.05,1.4275,0.683,ATTITUDE,ANOMALY
2026-03-01 22:45:00,SAT-004,28.85,28.18,6.23,93.99,508.17,-66.16,0.0316,0.108,THERMAL,NORMAL
2026-03-01 22:46:00,INSAT-3D,25.36,27.96,5.3,83.41,496.86,-65.99,0.0429,0.103,ATTITUDE,NORMAL
2026-03-01 22:47:00,GSAT-30,29.31,28.31,5.75,76.37,531.69,-64.92,0.0403,0.081,THERMAL,NORMAL
2026-03-01 22:48:00,SAT-001,27.26,27.9,7.0,93.19,236.17,-71.39,0.0443,11.242,ATTITUDE,ANOMALY
2026-03-01 22:49:00,SAT-002,22.72,28.21,5.62,90.69,538.22,-69.47,0.0581,0.025,THERMAL,NORMAL
2026-03-01 22:50:00,SAT-003,26.05,28.04,6.27,86.33,528.4,-67.76,0.0455,0.103,COMMUNICATION,NORMAL
2026-03-01 22:51:00,SAT-004,28.69,28.25,6.83,87.76,549.51,-72.3,0.0432,0.049,COMMUNICATION,NORMAL
2026-03-01 22:52:00,INSAT-3D,40.36,24.72,12.76,27.87,525.19,-61.54,0.049,0.067,BATTERY,ANOMALY
2026-03-01 22:53:00,GSAT-30,18.53,28.7,6.18,84.14,480.6,-68.66,0.0432,0.103,COMMUNICATION,NORMAL
2026-03-01 22:54:00,SAT-001,29.86,28.69,6.21,85.29,497.1,-66.7,0.055,0.04,ATTITUDE,NORMAL
2026-03-01 22:55:00,SAT-002,27.34,27.97,6.19,96.51,588.91,-71.82,0.0329,0.131,THERMAL,NORMAL
2026-03-01 22:56:00,SAT-003,60.02,27.34,6.26,86.14,537.2,-69.6,0.0434,0.063,THERMAL,ANOMALY
2026-03-01 22:57:00,SAT-004,25.07,27.83,5.3,92.02,488.08,-66.16,0.0369,0.022,POWER,NORMAL
2026-03-01 22:58:00,INSAT-3D,23.59,27.5,5.53,85.55,588.47,-66.81,0.035,0.112,PAYLOAD,NORMAL
2026-03-01 22:59:00,GSAT-30,21.6,28.5,6.37,78.79,558.26,-69.85,0.0415,0.08,BATTERY,NORMAL
2026-03-01 23:00:00,SAT-001,23.62,20.32,5.31,85.28,147.28,-67.88,0.0431,0.069,POWER,ANOMALY
2026-03-01 23:01:00,SAT-002,25.53,28.44,7.14,79.83,538.29,-68.76,0.0381,0.066,POWER,NORMAL
2026-03-01 23:02:00,SAT-003,27.25,28.38,6.26,92.45,629.11,-62.86,0.0387,0.036,POWER,NORMAL
2026-03-01 23:03:00,SAT-004,20.9,28.63,6.17,90.36,460.83,-64.0,0.0768,0.117,ATTITUDE,NORMAL
2026-03-01 23:04:00,INSAT-3D,42.15,26.58,22.91,87.44,509.07,-68.37,0.035,0.068,POWER,ANOMALY
2026-03-01 23:05:00,GSAT-30,27.16,28.02,6.71,89.06,519.13,-66.41,0.0516,0.115,ATTITUDE,NORMAL
2026-03-01 23:06:00,SAT-001,25.94,28.5,7.95,85.28,508.51,-69.72,0.0288,0.098,ATTITUDE,NORMAL
2026-03-01 23:07:00,SAT-002,19.01,27.83,6.79,84.52,503.3,-66.88,0.0321,0.066,THERMAL,NORMAL
2026-03-01 23:08:00,SAT-003,28.56,27.75,5.41,76.95,504.17,-113.95,0.0388,0.125,COMMUNICATION,ANOMALY
2026-03-01 23:09:00,SAT-004,26.81,28.42,5.33,94.0,547.33,-67.55,0.0518,0.042,POWER,NORMAL
2026-03-01 23:10:00,INSAT-3D,24.96,28.27,5.74,81.37,518.86,-67.34,0.0531,0.085,THERMAL,NORMAL
2026-03-01 23:11:00,GSAT-30,22.02,28.33,6.81,84.06,588.55,-66.73,0.0421,0.09,BATTERY,NORMAL
2026-03-01 23:12:00,SAT-001,32.11,28.43,5.94,84.91,533.94,-66.0,1.5186,0.737,ATTITUDE,ANOMALY
2026-03-01 23:13:00,SAT-002,24.85,28.12,5.11,81.91,534.25,-68.17,0.0443,0.078,THERMAL,NORMAL
2026-03-01 23:14:00,SAT-003,23.75,28.48,5.01,89.75,617.72,-68.52,0.0425,0.102,ATTITUDE,NORMAL
2026-03-01 23:15:00,SAT-004,19.83,28.24,6.39,99.5,478.59,-60.03,0.0541,0.135,PAYLOAD,NORMAL
2026-03-01 23:16:00,INSAT-3D,28.72,27.92,7.03,81.67,237.31,-71.52,0.0382,10.92,ATTITUDE,ANOMALY
2026-03-01 23:17:00,GSAT-30,20.11,27.73,7.08,93.14,547.4,-66.74,0.0554,0.085,POWER,NORMAL
2026-03-01 23:18:00,SAT-001,22.34,27.99,6.96,87.6,549.98,-68.92,0.0558,0.062,POWER,NORMAL
2026-03-01 23:19:00,SAT-002,18.29,27.94,6.31,95.03,575.0,-63.5,0.0475,0.074,COMMUNICATION,NORMAL
2026-03-01 23:20:00,SAT-003,37.03,25.78,13.48,29.99,562.67,-70.5,0.055,0.084,BATTERY,ANOMALY
2026-03-01 23:21:00,SAT-004,21.51,28.13,7.12,85.02,508.47,-61.74,0.0477,0.057,COMMUNICATION,NORMAL
2026-03-01 23:22:00,INSAT-3D,22.69,28.24,5.87,91.53,548.24,-67.83,0.0637,0.1,THERMAL,NORMAL
2026-03-01 23:23:00,GSAT-30,19.37,27.88,6.67,88.27,537.54,-65.17,0.0535,0.131,POWER,NORMAL
2026-03-01 23:24:00,SAT-001,81.25,27.5,6.46,84.28,529.9,-67.33,0.0329,0.088,THERMAL,ANOMALY
2026-03-01 23:25:00,SAT-002,26.8,28.68,6.53,85.87,490.02,-70.72,0.0504,0.112,BATTERY,NORMAL
2026-03-01 23:26:00,SAT-003,27.73,28.25,6.45,95.04,547.67,-69.82,0.0289,0.083,BATTERY,NORMAL
2026-03-01 23:27:00,SAT-004,26.16,28.62,5.15,90.41,591.84,-65.72,0.055,0.098,THERMAL,NORMAL
2026-03-01 23:28:00,INSAT-3D,29.9,21.07,5.39,84.97,113.97,-64.31,0.0572,0.067,POWER,ANOMALY
2026-03-01 23:29:00,GSAT-30,28.31,28.16,6.95,89.09,589.38,-71.88,0.0489,0.035,ATTITUDE,NORMAL
2026-03-01 23:30:00,SAT-001,22.94,27.98,6.45,89.1,530.47,-62.73,0.0373,0.013,THERMAL,NORMAL
2026-03-01 23:31:00,SAT-002,23.91,28.24,6.26,88.56,521.01,-72.09,0.0424,0.124,BATTERY,NORMAL
2026-03-01 23:32:00,SAT-003,38.0,26.52,27.49,79.11,560.1,-71.25,0.0421,0.156,POWER,ANOMALY
2026-03-01 23:33:00,SAT-004,29.05,28.54,6.17,94.94,517.98,-68.92,0.0428,0.064,POWER,NORMAL
2026-03-01 23:34:00,INSAT-3D,18.49,28.13,6.85,91.24,517.57,-70.93,0.0286,0.079,COMMUNICATION,NORMAL
2026-03-01 23:35:00,GSAT-30,21.9,28.01,4.58,88.85,534.37,-71.57,0.0473,0.111,POWER,NORMAL
2026-03-01 23:36:00,SAT-001,25.35,28.28,6.72,78.98,591.7,-103.33,0.0516,0.103,COMMUNICATION,ANOMALY
2026-03-01 23:37:00,SAT-002,30.83,27.88,3.72,89.34,517.49,-67.52,0.0302,0.137,PAYLOAD,NORMAL
2026-03-01 23:38:00,SAT-003,22.27,28.36,6.38,87.61,585.33,-66.79,0.0349,0.06,THERMAL,NORMAL
2026-03-01 23:39:00,SAT-004,28.96,28.49,7.85,96.56,508.41,-65.23,0.0556,0.07,BATTERY,NORMAL
2026-03-01 23:40:00,INSAT-3D,27.36,27.64,4.98,76.43,541.68,-66.69,0.8035,0.732,ATTITUDE,ANOMALY
2026-03-01 23:41:00,GSAT-30,29.01,27.83,4.36,87.86,490.98,-68.18,0.04,0.098,THERMAL,NORMAL
2026-03-01 23:42:00,SAT-001,24.11,28.6,6.93,87.19,505.28,-70.51,0.0392,0.095,COMMUNICATION,NORMAL
2026-03-01 23:43:00,SAT-002,23.39,28.18,6.68,90.4,519.95,-69.73,0.0388,0.114,COMMUNICATION,NORMAL
2026-03-01 23:44:00,SAT-003,20.41,28.15,7.76,88.52,252.69,-68.44,0.0334,8.836,ATTITUDE,ANOMALY
2026-03-01 23:45:00,SAT-004,24.45,28.36,7.56,82.52,460.21,-66.53,0.0531,0.068,THERMAL,NORMAL
2026-03-01 23:46:00,INSAT-3D,20.95,28.28,6.18,89.61,500.35,-67.03,0.0548,0.035,THERMAL,NORMAL
2026-03-01 23:47:00,GSAT-30,26.88,27.96,5.52,88.31,546.06,-73.48,0.0505,0.103,PAYLOAD,NORMAL
2026-03-01 23:48:00,SAT-001,34.27,25.5,10.69,32.88,518.15,-68.23,0.0417,0.038,BATTERY,ANOMALY
2026-03-01 23:49:00,SAT-002,26.29,28.83,6.27,86.66,579.9,-64.93,0.0503,0.071,THERMAL,NORMAL
2026-03-01 23:50:00,SAT-003,31.25,28.16,5.14,85.49,566.5,-65.93,0.0426,0.101,PAYLOAD,NORMAL
2026-03-01 23:51:00,SAT-004,29.79,28.68,6.08,90.19,545.74,-71.94,0.0573,0.115,POWER,NORMAL
2026-03-01 23:52:00,INSAT-3D,75.3,27.5,6.29,90.95,527.51,-68.17,0.0632,0.041,THERMAL,ANOMALY
2026-03-01 23:53:00,GSAT-30,20.73,28.42,5.94,84.96,514.94,-67.74,0.0421,0.072,THERMAL,NORMAL
2026-03-01 23:54:00,SAT-001,29.34,28.4,5.53,87.54,556.64,-67.24,0.0361,0.071,THERMAL,NORMAL
2026-03-01 23:55:00,SAT-002,23.96,28.22,5.3,92.15,596.63,-71.59,0.026,0.068,COMMUNICATION,NORMAL
2026-03-01 23:56:00,SAT-003,22.34,23.25,5.38,84.03,129.77,-66.88,0.0394,0.044,POWER,ANOMALY
2026-03-01 23:57:00,SAT-004,29.3,28.58,5.85,90.18,521.29,-70.77,0.064,0.097,ATTITUDE,NORMAL
2026-03-01 23:58:00,INSAT-3D,30.34,28.39,7.38,82.77,551.11,-67.53,0.0492,0.121,ATTITUDE,NORMAL
2026-03-01 23:59:00,GSAT-30,26.72,28.32,7.37,90.45,525.19,-69.22,0.0449,0.114,ATTITUDE,NORMAL
2026-03-02 00:00:00,SAT-001,40.42,26.37,26.66,89.13,522.88,-74.48,0.043,0.035,POWER,ANOMALY
2026-03-02 00:01:00,SAT-002,25.37,28.06,6.94,91.73,533.54,-71.47,0.0511,0.049,ATTITUDE,NORMAL
2026-03-02 00:02:00,SAT-003,24.34,28.27,6.82,85.7,525.14,-68.11,0.0347,0.08,POWER,NORMAL
2026-03-02 00:03:00,SAT-004,29.85,28.13,6.2,90.32,496.75,-68.46,0.0389,0.109,BATTERY,NORMAL
2026-03-02 00:04:00,INSAT-3D,31.26,27.97,7.52,77.71,536.02,-118.43,0.0302,0.055,COMMUNICATION,ANOMALY
2026-03-02 00:05:00,GSAT-30,27.24,27.95,6.34,77.1,581.06,-68.0,0.0259,0.099,PAYLOAD,NORMAL
2026-03-02 00:06:00,SAT-001,27.46,28.28,5.3,84.33,509.93,-70.17,0.0411,0.072,BATTERY,NORMAL
2026-03-02 00:07:00,SAT-002,20.26,28.37,5.82,87.81,572.92,-73.35,0.0336,0.076,POWER,NORMAL
2026-03-02 00:08:00,SAT-003,30.43,28.64,7.52,74.03,498.51,-71.03,0.5506,0.624,ATTITUDE,ANOMALY
2026-03-02 00:09:00,SAT-004,23.54,28.18,5.32,85.83,558.67,-69.05,0.0249,0.066,POWER,NORMAL
2026-03-02 00:10:00,INSAT-3D,23.83,28.05,5.86,86.32,531.47,-68.66,0.0343,0.06,ATTITUDE,NORMAL
2026-03-02 00:11:00,GSAT-30,27.07,28.38,8.54,81.97,543.02,-70.05,0.0492,0.121,THERMAL,NORMAL
2026-03-02 00:12:00,SAT-001,28.59,27.84,7.05,74.43,206.37,-68.75,0.0511,2.851,ATTITUDE,ANOMALY
2026-03-02 00:13:00,SAT-002,31.67,28.23,6.11,93.78,526.91,-66.83,0.0504,0.051,PAYLOAD,NORMAL
2026-03-02 00:14:00,SAT-003,26.52,28.6,5.39,84.45,546.43,-62.54,0.0355,0.081,ATTITUDE,NORMAL
2026-03-02 00:15:00,SAT-004,25.26,28.32,7.54,90.8,554.01,-67.27,0.0392,0.079,ATTITUDE,NORMAL
2026-03-02 00:16:00,INSAT-3D,32.35,26.19,13.91,47.67,526.35,-69.01,0.0472,0.037,BATTERY,ANOMALY
2026-03-02 00:17:00,GSAT-30,31.75,28.17,6.08,83.17,540.84,-63.84,0.0574,0.106,PAYLOAD,NORMAL
2026-03-02 00:18:00,SAT-001,22.01,27.99,7.03,87.0,562.4,-66.4,0.044,0.09,THERMAL,NORMAL
2026-03-02 00:19:00,SAT-002,21.91,28.14,5.91,92.67,562.78,-67.36,0.0477,0.045,BATTERY,NORMAL
2026-03-02 00:20:00,SAT-003,83.91,27.5,8.33,87.35,548.97,-66.57,0.038,0.117,THERMAL,ANOMALY
2026-03-02 00:21:00,SAT-004,28.84,28.08,7.05,86.05,537.61,-66.52,0.0695,0.108,BATTERY,NORMAL
2026-03-02 00:22:00,INSAT-3D,24.66,28.15,6.59,88.38,520.61,-70.29,0.0462,0.058,BATTERY,NORMAL
2026-03-02 00:23:00,GSAT-30,24.8,27.91,6.85,95.6,544.28,-64.75,0.0595,0.049,BATTERY,NORMAL
2026-03-02 00:24:00,SAT-001,20.79,19.97,6.58,79.02,209.56,-62.15,0.0468,0.051,POWER,ANOMALY
2026-03-02 00:25:00,SAT-002,29.98,28.17,5.09,85.38,533.56,-66.48,0.0329,0.057,PAYLOAD,NORMAL
2026-03-02 00:26:00,SAT-003,24.43,28.26,6.57,96.95,602.37,-67.1,0.0391,0.067,COMMUNICATION,NORMAL
2026-03-02 00:27:00,SAT-004,21.56,28.17,5.29,93.46,531.39,-71.36,0.0439,0.094,THERMAL,NORMAL
2026-03-02 00:28:00,INSAT-3D,38.0,26.1,24.34,78.92,506.19,-66.59,0.0391,0.076,POWER,ANOMALY
2026-03-02 00:29:00,GSAT-30,25.68,27.85,7.49,95.53,494.1,-73.58,0.0439,0.118,BATTERY,NORMAL
2026-03-02 00:30:00,SAT-001,29.64,28.11,4.71,89.8,509.83,-70.13,0.0487,0.117,THERMAL,NORMAL
2026-03-02 00:31:00,SAT-002,24.45,27.87,6.48,91.59,519.17,-69.1,0.0583,0.068,COMMUNICATION,NORMAL
2026-03-02 00:32:00,SAT-003,25.19,28.17,7.03,86.47,536.58,-111.57,0.0409,0.051,COMMUNICATION,ANOMALY
2026-03-02 00:33:00,SAT-004,24.46,28.28,5.33,94.34,442.6,-68.26,0.0587,0.039,BATTERY,NORMAL
2026-03-02 00:34:00,INSAT-3D,25.05,27.93,6.27,89.05,582.51,-62.28,0.0418,0.042,COMMUNICATION,NORMAL
2026-03-02 00:35:00,GSAT-30,23.83,28.28,6.98,83.0,506.36,-67.59,0.044,0.102,ATTITUDE,NORMAL
2026-03-02 00:36:00,SAT-001,26.02,28.72,5.23,89.2,535.98,-72.21,1.2916,0.646,ATTITUDE,ANOMALY
2026-03-02 00:37:00,SAT-002,28.11,27.79,5.03,79.73,511.92,-63.96,0.0307,0.045,ATTITUDE,NORMAL
2026-03-02 00:38:00,SAT-003,23.34,28.63,5.21,89.96,601.5,-65.68,0.0315,0.034,POWER,NORMAL
2026-03-02 00:39:00,SAT-004,24.51,28.27,5.94,88.95,575.78,-67.81,0.0707,0.109,POWER,NORMAL
2026-03-02 00:40:00,INSAT-3D,26.8,28.35,7.09,93.43,254.35,-66.46,0.0377,10.726,ATTITUDE,ANOMALY
2026-03-02 00:41:00,GSAT-30,22.43,28.38,6.84,81.95,497.95,-64.65,0.0347,0.126,ATTITUDE,NORMAL
2026-03-02 00:42:00,SAT-001,29.16,28.64,5.57,85.7,499.09,-73.43,0.0536,0.087,POWER,NORMAL
2026-03-02 00:43:00,SAT-002,25.21,27.7,5.13,93.64,539.81,-69.76,0.0382,0.096,PAYLOAD,NORMAL
2026-03-02 00:44:00,SAT-003,38.28,25.13,13.79,45.12,545.02,-73.33,0.029,0.105,BATTERY,ANOMALY
2026-03-02 00:45:00,SAT-004,19.15,27.99,6.18,89.64,515.05,-66.34,0.0445,0.073,PAYLOAD,NORMAL
2026-03-02 00:46:00,INSAT-3D,25.07,28.35,4.76,93.0,525.64,-64.95,0.0527,0.067,POWER,NORMAL
2026-03-02 00:47:00,GSAT-30,24.85,28.15,5.2,91.93,517.18,-68.3,0.0628,0.095,BATTERY,NORMAL
2026-03-02 00:48:00,SAT-001,71.69,26.87,6.45,78.94,549.46,-67.87,0.0467,0.059,THERMAL,ANOMALY
2026-03-02 00:49:00,SAT-002,31.04,28.24,4.93,89.66,585.91,-72.15,0.0325,0.088,THERMAL,NORMAL
2026-03-02 00:50:00,SAT-003,21.03,28.3,5.78,75.11,555.57,-68.11,0.0612,0.091,PAYLOAD,NORMAL
2026-03-02 00:51:00,SAT-004,20.56,27.94,6.27,93.49,492.49,-70.36,0.0317,0.089,ATTITUDE,NORMAL
2026-03-02 00:52:00,INSAT-3D,23.53,23.57,5.22,91.8,184.91,-67.75,0.0599,0.063,POWER,ANOMALY
2026-03-02 00:53:00,GSAT-30,25.64,28.66,5.29,92.53,497.91,-61.65,0.0258,0.102,COMMUNICATION,NORMAL
2026-03-02 00:54:00,SAT-001,22.83,28.4,7.02,81.64,578.17,-64.87,0.0337,0.128,BATTERY,NORMAL
2026-03-02 00:55:00,SAT-002,25.0,28.0,5.9,91.99,497.06,-68.58,0.0577,0.065,COMMUNICATION,NORMAL
2026-03-02 00:56:00,SAT-003,42.41,26.23,23.64,85.09,490.14,-65.5,0.0493,0.121,POWER,ANOMALY
2026-03-02 00:57:00,SAT-004,20.52,28.18,5.48,91.95,568.51,-73.71,0.0351,0.036,COMMUNICATION,NORMAL
2026-03-02 00:58:00,INSAT-3D,28.25,28.25,6.84,87.86,586.36,-70.58,0.062,0.059,BATTERY,NORMAL
2026-03-02 00:59:00,GSAT-30,26.14,28.2,5.91,82.31,517.8,-68.87,0.0223,0.056,PAYLOAD,NORMAL
2026-03-02 01:00:00,SAT-001,24.88,27.99,6.23,88.34,553.74,-116.51,0.0299,0.067,COMMUNICATION,ANOMALY
2026-03-02 01:01:00,SAT-002,25.45,28.39,6.27,84.25,490.94,-66.88,0.0153,0.027,COMMUNICATION,NORMAL
2026-03-02 01:02:00,SAT-003,26.86,27.81,5.94,80.19,499.33,-70.77,0.0507,0.077,PAYLOAD,NORMAL
2026-03-02 01:03:00,SAT-004,31.52,28.04,6.76,94.69,508.63,-69.46,0.0659,0.051,PAYLOAD,NORMAL
2026-03-02 01:04:00,INSAT-3D,21.98,28.66,7.46,87.16,528.63,-69.32,1.2621,0.727,ATTITUDE,ANOMALY
2026-03-02 01:05:00,GSAT-30,29.18,28.22,4.59,89.57,504.57,-67.81,0.0497,0.057,PAYLOAD,NORMAL
2026-03-02 01:06:00,SAT-001,23.8,28.25,5.08,88.25,556.75,-70.08,0.0394,0.063,ATTITUDE,NORMAL
2026-03-02 01:07:00,SAT-002,31.72,28.21,7.8,90.58,524.13,-64.56,0.0421,0.088,POWER,NORMAL
2026-03-02 01:08:00,SAT-003,21.99,27.75,6.94,90.52,264.77,-70.43,0.0596,10.309,ATTITUDE,ANOMALY
2026-03-02 01:09:00,SAT-004,25.35,28.21,6.41,80.73,543.88,-72.28,0.0493,0.016,PAYLOAD,NORMAL
2026-03-02 01:10:00,INSAT-3D,19.53,28.33,5.25,84.97,601.26,-66.09,0.031,0.105,POWER,NORMAL
2026-03-02 01:11:00,GSAT-30,23.91,28.52,6.17,92.62,529.34,-59.77,0.0506,0.129,ATTITUDE,NORMAL
2026-03-02 01:12:00,SAT-001,32.42,25.9,12.0,23.98,523.62,-70.47,0.058,0.082,BATTERY,ANOMALY
2026-03-02 01:13:00,SAT-002,33.15,28.09,7.03,89.39,519.77,-69.52,0.0507,0.071,POWER,NORMAL
2026-03-02 01:14:00,SAT-003,24.79,28.13,8.44,90.46,496.68,-66.03,0.0497,0.049,ATTITUDE,NORMAL
2026-03-02 01:15:00,SAT-004,24.45,28.56,7.02,95.57,574.14,-65.92,0.0614,0.082,BATTERY,NORMAL
2026-03-02 01:16:00,INSAT-3D,71.45,27.4,5.95,87.63,535.9,-64.23,0.0431,0.057,THERMAL,ANOMALY
2026-03-02 01:17:00,GSAT-30,29.6,28.77,7.66,87.64,576.93,-70.06,0.0511,0.062,THERMAL,NORMAL
2026-03-02 01:18:00,SAT-001,23.65,28.37,5.46,84.68,599.38,-76.79,0.0508,0.041,PAYLOAD,NORMAL
2026-03-02 01:19:00,SAT-002,23.49,28.81,5.53,93.9,569.98,-68.04,0.0346,0.057,BATTERY,NORMAL
2026-03-02 01:20:00,SAT-003,24.45,19.35,5.7,77.59,117.16,-66.14,0.0529,0.098,POWER,ANOMALY
2026-03-02 01:21:00,SAT-004,16.71,28.23,6.68,89.49,525.07,-73.86,0.0372,0.063,BATTERY,NORMAL
2026-03-02 01:22:00,INSAT-3D,29.37,28.24,7.23,99.5,542.48,-67.7,0.0439,0.084,ATTITUDE,NORMAL
2026-03-02 01:23:00,GSAT-30,22.86,28.39,7.29,84.45,497.6,-68.11,0.0506,0.058,THERMAL,NORMAL
2026-03-02 01:24:00,SAT-001,42.98,26.66,27.68,94.66,568.0,-70.18,0.0557,0.06,POWER,ANOMALY
2026-03-02 01:25:00,SAT-002,28.92,28.25,6.43,91.86,553.13,-62.84,0.0637,0.043,ATTITUDE,NORMAL
2026-03-02 01:26:00,SAT-003,26.66,28.18,4.85,81.84,509.08,-66.32,0.0283,0.053,BATTERY,NORMAL
2026-03-02 01:27:00,SAT-004,29.53,27.81,5.78,88.48,508.21,-69.27,0.0424,0.073,PAYLOAD,NORMAL
2026-03-02 01:28:00,INSAT-3D,31.57,28.31,6.88,87.7,548.38,-109.32,0.0418,0.085,COMMUNICATION,ANOMALY
2026-03-02 01:29:00,GSAT-30,26.79,28.37,7.95,89.36,567.85,-75.27,0.0674,0.082,ATTITUDE,NORMAL
2026-03-02 01:30:00,SAT-001,25.47,27.84,5.95,86.79,510.98,-67.94,0.0398,0.082,POWER,NORMAL
2026-03-02 01:31:00,SAT-002,26.89,28.13,6.57,89.69,555.8,-72.05,0.0582,0.054,COMMUNICATION,NORMAL
2026-03-02 01:32:00,SAT-003,25.44,28.01,6.56,84.44,549.54,-67.87,1.3219,0.626,ATTITUDE,ANOMALY
2026-03-02 01:33:00,SAT-004,23.1,28.41,4.71,85.33,523.03,-72.91,0.0629,0.039,POWER,NORMAL
2026-03-02 01:34:00,INSAT-3D,22.38,28.22,6.58,79.79,549.31,-63.97,0.0408,0.047,THERMAL,NORMAL
2026-03-02 01:35:00,GSAT-30,25.1,27.78,6.67,91.8,575.39,-61.0,0.05,0.078,POWER,NORMAL
2026-03-02 01:36:00,SAT-001,21.19,28.32,6.95,78.22,235.26,-67.97,0.0503,9.22,ATTITUDE,ANOMALY
2026-03-02 01:37:00,SAT-002,27.01,28.15,5.86,91.56,533.78,-71.59,0.0615,0.047,BATTERY,NORMAL
2026-03-02 01:38:00,SAT-003,28.68,28.18,5.83,88.35,517.59,-67.94,0.0366,0.098,PAYLOAD,NORMAL
2026-03-02 01:39:00,SAT-004,21.6,28.32,6.93,92.69,566.49,-68.4,0.0387,0.058,THERMAL,NORMAL
2026-03-02 01:40:00,INSAT-3D,32.0,25.12,10.65,40.96,505.21,-70.6,0.0454,0.112,BATTERY,ANOMALY
2026-03-02 01:41:00,GSAT-30,26.3,28.07,7.13,90.13,555.91,-67.7,0.0601,0.097,COMMUNICATION,NORMAL
2026-03-02 01:42:00,SAT-001,25.76,28.22,6.18,90.06,524.96,-69.46,0.0616,0.097,COMMUNICATION,NORMAL
2026-03-02 01:43:00,SAT-002,28.52,28.32,6.49,97.71,567.43,-70.54,0.0226,0.073,THERMAL,NORMAL
2026-03-02 01:44:00,SAT-003,80.12,27.5,5.5,88.65,564.04,-66.17,0.0492,0.076,THERMAL,ANOMALY
2026-03-02 01:45:00,SAT-004,23.03,28.46,5.81,85.27,491.83,-66.06,0.0501,0.109,PAYLOAD,NORMAL
2026-03-02 01:46:00,INSAT-3D,29.44,28.45,6.41,86.45,565.07,-67.01,0.0564,0.076,BATTERY,NORMAL
2026-03-02 01:47:00,GSAT-30,26.03,28.72,5.75,92.49,529.41,-64.16,0.0727,0.086,COMMUNICATION,NORMAL
2026-03-02 01:48:00,SAT-001,22.58,20.73,6.95,86.89,126.32,-71.41,0.0378,0.098,POWER,ANOMALY
2026-03-02 01:49:00,SAT-002,26.22,28.3,5.19,93.84,441.29,-65.5,0.0562,0.067,BATTERY,NORMAL
2026-03-02 01:50:00,SAT-003,26.02,28.85,5.01,88.61,524.41,-67.3,0.066,0.134,POWER,NORMAL
2026-03-02 01:51:00,SAT-004,22.04,27.96,5.39,90.19,543.31,-65.76,0.015,0.068,PAYLOAD,NORMAL
2026-03-02 01:52:00,INSAT-3D,38.0,26.72,30.98,86.14,532.66,-69.38,0.041,0.078,POWER,ANOMALY
2026-03-02 01:53:00,GSAT-30,30.72,28.75,5.88,92.85,614.01,-65.01,0.0536,0.025,POWER,NORMAL
2026-03-02 01:54:00,SAT-001,28.75,28.08,4.7,89.91,514.95,-68.31,0.0468,0.097,COMMUNICATION,NORMAL
2026-03-02 01:55:00,SAT-002,29.09,28.51,6.22,86.17,536.79,-66.35,0.0483,0.025,PAYLOAD,NORMAL
2026-03-02 01:56:00,SAT-003,25.64,28.62,6.5,96.12,501.17,-110.85,0.0351,0.054,COMMUNICATION,ANOMALY
2026-03-02 01:57:00,SAT-004,26.51,28.26,6.81,90.69,565.12,-63.95,0.0556,0.075,PAYLOAD,NORMAL
2026-03-02 01:58:00,INSAT-3D,21.66,28.41,5.81,84.23,512.01,-65.83,0.0532,0.109,POWER,NORMAL
2026-03-02 01:59:00,GSAT-30,27.48,27.73,5.93,93.21,534.19,-69.74,0.042,0.083,THERMAL,NORMAL
2026-03-02 02:00:00,SAT-001,25.46,28.18,6.38,80.13,499.25,-71.27,0.7793,0.697,ATTITUDE,ANOMALY
2026-03-02 02:01:00,SAT-002,29.55,28.33,6.98,85.55,593.54,-65.32,0.0501,0.026,THERMAL,NORMAL
2026-03-02 02:02:00,SAT-003,21.39,28.29,6.41,81.81,582.96,-69.93,0.0183,0.126,COMMUNICATION,NORMAL
2026-03-02 02:03:00,SAT-004,18.8,28.02,6.71,90.53,541.78,-67.49,0.0224,0.069,THERMAL,NORMAL
2026-03-02 02:04:00,INSAT-3D,23.96,28.0,6.98,80.7,230.34,-74.26,0.0421,3.801,ATTITUDE,ANOMALY
2026-03-02 02:05:00,GSAT-30,24.22,28.27,6.34,81.86,554.97,-67.63,0.0623,0.035,BATTERY,NORMAL
2026-03-02 02:06:00,SAT-001,27.52,28.33,5.71,90.14,515.35,-67.39,0.034,0.125,POWER,NORMAL
2026-03-02 02:07:00,SAT-002,24.44,28.46,5.56,83.63,514.91,-69.83,0.0412,0.09,BATTERY,NORMAL
2026-03-02 02:08:00,SAT-003,32.14,24.53,10.9,40.28,523.68,-65.5,0.0487,0.09,BATTERY,ANOMALY
2026-03-02 02:09:00,SAT-004,23.4,27.86,6.26,83.91,503.07,-70.16,0.0748,0.084,ATTITUDE,NORMAL
2026-03-02 02:10:00,INSAT-3D,24.71,28.68,5.97,90.08,508.35,-68.33,0.0461,0.017,THERMAL,NORMAL
2026-03-02 02:11:00,GSAT-30,22.91,28.04,5.11,95.61,583.97,-68.2,0.0712,0.08,THERMAL,NORMAL
2026-03-02 02:12:00,SAT-001,67.68,27.5,6.04,85.91,541.18,-71.91,0.0479,0.114,THERMAL,ANOMALY
2026-03-02 02:13:00,SAT-002,21.12,28.08,5.88,95.89,528.9,-69.59,0.0439,0.029,PAYLOAD,NORMAL
2026-03-02 02:14:00,SAT-003,20.39,28.35,6.5,96.77,587.0,-68.69,0.0507,0.071,PAYLOAD,NORMAL
2026-03-02 02:15:00,SAT-004,19.21,28.3,5.94,83.41,447.44,-70.68,0.053,0.127,ATTITUDE,NORMAL
2026-03-02 02:16:00,INSAT-3D,25.34,22.2,5.96,91.15,172.02,-65.32,0.0475,0.084,POWER,ANOMALY
2026-03-02 02:17:00,GSAT-30,24.96,28.65,6.88,89.16,481.92,-72.27,0.0451,0.065,POWER,NORMAL
2026-03-02 02:18:00,SAT-001,24.2,28.72,6.09,76.99,521.23,-71.29,0.034,0.101,PAYLOAD,NORMAL
2026-03-02 02:19:00,SAT-002,22.49,28.34,6.83,95.35,504.82,-65.95,0.0552,0.13,PAYLOAD,NORMAL
2026-03-02 02:20:00,SAT-003,38.0,26.1,24.72,99.04,497.14,-66.54,0.0228,0.134,POWER,ANOMALY
2026-03-02 02:21:00,SAT-004,19.68,28.02,6.74,85.02,572.61,-62.1,0.0453,0.08,ATTITUDE,NORMAL
2026-03-02 02:22:00,INSAT-3D,22.56,27.87,6.55,93.21,511.81,-69.0,0.0418,0.06,BATTERY,NORMAL
2026-03-02 02:23:00,GSAT-30,28.31,28.41,6.2,80.36,582.33,-70.0,0.0396,0.149,COMMUNICATION,NORMAL
2026-03-02 02:24:00,SAT-001,23.89,28.42,6.95,86.95,538.46,-116.27,0.0477,0.078,COMMUNICATION,ANOMALY
2026-03-02 02:25:00,SAT-002,24.17,28.12,6.46,88.33,605.74,-69.53,0.0434,0.176,THERMAL,NORMAL
2026-03-02 02:26:00,SAT-003,24.68,27.73,6.14,83.04,514.38,-71.73,0.0393,0.062,POWER,NORMAL
2026-03-02 02:27:00,SAT-004,23.88,27.95,6.45,87.83,585.81,-72.03,0.0496,0.099,POWER,NORMAL
2026-03-02 02:28:00,INSAT-3D,26.15,27.6,6.83,81.35,477.7,-66.89,1.4002,0.662,ATTITUDE,ANOMALY
2026-03-02 02:29:00,GSAT-30,24.94,28.35,6.98,90.63,459.96,-75.56,0.0578,0.059,PAYLOAD,NORMAL
2026-03-02 02:30:00,SAT-001,17.27,27.87,4.21,92.36,547.16,-63.74,0.0454,0.147,COMMUNICATION,NORMAL
2026-03-02 02:31:00,SAT-002,22.77,28.24,8.05,84.28,528.87,-68.16,0.0368,0.113,ATTITUDE,NORMAL
2026-03-02 02:32:00,SAT-003,18.89,28.04,7.15,83.53,227.42,-66.68,0.0541,9.59,ATTITUDE,ANOMALY
2026-03-02 02:33:00,SAT-004,21.7,27.72,5.6,86.97,552.62,-64.16,0.0489,0.148,BATTERY,NORMAL
2026-03-02 02:34:00,INSAT-3D,22.19,27.97,7.47,92.78,608.03,-67.83,0.0485,0.072,ATTITUDE,NORMAL
2026-03-02 02:35:00,GSAT-30,25.88,28.39,5.48,83.18,489.64,-62.89,0.0367,0.077,PAYLOAD,NORMAL
2026-03-02 02:36:00,SAT-001,33.6,26.04,14.61,41.02,567.46,-71.18,0.0392,0.097,BATTERY,ANOMALY
2026-03-02 02:37:00,SAT-002,20.77,28.61,6.92,87.65,534.79,-66.56,0.0633,0.083,POWER,NORMAL
2026-03-02 02:38:00,SAT-003,24.94,28.25,6.93,91.35,580.62,-68.06,0.018,0.115,PAYLOAD,NORMAL
2026-03-02 02:39:00,SAT-004,16.91,28.34,5.97,87.85,545.54,-64.19,0.0674,0.088,BATTERY,NORMAL
2026-03-02 02:40:00,INSAT-3D,76.93,27.44,6.97,90.02,534.12,-69.68,0.0359,0.077,THERMAL,ANOMALY
2026-03-02 02:41:00,GSAT-30,25.03,28.64,5.55,86.64,508.78,-64.53,0.055,0.042,POWER,NORMAL
2026-03-02 02:42:00,SAT-001,27.12,28.09,8.26,87.68,579.24,-69.46,0.0495,0.09,THERMAL,NORMAL
2026-03-02 02:43:00,SAT-002,22.09,28.29,5.89,88.03,515.48,-68.54,0.015,0.056,THERMAL,NORMAL
2026-03-02 02:44:00,SAT-003,24.24,21.79,7.53,81.51,252.6,-70.58,0.0339,0.023,POWER,ANOMALY
2026-03-02 02:45:00,SAT-004,25.32,28.1,3.87,80.78,567.12,-61.94,0.0558,0.09,BATTERY,NORMAL
2026-03-02 02:46:00,INSAT-3D,15.0,28.13,5.66,98.56,528.05,-68.09,0.0444,0.041,ATTITUDE,NORMAL
2026-03-02 02:47:00,GSAT-30,26.22,27.86,5.84,84.63,506.21,-69.13,0.0375,0.106,BATTERY,NORMAL
2026-03-02 02:48:00,SAT-001,38.0,26.8,25.76,77.49,514.83,-68.33,0.0477,0.073,POWER,ANOMALY
2026-03-02 02:49:00,SAT-002,30.14,28.94,5.94,88.24,575.53,-64.97,0.0471,0.051,POWER,NORMAL
2026-03-02 02:50:00,SAT-003,28.54,28.26,6.14,80.52,538.87,-66.3,0.0358,0.042,COMMUNICATION,NORMAL
2026-03-02 02:51:00,SAT-004,25.32,28.68,6.05,87.21,546.8,-67.29,0.0466,0.092,BATTERY,NORMAL
2026-03-02 02:52:00,INSAT-3D,22.43,28.16,5.52,85.28,548.14,-111.6,0.0355,0.067,COMMUNICATION,ANOMALY
2026-03-02 02:53:00,GSAT-30,26.49,28.04,6.29,93.54,507.2,-71.99,0.0295,0.045,ATTITUDE,NORMAL
2026-03-02 02:54:00,SAT-001,23.5,28.14,6.46,85.95,502.78,-68.56,0.0473,0.016,THERMAL,NORMAL
2026-03-02 02:55:00,SAT-002,25.47,27.91,5.87,99.5,497.62,-66.88,0.0704,0.072,PAYLOAD,NORMAL
2026-03-02 02:56:00,SAT-003,31.5,27.99,4.92,82.1,507.27,-73.01,0.4144,0.71,ATTITUDE,ANOMALY
2026-03-02 02:57:00,SAT-004,22.92,28.11,7.3,84.26,561.66,-73.12,0.0334,0.074,PAYLOAD,NORMAL
2026-03-02 02:58:00,INSAT-3D,19.0,27.88,6.83,92.3,551.37,-67.06,0.0624,0.09,POWER,NORMAL
2026-03-02 02:59:00,GSAT-30,24.3,28.29,6.09,83.38,492.87,-66.27,0.0612,0.087,PAYLOAD,NORMAL
2026-03-02 03:00:00,SAT-001,27.54,27.73,6.81,74.6,222.36,-64.0,0.0451,10.797,ATTITUDE,ANOMALY
2026-03-02 03:01:00,SAT-002,26.0,27.99,5.55,83.3,537.27,-65.17,0.0631,0.058,COMMUNICATION,NORMAL
2026-03-02 03:02:00,SAT-003,23.65,28.11,6.83,88.81,552.32,-72.87,0.0504,0.047,PAYLOAD,NORMAL
2026-03-02 03:03:00,SAT-004,32.55,28.17,5.34,89.19,556.6,-70.81,0.0244,0.052,PAYLOAD,NORMAL
2026-03-02 03:04:00,INSAT-3D,34.35,24.79,13.92,29.12,533.06,-73.23,0.0513,0.139,BATTERY,ANOMALY
2026-03-02 03:05:00,GSAT-30,23.34,27.93,5.23,91.49,450.96,-71.03,0.0618,0.07,COMMUNICATION,NORMAL
2026-03-02 03:06:00,SAT-001,17.25,28.43,6.31,85.3,571.59,-67.1,0.0296,0.098,ATTITUDE,NORMAL
2026-03-02 03:07:00,SAT-002,22.42,28.77,7.66,90.34,579.86,-74.68,0.0355,0.066,BATTERY,NORMAL
2026-03-02 03:08:00,SAT-003,70.77,27.25,4.46,86.93,546.31,-63.19,0.0371,0.054,THERMAL,ANOMALY
2026-03-02 03:09:00,SAT-004,27.44,28.39,6.7,86.76,515.44,-64.7,0.0476,0.057,ATTITUDE,NORMAL
2026-03-02 03:10:00,INSAT-3D,25.56,28.34,6.55,83.67,456.28,-66.96,0.0432,0.063,COMMUNICATION,NORMAL
2026-03-02 03:11:00,GSAT-30,21.37,27.79,6.06,89.81,573.07,-71.29,0.0523,0.01,PAYLOAD,NORMAL
2026-03-02 03:12:00,SAT-001,23.78,22.97,5.55,79.48,167.1,-67.47,0.0338,0.079,POWER,ANOMALY
2026-03-02 03:13:00,SAT-002,27.18,28.49,6.63,87.81,551.4,-65.44,0.0617,0.035,BATTERY,NORMAL
2026-03-02 03:14:00,SAT-003,26.53,28.27,6.9,91.11,543.3,-66.7,0.0513,0.113,PAYLOAD,NORMAL
2026-03-02 03:15:00,SAT-004,26.09,28.32,6.55,87.11,471.57,-70.75,0.062,0.086,COMMUNICATION,NORMAL
2026-03-02 03:16:00,INSAT-3D,38.0,26.8,25.78,83.87,534.13,-69.32,0.046,0.074,POWER,ANOMALY
2026-03-02 03:17:00,GSAT-30,24.12,27.88,6.06,95.04,556.07,-70.16,0.0521,0.057,POWER,NORMAL
2026-03-02 03:18:00,SAT-001,22.87,28.13,7.41,79.8,589.78,-70.76,0.0554,0.112,PAYLOAD,NORMAL
2026-03-02 03:19:00,SAT-002,22.57,28.05,7.36,96.41,533.53,-67.99,0.0538,0.083,POWER,NORMAL
2026-03-02 03:20:00,SAT-003,26.51,28.18,5.75,83.13,525.99,-112.66,0.0459,0.15,COMMUNICATION,ANOMALY
2026-03-02 03:21:00,SAT-004,22.06,27.93,5.95,91.15,531.82,-69.12,0.0509,0.086,COMMUNICATION,NORMAL
2026-03-02 03:22:00,INSAT-3D,27.0,28.31,6.25,97.28,591.26,-65.24,0.0541,0.062,ATTITUDE,NORMAL
2026-03-02 03:23:00,GSAT-30,29.01,28.19,8.57,85.84,560.69,-69.8,0.0499,0.076,PAYLOAD,NORMAL
2026-03-02 03:24:00,SAT-001,25.25,28.01,6.62,89.18,500.75,-68.15,0.4324,0.7,ATTITUDE,ANOMALY
2026-03-02 03:25:00,SAT-002,18.55,27.8,5.55,87.44,513.24,-66.06,0.0593,0.12,THERMAL,NORMAL
2026-03-02 03:26:00,SAT-003,30.73,28.04,6.48,87.03,539.16,-65.98,0.0277,0.055,POWER,NORMAL
2026-03-02 03:27:00,SAT-004,17.4,27.96,5.68,81.37,503.94,-67.39,0.0529,0.018,POWER,NORMAL
2026-03-02 03:28:00,INSAT-3D,24.4,28.21,5.65,86.18,236.91,-69.35,0.0364,5.839,ATTITUDE,ANOMALY
2026-03-02 03:29:00,GSAT-30,29.81,28.16,6.97,86.16,603.91,-64.77,0.0506,0.01,THERMAL,NORMAL
2026-03-02 03:30:00,SAT-001,29.25,28.31,7.29,90.04,508.58,-65.63,0.0313,0.074,BATTERY,NORMAL
2026-03-02 03:31:00,SAT-002,26.15,28.14,5.17,82.65,507.27,-64.74,0.0432,0.064,POWER,NORMAL
2026-03-02 03:32:00,SAT-003,32.0,25.71,12.36,30.29,544.77,-67.13,0.0328,0.073,BATTERY,ANOMALY
2026-03-02 03:33:00,SAT-004,26.28,28.37,7.42,85.64,578.99,-63.82,0.0605,0.027,POWER,NORMAL
2026-03-02 03:34:00,INSAT-3D,26.67,28.25,5.57,80.81,495.55,-64.41,0.0376,0.07,COMMUNICATION,NORMAL
2026-03-02 03:35:00,GSAT-30,25.9,27.88,5.36,87.14,496.36,-68.4,0.0717,0.065,POWER,NORMAL
2026-03-02 03:36:00,SAT-001,67.44,27.34,6.42,80.06,492.85,-63.93,0.05,0.066,THERMAL,ANOMALY
2026-03-02 03:37:00,SAT-002,30.08,28.26,5.52,85.08,543.6,-69.88,0.0317,0.116,THERMAL,NORMAL
2026-03-02 03:38:00,SAT-003,21.74,28.1,4.72,94.37,532.94,-70.46,0.0528,0.049,POWER,NORMAL
2026-03-02 03:39:00,SAT-004,27.45,28.37,5.67,85.06,593.45,-66.29,0.0368,0.071,ATTITUDE,NORMAL
2026-03-02 03:40:00,INSAT-3D,23.04,19.65,6.3,83.81,153.58,-73.04,0.0446,0.08,POWER,ANOMALY
2026-03-02 03:41:00,GSAT-30,25.48,27.97,5.99,86.28,525.03,-61.99,0.0397,0.056,BATTERY,NORMAL
2026-03-02 03:42:00,SAT-001,26.64,28.63,6.19,88.48,536.04,-71.92,0.0492,0.034,POWER,NORMAL
2026-03-02 03:43:00,SAT-002,23.92,28.12,7.44,88.35,605.74,-66.66,0.0548,0.054,COMMUNICATION,NORMAL
2026-03-02 03:44:00,SAT-003,38.0,26.71,20.29,83.19,487.06,-66.81,0.0456,0.063,POWER,ANOMALY
2026-03-02 03:45:00,SAT-004,27.91,28.72,6.31,94.8,496.09,-70.16,0.0459,0.054,ATTITUDE,NORMAL
2026-03-02 03:46:00,INSAT-3D,24.44,28.64,5.49,81.05,536.45,-64.58,0.0393,0.062,BATTERY,NORMAL
2026-03-02 03:47:00,GSAT-30,22.11,28.02,6.71,83.94,530.4,-66.82,0.042,0.063,ATTITUDE,NORMAL
2026-03-02 03:48:00,SAT-001,22.38,28.63,7.81,86.65,523.04,-106.34,0.0533,0.111,COMMUNICATION,ANOMALY
2026-03-02 03:49:00,SAT-002,25.11,28.6,6.55,91.06,508.11,-70.75,0.0481,0.091,POWER,NORMAL
2026-03-02 03:50:00,SAT-003,31.71,28.1,6.57,88.76,529.84,-70.13,0.0697,0.073,ATTITUDE,NORMAL
2026-03-02 03:51:00,SAT-004,25.71,28.39,6.86,92.86,605.19,-64.76,0.044,0.047,COMMUNICATION,NORMAL
2026-03-02 03:52:00,INSAT-3D,27.29,28.14,7.07,80.69,520.98,-67.97,1.2727,0.681,ATTITUDE,ANOMALY
2026-03-02 03:53:00,GSAT-30,29.7,28.04,5.95,88.08,571.49,-65.25,0.0422,0.035,BATTERY,NORMAL
2026-03-02 03:54:00,SAT-001,28.88,27.92,4.63,93.4,505.09,-66.63,0.0684,0.105,COMMUNICATION,NORMAL
2026-03-02 03:55:00,SAT-002,23.45,28.45,6.03,99.5,537.28,-67.66,0.0513,0.105,ATTITUDE,NORMAL
2026-03-02 03:56:00,SAT-003,26.23,28.35,6.65,81.11,224.35,-65.9,0.0602,6.429,ATTITUDE,ANOMALY
2026-03-02 03:57:00,SAT-004,21.88,28.51,5.8,90.2,562.23,-58.67,0.0418,0.057,COMMUNICATION,NORMAL
2026-03-02 03:58:00,INSAT-3D,21.58,28.75,5.89,95.18,568.3,-70.87,0.04,0.054,POWER,NORMAL
2026-03-02 03:59:00,GSAT-30,27.34,28.12,7.24,90.18,531.47,-67.56,0.0461,0.086,ATTITUDE,NORMAL
2026-03-02 04:00:00,SAT-001,34.07,24.98,14.67,45.93,541.75,-68.3,0.0361,0.046,BATTERY,ANOMALY
2026-03-02 04:01:00,SAT-002,25.39,27.79,6.03,93.89,570.62,-68.43,0.0649,0.137,BATTERY,NORMAL
2026-03-02 04:02:00,SAT-003,29.66,28.67,6.46,90.53,465.34,-61.7,0.0381,0.052,THERMAL,NORMAL
2026-03-02 04:03:00,SAT-004,20.77,28.41,6.3,80.83,534.69,-69.97,0.0469,0.082,PAYLOAD,NORMAL
2026-03-02 04:04:00,INSAT-3D,62.11,27.3,6.96,88.73,519.11,-66.63,0.0477,0.078,THERMAL,ANOMALY
2026-03-02 04:05:00,GSAT-30,29.05,27.64,6.94,87.56,590.47,-70.48,0.0284,0.064,POWER,NORMAL
2026-03-02 04:06:00,SAT-001,27.33,28.32,8.06,83.1,552.47,-66.82,0.0577,0.096,POWER,NORMAL
2026-03-02 04:07:00,SAT-002,32.16,28.26,4.61,85.4,543.39,-62.46,0.0573,0.052,POWER,NORMAL
2026-03-02 04:08:00,SAT-003,33.26,20.86,7.5,79.22,259.13,-72.23,0.0125,0.143,POWER,ANOMALY
2026-03-02 04:09:00,SAT-004,26.22,28.14,6.95,92.41,541.38,-63.22,0.05,0.092,COMMUNICATION,NORMAL
2026-03-02 04:10:00,INSAT-3D,27.55,28.51,5.25,88.12,510.24,-69.2,0.0359,0.095,COMMUNICATION,NORMAL
2026-03-02 04:11:00,GSAT-30,34.24,28.22,7.33,92.27,573.14,-66.73,0.0564,0.039,ATTITUDE,NORMAL
2026-03-02 04:12:00,SAT-001,38.0,26.5,22.54,77.82,514.2,-68.52,0.0468,0.08,POWER,ANOMALY
2026-03-02 04:13:00,SAT-002,27.33,28.41,5.46,81.84,507.22,-67.67,0.0284,0.114,ATTITUDE,NORMAL
2026-03-02 04:14:00,SAT-003,24.18,28.19,7.37,79.25,594.61,-66.69,0.0305,0.108,ATTITUDE,NORMAL
2026-03-02 04:15:00,SAT-004,26.84,28.54,6.9,87.94,495.05,-69.69,0.0641,0.122,ATTITUDE,NORMAL
2026-03-02 04:16:00,INSAT-3D,24.14,27.35,6.33,83.56,522.51,-118.22,0.0538,0.11,COMMUNICATION,ANOMALY
2026-03-02 04:17:00,GSAT-30,27.96,28.41,7.9,89.2,523.06,-67.96,0.043,0.061,ATTITUDE,NORMAL
2026-03-02 04:18:00,SAT-001,24.87,28.52,6.24,79.77,555.05,-70.41,0.0304,0.055,BATTERY,NORMAL
2026-03-02 04:19:00,SAT-002,22.28,28.34,7.79,82.52,537.46,-69.08,0.0467,0.044,ATTITUDE,NORMAL
2026-03-02 04:20:00,SAT-003,26.26,28.57,5.2,89.98,494.15,-67.23,1.5949,0.691,ATTITUDE,ANOMALY
2026-03-02 04:21:00,SAT-004,20.6,28.43,5.83,89.61,527.7,-63.4,0.0503,0.1,COMMUNICATION,NORMAL
2026-03-02 04:22:00,INSAT-3D,27.73,28.57,6.45,85.22,536.4,-71.43,0.0537,0.018,POWER,NORMAL
2026-03-02 04:23:00,GSAT-30,25.58,28.7,4.33,83.92,525.96,-65.42,0.0555,0.054,THERMAL,NORMAL
2026-03-02 04:24:00,SAT-001,28.99,28.08,7.47,79.84,236.84,-69.47,0.0556,12.18,ATTITUDE,ANOMALY
2026-03-02 04:25:00,SAT-002,24.44,28.07,5.85,86.15,492.85,-71.65,0.041,0.127,PAYLOAD,NORMAL
2026-03-02 04:26:00,SAT-003,24.55,28.15,7.16,88.06,551.2,-65.01,0.045,0.104,ATTITUDE,NORMAL
2026-03-02 04:27:00,SAT-004,29.3,28.36,7.5,87.02,544.49,-67.33,0.0521,0.025,COMMUNICATION,NORMAL
2026-03-02 04:28:00,INSAT-3D,34.18,25.5,14.4,25.3,533.84,-66.46,0.0605,0.084,BATTERY,ANOMALY
2026-03-02 04:29:00,GSAT-30,23.57,27.82,6.81,86.32,559.14,-64.25,0.0602,0.049,ATTITUDE,NORMAL
2026-03-02 04:30:00,SAT-001,28.87,28.05,6.05,94.3,527.16,-66.96,0.0444,0.079,THERMAL,NORMAL
2026-03-02 04:31:00,SAT-002,26.1,28.4,6.18,89.12,588.42,-66.58,0.0474,0.051,THERMAL,NORMAL
2026-03-02 04:32:00,SAT-003,83.63,27.5,7.53,85.23,475.51,-73.1,0.0524,0.063,THERMAL,ANOMALY
2026-03-02 04:33:00,SAT-004,26.53,28.23,6.07,87.52,509.71,-68.05,0.038,0.069,PAYLOAD,NORMAL
2026-03-02 04:34:00,INSAT-3D,25.02,28.33,5.17,87.14,522.29,-61.89,0.0284,0.057,COMMUNICATION,NORMAL
2026-03-02 04:35:00,GSAT-30,27.83,28.27,4.79,89.4,543.93,-64.91,0.0518,0.076,BATTERY,NORMAL
2026-03-02 04:36:00,SAT-001,31.87,22.8,6.77,87.28,134.09,-67.95,0.0233,0.053,POWER,ANOMALY
2026-03-02 04:37:00,SAT-002,23.21,28.21,6.55,87.55,507.76,-64.81,0.0675,0.123,THERMAL,NORMAL
2026-03-02 04:38:00,SAT-003,24.53,27.98,5.76,89.33,522.44,-68.73,0.0274,0.114,THERMAL,NORMAL
2026-03-02 04:39:00,SAT-004,22.8,28.33,5.86,86.68,518.93,-72.68,0.0761,0.092,BATTERY,NORMAL
2026-03-02 04:40:00,INSAT-3D,42.42,26.37,25.17,83.02,545.91,-65.02,0.0601,0.079,POWER,ANOMALY
2026-03-02 04:41:00,GSAT-30,24.87,28.13,6.62,91.02,481.9,-67.73,0.0742,0.04,POWER,NORMAL
2026-03-02 04:42:00,SAT-001,28.09,28.48,8.02,95.44,534.68,-70.81,0.0419,0.063,PAYLOAD,NORMAL
2026-03-02 04:43:00,SAT-002,25.69,28.08,7.24,84.04,523.01,-68.02,0.0289,0.133,BATTERY,NORMAL
2026-03-02 04:44:00,SAT-003,26.0,28.45,5.73,88.56,553.9,-122.81,0.064,0.063,COMMUNICATION,ANOMALY
2026-03-02 04:45:00,SAT-004,25.0,28.19,7.3,94.64,523.24,-69.87,0.0288,0.075,PAYLOAD,NORMAL
2026-03-02 04:46:00,INSAT-3D,21.18,28.42,6.07,92.45,525.13,-64.4,0.0496,0.11,ATTITUDE,NORMAL
2026-03-02 04:47:00,GSAT-30,28.54,28.39,5.35,84.36,527.94,-68.2,0.0426,0.102,THERMAL,NORMAL
2026-03-02 04:48:00,SAT-001,26.7,28.02,5.77,80.92,539.9,-68.58,0.7433,0.68,ATTITUDE,ANOMALY
2026-03-02 04:49:00,SAT-002,24.52,28.23,7.39,82.19,571.96,-66.84,0.0424,0.047,THERMAL,NORMAL
2026-03-02 04:50:00,SAT-003,27.69,28.3,6.64,93.65,528.18,-64.78,0.0629,0.089,POWER,NORMAL
2026-03-02 04:51:00,SAT-004,25.39,28.15,7.56,85.93,511.71,-66.79,0.05,0.062,ATTITUDE,NORMAL
2026-03-02 04:52:00,INSAT-3D,23.61,28.63,6.15,77.74,241.1,-65.32,0.0431,9.368,ATTITUDE,ANOMALY
2026-03-02 04:53:00,GSAT-30,36.35,28.62,6.87,81.87,537.41,-66.02,0.054,0.118,ATTITUDE,NORMAL
2026-03-02 04:54:00,SAT-001,30.58,28.01,6.81,88.59,504.86,-69.6,0.0654,0.185,ATTITUDE,NORMAL
2026-03-02 04:55:00,SAT-002,28.27,27.94,7.5,90.32,511.32,-70.21,0.0459,0.145,ATTITUDE,NORMAL
2026-03-02 04:56:00,SAT-003,35.14,25.17,12.59,45.64,572.23,-70.83,0.0388,0.088,BATTERY,ANOMALY
2026-03-02 04:57:00,SAT-004,25.07,28.5,5.62,91.41,511.75,-67.17,0.0468,0.086,BATTERY,NORMAL
2026-03-02 04:58:00,INSAT-3D,23.71,28.08,4.92,90.62,577.88,-63.15,0.0487,0.057,POWER,NORMAL
2026-03-02 04:59:00,GSAT-30,23.71,28.57,6.2,92.0,546.3,-68.17,0.0273,0.068,COMMUNICATION,NORMAL
2026-03-02 05:00:00,SAT-001,59.17,27.5,6.65,91.39,563.82,-70.54,0.045,0.131,THERMAL,ANOMALY
2026-03-02 05:01:00,SAT-002,26.21,28.5,6.12,91.77,563.94,-71.86,0.0627,0.037,COMMUNICATION,NORMAL
2026-03-02 05:02:00,SAT-003,34.53,28.71,4.99,91.28,573.91,-74.37,0.047,0.096,THERMAL,NORMAL
2026-03-02 05:03:00,SAT-004,27.53,28.2,7.95,93.12,505.33,-64.48,0.0481,0.137,PAYLOAD,NORMAL
2026-03-02 05:04:00,INSAT-3D,28.83,20.6,6.84,79.06,129.45,-67.37,0.0313,0.094,POWER,ANOMALY
2026-03-02 05:05:00,GSAT-30,24.79,28.14,6.56,89.33,530.94,-72.69,0.0394,0.046,POWER,NORMAL
2026-03-02 05:06:00,SAT-001,23.09,28.66,5.87,77.76,531.35,-65.46,0.065,0.036,THERMAL,NORMAL
2026-03-02 05:07:00,SAT-002,23.26,28.67,8.32,93.17,566.44,-66.42,0.0553,0.139,PAYLOAD,NORMAL
2026-03-02 05:08:00,SAT-003,38.0,26.6,18.8,87.87,576.96,-66.76,0.0513,0.1,POWER,ANOMALY
2026-03-02 05:09:00,SAT-004,24.86,28.26,6.8,94.5,541.7,-72.98,0.0607,0.036,COMMUNICATION,NORMAL
2026-03-02 05:10:00,INSAT-3D,23.28,28.17,7.0,86.06,513.49,-65.87,0.0294,0.069,BATTERY,NORMAL
2026-03-02 05:11:00,GSAT-30,26.93,28.01,5.3,85.52,565.09,-73.68,0.0433,0.133,COMMUNICATION,NORMAL
2026-03-02 05:12:00,SAT-001,22.6,28.22,8.26,88.16,533.78,-117.65,0.041,0.119,COMMUNICATION,ANOMALY
2026-03-02 05:13:00,SAT-002,23.13,28.62,5.93,91.44,544.23,-69.11,0.0516,0.136,BATTERY,NORMAL
2026-03-02 05:14:00,SAT-003,24.02,28.14,7.16,91.48,549.21,-68.01,0.0323,0.015,ATTITUDE,NORMAL
2026-03-02 05:15:00,SAT-004,17.66,27.85,5.24,83.13,550.01,-71.82,0.034,0.025,ATTITUDE,NORMAL
2026-03-02 05:16:00,INSAT-3D,24.02,28.42,6.48,85.41,529.94,-71.85,1.238,0.687,ATTITUDE,ANOMALY
2026-03-02 05:17:00,GSAT-30,28.28,28.08,6.83,92.7,552.75,-62.99,0.0344,0.065,THERMAL,NORMAL
2026-03-02 05:18:00,SAT-001,30.84,28.09,5.88,88.33,525.49,-66.75,0.0325,0.086,THERMAL,NORMAL
2026-03-02 05:19:00,SAT-002,22.23,28.22,5.81,86.74,549.39,-64.82,0.0485,0.099,THERMAL,NORMAL
2026-03-02 05:20:00,SAT-003,26.03,28.35,7.33,94.4,254.85,-68.17,0.0564,10.428,ATTITUDE,ANOMALY
2026-03-02 05:21:00,SAT-004,21.05,28.34,7.6,92.11,581.88,-69.13,0.0508,0.101,ATTITUDE,NORMAL
2026-03-02 05:22:00,INSAT-3D,24.43,28.11,7.0,89.08,532.42,-70.91,0.0521,0.096,COMMUNICATION,NORMAL
2026-03-02 05:23:00,GSAT-30,29.25,27.97,6.45,97.17,554.54,-63.74,0.057,0.053,THERMAL,NORMAL
2026-03-02 05:24:00,SAT-001,33.93,24.72,13.89,45.27,542.26,-76.81,0.0319,0.014,BATTERY,ANOMALY
2026-03-02 05:25:00,SAT-002,26.01,28.52,5.31,96.45,487.85,-66.88,0.03,0.102,BATTERY,NORMAL
2026-03-02 05:26:00,SAT-003,22.45,28.42,5.84,84.16,464.96,-67.69,0.0374,0.083,POWER,NORMAL
2026-03-02 05:27:00,SAT-004,24.96,28.34,5.33,88.44,553.06,-69.49,0.0496,0.094,THERMAL,NORMAL
2026-03-02 05:28:00,INSAT-3D,80.7,27.5,4.66,75.42,498.97,-67.16,0.0375,0.04,THERMAL,ANOMALY
2026-03-02 05:29:00,GSAT-30,27.23,28.29,8.32,90.27,523.72,-69.68,0.0403,0.035,ATTITUDE,NORMAL
2026-03-02 05:30:00,SAT-001,20.15,28.22,5.63,80.78,505.16,-61.86,0.0595,0.02,COMMUNICATION,NORMAL
2026-03-02 05:31:00,SAT-002,26.26,28.21,5.48,94.19,574.66,-63.39,0.0592,0.08,COMMUNICATION,NORMAL
2026-03-02 05:32:00,SAT-003,27.86,21.25,5.77,78.48,191.59,-67.71,0.0416,0.077,POWER,ANOMALY
2026-03-02 05:33:00,SAT-004,27.52,28.1,5.54,86.24,513.08,-70.8,0.0256,0.082,POWER,NORMAL
2026-03-02 05:34:00,INSAT-3D,21.98,27.79,6.54,86.59,534.48,-65.58,0.033,0.094,BATTERY,NORMAL
2026-03-02 05:35:00,GSAT-30,20.28,28.59,6.34,88.67,480.63,-66.92,0.0589,0.114,THERMAL,NORMAL
2026-03-02 05:36:00,SAT-001,40.0,26.36,26.7,88.34,476.17,-71.36,0.0539,0.106,POWER,ANOMALY
2026-03-02 05:37:00,SAT-002,25.33,28.4,5.69,91.23,569.53,-69.05,0.0452,0.061,THERMAL,NORMAL
2026-03-02 05:38:00,SAT-003,21.69,28.16,7.82,79.15,521.51,-68.44,0.0406,0.065,THERMAL,NORMAL
2026-03-02 05:39:00,SAT-004,22.57,28.3,6.73,90.2,526.84,-67.63,0.0683,0.058,BATTERY,NORMAL
2026-03-02 05:40:00,INSAT-3D,30.81,27.77,5.13,84.26,528.88,-108.45,0.0417,0.092,COMMUNICATION,ANOMALY
2026-03-02 05:41:00,GSAT-30,30.28,28.14,6.42,81.3,532.5,-69.8,0.0539,0.052,BATTERY,NORMAL
2026-03-02 05:42:00,SAT-001,24.39,28.13,5.94,91.78,561.41,-70.62,0.0313,0.043,ATTITUDE,NORMAL
2026-03-02 05:43:00,SAT-002,22.75,28.32,5.97,78.05,572.76,-64.72,0.0671,0.093,ATTITUDE,NORMAL
2026-03-02 05:44:00,SAT-003,25.25,28.45,7.18,93.19,528.66,-68.5,1.1982,0.696,ATTITUDE,ANOMALY
2026-03-02 05:45:00,SAT-004,20.02,28.1,6.07,81.83,517.71,-65.25,0.0749,0.089,COMMUNICATION,NORMAL
2026-03-02 05:46:00,INSAT-3D,26.93,27.95,7.07,94.61,509.23,-68.56,0.0452,0.107,THERMAL,NORMAL
2026-03-02 05:47:00,GSAT-30,20.25,27.86,5.89,91.9,517.88,-68.93,0.0413,0.107,ATTITUDE,NORMAL
2026-03-02 05:48:00,SAT-001,28.68,28.25,7.52,83.09,262.08,-69.82,0.0253,12.41,ATTITUDE,ANOMALY
2026-03-02 05:49:00,SAT-002,31.8,28.29,7.08,87.22,536.97,-64.73,0.065,0.119,ATTITUDE,NORMAL
2026-03-02 05:50:00,SAT-003,24.83,28.19,7.14,94.24,494.45,-66.72,0.0661,0.061,POWER,NORMAL
2026-03-02 05:51:00,SAT-004,21.35,28.02,6.6,92.55,571.32,-68.1,0.0443,0.074,PAYLOAD,NORMAL
2026-03-02 05:52:00,INSAT-3D,35.83,25.42,13.37,29.97,492.79,-65.44,0.0472,0.049,BATTERY,ANOMALY
2026-03-02 05:53:00,GSAT-30,18.28,27.88,5.56,87.66,472.31,-66.2,0.0439,0.049,COMMUNICATION,NORMAL
2026-03-02 05:54:00,SAT-001,21.91,28.14,4.79,89.56,440.03,-68.87,0.056,0.048,ATTITUDE,NORMAL
2026-03-02 05:55:00,SAT-002,23.15,28.03,7.34,87.13,512.98,-66.35,0.0501,0.035,POWER,NORMAL
2026-03-02 05:56:00,SAT-003,71.7,26.89,8.54,83.19,509.7,-69.5,0.0375,0.075,THERMAL,ANOMALY
2026-03-02 05:57:00,SAT-004,22.75,28.13,7.55,96.4,471.01,-68.19,0.0276,0.048,COMMUNICATION,NORMAL
2026-03-02 05:58:00,INSAT-3D,23.93,28.35,5.33,80.63,510.47,-68.67,0.037,0.119,ATTITUDE,NORMAL
2026-03-02 05:59:00,GSAT-30,25.63,28.66,6.52,75.94,576.96,-72.53,0.0478,0.057,BATTERY,NORMAL
2026-03-02 06:00:00,SAT-001,32.43,21.49,5.91,84.36,119.06,-65.41,0.0453,0.049,POWER,ANOMALY
2026-03-02 06:01:00,SAT-002,29.71,28.38,6.91,80.62,520.41,-69.86,0.0457,0.077,THERMAL,NORMAL
2026-03-02 06:02:00,SAT-003,19.88,28.34,6.69,94.48,541.7,-68.65,0.0281,0.079,POWER,NORMAL
2026-03-02 06:03:00,SAT-004,23.93,28.35,4.66,90.16,579.97,-69.58,0.015,0.079,ATTITUDE,NORMAL
2026-03-02 06:04:00,INSAT-3D,38.05,26.8,29.66,83.1,504.31,-71.5,0.047,0.094,POWER,ANOMALY
2026-03-02 06:05:00,GSAT-30,28.05,28.36,6.15,87.34,598.06,-72.01,0.0381,0.114,POWER,NORMAL
2026-03-02 06:06:00,SAT-001,26.77,28.3,6.11,88.24,490.85,-69.75,0.0456,0.058,ATTITUDE,NORMAL
2026-03-02 06:07:00,SAT-002,23.54,27.98,7.67,95.1,506.4,-67.34,0.0266,0.131,THERMAL,NORMAL
2026-03-02 06:08:00,SAT-003,28.28,28.5,6.3,90.87,565.32,-120.15,0.0335,0.093,COMMUNICATION,ANOMALY
2026-03-02 06:09:00,SAT-004,24.56,28.66,6.24,88.53,568.24,-67.99,0.0533,0.064,BATTERY,NORMAL
2026-03-02 06:10:00,INSAT-3D,26.66,28.59,6.06,88.91,509.75,-65.23,0.0534,0.086,BATTERY,NORMAL
2026-03-02 06:11:00,GSAT-30,26.11,28.82,6.55,84.74,482.57,-71.17,0.039,0.066,COMMUNICATION,NORMAL
2026-03-02 06:12:00,SAT-001,25.29,28.08,6.32,82.89,530.55,-70.71,0.5947,0.673,ATTITUDE,ANOMALY
2026-03-02 06:13:00,SAT-002,22.99,28.16,6.06,91.76,572.89,-67.33,0.0595,0.069,POWER,NORMAL
2026-03-02 06:14:00,SAT-003,28.18,27.99,6.83,83.64,517.44,-65.73,0.0554,0.098,ATTITUDE,NORMAL
2026-03-02 06:15:00,SAT-004,34.15,28.41,5.31,84.86,530.63,-70.58,0.0325,0.102,PAYLOAD,NORMAL
2026-03-02 06:16:00,INSAT-3D,24.49,28.31,7.93,82.38,242.21,-71.07,0.0492,7.761,ATTITUDE,ANOMALY
2026-03-02 06:17:00,GSAT-30,25.23,27.54,5.08,88.5,561.56,-67.13,0.0343,0.108,ATTITUDE,NORMAL
2026-03-02 06:18:00,SAT-001,24.24,28.37,6.84,85.84,499.72,-66.91,0.0538,0.076,ATTITUDE,NORMAL
2026-03-02 06:19:00,SAT-002,23.92,28.15,6.97,87.28,581.42,-68.33,0.0308,0.042,BATTERY,NORMAL
2026-03-02 06:20:00,SAT-003,33.98,25.99,14.37,34.81,533.02,-66.18,0.0421,0.085,BATTERY,ANOMALY
2026-03-02 06:21:00,SAT-004,25.07,28.3,6.75,90.49,531.15,-68.55,0.0637,0.083,THERMAL,NORMAL
2026-03-02 06:22:00,INSAT-3D,26.23,28.04,5.83,80.81,500.43,-71.87,0.0482,0.093,PAYLOAD,NORMAL
2026-03-02 06:23:00,GSAT-30,19.97,28.34,5.24,82.23,581.74,-71.59,0.0172,0.099,PAYLOAD,NORMAL
2026-03-02 06:24:00,SAT-001,81.26,27.33,6.25,86.16,507.42,-63.57,0.0302,0.093,THERMAL,ANOMALY
2026-03-02 06:25:00,SAT-002,24.6,28.14,7.16,88.11,503.0,-70.64,0.0411,0.1,PAYLOAD,NORMAL
2026-03-02 06:26:00,SAT-003,27.88,28.37,6.8,89.48,517.14,-66.22,0.04,0.086,ATTITUDE,NORMAL
2026-03-02 06:27:00,SAT-004,24.52,28.4,6.95,81.09,601.24,-72.68,0.0314,0.072,COMMUNICATION,NORMAL
2026-03-02 06:28:00,INSAT-3D,31.77,22.4,6.47,92.16,186.08,-71.54,0.0408,0.121,POWER,ANOMALY
2026-03-02 06:29:00,GSAT-30,22.83,28.47,5.06,87.35,574.38,-73.98,0.0471,0.06,ATTITUDE,NORMAL
2026-03-02 06:30:00,SAT-001,18.85,28.63,6.66,88.63,535.33,-68.93,0.0553,0.037,PAYLOAD,NORMAL
2026-03-02 06:31:00,SAT-002,26.02,28.31,7.19,89.44,552.24,-69.73,0.0368,0.077,BATTERY,NORMAL
2026-03-02 06:32:00,SAT-003,38.0,26.69,31.34,89.4,566.74,-60.29,0.0508,0.085,POWER,ANOMALY
2026-03-02 06:33:00,SAT-004,23.58,28.16,6.1,86.93,558.57,-69.87,0.0572,0.062,THERMAL,NORMAL
2026-03-02 06:34:00,INSAT-3D,26.48,28.44,5.21,90.93,494.92,-65.9,0.0488,0.078,POWER,NORMAL
2026-03-02 06:35:00,GSAT-30,22.27,28.05,7.99,83.94,511.04,-71.13,0.0517,0.084,THERMAL,NORMAL
2026-03-02 06:36:00,SAT-001,29.26,28.4,5.4,80.96,570.96,-102.26,0.0569,0.076,COMMUNICATION,ANOMALY
2026-03-02 06:37:00,SAT-002,21.61,28.12,5.43,85.17,547.03,-66.47,0.0259,0.079,ATTITUDE,NORMAL
2026-03-02 06:38:00,SAT-003,20.96,28.23,6.64,91.79,524.2,-67.91,0.0265,0.077,POWER,NORMAL
2026-03-02 06:39:00,SAT-004,26.41,28.33,6.25,92.6,572.53,-67.79,0.052,0.145,THERMAL,NORMAL
2026-03-02 06:40:00,INSAT-3D,23.53,28.43,6.57,90.23,506.2,-67.4,0.9295,0.627,ATTITUDE,ANOMALY
2026-03-02 06:41:00,GSAT-30,23.7,28.59,6.64,86.03,580.6,-66.66,0.0338,0.136,THERMAL,NORMAL
2026-03-02 06:42:00,SAT-001,26.61,28.09,5.87,82.13,561.93,-69.46,0.0408,0.11,COMMUNICATION,NORMAL
2026-03-02 06:43:00,SAT-002,21.34,27.95,6.61,94.72,545.66,-72.85,0.0532,0.062,BATTERY,NORMAL
2026-03-02 06:44:00,SAT-003,29.36,28.09,7.42,82.91,229.2,-73.75,0.0384,11.998,ATTITUDE,ANOMALY
2026-03-02 06:45:00,SAT-004,29.96,27.8,6.81,96.17,547.34,-65.94,0.0477,0.109,ATTITUDE,NORMAL
2026-03-02 06:46:00,INSAT-3D,23.17,27.67,5.45,79.55,552.29,-64.37,0.0337,0.053,PAYLOAD,NORMAL
2026-03-02 06:47:00,GSAT-30,28.95,28.61,4.77,86.91,584.45,-69.19,0.0545,0.106,THERMAL,NORMAL
2026-03-02 06:48:00,SAT-001,32.67,25.02,12.38,45.74,481.25,-64.12,0.0519,0.046,BATTERY,ANOMALY
2026-03-02 06:49:00,SAT-002,28.41,27.87,6.29,85.7,510.2,-63.77,0.0473,0.036,PAYLOAD,NORMAL
2026-03-02 06:50:00,SAT-003,22.39,28.49,4.27,88.32,527.28,-70.77,0.0486,0.094,COMMUNICATION,NORMAL
2026-03-02 06:51:00,SAT-004,25.12,28.24,4.28,88.08,531.23,-66.83,0.0372,0.069,POWER,NORMAL
2026-03-02 06:52:00,INSAT-3D,67.07,27.5,5.44,87.57,566.6,-65.92,0.0565,0.064,THERMAL,ANOMALY
2026-03-02 06:53:00,GSAT-30,23.5,28.5,5.09,89.5,555.75,-70.13,0.047,0.058,ATTITUDE,NORMAL
2026-03-02 06:54:00,SAT-001,25.6,28.02,5.58,83.64,485.17,-63.17,0.0425,0.039,POWER,NORMAL
2026-03-02 06:55:00,SAT-002,26.33,28.07,6.22,91.7,532.92,-70.81,0.0414,0.122,ATTITUDE,NORMAL
2026-03-02 06:56:00,SAT-003,31.06,20.56,7.37,86.25,164.17,-69.65,0.0273,0.098,POWER,ANOMALY
2026-03-02 06:57:00,SAT-004,22.3,28.06,6.98,90.1,565.48,-73.26,0.037,0.125,POWER,NORMAL
2026-03-02 06:58:00,INSAT-3D,21.52,28.16,7.13,86.57,589.22,-65.81,0.0507,0.075,PAYLOAD,NORMAL
2026-03-02 06:59:00,GSAT-30,27.78,28.17,7.56,91.15,490.28,-69.28,0.0537,0.125,PAYLOAD,NORMAL
2026-03-02 07:00:00,SAT-001,45.08,26.71,25.9,81.94,503.38,-73.06,0.0489,0.118,POWER,ANOMALY
2026-03-02 07:01:00,SAT-002,29.28,28.94,5.53,75.88,551.98,-64.75,0.0264,0.105,THERMAL,NORMAL
2026-03-02 07:02:00,SAT-003,28.28,27.82,4.57,88.32,562.15,-70.04,0.0378,0.099,COMMUNICATION,NORMAL
2026-03-02 07:03:00,SAT-004,27.88,28.2,7.27,93.71,590.23,-63.62,0.0467,0.045,POWER,NORMAL
2026-03-02 07:04:00,INSAT-3D,22.84,27.57,5.63,85.34,513.21,-113.9,0.0499,0.071,COMMUNICATION,ANOMALY
2026-03-02 07:05:00,GSAT-30,26.56,28.43,7.12,89.35,572.11,-70.03,0.0574,0.06,POWER,NORMAL
2026-03-02 07:06:00,SAT-001,24.82,28.49,5.81,92.54,582.3,-70.32,0.0369,0.101,COMMUNICATION,NORMAL
2026-03-02 07:07:00,SAT-002,30.48,28.37,6.12,90.41,542.52,-69.0,0.0384,0.028,PAYLOAD,NORMAL
2026-03-02 07:08:00,SAT-003,23.77,28.19,4.34,82.43,557.62,-63.97,0.7014,0.663,ATTITUDE,ANOMALY
2026-03-02 07:09:00,SAT-004,15.85,28.68,6.79,86.09,561.2,-66.74,0.0509,0.054,ATTITUDE,NORMAL
2026-03-02 07:10:00,INSAT-3D,18.48,28.19,5.81,89.79,563.21,-66.34,0.0252,0.079,THERMAL,NORMAL
2026-03-02 07:11:00,GSAT-30,29.72,27.97,5.54,76.79,590.42,-65.33,0.041,0.098,ATTITUDE,NORMAL
2026-03-02 07:12:00,SAT-001,19.32,28.34,5.81,93.37,243.46,-67.61,0.0368,4.606,ATTITUDE,ANOMALY
2026-03-02 07:13:00,SAT-002,22.7,28.28,6.24,84.99,556.79,-64.17,0.0665,0.102,COMMUNICATION,NORMAL
2026-03-02 07:14:00,SAT-003,21.33,28.26,5.68,88.45,563.32,-60.92,0.0688,0.087,POWER,NORMAL
2026-03-02 07:15:00,SAT-004,27.34,28.47,7.66,87.89,521.76,-66.16,0.0313,0.06,POWER,NORMAL
2026-03-02 07:16:00,INSAT-3D,37.5,24.65,13.43,34.75,531.46,-64.57,0.0563,0.083,BATTERY,ANOMALY
2026-03-02 07:17:00,GSAT-30,26.93,28.26,5.06,85.55,538.24,-67.84,0.053,0.086,ATTITUDE,NORMAL
2026-03-02 07:18:00,SAT-001,30.47,27.99,6.57,93.23,540.39,-74.85,0.048,0.103,BATTERY,NORMAL
2026-03-02 07:19:00,SAT-002,27.15,27.77,5.28,83.79,581.9,-66.79,0.0418,0.066,POWER,NORMAL
2026-03-02 07:20:00,SAT-003,71.09,27.22,7.09,83.93,568.79,-70.83,0.0437,0.052,THERMAL,ANOMALY
2026-03-02 07:21:00,SAT-004,23.96,27.95,6.15,89.03,497.95,-72.01,0.0504,0.068,BATTERY,NORMAL
2026-03-02 07:22:00,INSAT-3D,24.66,28.13,6.33,96.75,584.59,-69.01,0.0537,0.1,ATTITUDE,NORMAL
2026-03-02 07:23:00,GSAT-30,23.85,28.27,4.88,87.57,558.39,-70.23,0.0272,0.086,THERMAL,NORMAL
2026-03-02 07:24:00,SAT-001,32.62,19.9,5.95,84.0,165.07,-72.96,0.0527,0.066,POWER,ANOMALY
2026-03-02 07:25:00,SAT-002,20.06,28.05,6.55,80.38,611.66,-69.07,0.0464,0.09,POWER,NORMAL
2026-03-02 07:26:00,SAT-003,18.01,28.22,6.34,94.31,553.98,-68.45,0.0336,0.125,THERMAL,NORMAL
2026-03-02 07:27:00,SAT-004,27.79,28.23,5.58,85.6,580.43,-69.77,0.0472,0.057,COMMUNICATION,NORMAL
2026-03-02 07:28:00,INSAT-3D,38.0,26.38,22.71,82.61,478.8,-66.04,0.0511,0.082,POWER,ANOMALY
2026-03-02 07:29:00,GSAT-30,24.23,27.97,6.08,94.96,524.38,-65.1,0.0353,0.103,PAYLOAD,NORMAL
2026-03-02 07:30:00,SAT-001,26.86,28.04,4.85,90.03,513.29,-63.65,0.0228,0.086,THERMAL,NORMAL
2026-03-02 07:31:00,SAT-002,26.46,28.12,7.34,90.66,544.36,-66.81,0.0404,0.043,BATTERY,NORMAL
2026-03-02 07:32:00,SAT-003,28.88,28.18,5.09,87.54,531.23,-104.04,0.0477,0.045,COMMUNICATION,ANOMALY
2026-03-02 07:33:00,SAT-004,21.61,27.94,5.91,92.51,465.8,-70.81,0.0469,0.119,COMMUNICATION,NORMAL
2026-03-02 07:34:00,INSAT-3D,25.86,27.99,7.63,86.04,568.15,-64.75,0.0451,0.047,COMMUNICATION,NORMAL
2026-03-02 07:35:00,GSAT-30,23.88,28.26,5.99,90.27,551.31,-71.58,0.0513,0.051,COMMUNICATION,NORMAL
2026-03-02 07:36:00,SAT-001,23.01,28.19,6.71,88.07,465.31,-65.63,1.4891,0.658,ATTITUDE,ANOMALY
2026-03-02 07:37:00,SAT-002,15.0,27.89,7.13,84.99,536.99,-68.35,0.0536,0.068,ATTITUDE,NORMAL
2026-03-02 07:38:00,SAT-003,18.32,28.15,5.03,87.19,541.22,-64.64,0.0269,0.107,COMMUNICATION,NORMAL
2026-03-02 07:39:00,SAT-004,22.61,28.43,6.28,85.86,495.12,-71.57,0.0552,0.094,BATTERY,NORMAL
2026-03-02 07:40:00,INSAT-3D,22.49,27.84,8.18,87.32,254.83,-63.52,0.0357,9.43,ATTITUDE,ANOMALY
2026-03-02 07:41:00,GSAT-30,24.29,28.38,3.85,94.68,552.38,-65.85,0.04,0.028,BATTERY,NORMAL
2026-03-02 07:42:00,SAT-001,29.77,28.48,6.15,83.23,529.59,-66.67,0.0528,0.112,COMMUNICATION,NORMAL
2026-03-02 07:43:00,SAT-002,22.42,28.23,6.05,88.18,557.12,-68.59,0.0493,0.075,ATTITUDE,NORMAL
2026-03-02 07:44:00,SAT-003,32.04,25.64,14.08,32.42,561.11,-67.99,0.0473,0.075,BATTERY,ANOMALY
2026-03-02 07:45:00,SAT-004,24.47,28.26,6.77,85.1,532.34,-68.93,0.0604,0.08,COMMUNICATION,NORMAL
2026-03-02 07:46:00,INSAT-3D,31.25,28.3,6.7,93.82,506.24,-68.5,0.0741,0.078,ATTITUDE,NORMAL
2026-03-02 07:47:00,GSAT-30,26.59,28.63,5.37,91.88,559.15,-68.69,0.0423,0.108,POWER,NORMAL
2026-03-02 07:48:00,SAT-001,77.57,26.97,7.95,90.71,521.55,-70.37,0.0561,0.095,THERMAL,ANOMALY
2026-03-02 07:49:00,SAT-002,25.35,28.59,7.35,79.46,547.65,-67.98,0.0601,0.079,ATTITUDE,NORMAL
2026-03-02 07:50:00,SAT-003,26.25,28.77,6.08,89.82,571.31,-69.26,0.0546,0.08,BATTERY,NORMAL
2026-03-02 07:51:00,SAT-004,24.66,28.42,5.77,90.15,510.86,-62.65,0.0502,0.059,BATTERY,NORMAL
2026-03-02 07:52:00,INSAT-3D,31.2,22.07,5.95,84.34,145.85,-71.41,0.0571,0.053,POWER,ANOMALY
2026-03-02 07:53:00,GSAT-30,20.88,28.16,5.77,92.68,461.61,-72.33,0.0437,0.127,BATTERY,NORMAL
2026-03-02 07:54:00,SAT-001,25.6,28.17,5.82,83.14,568.46,-67.37,0.0551,0.057,COMMUNICATION,NORMAL
2026-03-02 07:55:00,SAT-002,24.74,27.89,4.66,87.09,529.89,-70.39,0.0557,0.046,PAYLOAD,NORMAL
2026-03-02 07:56:00,SAT-003,38.0,26.8,18.51,86.62,529.71,-67.27,0.0538,0.09,POWER,ANOMALY
2026-03-02 07:57:00,SAT-004,26.28,28.33,7.32,84.86,487.91,-67.4,0.0279,0.154,THERMAL,NORMAL
2026-03-02 07:58:00,INSAT-3D,25.72,28.46,6.53,87.71,513.62,-70.58,0.0359,0.128,BATTERY,NORMAL
2026-03-02 07:59:00,GSAT-30,28.37,27.95,7.12,91.4,512.9,-67.25,0.0595,0.096,ATTITUDE,NORMAL
2026-03-02 08:00:00,SAT-001,26.44,28.39,7.07,82.47,534.7,-121.66,0.0463,0.058,COMMUNICATION,ANOMALY
2026-03-02 08:01:00,SAT-002,28.06,28.18,6.17,84.53,589.33,-64.88,0.0436,0.061,PAYLOAD,NORMAL
2026-03-02 08:02:00,SAT-003,26.41,28.23,7.9,79.48,488.17,-66.55,0.0558,0.108,BATTERY,NORMAL
2026-03-02 08:03:00,SAT-004,20.62,28.28,6.84,80.61,562.68,-65.31,0.0406,0.075,COMMUNICATION,NORMAL
2026-03-02 08:04:00,INSAT-3D,20.64,28.17,5.28,81.55,517.93,-71.47,1.0224,0.644,ATTITUDE,ANOMALY
2026-03-02 08:05:00,GSAT-30,29.43,28.1,5.89,85.88,435.63,-66.48,0.0437,0.082,THERMAL,NORMAL
2026-03-02 08:06:00,SAT-001,28.26,27.94,6.37,90.39,502.31,-65.88,0.0742,0.121,THERMAL,NORMAL
2026-03-02 08:07:00,SAT-002,22.87,28.3,4.99,93.28,488.51,-68.66,0.0479,0.111,POWER,NORMAL
2026-03-02 08:08:00,SAT-003,26.32,28.39,6.48,84.84,239.65,-68.57,0.0281,4.294,ATTITUDE,ANOMALY
2026-03-02 08:09:00,SAT-004,24.45,28.12,5.51,85.53,529.26,-67.98,0.0497,0.075,BATTERY,NORMAL
2026-03-02 08:10:00,INSAT-3D,34.09,27.92,5.79,90.59,552.63,-66.44,0.0397,0.087,ATTITUDE,NORMAL
2026-03-02 08:11:00,GSAT-30,23.35,28.12,5.48,76.0,591.63,-69.47,0.0244,0.085,BATTERY,NORMAL
2026-03-02 08:12:00,SAT-001,36.35,25.67,10.62,43.07,598.45,-72.23,0.0287,0.071,BATTERY,ANOMALY
2026-03-02 08:13:00,SAT-002,21.25,28.16,6.44,84.02,509.23,-68.41,0.0546,0.099,POWER,NORMAL
2026-03-02 08:14:00,SAT-003,24.51,28.53,4.92,89.06,554.25,-69.24,0.0524,0.1,BATTERY,NORMAL
2026-03-02 08:15:00,SAT-004,24.94,27.65,5.83,85.65,555.77,-69.57,0.0255,0.087,POWER,NORMAL
2026-03-02 08:16:00,INSAT-3D,76.17,27.18,6.57,76.1,548.61,-68.55,0.0423,0.109,THERMAL,ANOMALY
2026-03-02 08:17:00,GSAT-30,26.72,28.58,6.49,84.58,555.23,-62.54,0.042,0.059,COMMUNICATION,NORMAL
2026-03-02 08:18:00,SAT-001,25.16,28.09,5.14,90.15,516.37,-70.64,0.0543,0.126,COMMUNICATION,NORMAL
2026-03-02 08:19:00,SAT-002,27.28,28.37,5.71,94.14,501.67,-71.79,0.0393,0.051,ATTITUDE,NORMAL
2026-03-02 08:20:00,SAT-003,27.82,19.79,7.4,80.92,222.92,-65.07,0.0332,0.05,POWER,ANOMALY
2026-03-02 08:21:00,SAT-004,23.83,28.23,7.32,87.7,572.82,-66.04,0.0365,0.099,THERMAL,NORMAL
2026-03-02 08:22:00,INSAT-3D,21.9,28.11,5.35,81.05,557.41,-67.9,0.0453,0.108,PAYLOAD,NORMAL
2026-03-02 08:23:00,GSAT-30,25.44,28.31,5.73,84.34,497.75,-67.48,0.0333,0.047,ATTITUDE,NORMAL
2026-03-02 08:24:00,SAT-001,39.98,26.51,19.03,78.48,557.35,-68.32,0.041,0.085,POWER,ANOMALY
2026-03-02 08:25:00,SAT-002,20.27,28.26,6.54,88.89,516.03,-70.43,0.0505,0.06,BATTERY,NORMAL
2026-03-02 08:26:00,SAT-003,21.86,28.03,6.46,99.5,565.49,-69.0,0.0399,0.06,ATTITUDE,NORMAL
2026-03-02 08:27:00,SAT-004,32.12,28.41,6.75,83.98,561.96,-67.35,0.0512,0.059,COMMUNICATION,NORMAL
2026-03-02 08:28:00,INSAT-3D,26.38,27.95,4.78,89.99,484.93,-105.84,0.0483,0.09,COMMUNICATION,ANOMALY
2026-03-02 08:29:00,GSAT-30,25.15,28.16,5.7,79.09,549.51,-67.66,0.0514,0.082,COMMUNICATION,NORMAL
2026-03-02 08:30:00,SAT-001,27.56,28.13,7.14,83.58,590.51,-67.36,0.0441,0.037,ATTITUDE,NORMAL
2026-03-02 08:31:00,SAT-002,23.3,28.1,6.41,92.99,566.76,-67.47,0.0647,0.1,THERMAL,NORMAL
2026-03-02 08:32:00,SAT-003,28.41,28.15,6.19,86.88,557.19,-67.48,1.0601,0.641,ATTITUDE,ANOMALY
2026-03-02 08:33:00,SAT-004,28.14,28.13,5.79,89.5,557.8,-65.22,0.0621,0.116,PAYLOAD,NORMAL
2026-03-02 08:34:00,INSAT-3D,24.25,28.31,6.19,93.07,524.32,-66.14,0.0488,0.071,BATTERY,NORMAL
2026-03-02 08:35:00,GSAT-30,23.18,28.61,6.44,88.47,553.59,-59.06,0.0314,0.055,BATTERY,NORMAL
2026-03-02 08:36:00,SAT-001,21.86,28.13,6.7,82.67,231.21,-67.57,0.04,9.297,ATTITUDE,ANOMALY
2026-03-02 08:37:00,SAT-002,22.24,28.48,5.48,91.86,573.15,-68.52,0.0444,0.071,PAYLOAD,NORMAL
2026-03-02 08:38:00,SAT-003,22.3,28.1,5.78,91.66,552.14,-65.91,0.0311,0.123,POWER,NORMAL
2026-03-02 08:39:00,SAT-004,23.69,28.29,7.25,79.66,490.36,-68.25,0.0472,0.052,THERMAL,NORMAL
2026-03-02 08:40:00,INSAT-3D,35.04,25.89,12.5,23.02,519.71,-69.08,0.0463,0.113,BATTERY,ANOMALY
2026-03-02 08:41:00,GSAT-30,26.57,27.85,6.44,89.37,547.56,-67.5,0.0462,0.017,COMMUNICATION,NORMAL
2026-03-02 08:42:00,SAT-001,22.36,27.85,6.6,91.07,552.74,-68.71,0.0483,0.064,POWER,NORMAL
2026-03-02 08:43:00,SAT-002,22.5,28.34,5.43,87.05,551.33,-70.99,0.0293,0.095,POWER,NORMAL
2026-03-02 08:44:00,SAT-003,72.9,27.38,6.13,85.78,531.66,-67.27,0.0197,0.048,THERMAL,ANOMALY
2026-03-02 08:45:00,SAT-004,28.75,28.17,6.73,84.8,556.82,-69.44,0.0352,0.087,POWER,NORMAL
2026-03-02 08:46:00,INSAT-3D,31.97,28.37,6.52,91.25,538.66,-64.24,0.0381,0.109,PAYLOAD,NORMAL
2026-03-02 08:47:00,GSAT-30,21.44,28.46,6.23,84.4,555.84,-69.82,0.03,0.111,ATTITUDE,NORMAL
2026-03-02 08:48:00,SAT-001,29.5,20.02,5.27,94.25,203.46,-64.18,0.048,0.083,POWER,ANOMALY
2026-03-02 08:49:00,SAT-002,20.0,28.33,4.99,87.92,525.29,-67.33,0.059,0.121,PAYLOAD,NORMAL
2026-03-02 08:50:00,SAT-003,28.07,28.13,5.33,91.08,576.91,-69.98,0.0483,0.067,POWER,NORMAL
2026-03-02 08:51:00,SAT-004,18.92,28.3,6.3,94.09,506.43,-65.88,0.0507,0.087,ATTITUDE,NORMAL
2026-03-02 08:52:00,INSAT-3D,38.0,26.47,24.97,82.49,567.8,-67.59,0.0529,0.036,POWER,ANOMALY
2026-03-02 08:53:00,GSAT-30,23.2,27.94,5.14,92.93,544.21,-67.36,0.0351,0.036,POWER,NORMAL
2026-03-02 08:54:00,SAT-001,22.91,28.53,5.92,83.29,548.09,-70.68,0.036,0.101,BATTERY,NORMAL
2026-03-02 08:55:00,SAT-002,28.88,28.17,5.79,94.71,517.09,-66.11,0.0443,0.025,COMMUNICATION,NORMAL
2026-03-02 08:56:00,SAT-003,29.39,27.37,4.91,87.64,545.81,-110.17,0.0465,0.004,COMMUNICATION,ANOMALY
2026-03-02 08:57:00,SAT-004,23.72,27.82,6.99,80.39,558.88,-62.96,0.0681,0.071,COMMUNICATION,NORMAL
2026-03-02 08:58:00,INSAT-3D,28.78,27.66,5.8,79.2,530.02,-69.42,0.046,0.062,BATTERY,NORMAL
2026-03-02 08:59:00,GSAT-30,29.4,27.83,5.81,85.37,538.04,-67.73,0.0503,0.023,THERMAL,NORMAL
2026-03-02 09:00:00,SAT-001,26.52,28.27,6.56,84.11,427.41,-66.3,1.7241,0.698,ATTITUDE,ANOMALY
2026-03-02 09:01:00,SAT-002,23.46,28.65,6.21,86.46,540.59,-66.94,0.0529,0.073,COMMUNICATION,NORMAL
2026-03-02 09:02:00,SAT-003,27.61,27.95,6.48,86.95,578.03,-67.75,0.0558,0.062,COMMUNICATION,NORMAL
2026-03-02 09:03:00,SAT-004,23.74,28.05,5.8,88.21,547.14,-66.71,0.0659,0.034,POWER,NORMAL
2026-03-02 09:04:00,INSAT-3D,22.38,27.47,5.83,82.78,229.07,-71.42,0.0459,8.317,ATTITUDE,ANOMALY
2026-03-02 09:05:00,GSAT-30,24.35,28.64,6.95,90.18,516.17,-64.93,0.0261,0.075,PAYLOAD,NORMAL
2026-03-02 09:06:00,SAT-001,23.1,27.81,6.81,89.84,536.11,-68.75,0.0686,0.114,POWER,NORMAL
2026-03-02 09:07:00,SAT-002,22.19,28.61,6.0,75.79,582.35,-68.92,0.0228,0.07,COMMUNICATION,NORMAL
2026-03-02 09:08:00,SAT-003,36.06,24.74,14.35,41.31,531.4,-70.1,0.0296,0.107,BATTERY,ANOMALY
2026-03-02 09:09:00,SAT-004,22.12,28.06,6.86,89.06,508.99,-73.62,0.0308,0.027,COMMUNICATION,NORMAL
2026-03-02 09:10:00,INSAT-3D,30.73,28.41,5.46,87.64,510.8,-68.19,0.0575,0.1,THERMAL,NORMAL
2026-03-02 09:11:00,GSAT-30,27.95,28.38,6.2,85.7,519.9,-67.89,0.0477,0.077,COMMUNICATION,NORMAL
2026-03-02 09:12:00,SAT-001,61.53,27.31,6.08,85.08,606.08,-66.71,0.0576,0.059,THERMAL,ANOMALY
2026-03-02 09:13:00,SAT-002,25.34,27.99,6.57,86.19,604.06,-69.52,0.0292,0.114,COMMUNICATION,NORMAL
2026-03-02 09:14:00,SAT-003,26.1,27.81,6.3,91.63,527.33,-72.68,0.0389,0.076,POWER,NORMAL
2026-03-02 09:15:00,SAT-004,26.04,28.24,5.9,95.95,552.55,-69.23,0.0355,0.078,POWER,NORMAL
2026-03-02 09:16:00,INSAT-3D,23.07,21.45,5.05,84.3,123.39,-66.97,0.0378,0.1,POWER,ANOMALY
2026-03-02 09:17:00,GSAT-30,19.86,28.59,5.27,84.81,572.12,-71.58,0.0368,0.074,ATTITUDE,NORMAL
2026-03-02 09:18:00,SAT-001,32.48,28.42,6.77,97.58,551.12,-64.9,0.047,0.105,PAYLOAD,NORMAL
2026-03-02 09:19:00,SAT-002,28.53,28.56,5.92,86.29,610.43,-66.21,0.044,0.095,POWER,NORMAL
2026-03-02 09:20:00,SAT-003,38.0,26.79,22.09,89.17,500.45,-66.93,0.0333,0.136,POWER,ANOMALY
2026-03-02 09:21:00,SAT-004,34.72,28.07,6.28,79.52,538.14,-62.98,0.0535,0.029,COMMUNICATION,NORMAL
2026-03-02 09:22:00,INSAT-3D,21.09,28.59,4.77,82.96,531.36,-72.68,0.0583,0.106,THERMAL,NORMAL
2026-03-02 09:23:00,GSAT-30,16.52,27.77,6.64,90.34,537.47,-65.97,0.0518,0.08,COMMUNICATION,NORMAL
2026-03-02 09:24:00,SAT-001,26.8,27.26,6.39,84.76,587.38,-113.02,0.0446,0.123,COMMUNICATION,ANOMALY
2026-03-02 09:25:00,SAT-002,23.4,27.54,5.7,92.66,541.62,-70.77,0.0622,0.084,POWER,NORMAL
2026-03-02 09:26:00,SAT-003,24.69,28.51,6.13,94.0,543.78,-67.96,0.0415,0.109,POWER,NORMAL
2026-03-02 09:27:00,SAT-004,26.28,28.21,6.74,91.03,590.8,-71.6,0.0263,0.078,BATTERY,NORMAL
2026-03-02 09:28:00,INSAT-3D,23.62,28.46,5.65,82.25,520.03,-62.7,0.5702,0.646,ATTITUDE,ANOMALY
2026-03-02 09:29:00,GSAT-30,17.24,28.02,6.77,82.72,505.67,-65.15,0.0506,0.091,PAYLOAD,NORMAL
2026-03-02 09:30:00,SAT-001,27.26,28.25,6.74,79.46,544.01,-67.31,0.043,0.062,THERMAL,NORMAL
2026-03-02 09:31:00,SAT-002,29.09,28.15,6.8,86.45,559.0,-61.02,0.0313,0.057,ATTITUDE,NORMAL
2026-03-02 09:32:00,SAT-003,23.3,28.83,6.49,89.44,202.81,-66.88,0.0414,5.413,ATTITUDE,ANOMALY
2026-03-02 09:33:00,SAT-004,30.53,28.62,7.4,91.81,530.3,-67.3,0.04,0.087,COMMUNICATION,NORMAL
2026-03-02 09:34:00,INSAT-3D,24.86,28.81,6.83,95.65,568.75,-68.3,0.0449,0.106,POWER,NORMAL
2026-03-02 09:35:00,GSAT-30,24.54,28.22,4.18,88.08,476.05,-71.66,0.029,0.049,PAYLOAD,NORMAL
2026-03-02 09:36:00,SAT-001,32.85,24.99,12.0,47.26,472.97,-67.75,0.0482,0.07,BATTERY,ANOMALY
2026-03-02 09:37:00,SAT-002,19.03,28.31,7.44,94.12,533.78,-65.56,0.0244,0.088,PAYLOAD,NORMAL
2026-03-02 09:38:00,SAT-003,26.88,28.61,7.73,87.35,506.07,-68.81,0.0822,0.033,PAYLOAD,NORMAL
2026-03-02 09:39:00,SAT-004,21.14,27.96,6.89,87.67,569.1,-60.01,0.0448,0.037,ATTITUDE,NORMAL
2026-03-02 09:40:00,INSAT-3D,81.51,27.5,7.37,81.77,520.88,-65.67,0.0498,0.104,THERMAL,ANOMALY
2026-03-02 09:41:00,GSAT-30,25.79,28.32,5.62,85.11,513.39,-70.6,0.0533,0.045,ATTITUDE,NORMAL
2026-03-02 09:42:00,SAT-001,19.66,27.77,7.05,87.16,531.51,-67.83,0.0642,0.083,THERMAL,NORMAL
2026-03-02 09:43:00,SAT-002,24.44,28.04,6.66,79.8,464.96,-60.23,0.0353,0.068,POWER,NORMAL
2026-03-02 09:44:00,SAT-003,27.63,20.88,7.21,89.69,188.84,-64.19,0.0501,0.091,POWER,ANOMALY
2026-03-02 09:45:00,SAT-004,22.75,28.33,5.84,85.45,517.03,-65.44,0.0473,0.123,THERMAL,NORMAL
2026-03-02 09:46:00,INSAT-3D,25.75,28.31,7.19,89.6,593.86,-65.27,0.0387,0.119,BATTERY,NORMAL
2026-03-02 09:47:00,GSAT-30,27.05,28.31,5.27,89.49,611.12,-65.97,0.0417,0.119,POWER,NORMAL
2026-03-02 09:48:00,SAT-001,44.6,26.8,25.01,88.08,570.46,-74.19,0.0544,0.074,POWER,ANOMALY
2026-03-02 09:49:00,SAT-002,26.2,28.29,6.77,90.24,508.53,-68.79,0.0449,0.117,ATTITUDE,NORMAL
2026-03-02 09:50:00,SAT-003,28.89,28.42,7.16,82.8,502.45,-66.54,0.044,0.088,POWER,NORMAL
2026-03-02 09:51:00,SAT-004,31.13,28.18,4.97,82.03,541.53,-67.58,0.0686,0.049,PAYLOAD,NORMAL
2026-03-02 09:52:00,INSAT-3D,26.12,27.88,6.11,93.42,495.91,-120.51,0.0489,0.079,COMMUNICATION,ANOMALY
2026-03-02 09:53:00,GSAT-30,22.61,28.25,5.98,83.61,564.75,-66.45,0.055,0.075,BATTERY,NORMAL
2026-03-02 09:54:00,SAT-001,20.16,27.8,7.85,85.35,533.5,-71.34,0.0564,0.057,ATTITUDE,NORMAL
2026-03-02 09:55:00,SAT-002,25.82,28.3,6.08,83.28,571.55,-73.29,0.0544,0.114,POWER,NORMAL
2026-03-02 09:56:00,SAT-003,33.01,27.97,6.05,85.27,529.36,-65.5,1.6086,0.669,ATTITUDE,ANOMALY
2026-03-02 09:57:00,SAT-004,20.57,28.14,6.64,82.67,416.07,-63.66,0.0448,0.042,COMMUNICATION,NORMAL
2026-03-02 09:58:00,INSAT-3D,24.91,28.19,5.68,83.46,505.03,-68.76,0.0538,0.054,THERMAL,NORMAL
2026-03-02 09:59:00,GSAT-30,25.18,28.0,6.35,92.7,561.73,-59.77,0.0364,0.088,COMMUNICATION,NORMAL
2026-03-02 10:00:00,SAT-001,30.65,28.65,4.94,84.98,258.54,-59.33,0.052,8.65,ATTITUDE,ANOMALY
2026-03-02 10:01:00,SAT-002,19.57,28.43,6.02,88.84,482.13,-66.49,0.0294,0.096,COMMUNICATION,NORMAL
2026-03-02 10:02:00,SAT-003,22.85,27.79,7.03,86.29,556.32,-63.73,0.0476,0.077,THERMAL,NORMAL
2026-03-02 10:03:00,SAT-004,20.99,28.25,6.9,81.38,547.19,-66.38,0.0427,0.078,POWER,NORMAL
2026-03-02 10:04:00,INSAT-3D,32.0,24.72,12.52,23.6,591.94,-68.62,0.0482,0.119,BATTERY,ANOMALY
2026-03-02 10:05:00,GSAT-30,22.75,28.41,6.7,86.8,566.11,-64.32,0.0552,0.048,BATTERY,NORMAL
2026-03-02 10:06:00,SAT-001,24.56,28.28,5.45,87.06,557.25,-68.98,0.0607,0.035,ATTITUDE,NORMAL
2026-03-02 10:07:00,SAT-002,22.68,28.57,5.89,84.02,556.7,-71.6,0.0286,0.051,POWER,NORMAL
2026-03-02 10:08:00,SAT-003,62.95,27.5,5.46,86.84,555.25,-63.67,0.0401,0.068,THERMAL,ANOMALY
2026-03-02 10:09:00,SAT-004,29.27,28.38,6.47,81.86,545.25,-66.21,0.0625,0.101,POWER,NORMAL
2026-03-02 10:10:00,INSAT-3D,26.77,28.26,6.01,80.59,549.91,-67.08,0.0689,0.06,COMMUNICATION,NORMAL
2026-03-02 10:11:00,GSAT-30,21.92,27.72,6.21,96.49,560.53,-65.75,0.0455,0.075,ATTITUDE,NORMAL
2026-03-02 10:12:00,SAT-001,21.37,19.38,6.66,91.56,114.06,-66.13,0.0608,0.09,POWER,ANOMALY
2026-03-02 10:13:00,SAT-002,28.25,28.03,7.48,92.24,501.95,-73.86,0.0473,0.095,COMMUNICATION,NORMAL
2026-03-02 10:14:00,SAT-003,22.33,28.48,4.85,85.77,602.51,-70.28,0.0577,0.101,ATTITUDE,NORMAL
2026-03-02 10:15:00,SAT-004,19.68,28.19,5.74,88.05,565.41,-63.52,0.0559,0.058,PAYLOAD,NORMAL
2026-03-02 10:16:00,INSAT-3D,39.11,26.72,30.31,86.99,585.7,-67.9,0.0291,0.081,POWER,ANOMALY
2026-03-02 10:17:00,GSAT-30,28.26,27.84,5.52,96.07,496.58,-66.92,0.0359,0.053,PAYLOAD,NORMAL
2026-03-02 10:18:00,SAT-001,26.72,27.94,7.35,87.97,501.3,-64.92,0.063,0.174,THERMAL,NORMAL
2026-03-02 10:19:00,SAT-002,27.5,28.59,6.5,88.03,528.14,-66.42,0.0304,0.06,POWER,NORMAL
2026-03-02 10:20:00,SAT-003,22.45,28.04,5.92,81.04,510.8,-107.37,0.0577,0.089,COMMUNICATION,ANOMALY
2026-03-02 10:21:00,SAT-004,25.7,28.18,5.63,92.63,469.46,-63.96,0.0184,0.075,BATTERY,NORMAL
2026-03-02 10:22:00,INSAT-3D,20.85,28.54,4.67,94.13,567.9,-69.32,0.036,0.117,ATTITUDE,NORMAL
2026-03-02 10:23:00,GSAT-30,20.15,28.15,6.12,81.84,552.85,-67.16,0.0503,0.088,BATTERY,NORMAL
2026-03-02 10:24:00,SAT-001,28.19,28.15,6.66,83.01,512.47,-63.99,0.6244,0.706,ATTITUDE,ANOMALY
2026-03-02 10:25:00,SAT-002,25.04,28.56,6.67,96.64,542.29,-72.5,0.0369,0.111,POWER,NORMAL
2026-03-02 10:26:00,SAT-003,22.38,28.09,5.23,87.43,487.4,-68.6,0.03,0.086,POWER,NORMAL
2026-03-02 10:27:00,SAT-004,18.72,27.97,6.09,84.47,523.32,-70.0,0.0717,0.084,ATTITUDE,NORMAL
2026-03-02 10:28:00,INSAT-3D,27.87,28.18,6.77,74.72,261.05,-70.17,0.0565,7.717,ATTITUDE,ANOMALY
2026-03-02 10:29:00,GSAT-30,26.42,28.23,6.2,85.82,515.02,-64.83,0.0498,0.086,BATTERY,NORMAL
2026-03-02 10:30:00,SAT-001,21.5,28.5,5.97,85.57,526.01,-70.16,0.0543,0.04,THERMAL,NORMAL
2026-03-02 10:31:00,SAT-002,26.72,28.25,6.76,92.39,479.04,-70.56,0.0422,0.079,PAYLOAD,NORMAL
2026-03-02 10:32:00,SAT-003,32.49,25.26,13.93,29.94,532.53,-65.45,0.0263,0.081,BATTERY,ANOMALY
2026-03-02 10:33:00,SAT-004,24.79,27.97,7.88,85.61,499.62,-68.28,0.0559,0.081,THERMAL,NORMAL
2026-03-02 10:34:00,INSAT-3D,23.53,27.75,6.38,88.08,544.4,-70.73,0.0359,0.082,COMMUNICATION,NORMAL
2026-03-02 10:35:00,GSAT-30,19.32,27.84,5.65,89.34,559.57,-71.16,0.0489,0.108,POWER,NORMAL
2026-03-02 10:36:00,SAT-001,78.15,27.26,6.21,78.51,582.21,-66.58,0.0289,0.117,THERMAL,ANOMALY
2026-03-02 10:37:00,SAT-002,34.8,28.39,5.99,85.55,512.65,-69.77,0.0437,0.079,ATTITUDE,NORMAL
2026-03-02 10:38:00,SAT-003,30.45,28.27,7.19,89.43,533.69,-71.13,0.0641,0.11,THERMAL,NORMAL
2026-03-02 10:39:00,SAT-004,23.51,27.85,6.08,78.12,563.09,-67.55,0.0378,0.067,COMMUNICATION,NORMAL
2026-03-02 10:40:00,INSAT-3D,22.93,22.13,5.71,84.81,252.99,-66.05,0.0495,0.071,POWER,ANOMALY
2026-03-02 10:41:00,GSAT-30,20.98,28.46,6.46,84.09,564.2,-69.77,0.054,0.072,THERMAL,NORMAL
2026-03-02 10:42:00,SAT-001,27.42,28.31,5.39,84.44,561.4,-67.25,0.0295,0.054,ATTITUDE,NORMAL
2026-03-02 10:43:00,SAT-002,24.61,28.37,6.83,90.68,502.76,-71.51,0.0302,0.073,ATTITUDE,NORMAL
2026-03-02 10:44:00,SAT-003,44.35,26.69,24.01,84.83,534.8,-66.21,0.0421,0.087,POWER,ANOMALY
2026-03-02 10:45:00,SAT-004,19.97,28.05,6.63,85.89,502.44,-71.81,0.0353,0.055,COMMUNICATION,NORMAL
2026-03-02 10:46:00,INSAT-3D,19.79,28.17,5.98,87.32,502.43,-71.52,0.0461,0.095,COMMUNICATION,NORMAL
2026-03-02 10:47:00,GSAT-30,27.25,28.03,5.76,91.2,519.91,-67.26,0.026,0.098,ATTITUDE,NORMAL
2026-03-02 10:48:00,SAT-001,25.4,28.32,7.4,83.33,483.99,-115.04,0.0571,0.085,COMMUNICATION,ANOMALY
2026-03-02 10:49:00,SAT-002,22.72,28.39,6.09,84.91,533.12,-67.5,0.0414,0.056,ATTITUDE,NORMAL
2026-03-02 10:50:00,SAT-003,23.52,28.27,6.63,81.68,544.89,-76.09,0.0438,0.097,ATTITUDE,NORMAL
2026-03-02 10:51:00,SAT-004,26.5,28.15,6.74,87.45,540.48,-67.25,0.0561,0.06,COMMUNICATION,NORMAL
2026-03-02 10:52:00,INSAT-3D,24.54,28.0,6.23,92.13,547.18,-71.39,0.7378,0.691,ATTITUDE,ANOMALY
2026-03-02 10:53:00,GSAT-30,20.43,28.03,6.56,87.16,599.82,-66.22,0.054,0.106,THERMAL,NORMAL
2026-03-02 10:54:00,SAT-001,25.42,28.15,6.49,94.98,568.61,-66.53,0.0214,0.093,POWER,NORMAL
2026-03-02 10:55:00,SAT-002,29.0,28.16,5.61,85.92,590.08,-68.21,0.0706,0.06,ATTITUDE,NORMAL
2026-03-02 10:56:00,SAT-003,24.48,27.78,7.36,85.47,226.35,-69.08,0.0499,11.246,ATTITUDE,ANOMALY
2026-03-02 10:57:00,SAT-004,34.06,28.24,6.66,95.0,584.72,-66.47,0.0433,0.095,POWER,NORMAL
2026-03-02 10:58:00,INSAT-3D,27.19,27.9,6.68,94.01,514.19,-70.6,0.0459,0.053,POWER,NORMAL
2026-03-02 10:59:00,GSAT-30,18.29,27.65,5.26,92.08,517.78,-66.62,0.0648,0.047,THERMAL,NORMAL
2026-03-02 11:00:00,SAT-001,35.94,25.81,13.27,40.48,521.37,-69.15,0.0661,0.096,BATTERY,ANOMALY
2026-03-02 11:01:00,SAT-002,23.75,27.58,6.09,88.39,534.11,-67.09,0.0394,0.076,BATTERY,NORMAL
2026-03-02 11:02:00,SAT-003,24.04,28.12,6.24,90.32,553.64,-69.09,0.0552,0.073,POWER,NORMAL
2026-03-02 11:03:00,SAT-004,23.7,28.24,5.37,87.73,578.69,-63.0,0.0435,0.071,BATTERY,NORMAL
2026-03-02 11:04:00,INSAT-3D,59.08,27.22,6.45,84.13,512.98,-64.44,0.0491,0.075,THERMAL,ANOMALY
2026-03-02 11:05:00,GSAT-30,21.41,28.07,6.06,90.04,562.38,-65.32,0.0548,0.088,ATTITUDE,NORMAL
2026-03-02 11:06:00,SAT-001,23.63,28.24,5.94,82.47,515.7,-71.02,0.0436,0.104,PAYLOAD,NORMAL
2026-03-02 11:07:00,SAT-002,33.19,27.98,5.27,86.55,576.69,-66.93,0.0652,0.071,BATTERY,NORMAL
2026-03-02 11:08:00,SAT-003,24.53,19.57,6.08,78.01,205.66,-71.63,0.0522,0.124,POWER,ANOMALY
2026-03-02 11:09:00,SAT-004,25.89,27.91,5.81,90.51,547.16,-69.12,0.0408,0.066,THERMAL,NORMAL
2026-03-02 11:10:00,INSAT-3D,27.65,28.04,6.65,86.85,522.22,-69.51,0.0376,0.083,BATTERY,NORMAL
2026-03-02 11:11:00,GSAT-30,20.59,28.29,4.34,87.87,518.99,-64.95,0.0661,0.07,BATTERY,NORMAL
2026-03-02 11:12:00,SAT-001,42.17,26.61,20.91,93.73,545.62,-67.99,0.0519,0.088,POWER,ANOMALY
2026-03-02 11:13:00,SAT-002,26.68,27.87,4.67,88.08,512.09,-69.45,0.0444,0.044,ATTITUDE,NORMAL
2026-03-02 11:14:00,SAT-003,20.38,28.16,5.78,89.68,514.87,-69.85,0.0576,0.084,BATTERY,NORMAL
2026-03-02 11:15:00,SAT-004,27.93,28.25,6.5,80.18,549.2,-67.93,0.04,0.07,COMMUNICATION,NORMAL
2026-03-02 11:16:00,INSAT-3D,22.0,28.36,6.69,85.35,536.9,-107.95,0.0626,0.108,COMMUNICATION,ANOMALY
2026-03-02 11:17:00,GSAT-30,23.58,28.35,7.13,89.2,539.02,-65.51,0.0347,0.051,BATTERY,NORMAL
2026-03-02 11:18:00,SAT-001,20.27,28.33,7.01,91.22,576.66,-68.38,0.0297,0.112,PAYLOAD,NORMAL
2026-03-02 11:19:00,SAT-002,23.11,28.27,6.09,87.29,547.25,-66.54,0.0535,0.139,THERMAL,NORMAL
2026-03-02 11:20:00,SAT-003,28.59,27.76,5.63,83.63,507.11,-66.83,1.2742,0.665,ATTITUDE,ANOMALY
2026-03-02 11:21:00,SAT-004,25.49,27.96,5.97,89.18,531.51,-63.79,0.0455,0.05,THERMAL,NORMAL
2026-03-02 11:22:00,INSAT-3D,22.62,28.2,6.91,88.82,563.56,-66.02,0.0399,0.049,BATTERY,NORMAL
2026-03-02 11:23:00,GSAT-30,24.7,28.01,6.26,89.27,523.26,-70.14,0.0192,0.075,COMMUNICATION,NORMAL
2026-03-02 11:24:00,SAT-001,24.69,28.09,7.09,94.83,233.68,-66.84,0.0475,5.382,ATTITUDE,ANOMALY
2026-03-02 11:25:00,SAT-002,24.09,28.22,5.57,90.4,511.16,-67.76,0.0505,0.124,ATTITUDE,NORMAL
2026-03-02 11:26:00,SAT-003,23.09,28.45,5.56,89.52,517.89,-63.02,0.0434,0.1,THERMAL,NORMAL
2026-03-02 11:27:00,SAT-004,22.54,28.42,4.98,79.32,495.34,-68.1,0.0531,0.01,BATTERY,NORMAL
2026-03-02 11:28:00,INSAT-3D,38.47,26.05,11.97,25.82,562.78,-66.2,0.056,0.039,BATTERY,ANOMALY
2026-03-02 11:29:00,GSAT-30,26.36,28.1,7.2,83.0,599.54,-68.65,0.0444,0.061,BATTERY,NORMAL
2026-03-02 11:30:00,SAT-001,25.44,28.22,6.23,84.74,535.19,-68.54,0.0449,0.108,BATTERY,NORMAL
2026-03-02 11:31:00,SAT-002,24.55,28.03,5.54,89.96,523.56,-68.56,0.0474,0.082,THERMAL,NORMAL
2026-03-02 11:32:00,SAT-003,79.26,27.44,7.0,98.21,566.88,-69.09,0.0572,0.048,THERMAL,ANOMALY
2026-03-02 11:33:00,SAT-004,27.37,28.35,5.73,85.08,544.59,-68.76,0.0557,0.072,ATTITUDE,NORMAL
2026-03-02 11:34:00,INSAT-3D,32.35,28.02,6.26,93.27,573.29,-68.98,0.0388,0.073,PAYLOAD,NORMAL
2026-03-02 11:35:00,GSAT-30,28.86,28.23,6.98,84.81,549.28,-66.44,0.0571,0.108,COMMUNICATION,NORMAL
2026-03-02 11:36:00,SAT-001,23.6,22.09,6.08,85.71,231.5,-72.77,0.0689,0.138,POWER,ANOMALY
2026-03-02 11:37:00,SAT-002,27.02,28.65,5.85,87.36,539.33,-74.95,0.0383,0.065,POWER,NORMAL
2026-03-02 11:38:00,SAT-003,19.15,27.95,7.41,81.56,571.22,-60.2,0.0516,0.144,ATTITUDE,NORMAL
2026-03-02 11:39:00,SAT-004,19.54,28.66,7.11,81.04,545.45,-68.3,0.0417,0.068,BATTERY,NORMAL
2026-03-02 11:40:00,INSAT-3D,39.14,26.8,31.76,84.4,525.28,-65.19,0.0496,0.082,POWER,ANOMALY
2026-03-02 11:41:00,GSAT-30,25.54,28.03,7.13,91.38,515.72,-70.63,0.0373,0.052,POWER,NORMAL
2026-03-02 11:42:00,SAT-001,27.65,28.15,7.23,81.98,536.71,-66.8,0.031,0.111,BATTERY,NORMAL
2026-03-02 11:43:00,SAT-002,24.52,28.27,7.85,85.27,523.44,-66.02,0.0522,0.07,ATTITUDE,NORMAL
2026-03-02 11:44:00,SAT-003,26.56,27.98,6.86,77.03,617.23,-118.02,0.034,0.072,COMMUNICATION,ANOMALY
2026-03-02 11:45:00,SAT-004,33.82,28.23,5.72,82.27,476.09,-66.91,0.0529,0.068,COMMUNICATION,NORMAL
2026-03-02 11:46:00,INSAT-3D,27.2,28.2,7.35,92.15,527.89,-68.15,0.0605,0.123,POWER,NORMAL
2026-03-02 11:47:00,GSAT-30,27.97,28.18,6.05,80.86,587.51,-68.51,0.0514,0.1,PAYLOAD,NORMAL
2026-03-02 11:48:00,SAT-001,24.12,28.14,7.57,79.41,593.84,-70.23,0.9957,0.684,ATTITUDE,ANOMALY
2026-03-02 11:49:00,SAT-002,24.01,28.21,7.07,88.95,551.67,-64.37,0.0402,0.089,THERMAL,NORMAL
2026-03-02 11:50:00,SAT-003,22.07,28.49,6.66,92.59,546.92,-66.81,0.0433,0.079,COMMUNICATION,NORMAL
2026-03-02 11:51:00,SAT-004,29.36,28.07,4.26,91.48,542.78,-67.07,0.0457,0.115,POWER,NORMAL
2026-03-02 11:52:00,INSAT-3D,25.71,28.85,7.06,90.06,238.59,-67.07,0.0281,7.426,ATTITUDE,ANOMALY
2026-03-02 11:53:00,GSAT-30,21.06,28.03,5.65,87.81,510.8,-63.73,0.0475,0.038,COMMUNICATION,NORMAL
2026-03-02 11:54:00,SAT-001,34.95,28.34,5.28,87.54,573.85,-64.24,0.0442,0.096,ATTITUDE,NORMAL
2026-03-02 11:55:00,SAT-002,25.56,28.2,8.55,84.67,516.35,-65.92,0.0379,0.071,ATTITUDE,NORMAL
2026-03-02 11:56:00,SAT-003,32.0,26.02,12.25,31.43,551.44,-73.57,0.0379,0.075,BATTERY,ANOMALY
2026-03-02 11:57:00,SAT-004,29.49,28.06,6.79,91.18,582.65,-69.05,0.0234,0.082,COMMUNICATION,NORMAL
2026-03-02 11:58:00,INSAT-3D,23.2,28.1,7.12,89.47,513.43,-67.97,0.0399,0.056,THERMAL,NORMAL
2026-03-02 11:59:00,GSAT-30,18.92,27.5,6.86,88.71,590.42,-69.93,0.0436,0.088,COMMUNICATION,NORMAL
2026-03-02 12:00:00,SAT-001,77.12,27.33,7.08,80.83,546.07,-62.51,0.0616,0.026,THERMAL,ANOMALY
2026-03-02 12:01:00,SAT-002,31.49,28.34,6.71,85.54,507.42,-65.67,0.0306,0.075,THERMAL,NORMAL
2026-03-02 12:02:00,SAT-003,20.77,28.16,5.4,84.73,533.92,-74.77,0.0433,0.057,PAYLOAD,NORMAL
2026-03-02 12:03:00,SAT-004,29.27,27.97,5.32,89.24,503.67,-70.12,0.0492,0.01,COMMUNICATION,NORMAL
2026-03-02 12:04:00,INSAT-3D,30.93,23.27,5.47,79.91,225.02,-66.2,0.0589,0.06,POWER,ANOMALY
2026-03-02 12:05:00,GSAT-30,25.13,28.84,5.42,89.66,503.82,-72.46,0.0546,0.068,THERMAL,NORMAL
2026-03-02 12:06:00,SAT-001,24.82,28.17,4.84,91.87,573.06,-66.37,0.0556,0.075,THERMAL,NORMAL
2026-03-02 12:07:00,SAT-002,22.17,28.36,7.58,96.07,526.52,-68.55,0.0302,0.068,PAYLOAD,NORMAL
2026-03-02 12:08:00,SAT-003,38.29,26.3,29.39,86.11,484.4,-66.59,0.0552,0.097,POWER,ANOMALY
2026-03-02 12:09:00,SAT-004,26.77,28.06,5.6,85.94,510.56,-68.48,0.036,0.039,POWER,NORMAL
2026-03-02 12:10:00,INSAT-3D,24.03,28.55,6.61,96.31,584.07,-70.66,0.0569,0.126,COMMUNICATION,NORMAL
2026-03-02 12:11:00,GSAT-30,28.02,27.92,5.43,80.6,534.74,-62.67,0.0594,0.086,ATTITUDE,NORMAL
2026-03-02 12:12:00,SAT-001,25.12,28.37,6.72,87.16,535.92,-117.55,0.0308,0.076,COMMUNICATION,ANOMALY
2026-03-02 12:13:00,SAT-002,31.86,28.87,7.45,90.39,528.18,-70.39,0.0362,0.063,PAYLOAD,NORMAL
2026-03-02 12:14:00,SAT-003,19.73,28.27,7.0,92.58,537.91,-68.82,0.0456,0.11,POWER,NORMAL
2026-03-02 12:15:00,SAT-004,28.76,28.45,6.72,90.56,575.62,-69.03,0.0467,0.057,ATTITUDE,NORMAL
2026-03-02 12:16:00,INSAT-3D,25.47,28.77,5.84,79.17,524.19,-69.2,1.2694,0.704,ATTITUDE,ANOMALY
2026-03-02 12:17:00,GSAT-30,27.43,28.45,6.1,95.37,542.51,-73.87,0.0745,0.081,PAYLOAD,NORMAL
2026-03-02 12:18:00,SAT-001,23.0,28.71,5.12,91.12,490.75,-68.96,0.0446,0.112,ATTITUDE,NORMAL
2026-03-02 12:19:00,SAT-002,27.67,27.5,6.85,85.5,634.94,-64.55,0.0213,0.059,ATTITUDE,NORMAL
2026-03-02 12:20:00,SAT-003,26.18,28.19,6.43,89.92,231.2,-68.22,0.0603,11.52,ATTITUDE,ANOMALY
2026-03-02 12:21:00,SAT-004,23.55,27.87,4.65,82.32,562.49,-71.81,0.0409,0.138,COMMUNICATION,NORMAL
2026-03-02 12:22:00,INSAT-3D,25.21,28.3,6.55,77.87,600.25,-69.7,0.0615,0.093,BATTERY,NORMAL
2026-03-02 12:23:00,GSAT-30,28.42,28.25,5.72,85.31,513.88,-65.51,0.0393,0.044,BATTERY,NORMAL
2026-03-02 12:24:00,SAT-001,37.39,24.8,14.62,47.03,548.32,-67.86,0.0429,0.072,BATTERY,ANOMALY
2026-03-02 12:25:00,SAT-002,22.55,28.07,5.63,84.74,529.3,-66.94,0.048,0.064,ATTITUDE,NORMAL
2026-03-02 12:26:00,SAT-003,15.1,28.34,5.61,85.5,543.17,-73.91,0.0457,0.099,THERMAL,NORMAL
2026-03-02 12:27:00,SAT-004,19.84,27.99,6.99,89.25,485.32,-69.83,0.0669,0.078,POWER,NORMAL
2026-03-02 12:28:00,INSAT-3D,81.44,27.4,6.66,83.05,570.22,-69.41,0.0549,0.135,THERMAL,ANOMALY
2026-03-02 12:29:00,GSAT-30,28.04,27.99,6.42,86.7,549.32,-68.17,0.0352,0.113,BATTERY,NORMAL
2026-03-02 12:30:00,SAT-001,27.28,28.5,5.95,83.28,546.64,-65.93,0.0543,0.086,PAYLOAD,NORMAL
2026-03-02 12:31:00,SAT-002,19.06,28.47,7.37,82.92,561.59,-73.62,0.0356,0.064,PAYLOAD,NORMAL
2026-03-02 12:32:00,SAT-003,21.58,23.41,6.26,88.08,168.72,-66.13,0.0371,0.042,POWER,ANOMALY
2026-03-02 12:33:00,SAT-004,19.52,28.42,7.26,95.38,500.45,-67.04,0.0329,0.138,PAYLOAD,NORMAL
2026-03-02 12:34:00,INSAT-3D,24.43,28.28,5.6,88.28,504.31,-68.61,0.0561,0.109,ATTITUDE,NORMAL
2026-03-02 12:35:00,GSAT-30,27.79,28.25,5.0,86.69,528.27,-71.4,0.0272,0.095,PAYLOAD,NORMAL
2026-03-02 12:36:00,SAT-001,38.97,26.35,31.97,90.81,503.67,-67.49,0.0431,0.095,POWER,ANOMALY
2026-03-02 12:37:00,SAT-002,26.59,28.12,5.69,90.85,524.61,-62.93,0.0499,0.093,ATTITUDE,NORMAL
2026-03-02 12:38:00,SAT-003,27.08,28.25,7.05,89.42,542.05,-64.61,0.0602,0.038,PAYLOAD,NORMAL
2026-03-02 12:39:00,SAT-004,28.44,27.97,5.78,93.6,555.29,-71.0,0.0454,0.137,POWER,NORMAL
2026-03-02 12:40:00,INSAT-3D,26.43,28.16,7.22,86.76,573.31,-124.55,0.0541,0.125,COMMUNICATION,ANOMALY
2026-03-02 12:41:00,GSAT-30,26.65,28.12,7.73,94.6,548.2,-68.65,0.0432,0.09,ATTITUDE,NORMAL
2026-03-02 12:42:00,SAT-001,25.59,28.47,6.03,92.69,543.0,-74.47,0.0523,0.064,THERMAL,NORMAL
2026-03-02 12:43:00,SAT-002,22.84,27.99,7.21,99.5,507.03,-65.33,0.0433,0.1,ATTITUDE,NORMAL
2026-03-02 12:44:00,SAT-003,23.14,27.82,5.6,82.18,522.96,-65.16,1.0561,0.661,ATTITUDE,ANOMALY
2026-03-02 12:45:00,SAT-004,25.53,27.96,5.59,78.75,567.55,-67.36,0.0485,0.079,ATTITUDE,NORMAL
2026-03-02 12:46:00,INSAT-3D,23.63,28.09,6.13,88.21,498.65,-68.2,0.0638,0.067,POWER,NORMAL
2026-03-02 12:47:00,GSAT-30,24.78,28.55,6.32,94.24,534.29,-71.48,0.0375,0.079,THERMAL,NORMAL
2026-03-02 12:48:00,SAT-001,23.75,27.7,4.9,90.07,243.7,-67.17,0.0467,5.881,ATTITUDE,ANOMALY
2026-03-02 12:49:00,SAT-002,22.64,28.13,5.42,88.75,567.9,-73.19,0.0529,0.068,ATTITUDE,NORMAL
2026-03-02 12:50:00,SAT-003,24.56,28.72,4.81,85.39,485.85,-71.63,0.0351,0.089,COMMUNICATION,NORMAL
2026-03-02 12:51:00,SAT-004,25.2,28.38,6.55,95.79,509.6,-67.38,0.044,0.074,PAYLOAD,NORMAL
2026-03-02 12:52:00,INSAT-3D,36.26,24.89,12.33,44.65,547.71,-63.58,0.0523,0.074,BATTERY,ANOMALY
2026-03-02 12:53:00,GSAT-30,21.61,28.41,6.92,99.5,556.87,-65.83,0.0394,0.096,THERMAL,NORMAL
2026-03-02 12:54:00,SAT-001,25.29,28.09,5.31,85.21,501.97,-65.26,0.0419,0.096,COMMUNICATION,NORMAL
2026-03-02 12:55:00,SAT-002,26.27,28.25,6.68,96.27,503.72,-65.75,0.0437,0.114,POWER,NORMAL
2026-03-02 12:56:00,SAT-003,58.15,27.46,7.0,91.08,559.95,-64.23,0.042,0.064,THERMAL,ANOMALY
2026-03-02 12:57:00,SAT-004,24.61,28.86,5.38,78.73,589.84,-66.65,0.0486,0.069,POWER,NORMAL
2026-03-02 12:58:00,INSAT-3D,21.92,28.36,6.15,88.2,523.91,-67.51,0.0433,0.069,POWER,NORMAL
2026-03-02 12:59:00,GSAT-30,28.02,28.37,5.06,90.93,550.73,-68.78,0.0344,0.101,POWER,NORMAL
2026-03-02 13:00:00,SAT-001,23.08,19.42,6.59,78.88,170.31,-68.83,0.0691,0.053,POWER,ANOMALY
2026-03-02 13:01:00,SAT-002,32.57,28.1,6.0,84.31,563.17,-65.13,0.0444,0.067,PAYLOAD,NORMAL
2026-03-02 13:02:00,SAT-003,21.37,28.1,7.18,77.36,542.93,-68.92,0.0594,0.109,BATTERY,NORMAL
2026-03-02 13:03:00,SAT-004,26.21,28.24,6.87,82.67,561.04,-65.24,0.0368,0.054,BATTERY,NORMAL
2026-03-02 13:04:00,INSAT-3D,38.0,26.8,25.83,92.09,523.76,-64.71,0.0508,0.143,POWER,ANOMALY
2026-03-02 13:05:00,GSAT-30,22.34,27.99,6.96,86.16,525.77,-66.16,0.046,0.092,BATTERY,NORMAL
2026-03-02 13:06:00,SAT-001,20.48,28.26,5.69,89.06,580.29,-66.49,0.0379,0.074,ATTITUDE,NORMAL
2026-03-02 13:07:00,SAT-002,26.04,28.15,6.88,89.96,548.35,-64.87,0.0621,0.042,ATTITUDE,NORMAL
2026-03-02 13:08:00,SAT-003,22.85,27.97,5.3,84.69,548.0,-106.32,0.0397,0.114,COMMUNICATION,ANOMALY
2026-03-02 13:09:00,SAT-004,27.6,28.02,7.03,82.85,508.05,-66.26,0.0576,0.089,PAYLOAD,NORMAL
2026-03-02 13:10:00,INSAT-3D,32.21,28.09,7.8,83.13,558.11,-69.93,0.0584,0.066,PAYLOAD,NORMAL
2026-03-02 13:11:00,GSAT-30,28.04,28.37,6.95,74.35,600.24,-70.38,0.0366,0.066,COMMUNICATION,NORMAL
2026-03-02 13:12:00,SAT-001,24.93,28.65,6.94,81.61,514.19,-60.52,1.6735,0.667,ATTITUDE,ANOMALY
2026-03-02 13:13:00,SAT-002,19.32,27.78,5.31,88.48,578.83,-66.15,0.0591,0.097,ATTITUDE,NORMAL
2026-03-02 13:14:00,SAT-003,25.02,28.05,6.08,84.96,531.09,-66.83,0.0326,0.112,COMMUNICATION,NORMAL
2026-03-02 13:15:00,SAT-004,27.95,28.34,6.06,92.56,571.03,-69.46,0.0474,0.125,ATTITUDE,NORMAL
2026-03-02 13:16:00,INSAT-3D,26.98,27.95,5.6,77.64,210.86,-69.45,0.0433,4.858,ATTITUDE,ANOMALY
2026-03-02 13:17:00,GSAT-30,25.88,27.76,7.37,94.64,496.91,-67.02,0.0441,0.074,COMMUNICATION,NORMAL
2026-03-02 13:18:00,SAT-001,27.35,27.85,6.87,88.03,578.43,-68.76,0.0659,0.096,THERMAL,NORMAL
2026-03-02 13:19:00,SAT-002,27.55,28.16,5.57,86.88,539.32,-73.79,0.0433,0.04,BATTERY,NORMAL
2026-03-02 13:20:00,SAT-003,36.48,24.79,11.26,28.63,513.71,-67.12,0.0363,0.088,BATTERY,ANOMALY
2026-03-02 13:21:00,SAT-004,24.42,28.25,5.46,92.65,560.98,-65.01,0.0709,0.09,ATTITUDE,NORMAL
2026-03-02 13:22:00,INSAT-3D,27.13,28.22,4.59,79.26,607.48,-68.0,0.0564,0.07,BATTERY,NORMAL
2026-03-02 13:23:00,GSAT-30,26.82,27.5,4.99,91.61,519.83,-76.11,0.0577,0.102,PAYLOAD,NORMAL
2026-03-02 13:24:00,SAT-001,80.13,27.5,5.87,81.89,515.43,-73.69,0.0491,0.096,THERMAL,ANOMALY
2026-03-02 13:25:00,SAT-002,27.4,28.24,5.38,97.75,583.21,-67.25,0.0484,0.077,THERMAL,NORMAL
2026-03-02 13:26:00,SAT-003,24.34,28.59,7.13,89.49,598.6,-67.07,0.0458,0.124,THERMAL,NORMAL
2026-03-02 13:27:00,SAT-004,19.22,28.3,6.06,87.8,582.14,-69.37,0.042,0.081,PAYLOAD,NORMAL
2026-03-02 13:28:00,INSAT-3D,20.48,21.5,4.51,82.07,128.82,-66.66,0.0391,0.081,POWER,ANOMALY
2026-03-02 13:29:00,GSAT-30,17.15,28.65,6.75,81.53,522.11,-70.39,0.0425,0.125,POWER,NORMAL
2026-03-02 13:30:00,SAT-001,23.37,28.23,6.75,94.32,543.1,-66.58,0.034,0.035,BATTERY,NORMAL
2026-03-02 13:31:00,SAT-002,22.13,28.04,6.05,89.1,555.06,-73.65,0.0593,0.094,BATTERY,NORMAL
2026-03-02 13:32:00,SAT-003,40.65,25.98,27.55,80.02,516.48,-63.7,0.0516,0.06,POWER,ANOMALY
2026-03-02 13:33:00,SAT-004,28.74,28.43,7.77,85.81,616.76,-66.06,0.0653,0.11,THERMAL,NORMAL
2026-03-02 13:34:00,INSAT-3D,28.5,28.07,4.99,87.06,522.98,-66.2,0.0426,0.12,PAYLOAD,NORMAL
2026-03-02 13:35:00,GSAT-30,22.67,28.61,6.88,89.98,566.18,-67.96,0.0604,0.097,ATTITUDE,NORMAL
2026-03-02 13:36:00,SAT-001,21.01,28.29,7.13,83.55,533.79,-104.65,0.0312,0.033,COMMUNICATION,ANOMALY
2026-03-02 13:37:00,SAT-002,27.68,28.74,5.82,97.93,537.89,-69.53,0.0675,0.069,POWER,NORMAL
2026-03-02 13:38:00,SAT-003,25.13,28.09,6.47,90.33,513.22,-66.72,0.0593,0.101,THERMAL,NORMAL
2026-03-02 13:39:00,SAT-004,23.9,28.34,6.62,86.16,572.81,-69.15,0.0504,0.073,BATTERY,NORMAL
2026-03-02 13:40:00,INSAT-3D,26.13,28.48,4.94,88.08,551.22,-69.72,1.2382,0.651,ATTITUDE,ANOMALY
2026-03-02 13:41:00,GSAT-30,23.55,28.02,5.67,86.8,555.74,-65.65,0.0465,0.122,POWER,NORMAL
2026-03-02 13:42:00,SAT-001,23.89,28.16,6.29,87.84,545.17,-70.81,0.0411,0.072,THERMAL,NORMAL
2026-03-02 13:43:00,SAT-002,27.1,28.07,7.81,83.32,545.15,-70.24,0.0385,0.072,POWER,NORMAL
2026-03-02 13:44:00,SAT-003,26.61,28.44,6.13,77.52,256.99,-70.93,0.0425,4.719,ATTITUDE,ANOMALY
2026-03-02 13:45:00,SAT-004,24.71,27.78,6.7,81.33,547.19,-69.36,0.0738,0.076,BATTERY,NORMAL
2026-03-02 13:46:00,INSAT-3D,24.07,28.62,6.18,89.66,541.48,-69.21,0.0454,0.021,PAYLOAD,NORMAL
2026-03-02 13:47:00,GSAT-30,26.06,28.05,6.11,94.05,557.25,-66.27,0.0376,0.138,COMMUNICATION,NORMAL
2026-03-02 13:48:00,SAT-001,36.52,25.9,14.32,45.96,492.11,-67.4,0.0353,0.019,BATTERY,ANOMALY
2026-03-02 13:49:00,SAT-002,30.16,28.07,5.97,94.98,563.47,-66.53,0.0467,0.102,ATTITUDE,NORMAL
2026-03-02 13:50:00,SAT-003,21.18,28.38,5.63,81.03,502.72,-70.54,0.0463,0.166,BATTERY,NORMAL
2026-03-02 13:51:00,SAT-004,19.11,28.35,6.22,98.59,574.89,-69.51,0.0366,0.125,COMMUNICATION,NORMAL
2026-03-02 13:52:00,INSAT-3D,60.4,27.46,6.4,83.28,540.61,-67.43,0.0496,0.084,THERMAL,ANOMALY
2026-03-02 13:53:00,GSAT-30,26.46,28.22,5.67,88.02,515.0,-70.34,0.041,0.076,POWER,NORMAL
2026-03-02 13:54:00,SAT-001,20.44,27.95,6.65,97.62,503.61,-61.12,0.0382,0.116,POWER,NORMAL
2026-03-02 13:55:00,SAT-002,18.82,28.08,5.06,77.42,550.56,-73.31,0.0564,0.123,THERMAL,NORMAL
2026-03-02 13:56:00,SAT-003,21.67,22.13,7.99,82.64,190.35,-60.82,0.0282,0.049,POWER,ANOMALY
2026-03-02 13:57:00,SAT-004,27.62,28.08,6.32,86.95,445.35,-65.98,0.0542,0.065,THERMAL,NORMAL
2026-03-02 13:58:00,INSAT-3D,21.93,28.43,4.84,90.39,567.91,-68.66,0.0456,0.115,COMMUNICATION,NORMAL
2026-03-02 13:59:00,GSAT-30,26.98,28.06,5.05,81.62,553.01,-67.67,0.0497,0.127,PAYLOAD,NORMAL
2026-03-02 14:00:00,SAT-001,39.73,26.8,21.31,83.63,601.51,-63.73,0.042,0.104,POWER,ANOMALY
2026-03-02 14:01:00,SAT-002,24.92,28.64,5.8,89.79,579.54,-66.39,0.0467,0.09,PAYLOAD,NORMAL
2026-03-02 14:02:00,SAT-003,21.52,28.19,8.16,80.67,533.46,-65.74,0.0421,0.07,POWER,NORMAL
2026-03-02 14:03:00,SAT-004,16.72,28.22,6.91,85.4,575.76,-67.82,0.043,0.103,THERMAL,NORMAL
2026-03-02 14:04:00,INSAT-3D,24.4,28.11,7.04,84.84,587.26,-116.7,0.0513,0.079,COMMUNICATION,ANOMALY
2026-03-02 14:05:00,GSAT-30,25.99,27.97,7.03,89.45,609.39,-60.82,0.0542,0.082,THERMAL,NORMAL
2026-03-02 14:06:00,SAT-001,23.63,28.25,7.75,85.32,529.58,-68.49,0.0403,0.069,COMMUNICATION,NORMAL
2026-03-02 14:07:00,SAT-002,31.01,27.87,6.09,94.89,566.13,-66.54,0.0627,0.075,BATTERY,NORMAL
2026-03-02 14:08:00,SAT-003,18.81,28.09,8.11,86.49,504.73,-64.0,1.7168,0.684,ATTITUDE,ANOMALY
2026-03-02 14:09:00,SAT-004,24.76,28.24,6.38,80.83,556.83,-66.02,0.0335,0.11,PAYLOAD,NORMAL
2026-03-02 14:10:00,INSAT-3D,23.99,28.2,4.54,86.45,579.03,-63.77,0.0536,0.04,ATTITUDE,NORMAL
2026-03-02 14:11:00,GSAT-30,20.68,28.45,6.13,91.66,511.59,-71.34,0.0537,0.119,COMMUNICATION,NORMAL
2026-03-02 14:12:00,SAT-001,23.38,28.51,5.72,76.82,246.41,-70.86,0.0329,5.413,ATTITUDE,ANOMALY
2026-03-02 14:13:00,SAT-002,27.08,28.32,6.58,94.04,573.98,-70.72,0.0531,0.113,ATTITUDE,NORMAL
2026-03-02 14:14:00,SAT-003,22.04,28.15,5.68,81.25,486.07,-67.3,0.0536,0.059,ATTITUDE,NORMAL
2026-03-02 14:15:00,SAT-004,23.72,28.36,5.33,90.0,556.42,-68.46,0.0486,0.129,ATTITUDE,NORMAL
2026-03-02 14:16:00,INSAT-3D,32.48,24.86,14.09,47.08,541.55,-69.37,0.0511,0.089,BATTERY,ANOMALY
2026-03-02 14:17:00,GSAT-30,23.49,28.74,6.12,89.58,509.29,-65.39,0.0804,0.095,POWER,NORMAL
2026-03-02 14:18:00,SAT-001,21.94,27.96,6.42,84.98,489.11,-67.73,0.0519,0.076,THERMAL,NORMAL
2026-03-02 14:19:00,SAT-002,23.16,28.34,7.18,81.8,487.56,-60.98,0.0429,0.088,BATTERY,NORMAL
2026-03-02 14:20:00,SAT-003,76.35,27.5,7.27,86.5,582.23,-68.98,0.0424,0.087,THERMAL,ANOMALY
2026-03-02 14:21:00,SAT-004,29.64,28.01,5.76,90.49,524.72,-70.4,0.0503,0.058,BATTERY,NORMAL
2026-03-02 14:22:00,INSAT-3D,25.27,27.99,6.51,88.6,535.26,-65.26,0.0438,0.1,BATTERY,NORMAL
2026-03-02 14:23:00,GSAT-30,24.57,28.37,5.83,93.99,522.51,-65.89,0.0569,0.045,COMMUNICATION,NORMAL
2026-03-02 14:24:00,SAT-001,24.0,19.52,7.36,79.12,125.07,-65.82,0.0467,0.118,POWER,ANOMALY
2026-03-02 14:25:00,SAT-002,22.2,28.4,5.85,96.8,546.86,-73.44,0.0291,0.062,THERMAL,NORMAL
2026-03-02 14:26:00,SAT-003,27.04,28.34,5.3,86.0,523.62,-65.2,0.0538,0.097,THERMAL,NORMAL
2026-03-02 14:27:00,SAT-004,26.39,28.39,5.97,93.06,554.98,-72.92,0.067,0.051,POWER,NORMAL
2026-03-02 14:28:00,INSAT-3D,43.76,26.65,23.64,87.0,509.04,-73.66,0.0439,0.091,POWER,ANOMALY
2026-03-02 14:29:00,GSAT-30,29.31,27.85,6.6,84.96,479.17,-71.48,0.0387,0.081,COMMUNICATION,NORMAL
2026-03-02 14:30:00,SAT-001,24.12,28.22,7.2,86.31,591.56,-72.82,0.0403,0.039,THERMAL,NORMAL
2026-03-02 14:31:00,SAT-002,20.73,28.44,7.11,94.21,594.09,-65.67,0.0501,0.099,PAYLOAD,NORMAL
2026-03-02 14:32:00,SAT-003,26.21,28.09,7.12,87.25,556.41,-116.55,0.0438,0.086,COMMUNICATION,ANOMALY
2026-03-02 14:33:00,SAT-004,21.96,28.62,4.91,89.8,564.16,-65.53,0.0414,0.043,THERMAL,NORMAL
2026-03-02 14:34:00,INSAT-3D,27.22,28.32,6.31,83.6,566.03,-65.96,0.046,0.045,ATTITUDE,NORMAL
2026-03-02 14:35:00,GSAT-30,27.06,27.94,6.74,86.33,554.94,-71.84,0.0289,0.09,ATTITUDE,NORMAL
2026-03-02 14:36:00,SAT-001,31.65,28.01,5.92,83.31,490.3,-66.34,0.5227,0.694,ATTITUDE,ANOMALY
2026-03-02 14:37:00,SAT-002,21.27,28.17,6.05,92.98,541.91,-70.38,0.0292,0.106,THERMAL,NORMAL
2026-03-02 14:38:00,SAT-003,23.51,27.98,5.56,85.43,516.75,-63.79,0.0405,0.084,THERMAL,NORMAL
2026-03-02 14:39:00,SAT-004,28.84,27.79,5.44,91.2,479.12,-63.74,0.0464,0.122,PAYLOAD,NORMAL
2026-03-02 14:40:00,INSAT-3D,23.77,28.0,7.33,83.52,221.75,-66.32,0.0291,3.786,ATTITUDE,ANOMALY
2026-03-02 14:41:00,GSAT-30,26.72,27.92,5.93,87.4,478.16,-63.71,0.0288,0.057,COMMUNICATION,NORMAL
2026-03-02 14:42:00,SAT-001,21.03,28.27,5.65,83.89,544.26,-67.41,0.0257,0.09,PAYLOAD,NORMAL
2026-03-02 14:43:00,SAT-002,25.61,28.14,4.67,85.1,564.06,-63.69,0.0311,0.045,BATTERY,NORMAL
2026-03-02 14:44:00,SAT-003,34.59,24.54,11.9,27.48,571.07,-70.31,0.0615,0.113,BATTERY,ANOMALY
2026-03-02 14:45:00,SAT-004,25.48,28.36,6.44,87.71,577.55,-70.38,0.027,0.09,BATTERY,NORMAL
2026-03-02 14:46:00,INSAT-3D,23.81,28.02,6.05,83.92,542.05,-67.74,0.0481,0.133,POWER,NORMAL
2026-03-02 14:47:00,GSAT-30,20.93,28.16,5.79,91.89,593.39,-63.34,0.0556,0.052,COMMUNICATION,NORMAL
2026-03-02 14:48:00,SAT-001,61.28,27.5,5.84,89.31,523.37,-73.85,0.0352,0.078,THERMAL,ANOMALY
2026-03-02 14:49:00,SAT-002,27.04,28.05,5.96,87.0,587.65,-68.28,0.0409,0.078,COMMUNICATION,NORMAL
2026-03-02 14:50:00,SAT-003,27.36,28.44,6.24,81.0,467.21,-72.59,0.0493,0.081,POWER,NORMAL
2026-03-02 14:51:00,SAT-004,21.24,27.88,4.65,88.64,534.84,-65.15,0.0354,0.066,THERMAL,NORMAL
2026-03-02 14:52:00,INSAT-3D,31.94,19.32,7.47,81.1,213.39,-65.83,0.0387,0.038,POWER,ANOMALY
2026-03-02 14:53:00,GSAT-30,27.41,27.85,5.42,73.99,544.55,-67.16,0.0453,0.028,PAYLOAD,NORMAL
2026-03-02 14:54:00,SAT-001,36.09,28.03,7.38,87.68,520.34,-66.03,0.046,0.075,BATTERY,NORMAL
2026-03-02 14:55:00,SAT-002,31.0,28.13,5.68,94.65,555.17,-67.91,0.0317,0.123,ATTITUDE,NORMAL
2026-03-02 14:56:00,SAT-003,38.28,26.7,20.52,85.11,574.24,-64.96,0.0394,0.083,POWER,ANOMALY
2026-03-02 14:57:00,SAT-004,24.08,27.92,5.23,81.34,525.98,-71.2,0.0432,0.086,COMMUNICATION,NORMAL
2026-03-02 14:58:00,INSAT-3D,28.59,28.03,5.33,89.07,513.16,-69.58,0.0481,0.07,PAYLOAD,NORMAL
2026-03-02 14:59:00,GSAT-30,16.57,27.75,6.0,95.71,550.95,-68.31,0.0608,0.095,BATTERY,NORMAL
2026-03-02 15:00:00,SAT-001,29.07,28.49,6.25,83.84,505.0,-103.84,0.0327,0.053,COMMUNICATION,ANOMALY
2026-03-02 15:01:00,SAT-002,26.2,28.39,5.27,85.56,553.84,-64.36,0.0352,0.019,BATTERY,NORMAL
2026-03-02 15:02:00,SAT-003,28.74,28.12,7.48,84.75,505.19,-66.06,0.0706,0.031,ATTITUDE,NORMAL
2026-03-02 15:03:00,SAT-004,28.03,28.28,7.6,83.04,591.16,-70.86,0.0403,0.092,COMMUNICATION,NORMAL
2026-03-02 15:04:00,INSAT-3D,29.53,28.08,6.81,83.42,461.13,-68.12,0.8362,0.718,ATTITUDE,ANOMALY
2026-03-02 15:05:00,GSAT-30,21.54,28.04,6.63,90.68,659.28,-68.93,0.0461,0.138,PAYLOAD,NORMAL
2026-03-02 15:06:00,SAT-001,22.56,28.38,6.74,92.98,530.15,-62.01,0.058,0.045,POWER,NORMAL
2026-03-02 15:07:00,SAT-002,22.32,28.31,6.44,95.93,538.54,-73.26,0.0528,0.144,ATTITUDE,NORMAL
2026-03-02 15:08:00,SAT-003,28.14,27.96,5.63,80.24,265.54,-68.98,0.0384,10.158,ATTITUDE,ANOMALY
2026-03-02 15:09:00,SAT-004,21.45,28.5,6.3,94.04,595.39,-67.75,0.0412,0.082,BATTERY,NORMAL
2026-03-02 15:10:00,INSAT-3D,22.1,28.01,7.18,86.25,528.81,-67.17,0.015,0.025,POWER,NORMAL
2026-03-02 15:11:00,GSAT-30,24.48,28.49,5.92,85.44,528.75,-69.05,0.0492,0.12,BATTERY,NORMAL
2026-03-02 15:12:00,SAT-001,35.78,25.74,13.12,37.84,547.34,-70.0,0.0492,0.016,BATTERY,ANOMALY
2026-03-02 15:13:00,SAT-002,22.03,28.19,5.66,95.55,479.65,-66.24,0.0357,0.046,PAYLOAD,NORMAL
2026-03-02 15:14:00,SAT-003,25.93,27.75,6.01,92.12,524.89,-70.59,0.0565,0.067,POWER,NORMAL
2026-03-02 15:15:00,SAT-004,21.82,28.29,6.62,91.02,487.9,-68.0,0.0327,0.092,THERMAL,NORMAL
2026-03-02 15:16:00,INSAT-3D,74.49,27.05,7.27,96.69,555.05,-68.49,0.0418,0.074,THERMAL,ANOMALY
2026-03-02 15:17:00,GSAT-30,21.02,27.86,6.52,86.1,520.51,-68.35,0.043,0.091,BATTERY,NORMAL
2026-03-02 15:18:00,SAT-001,20.54,28.24,5.1,77.99,558.63,-67.04,0.0504,0.088,THERMAL,NORMAL
2026-03-02 15:19:00,SAT-002,24.24,27.93,7.28,97.58,485.14,-66.56,0.054,0.087,THERMAL,NORMAL
2026-03-02 15:20:00,SAT-003,30.72,23.42,6.05,85.53,111.97,-64.38,0.0329,0.027,POWER,ANOMALY
2026-03-02 15:21:00,SAT-004,24.63,28.35,5.73,92.24,567.05,-72.88,0.045,0.084,PAYLOAD,NORMAL
2026-03-02 15:22:00,INSAT-3D,25.77,28.44,5.84,88.46,551.2,-64.91,0.0665,0.07,COMMUNICATION,NORMAL
2026-03-02 15:23:00,GSAT-30,29.19,28.13,6.0,84.47,543.12,-67.39,0.0547,0.104,THERMAL,NORMAL
2026-03-02 15:24:00,SAT-001,38.0,26.65,27.66,82.81,564.18,-68.92,0.0467,0.046,POWER,ANOMALY
2026-03-02 15:25:00,SAT-002,26.76,28.1,6.21,92.31,574.95,-63.42,0.0317,0.051,POWER,NORMAL
2026-03-02 15:26:00,SAT-003,23.89,27.79,6.87,86.62,573.01,-67.16,0.0344,0.082,PAYLOAD,NORMAL
2026-03-02 15:27:00,SAT-004,26.8,28.35,5.1,91.53,530.29,-69.33,0.0499,0.08,POWER,NORMAL
2026-03-02 15:28:00,INSAT-3D,21.61,28.49,7.34,82.06,548.27,-102.85,0.0263,0.065,COMMUNICATION,ANOMALY
2026-03-02 15:29:00,GSAT-30,32.27,28.07,6.55,88.73,552.35,-66.71,0.0556,0.088,PAYLOAD,NORMAL
2026-03-02 15:30:00,SAT-001,17.86,28.53,6.4,87.28,535.18,-65.88,0.026,0.054,PAYLOAD,NORMAL
2026-03-02 15:31:00,SAT-002,22.04,28.23,6.29,93.82,477.72,-70.78,0.0378,0.092,BATTERY,NORMAL
2026-03-02 15:32:00,SAT-003,34.68,28.38,6.29,78.93,489.85,-65.29,0.9285,0.669,ATTITUDE,ANOMALY
2026-03-02 15:33:00,SAT-004,25.95,27.97,7.51,83.31,563.41,-73.42,0.0636,0.108,BATTERY,NORMAL
2026-03-02 15:34:00,INSAT-3D,30.43,28.39,7.43,85.19,534.99,-71.13,0.0368,0.052,PAYLOAD,NORMAL
2026-03-02 15:35:00,GSAT-30,27.87,27.7,5.25,86.43,545.38,-69.72,0.0378,0.113,PAYLOAD,NORMAL
2026-03-02 15:36:00,SAT-001,29.57,28.07,6.18,83.56,268.44,-67.95,0.0607,3.35,ATTITUDE,ANOMALY
2026-03-02 15:37:00,SAT-002,30.87,28.4,6.93,92.7,523.93,-68.78,0.0247,0.125,THERMAL,NORMAL
2026-03-02 15:38:00,SAT-003,20.25,28.08,5.91,86.13,560.97,-70.11,0.0774,0.122,BATTERY,NORMAL
2026-03-02 15:39:00,SAT-004,22.31,28.16,7.28,89.88,538.38,-68.83,0.0455,0.088,BATTERY,NORMAL
2026-03-02 15:40:00,INSAT-3D,32.0,26.11,14.73,43.25,554.41,-68.42,0.0538,0.079,BATTERY,ANOMALY
2026-03-02 15:41:00,GSAT-30,27.24,28.08,7.97,86.5,546.81,-67.57,0.0367,0.094,COMMUNICATION,NORMAL
2026-03-02 15:42:00,SAT-001,24.52,27.91,6.42,91.7,515.06,-66.61,0.055,0.022,ATTITUDE,NORMAL
2026-03-02 15:43:00,SAT-002,26.96,27.97,5.99,95.21,518.49,-64.82,0.0285,0.044,THERMAL,NORMAL
2026-03-02 15:44:00,SAT-003,81.26,27.4,6.07,91.81,567.37,-65.24,0.0393,0.071,THERMAL,ANOMALY
2026-03-02 15:45:00,SAT-004,27.64,27.74,6.52,95.48,526.66,-67.27,0.0462,0.111,THERMAL,NORMAL
2026-03-02 15:46:00,INSAT-3D,25.94,28.75,6.76,84.28,533.23,-66.58,0.0319,0.079,PAYLOAD,NORMAL
2026-03-02 15:47:00,GSAT-30,21.48,28.05,5.72,87.86,536.16,-68.19,0.0721,0.067,PAYLOAD,NORMAL
2026-03-02 15:48:00,SAT-001,23.39,23.02,7.67,79.59,215.61,-73.54,0.0737,0.133,POWER,ANOMALY
2026-03-02 15:49:00,SAT-002,26.26,28.1,5.55,86.33,454.55,-69.77,0.0365,0.097,ATTITUDE,NORMAL
2026-03-02 15:50:00,SAT-003,18.13,27.89,7.14,91.76,560.74,-63.34,0.0332,0.066,COMMUNICATION,NORMAL
2026-03-02 15:51:00,SAT-004,28.62,27.91,6.63,96.83,589.01,-62.32,0.0479,0.062,POWER,NORMAL
2026-03-02 15:52:00,INSAT-3D,38.0,26.33,22.44,83.27,506.25,-66.98,0.0469,0.081,POWER,ANOMALY
2026-03-02 15:53:00,GSAT-30,20.61,28.1,7.41,90.95,595.53,-69.13,0.058,0.049,COMMUNICATION,NORMAL
2026-03-02 15:54:00,SAT-001,27.49,28.09,4.74,83.56,492.92,-66.51,0.0464,0.033,THERMAL,NORMAL
2026-03-02 15:55:00,SAT-002,22.84,28.52,5.48,86.81,517.65,-69.49,0.0431,0.123,ATTITUDE,NORMAL
2026-03-02 15:56:00,SAT-003,27.37,28.57,6.51,91.41,536.81,-106.57,0.0556,0.125,COMMUNICATION,ANOMALY
2026-03-02 15:57:00,SAT-004,17.93,28.5,6.61,88.75,536.7,-68.97,0.0354,0.024,POWER,NORMAL
2026-03-02 15:58:00,INSAT-3D,26.92,28.42,5.0,80.49,478.61,-63.57,0.0339,0.091,COMMUNICATION,NORMAL
2026-03-02 15:59:00,GSAT-30,20.34,28.15,5.96,81.7,562.61,-66.55,0.0533,0.057,COMMUNICATION,NORMAL
2026-03-02 16:00:00,SAT-001,20.05,28.34,5.97,80.55,492.29,-68.83,1.2901,0.665,ATTITUDE,ANOMALY
2026-03-02 16:01:00,SAT-002,33.17,28.45,7.77,92.48,534.68,-66.2,0.0578,0.032,BATTERY,NORMAL
2026-03-02 16:02:00,SAT-003,30.96,28.49,5.88,88.33,509.6,-68.69,0.0457,0.077,ATTITUDE,NORMAL
2026-03-02 16:03:00,SAT-004,19.97,28.06,5.31,84.32,524.15,-68.77,0.0271,0.068,COMMUNICATION,NORMAL
2026-03-02 16:04:00,INSAT-3D,30.27,28.12,6.97,84.66,240.05,-68.35,0.0524,3.403,ATTITUDE,ANOMALY
2026-03-02 16:05:00,GSAT-30,30.62,28.4,7.18,83.05,499.78,-66.45,0.0289,0.071,ATTITUDE,NORMAL
2026-03-02 16:06:00,SAT-001,20.8,28.4,7.13,83.08,612.8,-67.72,0.0456,0.05,PAYLOAD,NORMAL
2026-03-02 16:07:00,SAT-002,20.54,28.0,5.76,85.74,574.99,-68.76,0.0291,0.123,BATTERY,NORMAL
2026-03-02 16:08:00,SAT-003,35.29,24.97,13.06,28.36,529.79,-65.54,0.0386,0.089,BATTERY,ANOMALY
2026-03-02 16:09:00,SAT-004,24.29,28.49,6.96,87.79,573.65,-67.31,0.0279,0.079,PAYLOAD,NORMAL
2026-03-02 16:10:00,INSAT-3D,24.48,28.35,5.71,95.86,584.05,-67.97,0.0457,0.055,PAYLOAD,NORMAL
2026-03-02 16:11:00,GSAT-30,26.01,28.22,6.97,94.91,489.18,-63.12,0.0404,0.113,POWER,NORMAL
2026-03-02 16:12:00,SAT-001,72.17,27.5,5.35,90.61,549.3,-72.72,0.0578,0.051,THERMAL,ANOMALY
2026-03-02 16:13:00,SAT-002,20.64,27.95,9.32,99.5,532.63,-66.73,0.0594,0.041,THERMAL,NORMAL
2026-03-02 16:14:00,SAT-003,27.99,28.43,6.03,91.83,436.22,-64.02,0.0431,0.084,ATTITUDE,NORMAL
2026-03-02 16:15:00,SAT-004,23.65,28.19,6.34,85.88,573.0,-68.98,0.0332,0.098,BATTERY,NORMAL
2026-03-02 16:16:00,INSAT-3D,31.64,22.42,6.4,90.32,114.67,-66.14,0.0453,0.0,POWER,ANOMALY
2026-03-02 16:17:00,GSAT-30,31.27,28.76,7.05,78.21,513.68,-77.12,0.047,0.129,COMMUNICATION,NORMAL
2026-03-02 16:18:00,SAT-001,28.66,27.93,6.71,83.96,538.45,-72.57,0.0544,0.075,BATTERY,NORMAL
2026-03-02 16:19:00,SAT-002,23.53,27.92,6.97,84.37,580.68,-72.18,0.0391,0.139,COMMUNICATION,NORMAL
2026-03-02 16:20:00,SAT-003,38.7,26.55,21.79,80.65,543.61,-65.3,0.0475,0.078,POWER,ANOMALY
2026-03-02 16:21:00,SAT-004,29.21,28.27,6.65,85.62,533.1,-70.49,0.0487,0.073,BATTERY,NORMAL
2026-03-02 16:22:00,INSAT-3D,23.52,28.07,5.43,85.32,582.39,-66.25,0.0549,0.109,BATTERY,NORMAL
2026-03-02 16:23:00,GSAT-30,33.79,28.2,5.95,85.39,553.17,-66.84,0.0564,0.052,POWER,NORMAL
2026-03-02 16:24:00,SAT-001,25.06,28.81,6.68,84.14,501.75,-104.6,0.0553,0.106,COMMUNICATION,ANOMALY
2026-03-02 16:25:00,SAT-002,32.79,28.54,5.19,93.13,596.02,-69.34,0.044,0.064,ATTITUDE,NORMAL
2026-03-02 16:26:00,SAT-003,24.08,28.23,5.76,94.45,545.18,-70.64,0.056,0.042,POWER,NORMAL
2026-03-02 16:27:00,SAT-004,23.9,28.47,5.94,95.05,496.83,-68.75,0.0347,0.081,PAYLOAD,NORMAL
2026-03-02 16:28:00,INSAT-3D,21.88,28.39,7.08,92.53,555.42,-65.49,1.1591,0.673,ATTITUDE,ANOMALY
2026-03-02 16:29:00,GSAT-30,21.11,27.91,7.75,84.86,561.37,-67.51,0.015,0.134,BATTERY,NORMAL
2026-03-02 16:30:00,SAT-001,22.97,28.3,4.04,86.48,561.99,-67.29,0.0544,0.062,ATTITUDE,NORMAL
2026-03-02 16:31:00,SAT-002,24.56,27.86,6.75,97.25,533.49,-68.28,0.0417,0.073,PAYLOAD,NORMAL
2026-03-02 16:32:00,SAT-003,23.67,28.61,6.66,85.32,235.45,-71.82,0.0544,8.29,ATTITUDE,ANOMALY
2026-03-02 16:33:00,SAT-004,24.49,27.99,4.54,90.87,566.88,-71.45,0.0627,0.039,BATTERY,NORMAL
2026-03-02 16:34:00,INSAT-3D,22.77,28.53,4.93,98.71,516.04,-68.79,0.0398,0.048,ATTITUDE,NORMAL
2026-03-02 16:35:00,GSAT-30,24.56,28.33,6.18,94.31,547.47,-69.77,0.0492,0.07,THERMAL,NORMAL
2026-03-02 16:36:00,SAT-001,36.68,25.45,10.6,45.28,521.77,-67.27,0.0408,0.014,BATTERY,ANOMALY
2026-03-02 16:37:00,SAT-002,20.97,27.95,5.11,87.79,595.06,-68.57,0.0407,0.112,PAYLOAD,NORMAL
2026-03-02 16:38:00,SAT-003,28.59,28.15,5.63,87.83,583.47,-62.47,0.0521,0.062,BATTERY,NORMAL
2026-03-02 16:39:00,SAT-004,28.64,27.93,7.12,87.04,527.78,-71.9,0.0325,0.085,ATTITUDE,NORMAL
2026-03-02 16:40:00,INSAT-3D,71.33,27.5,6.08,83.02,547.49,-68.61,0.0573,0.018,THERMAL,ANOMALY
2026-03-02 16:41:00,GSAT-30,29.41,28.35,5.31,86.23,591.81,-69.08,0.0367,0.102,COMMUNICATION,NORMAL
2026-03-02 16:42:00,SAT-001,24.02,28.34,6.17,84.02,515.74,-73.06,0.0317,0.099,THERMAL,NORMAL
2026-03-02 16:43:00,SAT-002,27.14,28.5,7.14,81.76,557.49,-63.7,0.0511,0.094,BATTERY,NORMAL
2026-03-02 16:44:00,SAT-003,24.59,19.42,7.49,86.64,199.54,-69.37,0.0571,0.09,POWER,ANOMALY
2026-03-02 16:45:00,SAT-004,15.36,28.44,5.63,82.97,530.74,-71.59,0.0432,0.113,PAYLOAD,NORMAL
2026-03-02 16:46:00,INSAT-3D,24.09,27.78,6.08,92.22,527.26,-67.69,0.0373,0.116,COMMUNICATION,NORMAL
2026-03-02 16:47:00,GSAT-30,22.54,28.33,5.86,80.26,571.21,-73.28,0.0321,0.031,COMMUNICATION,NORMAL
2026-03-02 16:48:00,SAT-001,38.62,26.76,29.43,89.57,573.25,-67.13,0.0352,0.084,POWER,ANOMALY
2026-03-02 16:49:00,SAT-002,20.55,28.26,6.38,90.39,527.7,-66.7,0.0426,0.064,PAYLOAD,NORMAL
2026-03-02 16:50:00,SAT-003,23.5,28.52,5.58,80.99,504.66,-64.23,0.0513,0.125,BATTERY,NORMAL
2026-03-02 16:51:00,SAT-004,24.34,28.25,5.74,86.03,518.05,-65.94,0.0495,0.048,COMMUNICATION,NORMAL
2026-03-02 16:52:00,INSAT-3D,27.7,28.74,5.97,81.41,530.24,-119.53,0.0406,0.135,COMMUNICATION,ANOMALY
2026-03-02 16:53:00,GSAT-30,26.29,28.09,7.24,88.65,555.49,-71.37,0.0232,0.107,POWER,NORMAL
2026-03-02 16:54:00,SAT-001,29.34,28.03,6.54,81.3,575.34,-64.07,0.0575,0.111,THERMAL,NORMAL
2026-03-02 16:55:00,SAT-002,31.53,28.25,4.9,95.22,540.79,-65.86,0.0457,0.094,ATTITUDE,NORMAL
2026-03-02 16:56:00,SAT-003,28.0,28.44,6.62,81.2,535.81,-65.63,1.2224,0.647,ATTITUDE,ANOMALY
2026-03-02 16:57:00,SAT-004,23.64,28.34,6.27,78.29,547.53,-67.62,0.0333,0.097,ATTITUDE,NORMAL
2026-03-02 16:58:00,INSAT-3D,27.33,28.53,7.24,91.27,484.31,-72.79,0.0538,0.032,COMMUNICATION,NORMAL
2026-03-02 16:59:00,GSAT-30,25.75,28.31,5.87,94.62,566.83,-68.09,0.057,0.096,ATTITUDE,NORMAL
2026-03-02 17:00:00,SAT-001,25.5,28.14,5.64,82.31,237.01,-67.52,0.0366,4.303,ATTITUDE,ANOMALY
2026-03-02 17:01:00,SAT-002,21.72,28.03,7.8,90.12,572.6,-65.53,0.0438,0.067,THERMAL,NORMAL
2026-03-02 17:02:00,SAT-003,23.84,28.17,6.81,84.86,518.77,-64.73,0.032,0.11,PAYLOAD,NORMAL
2026-03-02 17:03:00,SAT-004,21.96,28.55,4.72,90.24,582.79,-72.72,0.0665,0.078,COMMUNICATION,NORMAL
2026-03-02 17:04:00,INSAT-3D,38.57,25.52,12.38,22.75,496.56,-65.96,0.0604,0.038,BATTERY,ANOMALY
2026-03-02 17:05:00,GSAT-30,23.7,28.36,5.65,88.06,566.95,-70.18,0.0407,0.063,THERMAL,NORMAL
2026-03-02 17:06:00,SAT-001,28.4,28.42,5.91,87.07,591.47,-65.8,0.0565,0.085,PAYLOAD,NORMAL
2026-03-02 17:07:00,SAT-002,25.0,27.95,6.63,93.4,554.37,-68.51,0.0499,0.06,ATTITUDE,NORMAL
2026-03-02 17:08:00,SAT-003,63.59,27.5,6.48,85.68,500.0,-66.22,0.0429,0.004,THERMAL,ANOMALY
2026-03-02 17:09:00,SAT-004,32.02,28.52,6.35,90.54,553.86,-63.85,0.0388,0.102,COMMUNICATION,NORMAL
2026-03-02 17:10:00,INSAT-3D,22.32,27.89,5.15,91.52,512.91,-70.89,0.0425,0.158,ATTITUDE,NORMAL
2026-03-02 17:11:00,GSAT-30,31.67,27.65,6.53,88.62,568.49,-67.03,0.0698,0.108,BATTERY,NORMAL
2026-03-02 17:12:00,SAT-001,20.49,20.43,6.66,92.03,232.06,-71.19,0.0325,0.112,POWER,ANOMALY
2026-03-02 17:13:00,SAT-002,20.57,28.22,5.14,86.26,549.81,-71.04,0.0168,0.076,THERMAL,NORMAL
2026-03-02 17:14:00,SAT-003,22.72,28.23,4.8,89.58,536.55,-65.48,0.0414,0.098,COMMUNICATION,NORMAL
2026-03-02 17:15:00,SAT-004,25.62,28.4,5.66,84.6,487.18,-62.96,0.0511,0.063,BATTERY,NORMAL
2026-03-02 17:16:00,INSAT-3D,38.0,26.39,25.49,83.29,502.48,-70.32,0.0523,0.069,POWER,ANOMALY
2026-03-02 17:17:00,GSAT-30,23.97,28.24,6.18,85.92,522.24,-66.69,0.0505,0.11,ATTITUDE,NORMAL
2026-03-02 17:18:00,SAT-001,24.93,28.25,6.54,84.6,558.03,-66.78,0.0462,0.022,PAYLOAD,NORMAL
2026-03-02 17:19:00,SAT-002,23.56,28.19,5.88,83.91,561.51,-68.45,0.0439,0.01,PAYLOAD,NORMAL
2026-03-02 17:20:00,SAT-003,25.32,27.88,6.08,86.18,511.59,-117.04,0.046,0.065,COMMUNICATION,ANOMALY
2026-03-02 17:21:00,SAT-004,21.33,28.17,5.76,86.08,559.16,-67.33,0.057,0.093,THERMAL,NORMAL
2026-03-02 17:22:00,INSAT-3D,24.39,28.1,6.8,87.16,583.04,-69.24,0.0382,0.08,BATTERY,NORMAL
2026-03-02 17:23:00,GSAT-30,25.63,28.01,7.22,89.06,573.66,-71.2,0.0575,0.112,PAYLOAD,NORMAL
2026-03-02 17:24:00,SAT-001,26.87,27.96,6.46,88.06,537.04,-66.2,1.0337,0.661,ATTITUDE,ANOMALY
2026-03-02 17:25:00,SAT-002,23.85,28.4,5.34,93.1,587.38,-68.0,0.0457,0.057,THERMAL,NORMAL
2026-03-02 17:26:00,SAT-003,23.59,28.23,5.71,81.68,500.88,-71.27,0.06,0.093,COMMUNICATION,NORMAL
2026-03-02 17:27:00,SAT-004,22.91,28.01,4.78,89.34,603.56,-66.9,0.0362,0.095,POWER,NORMAL
2026-03-02 17:28:00,INSAT-3D,28.4,28.55,5.51,92.77,241.38,-62.74,0.0466,9.839,ATTITUDE,ANOMALY
2026-03-02 17:29:00,GSAT-30,27.88,28.4,6.43,90.4,511.59,-69.03,0.0352,0.075,PAYLOAD,NORMAL
2026-03-02 17:30:00,SAT-001,25.46,28.74,6.3,87.62,544.9,-68.99,0.033,0.142,ATTITUDE,NORMAL
2026-03-02 17:31:00,SAT-002,28.62,28.15,5.47,80.25,506.8,-73.07,0.0457,0.107,COMMUNICATION,NORMAL
2026-03-02 17:32:00,SAT-003,32.0,25.54,10.68,36.89,481.68,-66.84,0.0445,0.075,BATTERY,ANOMALY
2026-03-02 17:33:00,SAT-004,25.39,28.58,6.49,87.5,545.2,-71.67,0.0487,0.02,POWER,NORMAL
2026-03-02 17:34:00,INSAT-3D,32.03,28.13,6.92,85.61,524.67,-68.37,0.0519,0.115,BATTERY,NORMAL
2026-03-02 17:35:00,GSAT-30,23.54,28.24,6.94,85.79,562.58,-64.33,0.0497,0.101,COMMUNICATION,NORMAL
2026-03-02 17:36:00,SAT-001,66.29,27.4,7.17,93.05,555.65,-68.58,0.0433,0.076,THERMAL,ANOMALY
2026-03-02 17:37:00,SAT-002,21.41,28.32,6.22,95.41,461.02,-67.38,0.0402,0.104,ATTITUDE,NORMAL
2026-03-02 17:38:00,SAT-003,27.28,28.38,6.93,90.79,557.08,-71.13,0.032,0.09,PAYLOAD,NORMAL
2026-03-02 17:39:00,SAT-004,26.25,27.86,5.17,86.19,565.65,-66.21,0.0586,0.035,ATTITUDE,NORMAL
2026-03-02 17:40:00,INSAT-3D,26.67,20.28,7.57,86.79,149.6,-66.17,0.0554,0.081,POWER,ANOMALY
2026-03-02 17:41:00,GSAT-30,27.71,28.7,4.97,82.63,528.16,-68.91,0.0412,0.077,THERMAL,NORMAL
2026-03-02 17:42:00,SAT-001,25.56,28.34,5.04,95.17,534.51,-71.25,0.0636,0.1,ATTITUDE,NORMAL
2026-03-02 17:43:00,SAT-002,19.19,28.1,4.85,79.97,531.96,-67.06,0.0341,0.091,THERMAL,NORMAL
2026-03-02 17:44:00,SAT-003,38.33,26.8,23.36,94.92,495.82,-69.88,0.0501,0.084,POWER,ANOMALY
2026-03-02 17:45:00,SAT-004,25.62,28.1,7.27,92.4,500.37,-67.0,0.0476,0.036,THERMAL,NORMAL
2026-03-02 17:46:00,INSAT-3D,25.35,28.4,4.79,91.91,543.98,-66.61,0.0452,0.076,POWER,NORMAL
2026-03-02 17:47:00,GSAT-30,24.76,28.08,6.22,95.76,587.76,-63.91,0.0325,0.127,POWER,NORMAL
2026-03-02 17:48:00,SAT-001,24.53,28.42,7.0,84.3,536.43,-103.61,0.0456,0.073,COMMUNICATION,ANOMALY
2026-03-02 17:49:00,SAT-002,23.67,28.21,6.39,89.57,580.13,-71.3,0.0518,0.103,POWER,NORMAL
2026-03-02 17:50:00,SAT-003,31.61,28.26,6.75,89.41,458.83,-64.29,0.0515,0.097,BATTERY,NORMAL
2026-03-02 17:51:00,SAT-004,20.13,28.08,6.63,89.3,544.05,-70.65,0.032,0.108,POWER,NORMAL
2026-03-02 17:52:00,INSAT-3D,31.08,28.36,6.36,91.13,504.74,-64.84,0.8524,0.664,ATTITUDE,ANOMALY
2026-03-02 17:53:00,GSAT-30,32.75,28.18,7.32,86.51,552.22,-69.84,0.0572,0.061,BATTERY,NORMAL
2026-03-02 17:54:00,SAT-001,24.59,28.31,7.58,89.0,546.84,-67.46,0.0279,0.037,POWER,NORMAL
2026-03-02 17:55:00,SAT-002,24.11,27.88,5.98,88.09,541.71,-64.18,0.0446,0.078,COMMUNICATION,NORMAL
2026-03-02 17:56:00,SAT-003,29.44,28.2,5.53,79.61,224.08,-71.66,0.065,11.51,ATTITUDE,ANOMALY
2026-03-02 17:57:00,SAT-004,22.87,28.05,6.95,90.64,571.63,-63.98,0.0413,0.044,BATTERY,NORMAL
2026-03-02 17:58:00,INSAT-3D,19.62,27.92,5.44,81.5,516.06,-65.69,0.0528,0.089,THERMAL,NORMAL
2026-03-02 17:59:00,GSAT-30,21.5,28.0,7.14,83.36,551.98,-64.28,0.0308,0.047,COMMUNICATION,NORMAL
2026-03-02 18:00:00,SAT-001,33.81,24.55,12.85,40.17,546.16,-70.41,0.0313,0.078,BATTERY,ANOMALY
2026-03-02 18:01:00,SAT-002,21.58,28.29,7.01,79.06,542.61,-71.06,0.0287,0.131,PAYLOAD,NORMAL
2026-03-02 18:02:00,SAT-003,22.89,28.55,7.32,90.26,529.05,-70.51,0.0211,0.096,ATTITUDE,NORMAL
2026-03-02 18:03:00,SAT-004,23.64,28.29,6.75,93.46,558.35,-73.86,0.0323,0.075,BATTERY,NORMAL
2026-03-02 18:04:00,INSAT-3D,60.71,27.5,6.53,85.25,537.13,-68.77,0.0459,0.114,THERMAL,ANOMALY
2026-03-02 18:05:00,GSAT-30,22.31,28.03,6.12,84.03,496.15,-68.97,0.0461,0.092,COMMUNICATION,NORMAL
2026-03-02 18:06:00,SAT-001,21.52,28.55,6.34,84.99,443.09,-66.14,0.0452,0.119,BATTERY,NORMAL
2026-03-02 18:07:00,SAT-002,25.53,28.38,7.7,90.94,527.02,-62.41,0.0293,0.072,PAYLOAD,NORMAL
2026-03-02 18:08:00,SAT-003,28.7,21.9,6.46,81.49,229.68,-70.1,0.0458,0.07,POWER,ANOMALY
2026-03-02 18:09:00,SAT-004,26.81,28.41,6.33,86.73,520.81,-70.0,0.0257,0.053,THERMAL,NORMAL
2026-03-02 18:10:00,INSAT-3D,30.28,28.23,5.63,85.64,519.21,-65.81,0.0437,0.084,THERMAL,NORMAL
2026-03-02 18:11:00,GSAT-30,21.76,28.45,6.32,86.03,579.53,-66.33,0.0321,0.091,THERMAL,NORMAL
2026-03-02 18:12:00,SAT-001,39.09,26.8,30.74,88.28,516.76,-68.63,0.0425,0.032,POWER,ANOMALY
2026-03-02 18:13:00,SAT-002,25.37,27.85,4.29,88.71,530.2,-71.45,0.0385,0.072,THERMAL,NORMAL
2026-03-02 18:14:00,SAT-003,26.63,28.01,6.93,94.84,610.87,-68.79,0.0473,0.088,POWER,NORMAL
2026-03-02 18:15:00,SAT-004,21.52,28.25,6.51,86.0,556.27,-64.3,0.0399,0.078,COMMUNICATION,NORMAL
2026-03-02 18:16:00,INSAT-3D,23.54,27.66,7.12,84.87,531.43,-102.01,0.0431,0.113,COMMUNICATION,ANOMALY
2026-03-02 18:17:00,GSAT-30,22.23,28.62,6.56,89.35,522.96,-69.54,0.0308,0.07,BATTERY,NORMAL
2026-03-02 18:18:00,SAT-001,28.52,28.41,6.06,85.61,519.72,-68.93,0.0282,0.051,ATTITUDE,NORMAL
2026-03-02 18:19:00,SAT-002,22.86,28.16,7.43,90.08,489.32,-73.49,0.0461,0.149,COMMUNICATION,NORMAL
2026-03-02 18:20:00,SAT-003,30.07,28.31,7.13,89.3,480.93,-67.38,0.6621,0.743,ATTITUDE,ANOMALY
2026-03-02 18:21:00,SAT-004,27.0,28.34,6.9,90.03,605.11,-67.43,0.0457,0.072,POWER,NORMAL
2026-03-02 18:22:00,INSAT-3D,21.76,28.43,5.82,87.98,550.31,-74.3,0.0274,0.083,ATTITUDE,NORMAL
2026-03-02 18:23:00,GSAT-30,27.38,27.78,5.77,79.87,559.27,-71.63,0.0416,0.079,PAYLOAD,NORMAL
2026-03-02 18:24:00,SAT-001,25.91,28.06,6.77,78.73,261.98,-71.1,0.0454,10.438,ATTITUDE,ANOMALY
2026-03-02 18:25:00,SAT-002,30.22,28.4,5.95,91.66,582.52,-66.0,0.0516,0.077,BATTERY,NORMAL
2026-03-02 18:26:00,SAT-003,21.83,28.06,8.01,95.5,534.07,-64.15,0.0381,0.109,POWER,NORMAL
2026-03-02 18:27:00,SAT-004,26.49,28.36,7.08,89.56,563.23,-69.7,0.0333,0.065,THERMAL,NORMAL
2026-03-02 18:28:00,INSAT-3D,33.52,25.2,14.34,25.5,523.59,-65.77,0.0521,0.055,BATTERY,ANOMALY
2026-03-02 18:29:00,GSAT-30,23.67,27.75,6.44,88.91,516.65,-73.87,0.0417,0.103,ATTITUDE,NORMAL
2026-03-02 18:30:00,SAT-001,28.08,28.04,6.08,96.38,553.24,-71.28,0.0347,0.107,POWER,NORMAL
2026-03-02 18:31:00,SAT-002,29.54,28.6,6.75,87.85,596.52,-70.04,0.0345,0.062,ATTITUDE,NORMAL
2026-03-02 18:32:00,SAT-003,73.68,27.17,6.38,76.99,544.43,-72.55,0.0357,0.117,THERMAL,ANOMALY
2026-03-02 18:33:00,SAT-004,24.48,28.61,5.81,84.56,525.99,-67.99,0.0665,0.057,THERMAL,NORMAL
2026-03-02 18:34:00,INSAT-3D,25.17,27.97,7.45,91.03,564.21,-69.46,0.045,0.099,THERMAL,NORMAL
2026-03-02 18:35:00,GSAT-30,26.28,28.38,5.87,92.32,572.99,-64.08,0.057,0.156,ATTITUDE,NORMAL
2026-03-02 18:36:00,SAT-001,29.5,22.37,7.14,85.66,130.84,-71.12,0.0438,0.107,POWER,ANOMALY
2026-03-02 18:37:00,SAT-002,26.37,27.84,5.42,86.26,459.68,-65.88,0.0391,0.089,THERMAL,NORMAL
2026-03-02 18:38:00,SAT-003,17.94,27.86,5.84,92.49,552.13,-67.58,0.0209,0.118,THERMAL,NORMAL
2026-03-02 18:39:00,SAT-004,31.27,28.33,5.78,83.82,465.19,-68.95,0.0286,0.081,ATTITUDE,NORMAL
2026-03-02 18:40:00,INSAT-3D,38.0,26.75,22.85,82.63,547.18,-66.97,0.0271,0.105,POWER,ANOMALY
2026-03-02 18:41:00,GSAT-30,24.81,28.11,5.17,86.5,525.48,-67.05,0.047,0.104,THERMAL,NORMAL
2026-03-02 18:42:00,SAT-001,18.85,28.1,6.11,96.82,507.79,-65.63,0.045,0.046,THERMAL,NORMAL
2026-03-02 18:43:00,SAT-002,21.61,27.96,6.0,89.19,556.94,-67.63,0.0349,0.067,BATTERY,NORMAL
2026-03-02 18:44:00,SAT-003,28.2,27.86,6.13,87.99,556.26,-107.05,0.0409,0.04,COMMUNICATION,ANOMALY
2026-03-02 18:45:00,SAT-004,19.91,28.49,6.67,91.62,529.37,-65.71,0.0362,0.04,THERMAL,NORMAL
2026-03-02 18:46:00,INSAT-3D,26.26,27.59,6.81,85.1,515.44,-68.97,0.0407,0.058,COMMUNICATION,NORMAL
2026-03-02 18:47:00,GSAT-30,19.78,28.21,5.28,88.31,607.89,-72.17,0.0432,0.061,ATTITUDE,NORMAL
2026-03-02 18:48:00,SAT-001,22.88,27.96,7.68,93.68,498.61,-66.8,1.1067,0.66,ATTITUDE,ANOMALY
2026-03-02 18:49:00,SAT-002,24.53,28.22,5.71,94.37,487.67,-71.41,0.0508,0.045,PAYLOAD,NORMAL
2026-03-02 18:50:00,SAT-003,23.28,28.37,6.12,90.64,549.5,-71.19,0.0519,0.031,PAYLOAD,NORMAL
2026-03-02 18:51:00,SAT-004,23.28,27.96,6.7,84.32,527.21,-74.44,0.0573,0.047,THERMAL,NORMAL
2026-03-02 18:52:00,INSAT-3D,24.55,28.43,7.13,79.45,245.61,-71.45,0.0473,7.78,ATTITUDE,ANOMALY
2026-03-02 18:53:00,GSAT-30,22.47,28.7,5.71,82.04,508.54,-68.05,0.0463,0.089,COMMUNICATION,NORMAL
2026-03-02 18:54:00,SAT-001,23.14,28.44,4.95,91.38,571.99,-65.13,0.0262,0.089,ATTITUDE,NORMAL
2026-03-02 18:55:00,SAT-002,30.02,28.42,7.32,93.74,569.2,-66.17,0.0628,0.062,BATTERY,NORMAL
2026-03-02 18:56:00,SAT-003,32.3,26.07,14.21,41.02,498.81,-70.17,0.0594,0.101,BATTERY,ANOMALY
2026-03-02 18:57:00,SAT-004,22.85,28.16,5.5,86.11,492.16,-67.98,0.0478,0.05,PAYLOAD,NORMAL
2026-03-02 18:58:00,INSAT-3D,27.22,28.38,5.54,86.5,517.5,-65.54,0.0441,0.061,BATTERY,NORMAL
2026-03-02 18:59:00,GSAT-30,19.75,28.04,6.53,87.2,555.63,-61.69,0.0511,0.067,PAYLOAD,NORMAL
2026-03-02 19:00:00,SAT-001,63.99,27.17,6.16,83.07,533.57,-66.42,0.0494,0.084,THERMAL,ANOMALY
2026-03-02 19:01:00,SAT-002,29.87,28.31,5.34,78.11,490.74,-71.17,0.0298,0.079,COMMUNICATION,NORMAL
2026-03-02 19:02:00,SAT-003,20.85,27.86,6.3,91.55,513.0,-74.08,0.0463,0.094,BATTERY,NORMAL
2026-03-02 19:03:00,SAT-004,24.0,28.03,5.86,99.5,518.39,-68.52,0.0476,0.096,BATTERY,NORMAL
2026-03-02 19:04:00,INSAT-3D,26.31,22.2,6.69,84.25,206.4,-70.66,0.0504,0.069,POWER,ANOMALY
2026-03-02 19:05:00,GSAT-30,22.21,28.08,6.71,79.63,524.07,-64.74,0.0397,0.017,ATTITUDE,NORMAL
2026-03-02 19:06:00,SAT-001,19.09,28.18,7.05,94.57,466.76,-66.21,0.0505,0.103,ATTITUDE,NORMAL
2026-03-02 19:07:00,SAT-002,20.71,28.2,6.78,82.96,502.76,-71.95,0.0641,0.131,PAYLOAD,NORMAL
2026-03-02 19:08:00,SAT-003,43.05,26.8,30.96,75.94,581.1,-65.21,0.0535,0.049,POWER,ANOMALY
2026-03-02 19:09:00,SAT-004,24.78,27.99,4.68,84.24,439.5,-69.24,0.0376,0.045,POWER,NORMAL
2026-03-02 19:10:00,INSAT-3D,28.23,28.47,5.99,95.88,535.07,-71.9,0.0592,0.128,POWER,NORMAL
2026-03-02 19:11:00,GSAT-30,24.64,28.22,5.22,82.35,527.88,-64.01,0.0277,0.13,POWER,NORMAL
2026-03-02 19:12:00,SAT-001,23.88,28.22,7.3,83.22,522.69,-118.8,0.056,0.101,COMMUNICATION,ANOMALY
2026-03-02 19:13:00,SAT-002,24.91,28.21,6.01,86.51,539.25,-63.68,0.0513,0.076,BATTERY,NORMAL
2026-03-02 19:14:00,SAT-003,23.17,28.01,6.19,79.94,545.02,-73.59,0.0584,0.101,BATTERY,NORMAL
2026-03-02 19:15:00,SAT-004,21.85,28.33,7.22,86.17,459.89,-68.5,0.0348,0.074,POWER,NORMAL
2026-03-02 19:16:00,INSAT-3D,25.32,27.94,5.41,85.06,506.96,-62.77,0.8497,0.658,ATTITUDE,ANOMALY
2026-03-02 19:17:00,GSAT-30,27.23,28.34,6.36,94.43,528.93,-68.87,0.0221,0.112,COMMUNICATION,NORMAL
2026-03-02 19:18:00,SAT-001,25.35,28.15,6.31,84.73,500.3,-63.67,0.0476,0.088,PAYLOAD,NORMAL
2026-03-02 19:19:00,SAT-002,31.24,27.87,5.98,83.45,565.98,-63.75,0.0292,0.078,THERMAL,NORMAL
2026-03-02 19:20:00,SAT-003,24.1,28.45,6.83,90.88,232.82,-68.35,0.0489,10.734,ATTITUDE,ANOMALY
2026-03-02 19:21:00,SAT-004,31.0,28.52,6.02,83.42,546.12,-67.43,0.0561,0.082,BATTERY,NORMAL
2026-03-02 19:22:00,INSAT-3D,20.72,28.39,5.65,89.22,558.89,-71.53,0.036,0.1,COMMUNICATION,NORMAL
2026-03-02 19:23:00,GSAT-30,27.76,28.01,5.83,88.36,588.1,-67.42,0.0513,0.071,BATTERY,NORMAL
2026-03-02 19:24:00,SAT-001,34.26,25.86,12.32,42.98,570.2,-69.12,0.0279,0.162,BATTERY,ANOMALY
2026-03-02 19:25:00,SAT-002,29.92,28.44,6.04,89.43,495.39,-62.03,0.0348,0.072,PAYLOAD,NORMAL
2026-03-02 19:26:00,SAT-003,29.53,28.52,6.75,85.36,578.39,-66.66,0.0295,0.11,POWER,NORMAL
2026-03-02 19:27:00,SAT-004,29.79,28.02,7.14,86.74,595.13,-67.45,0.0469,0.057,POWER,NORMAL
2026-03-02 19:28:00,INSAT-3D,74.18,27.5,6.91,86.2,510.18,-65.98,0.0443,0.082,THERMAL,ANOMALY
2026-03-02 19:29:00,GSAT-30,17.14,28.31,5.69,74.68,526.29,-71.02,0.0394,0.094,POWER,NORMAL
2026-03-02 19:30:00,SAT-001,23.3,28.24,6.19,87.82,502.14,-64.32,0.0596,0.117,BATTERY,NORMAL
2026-03-02 19:31:00,SAT-002,25.53,27.88,5.05,79.08,588.0,-64.36,0.045,0.044,COMMUNICATION,NORMAL
2026-03-02 19:32:00,SAT-003,25.17,19.53,6.1,80.49,200.57,-68.88,0.0524,0.014,POWER,ANOMALY
2026-03-02 19:33:00,SAT-004,26.06,28.14,6.62,97.28,502.44,-67.29,0.0659,0.071,THERMAL,NORMAL
2026-03-02 19:34:00,INSAT-3D,23.09,28.35,5.53,94.62,512.03,-66.94,0.0427,0.049,COMMUNICATION,NORMAL
2026-03-02 19:35:00,GSAT-30,27.59,28.47,5.69,92.13,533.31,-64.52,0.0462,0.112,POWER,NORMAL
2026-03-02 19:36:00,SAT-001,38.48,26.47,20.69,83.35,568.92,-72.07,0.0282,0.089,POWER,ANOMALY
2026-03-02 19:37:00,SAT-002,24.88,28.27,7.18,78.74,546.49,-63.08,0.0641,0.083,BATTERY,NORMAL
2026-03-02 19:38:00,SAT-003,20.33,28.37,3.5,82.16,589.47,-68.67,0.0472,0.076,THERMAL,NORMAL
2026-03-02 19:39:00,SAT-004,28.51,28.14,6.7,78.96,536.7,-70.29,0.0623,0.125,THERMAL,NORMAL
2026-03-02 19:40:00,INSAT-3D,28.67,28.48,5.98,88.58,488.62,-119.9,0.0439,0.096,COMMUNICATION,ANOMALY
2026-03-02 19:41:00,GSAT-30,26.08,27.83,6.38,92.57,532.16,-66.03,0.0573,0.12,COMMUNICATION,NORMAL
2026-03-02 19:42:00,SAT-001,20.76,28.36,6.17,84.97,473.9,-71.03,0.0535,0.104,BATTERY,NORMAL
2026-03-02 19:43:00,SAT-002,19.97,28.28,7.57,78.93,459.77,-70.62,0.0422,0.103,PAYLOAD,NORMAL
2026-03-02 19:44:00,SAT-003,24.56,27.65,7.53,80.43,548.92,-71.41,1.2976,0.691,ATTITUDE,ANOMALY
2026-03-02 19:45:00,SAT-004,27.46,28.02,5.34,85.9,616.33,-67.86,0.0461,0.121,BATTERY,NORMAL
2026-03-02 19:46:00,INSAT-3D,23.78,28.4,5.99,88.66,527.22,-67.47,0.0657,0.126,POWER,NORMAL
2026-03-02 19:47:00,GSAT-30,27.52,27.9,4.72,92.1,502.08,-72.99,0.0573,0.049,ATTITUDE,NORMAL
2026-03-02 19:48:00,SAT-001,23.68,28.79,5.17,78.72,232.29,-68.72,0.0361,8.113,ATTITUDE,ANOMALY
2026-03-02 19:49:00,SAT-002,28.52,28.3,4.75,82.79,467.69,-62.91,0.0331,0.107,POWER,NORMAL
2026-03-02 19:50:00,SAT-003,25.93,28.3,7.57,92.25,522.37,-73.32,0.0381,0.111,PAYLOAD,NORMAL
2026-03-02 19:51:00,SAT-004,26.99,28.12,5.98,81.2,565.64,-64.09,0.0659,0.055,POWER,NORMAL
2026-03-02 19:52:00,INSAT-3D,32.0,25.92,14.65,38.78,463.84,-64.74,0.0465,0.022,BATTERY,ANOMALY
2026-03-02 19:53:00,GSAT-30,25.57,28.3,5.69,93.46,520.37,-68.14,0.0389,0.05,THERMAL,NORMAL
2026-03-02 19:54:00,SAT-001,28.43,28.75,6.71,91.81,539.85,-63.31,0.0518,0.074,ATTITUDE,NORMAL
2026-03-02 19:55:00,SAT-002,22.16,28.35,5.79,90.91,542.65,-61.86,0.0567,0.119,THERMAL,NORMAL
2026-03-02 19:56:00,SAT-003,58.84,27.24,6.76,78.83,561.36,-67.61,0.056,0.094,THERMAL,ANOMALY
2026-03-02 19:57:00,SAT-004,23.8,28.67,6.59,95.45,512.7,-69.26,0.0479,0.066,THERMAL,NORMAL
2026-03-02 19:58:00,INSAT-3D,27.03,28.52,7.86,93.36,547.1,-66.32,0.06,0.101,POWER,NORMAL
2026-03-02 19:59:00,GSAT-30,26.51,28.06,7.1,90.37,545.27,-70.09,0.0548,0.086,ATTITUDE,NORMAL
2026-03-02 20:00:00,SAT-001,23.73,20.35,7.0,87.76,231.97,-67.72,0.0553,0.117,POWER,ANOMALY
2026-03-02 20:01:00,SAT-002,25.55,28.33,6.81,78.28,567.54,-66.86,0.0369,0.119,BATTERY,NORMAL
2026-03-02 20:02:00,SAT-003,26.15,27.88,5.04,88.84,554.32,-69.7,0.0314,0.056,THERMAL,NORMAL
2026-03-02 20:03:00,SAT-004,24.97,28.03,5.39,79.9,598.03,-69.0,0.0508,0.083,THERMAL,NORMAL
2026-03-02 20:04:00,INSAT-3D,39.49,26.1,25.68,90.8,588.29,-69.09,0.0425,0.112,POWER,ANOMALY
2026-03-02 20:05:00,GSAT-30,21.87,28.67,5.72,82.4,561.06,-71.91,0.0573,0.045,POWER,NORMAL
2026-03-02 20:06:00,SAT-001,19.33,28.33,5.77,83.67,528.63,-72.77,0.0493,0.128,BATTERY,NORMAL
2026-03-02 20:07:00,SAT-002,20.23,28.13,5.98,75.68,558.57,-68.55,0.0592,0.086,COMMUNICATION,NORMAL
2026-03-02 20:08:00,SAT-003,28.21,28.56,6.39,85.0,482.79,-108.08,0.0435,0.05,COMMUNICATION,ANOMALY
2026-03-02 20:09:00,SAT-004,25.83,28.71,5.42,84.61,536.12,-66.33,0.0468,0.085,POWER,NORMAL
2026-03-02 20:10:00,INSAT-3D,24.6,28.37,5.11,88.21,592.69,-68.19,0.0476,0.086,THERMAL,NORMAL
2026-03-02 20:11:00,GSAT-30,17.86,28.36,6.35,88.86,535.66,-69.65,0.0513,0.051,ATTITUDE,NORMAL
2026-03-02 20:12:00,SAT-001,29.31,28.05,4.87,85.56,494.68,-71.59,0.7969,0.708,ATTITUDE,ANOMALY
2026-03-02 20:13:00,SAT-002,23.1,28.39,6.38,92.56,498.04,-67.28,0.0461,0.058,BATTERY,NORMAL
2026-03-02 20:14:00,SAT-003,26.53,28.43,5.81,90.72,595.36,-71.78,0.0493,0.105,THERMAL,NORMAL
2026-03-02 20:15:00,SAT-004,24.78,28.24,4.78,82.45,571.89,-71.28,0.0249,0.103,COMMUNICATION,NORMAL
2026-03-02 20:16:00,INSAT-3D,24.82,27.96,5.32,77.64,232.47,-68.42,0.0574,4.55,ATTITUDE,ANOMALY
2026-03-02 20:17:00,GSAT-30,27.57,28.61,5.52,81.01,540.7,-68.09,0.0591,0.043,THERMAL,NORMAL
2026-03-02 20:18:00,SAT-001,19.46,28.12,5.81,91.55,579.58,-69.55,0.0437,0.049,PAYLOAD,NORMAL
2026-03-02 20:19:00,SAT-002,32.15,28.11,5.43,89.91,497.1,-62.84,0.0618,0.075,BATTERY,NORMAL
2026-03-02 20:20:00,SAT-003,32.0,24.71,12.01,26.78,561.19,-71.11,0.0551,0.099,BATTERY,ANOMALY
2026-03-02 20:21:00,SAT-004,18.58,28.14,7.46,86.58,493.69,-69.04,0.0607,0.057,COMMUNICATION,NORMAL
2026-03-02 20:22:00,INSAT-3D,28.78,27.9,5.87,84.24,538.65,-70.05,0.0238,0.048,COMMUNICATION,NORMAL
2026-03-02 20:23:00,GSAT-30,25.04,27.54,7.31,80.72,620.87,-70.3,0.0363,0.064,PAYLOAD,NORMAL
2026-03-02 20:24:00,SAT-001,62.29,26.99,5.79,89.67,570.23,-71.32,0.0483,0.064,THERMAL,ANOMALY
2026-03-02 20:25:00,SAT-002,27.66,28.14,6.77,83.04,517.85,-65.17,0.0628,0.079,COMMUNICATION,NORMAL
2026-03-02 20:26:00,SAT-003,23.48,27.59,7.33,75.5,595.56,-65.78,0.0686,0.088,THERMAL,NORMAL
2026-03-02 20:27:00,SAT-004,21.8,27.97,6.53,82.06,522.76,-64.69,0.0539,0.139,POWER,NORMAL
2026-03-02 20:28:00,INSAT-3D,26.51,20.94,6.54,84.25,149.21,-68.07,0.0357,0.088,POWER,ANOMALY
2026-03-02 20:29:00,GSAT-30,26.34,27.75,6.87,86.0,551.49,-68.74,0.0489,0.084,POWER,NORMAL
2026-03-02 20:30:00,SAT-001,27.96,28.69,7.33,81.35,537.27,-68.85,0.0402,0.081,THERMAL,NORMAL
2026-03-02 20:31:00,SAT-002,29.28,28.38,4.9,94.31,555.73,-72.64,0.0457,0.111,PAYLOAD,NORMAL
2026-03-02 20:32:00,SAT-003,38.0,26.8,30.03,81.04,501.71,-63.87,0.0401,0.045,POWER,ANOMALY
2026-03-02 20:33:00,SAT-004,23.93,28.48,5.58,91.22,567.63,-69.69,0.0451,0.13,ATTITUDE,NORMAL
2026-03-02 20:34:00,INSAT-3D,27.22,28.23,7.21,92.04,559.26,-73.05,0.0439,0.063,BATTERY,NORMAL
2026-03-02 20:35:00,GSAT-30,26.54,28.27,6.79,81.13,535.92,-69.41,0.0332,0.058,ATTITUDE,NORMAL
2026-03-02 20:36:00,SAT-001,23.32,28.3,6.82,89.38,539.84,-113.61,0.0458,0.1,COMMUNICATION,ANOMALY
2026-03-02 20:37:00,SAT-002,30.87,28.15,7.11,94.55,503.46,-64.13,0.0578,0.06,POWER,NORMAL
2026-03-02 20:38:00,SAT-003,27.45,28.34,6.91,88.23,493.89,-68.33,0.0539,0.072,ATTITUDE,NORMAL
2026-03-02 20:39:00,SAT-004,20.8,28.13,6.55,79.21,607.42,-64.8,0.0512,0.104,PAYLOAD,NORMAL
2026-03-02 20:40:00,INSAT-3D,24.06,27.76,6.83,90.22,515.19,-70.83,1.3175,0.694,ATTITUDE,ANOMALY
2026-03-02 20:41:00,GSAT-30,28.72,28.23,6.12,85.0,512.22,-67.05,0.024,0.104,ATTITUDE,NORMAL
2026-03-02 20:42:00,SAT-001,24.01,27.89,7.53,77.6,534.83,-63.51,0.0477,0.06,BATTERY,NORMAL
2026-03-02 20:43:00,SAT-002,27.98,27.91,5.28,89.76,552.0,-65.8,0.062,0.048,ATTITUDE,NORMAL
2026-03-02 20:44:00,SAT-003,25.75,27.9,5.76,82.85,257.94,-64.69,0.0443,10.741,ATTITUDE,ANOMALY
2026-03-02 20:45:00,SAT-004,26.74,28.46,6.16,87.85,498.0,-68.13,0.0298,0.08,ATTITUDE,NORMAL
2026-03-02 20:46:00,INSAT-3D,24.36,27.77,4.77,83.75,538.66,-70.92,0.0505,0.101,ATTITUDE,NORMAL
2026-03-02 20:47:00,GSAT-30,23.65,28.28,7.54,87.35,461.43,-68.73,0.0593,0.077,PAYLOAD,NORMAL
2026-03-02 20:48:00,SAT-001,39.09,24.86,13.65,44.26,538.91,-64.76,0.0632,0.107,BATTERY,ANOMALY
2026-03-02 20:49:00,SAT-002,28.64,28.2,6.29,86.3,497.69,-68.24,0.0383,0.126,COMMUNICATION,NORMAL
2026-03-02 20:50:00,SAT-003,29.78,28.12,5.58,93.4,538.21,-62.3,0.0348,0.028,BATTERY,NORMAL
2026-03-02 20:51:00,SAT-004,29.12,28.08,7.13,87.9,547.64,-65.35,0.0631,0.081,POWER,NORMAL
2026-03-02 20:52:00,INSAT-3D,65.78,26.63,5.8,77.44,517.84,-70.0,0.0371,0.049,THERMAL,ANOMALY
2026-03-02 20:53:00,GSAT-30,20.01,27.86,7.77,93.56,612.58,-69.11,0.0462,0.096,COMMUNICATION,NORMAL
2026-03-02 20:54:00,SAT-001,25.84,28.2,7.33,79.49,526.69,-65.86,0.0342,0.034,PAYLOAD,NORMAL
2026-03-02 20:55:00,SAT-002,29.85,28.53,5.32,89.81,532.51,-68.06,0.0586,0.137,COMMUNICATION,NORMAL
2026-03-02 20:56:00,SAT-003,26.78,22.5,5.17,84.77,177.62,-70.36,0.0431,0.129,POWER,ANOMALY
2026-03-02 20:57:00,SAT-004,29.53,28.38,7.45,99.5,590.1,-65.22,0.0293,0.044,PAYLOAD,NORMAL
2026-03-02 20:58:00,INSAT-3D,30.74,27.96,5.22,85.52,580.88,-66.57,0.042,0.102,COMMUNICATION,NORMAL
2026-03-02 20:59:00,GSAT-30,29.21,28.37,6.62,99.5,523.27,-70.33,0.0307,0.093,PAYLOAD,NORMAL
2026-03-02 21:00:00,SAT-001,38.0,26.8,31.27,88.14,518.48,-68.49,0.0443,0.029,POWER,ANOMALY
2026-03-02 21:01:00,SAT-002,24.62,28.2,6.35,87.34,556.72,-69.55,0.031,0.078,COMMUNICATION,NORMAL
2026-03-02 21:02:00,SAT-003,23.03,28.41,6.32,79.4,582.81,-69.84,0.0429,0.089,PAYLOAD,NORMAL
2026-03-02 21:03:00,SAT-004,21.01,28.59,4.99,89.27,554.34,-70.94,0.0558,0.039,BATTERY,NORMAL
2026-03-02 21:04:00,INSAT-3D,24.26,28.49,5.46,89.08,563.47,-117.33,0.0487,0.055,COMMUNICATION,ANOMALY
2026-03-02 21:05:00,GSAT-30,29.03,28.27,6.68,86.46,497.85,-62.34,0.0289,0.13,THERMAL,NORMAL
2026-03-02 21:06:00,SAT-001,25.98,28.19,4.82,92.47,529.56,-66.09,0.0445,0.027,POWER,NORMAL
2026-03-02 21:07:00,SAT-002,26.13,28.48,6.56,99.5,536.1,-68.3,0.0378,0.083,COMMUNICATION,NORMAL
2026-03-02 21:08:00,SAT-003,26.69,28.28,6.55,81.95,503.55,-69.13,0.4919,0.721,ATTITUDE,ANOMALY
2026-03-02 21:09:00,SAT-004,27.21,27.93,7.3,89.1,520.54,-70.25,0.0378,0.078,COMMUNICATION,NORMAL
2026-03-02 21:10:00,INSAT-3D,23.15,28.35,6.33,91.78,522.26,-63.88,0.0442,0.101,PAYLOAD,NORMAL
2026-03-02 21:11:00,GSAT-30,25.91,28.5,6.13,90.76,536.2,-71.93,0.0539,0.01,ATTITUDE,NORMAL
2026-03-02 21:12:00,SAT-001,27.65,28.53,6.97,81.05,259.38,-62.56,0.0517,7.238,ATTITUDE,ANOMALY
2026-03-02 21:13:00,SAT-002,26.33,28.22,6.22,82.66,535.14,-69.05,0.0579,0.091,BATTERY,NORMAL
2026-03-02 21:14:00,SAT-003,20.7,28.16,6.68,96.63,556.4,-73.32,0.0458,0.123,PAYLOAD,NORMAL
2026-03-02 21:15:00,SAT-004,27.83,27.67,5.58,86.07,523.22,-70.37,0.044,0.076,POWER,NORMAL
2026-03-02 21:16:00,INSAT-3D,34.25,25.64,10.88,32.22,514.33,-65.23,0.0356,0.056,BATTERY,ANOMALY
2026-03-02 21:17:00,GSAT-30,28.36,27.93,4.83,83.9,538.54,-67.77,0.0254,0.038,COMMUNICATION,NORMAL
2026-03-02 21:18:00,SAT-001,24.61,28.17,6.67,78.82,529.48,-69.1,0.062,0.064,THERMAL,NORMAL
2026-03-02 21:19:00,SAT-002,21.6,28.08,6.89,91.74,517.03,-63.02,0.0429,0.104,PAYLOAD,NORMAL
2026-03-02 21:20:00,SAT-003,60.78,27.35,5.77,76.73,528.73,-68.98,0.0557,0.063,THERMAL,ANOMALY
2026-03-02 21:21:00,SAT-004,23.39,28.13,5.62,90.01,611.93,-70.62,0.0497,0.081,POWER,NORMAL
2026-03-02 21:22:00,INSAT-3D,26.59,28.18,6.93,90.54,496.43,-67.99,0.0446,0.11,THERMAL,NORMAL
2026-03-02 21:23:00,GSAT-30,18.69,28.78,6.03,88.78,514.36,-65.66,0.0535,0.033,PAYLOAD,NORMAL
2026-03-02 21:24:00,SAT-001,26.51,20.81,7.46,88.23,146.92,-69.62,0.0327,0.071,POWER,ANOMALY
2026-03-02 21:25:00,SAT-002,31.33,27.68,6.3,88.78,549.22,-65.36,0.015,0.057,COMMUNICATION,NORMAL
2026-03-02 21:26:00,SAT-003,19.21,28.33,4.6,89.57,549.0,-67.43,0.0362,0.096,POWER,NORMAL
2026-03-02 21:27:00,SAT-004,29.8,28.33,5.87,85.89,540.45,-69.46,0.0381,0.142,BATTERY,NORMAL
2026-03-02 21:28:00,INSAT-3D,38.0,26.04,20.85,90.58,534.62,-72.83,0.0436,0.065,POWER,ANOMALY
2026-03-02 21:29:00,GSAT-30,29.68,27.99,6.38,90.99,509.98,-69.78,0.0502,0.01,BATTERY,NORMAL
2026-03-02 21:30:00,SAT-001,24.88,28.21,5.74,88.85,609.35,-64.97,0.0441,0.075,POWER,NORMAL
2026-03-02 21:31:00,SAT-002,29.98,28.11,5.62,87.22,513.99,-63.17,0.0426,0.093,POWER,NORMAL
2026-03-02 21:32:00,SAT-003,27.41,28.47,6.14,88.84,569.04,-113.22,0.0317,0.121,COMMUNICATION,ANOMALY
2026-03-02 21:33:00,SAT-004,27.37,28.56,6.02,94.28,542.52,-66.13,0.0377,0.072,THERMAL,NORMAL
2026-03-02 21:34:00,INSAT-3D,24.81,28.13,6.8,81.37,558.43,-68.14,0.0502,0.038,THERMAL,NORMAL
2026-03-02 21:35:00,GSAT-30,22.97,28.14,7.39,92.0,512.17,-66.79,0.0395,0.061,ATTITUDE,NORMAL
2026-03-02 21:36:00,SAT-001,27.89,28.16,5.57,89.13,534.56,-69.1,0.7157,0.712,ATTITUDE,ANOMALY
2026-03-02 21:37:00,SAT-002,19.8,28.17,5.63,93.44,555.66,-71.31,0.0464,0.079,BATTERY,NORMAL
2026-03-02 21:38:00,SAT-003,26.28,28.23,6.7,91.49,586.63,-68.0,0.0595,0.07,BATTERY,NORMAL
2026-03-02 21:39:00,SAT-004,27.81,28.24,6.52,88.32,586.49,-66.96,0.0365,0.083,ATTITUDE,NORMAL
2026-03-02 21:40:00,INSAT-3D,24.89,28.25,6.16,81.62,241.19,-67.83,0.0556,7.332,ATTITUDE,ANOMALY
2026-03-02 21:41:00,GSAT-30,24.35,28.1,5.14,93.47,526.82,-68.12,0.0534,0.091,BATTERY,NORMAL
2026-03-02 21:42:00,SAT-001,21.24,28.2,6.66,95.42,567.22,-64.72,0.0554,0.044,PAYLOAD,NORMAL
2026-03-02 21:43:00,SAT-002,25.28,28.32,5.26,89.22,464.95,-75.67,0.0408,0.151,POWER,NORMAL
2026-03-02 21:44:00,SAT-003,39.5,25.94,13.19,35.78,514.64,-71.55,0.0393,0.032,BATTERY,ANOMALY
2026-03-02 21:45:00,SAT-004,24.28,28.23,6.42,89.54,513.45,-64.82,0.0397,0.094,ATTITUDE,NORMAL
2026-03-02 21:46:00,INSAT-3D,25.41,28.22,6.29,87.01,524.3,-71.18,0.0422,0.041,ATTITUDE,NORMAL
2026-03-02 21:47:00,GSAT-30,30.72,28.05,7.03,83.91,541.53,-70.38,0.0405,0.06,ATTITUDE,NORMAL
2026-03-02 21:48:00,SAT-001,70.09,27.25,6.92,82.37,529.83,-63.63,0.0375,0.058,THERMAL,ANOMALY
2026-03-02 21:49:00,SAT-002,22.62,28.05,5.6,97.16,497.82,-68.46,0.0247,0.058,BATTERY,NORMAL
2026-03-02 21:50:00,SAT-003,24.98,28.38,5.35,79.03,501.19,-69.92,0.0579,0.141,THERMAL,NORMAL
2026-03-02 21:51:00,SAT-004,23.19,27.94,7.72,85.06,519.55,-63.65,0.0645,0.076,PAYLOAD,NORMAL
2026-03-02 21:52:00,INSAT-3D,29.55,23.1,8.3,78.44,148.21,-64.06,0.0421,0.121,POWER,ANOMALY
2026-03-02 21:53:00,GSAT-30,22.32,28.73,6.18,84.44,554.88,-71.26,0.0299,0.074,ATTITUDE,NORMAL
2026-03-02 21:54:00,SAT-001,27.42,27.9,6.9,85.21,538.68,-68.57,0.042,0.082,PAYLOAD,NORMAL
2026-03-02 21:55:00,SAT-002,17.89,28.16,6.57,91.9,551.17,-62.72,0.0453,0.119,POWER,NORMAL
2026-03-02 21:56:00,SAT-003,38.0,26.72,20.54,89.5,526.39,-66.93,0.0419,0.098,POWER,ANOMALY
2026-03-02 21:57:00,SAT-004,27.34,28.66,7.46,81.95,605.08,-70.48,0.0337,0.053,THERMAL,NORMAL
2026-03-02 21:58:00,INSAT-3D,23.7,28.19,5.87,88.43,464.66,-61.99,0.0358,0.045,ATTITUDE,NORMAL
2026-03-02 21:59:00,GSAT-30,23.06,27.74,5.75,91.58,569.76,-69.41,0.0606,0.079,BATTERY,NORMAL
2026-03-02 22:00:00,SAT-001,21.99,27.7,7.47,83.13,493.58,-119.93,0.041,0.092,COMMUNICATION,ANOMALY
2026-03-02 22:01:00,SAT-002,22.19,28.08,7.07,99.5,562.7,-68.22,0.0333,0.049,COMMUNICATION,NORMAL
2026-03-02 22:02:00,SAT-003,25.11,28.07,5.51,82.6,567.44,-68.18,0.0488,0.085,POWER,NORMAL
2026-03-02 22:03:00,SAT-004,27.36,28.48,6.05,95.55,550.3,-68.38,0.0439,0.095,PAYLOAD,NORMAL
2026-03-02 22:04:00,INSAT-3D,29.23,28.36,6.71,85.36,551.04,-69.91,0.4215,0.686,ATTITUDE,ANOMALY
2026-03-02 22:05:00,GSAT-30,18.45,28.22,6.47,77.04,608.04,-67.07,0.0531,0.045,PAYLOAD,NORMAL
2026-03-02 22:06:00,SAT-001,33.15,28.38,5.38,87.77,529.9,-74.22,0.0457,0.06,PAYLOAD,NORMAL
2026-03-02 22:07:00,SAT-002,24.62,28.17,6.8,91.7,553.59,-66.92,0.0575,0.073,PAYLOAD,NORMAL
2026-03-02 22:08:00,SAT-003,18.82,28.83,5.77,88.48,233.9,-63.81,0.0354,10.791,ATTITUDE,ANOMALY
2026-03-02 22:09:00,SAT-004,27.2,28.25,6.52,92.26,565.66,-61.67,0.0503,0.093,BATTERY,NORMAL
2026-03-02 22:10:00,INSAT-3D,24.83,28.15,5.65,82.17,517.87,-67.49,0.0444,0.069,BATTERY,NORMAL
2026-03-02 22:11:00,GSAT-30,29.0,28.33,6.74,92.48,531.57,-67.01,0.048,0.054,POWER,NORMAL
2026-03-02 22:12:00,SAT-001,35.45,25.56,11.73,23.25,536.2,-68.85,0.0518,0.06,BATTERY,ANOMALY
2026-03-02 22:13:00,SAT-002,24.95,28.41,6.61,91.29,509.18,-63.99,0.0439,0.125,PAYLOAD,NORMAL
2026-03-02 22:14:00,SAT-003,18.8,28.07,6.42,77.2,542.98,-67.53,0.0308,0.088,PAYLOAD,NORMAL
2026-03-02 22:15:00,SAT-004,25.87,28.67,5.39,85.17,612.86,-68.67,0.0261,0.14,COMMUNICATION,NORMAL
2026-03-02 22:16:00,INSAT-3D,75.16,27.43,7.36,89.5,503.73,-60.84,0.0503,0.079,THERMAL,ANOMALY
2026-03-02 22:17:00,GSAT-30,28.43,28.5,6.59,84.75,598.26,-74.58,0.0368,0.115,COMMUNICATION,NORMAL
2026-03-02 22:18:00,SAT-001,26.83,28.38,5.63,92.22,507.97,-71.99,0.0323,0.055,POWER,NORMAL
2026-03-02 22:19:00,SAT-002,28.37,27.83,5.03,91.81,489.74,-68.81,0.0453,0.06,COMMUNICATION,NORMAL
2026-03-02 22:20:00,SAT-003,27.73,20.93,7.97,83.35,201.75,-59.92,0.0314,0.049,POWER,ANOMALY
2026-03-02 22:21:00,SAT-004,23.02,28.38,6.16,92.44,641.72,-70.8,0.0556,0.099,BATTERY,NORMAL
2026-03-02 22:22:00,INSAT-3D,21.19,28.6,5.13,94.24,557.55,-69.55,0.016,0.035,COMMUNICATION,NORMAL
2026-03-02 22:23:00,GSAT-30,31.04,28.19,5.77,90.2,479.95,-73.15,0.0434,0.052,BATTERY,NORMAL
2026-03-02 22:24:00,SAT-001,38.0,26.8,28.17,84.62,532.49,-69.27,0.0535,0.104,POWER,ANOMALY
2026-03-02 22:25:00,SAT-002,25.19,28.03,6.07,88.58,516.41,-63.11,0.0646,0.076,BATTERY,NORMAL
2026-03-02 22:26:00,SAT-003,24.92,28.55,6.71,89.89,541.72,-69.48,0.045,0.089,COMMUNICATION,NORMAL
2026-03-02 22:27:00,SAT-004,29.27,28.28,5.96,87.38,570.37,-68.11,0.0383,0.116,ATTITUDE,NORMAL
2026-03-02 22:28:00,INSAT-3D,26.54,28.03,6.88,89.86,499.77,-119.84,0.0425,0.094,COMMUNICATION,ANOMALY
2026-03-02 22:29:00,GSAT-30,25.89,28.14,6.58,88.1,520.12,-64.29,0.0492,0.085,BATTERY,NORMAL
2026-03-02 22:30:00,SAT-001,30.78,28.96,4.89,92.92,534.53,-64.86,0.0565,0.122,POWER,NORMAL
2026-03-02 22:31:00,SAT-002,21.3,27.95,6.84,83.7,554.89,-64.09,0.0294,0.119,COMMUNICATION,NORMAL
2026-03-02 22:32:00,SAT-003,29.81,28.3,6.01,87.66,524.66,-70.12,0.8587,0.654,ATTITUDE,ANOMALY
2026-03-02 22:33:00,SAT-004,21.4,28.04,5.14,86.02,515.04,-66.87,0.0521,0.088,BATTERY,NORMAL
2026-03-02 22:34:00,INSAT-3D,23.87,27.92,5.27,94.17,535.9,-67.58,0.0499,0.075,BATTERY,NORMAL
2026-03-02 22:35:00,GSAT-30,26.57,27.99,7.7,88.02,564.49,-66.17,0.0483,0.088,PAYLOAD,NORMAL
2026-03-02 22:36:00,SAT-001,28.78,28.14,7.12,87.51,254.37,-69.49,0.0458,11.126,ATTITUDE,ANOMALY
2026-03-02 22:37:00,SAT-002,31.49,28.69,6.45,87.81,545.73,-69.7,0.0466,0.037,BATTERY,NORMAL
2026-03-02 22:38:00,SAT-003,22.9,27.84,5.05,89.88,590.78,-69.19,0.0383,0.101,BATTERY,NORMAL
2026-03-02 22:39:00,SAT-004,27.78,28.0,5.96,82.04,550.28,-72.86,0.0355,0.039,POWER,NORMAL
2026-03-02 22:40:00,INSAT-3D,35.49,25.54,12.33,24.33,506.56,-65.63,0.0335,0.111,BATTERY,ANOMALY
2026-03-02 22:41:00,GSAT-30,33.63,27.9,6.9,88.08,510.09,-68.15,0.0283,0.062,THERMAL,NORMAL
2026-03-02 22:42:00,SAT-001,25.36,28.53,5.78,93.11,586.66,-64.89,0.0622,0.058,THERMAL,NORMAL
2026-03-02 22:43:00,SAT-002,26.93,28.13,6.55,85.77,511.05,-67.99,0.0512,0.089,POWER,NORMAL
2026-03-02 22:44:00,SAT-003,74.35,27.17,7.77,83.29,526.43,-71.96,0.0431,0.096,THERMAL,ANOMALY
2026-03-02 22:45:00,SAT-004,26.39,28.36,6.22,84.58,546.66,-64.29,0.0557,0.068,POWER,NORMAL
2026-03-02 22:46:00,INSAT-3D,27.28,27.92,6.63,82.75,454.97,-68.48,0.0481,0.077,ATTITUDE,NORMAL
2026-03-02 22:47:00,GSAT-30,20.59,28.02,5.44,92.16,519.55,-65.11,0.052,0.052,PAYLOAD,NORMAL
2026-03-02 22:48:00,SAT-001,25.7,21.84,6.82,81.72,201.12,-68.82,0.0404,0.088,POWER,ANOMALY
2026-03-02 22:49:00,SAT-002,23.8,27.57,7.82,75.53,556.67,-71.88,0.0301,0.084,THERMAL,NORMAL
2026-03-02 22:50:00,SAT-003,22.71,28.14,7.69,85.56,546.82,-72.12,0.0533,0.058,THERMAL,NORMAL
2026-03-02 22:51:00,SAT-004,19.38,28.35,4.86,88.29,547.18,-67.07,0.0514,0.08,PAYLOAD,NORMAL
2026-03-02 22:52:00,INSAT-3D,38.0,26.8,24.06,80.49,482.92,-63.38,0.0573,0.101,POWER,ANOMALY
2026-03-02 22:53:00,GSAT-30,16.93,28.49,5.66,96.0,544.22,-64.4,0.0441,0.076,ATTITUDE,NORMAL
2026-03-02 22:54:00,SAT-001,25.57,27.97,6.02,86.56,614.95,-65.3,0.0527,0.109,PAYLOAD,NORMAL
2026-03-02 22:55:00,SAT-002,22.01,28.58,7.5,91.48,594.48,-67.54,0.0542,0.117,THERMAL,NORMAL
2026-03-02 22:56:00,SAT-003,25.98,28.22,7.25,88.23,507.34,-124.97,0.0432,0.017,COMMUNICATION,ANOMALY
2026-03-02 22:57:00,SAT-004,23.89,28.23,5.52,78.27,548.5,-67.97,0.0284,0.061,ATTITUDE,NORMAL
2026-03-02 22:58:00,INSAT-3D,16.26,28.2,4.76,90.55,466.74,-68.54,0.0516,0.046,POWER,NORMAL
2026-03-02 22:59:00,GSAT-30,29.06,28.35,5.97,90.43,576.0,-69.16,0.0458,0.057,THERMAL,NORMAL
2026-03-02 23:00:00,SAT-001,28.6,28.35,5.48,86.69,524.14,-67.62,1.2442,0.72,ATTITUDE,ANOMALY
2026-03-02 23:01:00,SAT-002,25.52,28.13,6.56,89.55,609.29,-66.61,0.0227,0.061,PAYLOAD,NORMAL
2026-03-02 23:02:00,SAT-003,27.7,28.37,6.58,73.81,533.8,-66.11,0.0604,0.089,ATTITUDE,NORMAL
2026-03-02 23:03:00,SAT-004,20.28,27.92,8.93,86.94,482.48,-71.03,0.0387,0.08,ATTITUDE,NORMAL
2026-03-02 23:04:00,INSAT-3D,29.58,28.69,5.84,82.16,240.5,-70.18,0.0569,12.36,ATTITUDE,ANOMALY
2026-03-02 23:05:00,GSAT-30,26.57,28.34,5.97,91.11,533.42,-65.61,0.0322,0.137,THERMAL,NORMAL
2026-03-02 23:06:00,SAT-001,28.29,28.46,5.35,83.33,493.6,-68.76,0.0447,0.082,PAYLOAD,NORMAL
2026-03-02 23:07:00,SAT-002,27.19,28.01,8.27,94.66,521.39,-71.27,0.0439,0.085,BATTERY,NORMAL
2026-03-02 23:08:00,SAT-003,37.7,24.67,14.75,46.56,543.09,-68.32,0.0644,0.034,BATTERY,ANOMALY
2026-03-02 23:09:00,SAT-004,29.8,27.77,5.14,79.61,548.76,-71.52,0.0288,0.086,THERMAL,NORMAL
2026-03-02 23:10:00,INSAT-3D,29.63,28.1,4.85,93.77,559.1,-69.54,0.0482,0.081,COMMUNICATION,NORMAL
2026-03-02 23:11:00,GSAT-30,21.78,27.71,4.87,84.96,557.57,-64.24,0.0621,0.035,COMMUNICATION,NORMAL
2026-03-02 23:12:00,SAT-001,79.71,27.22,6.41,92.05,534.83,-65.4,0.0671,0.033,THERMAL,ANOMALY
2026-03-02 23:13:00,SAT-002,30.5,28.36,6.26,87.39,574.23,-69.82,0.0236,0.082,PAYLOAD,NORMAL
2026-03-02 23:14:00,SAT-003,26.08,28.29,7.3,82.79,557.24,-69.48,0.0359,0.138,ATTITUDE,NORMAL
2026-03-02 23:15:00,SAT-004,24.45,28.41,5.79,94.81,543.47,-65.34,0.0374,0.088,THERMAL,NORMAL
2026-03-02 23:16:00,INSAT-3D,28.66,20.45,6.95,81.2,181.0,-70.26,0.0448,0.065,POWER,ANOMALY
2026-03-02 23:17:00,GSAT-30,28.62,28.71,6.74,81.83,527.91,-66.21,0.0508,0.11,BATTERY,NORMAL
2026-03-02 23:18:00,SAT-001,25.35,28.14,7.07,92.93,578.06,-70.96,0.0537,0.128,ATTITUDE,NORMAL
2026-03-02 23:19:00,SAT-002,22.0,28.36,5.96,88.29,589.31,-69.62,0.0587,0.07,POWER,NORMAL
2026-03-02 23:20:00,SAT-003,38.2,26.79,29.99,79.92,543.6,-64.64,0.0513,0.098,POWER,ANOMALY
2026-03-02 23:21:00,SAT-004,25.76,28.0,6.6,87.29,512.4,-67.93,0.0599,0.098,PAYLOAD,NORMAL
2026-03-02 23:22:00,INSAT-3D,30.73,28.11,7.14,92.61,528.82,-64.7,0.0572,0.016,POWER,NORMAL
2026-03-02 23:23:00,GSAT-30,22.14,27.89,5.94,82.26,534.27,-67.28,0.0351,0.093,POWER,NORMAL
2026-03-02 23:24:00,SAT-001,21.92,27.87,6.41,88.44,556.02,-118.09,0.0412,0.076,COMMUNICATION,ANOMALY
2026-03-02 23:25:00,SAT-002,21.19,28.18,6.02,89.63,560.89,-65.14,0.0454,0.064,COMMUNICATION,NORMAL
2026-03-02 23:26:00,SAT-003,22.16,28.65,5.71,88.26,532.93,-67.34,0.0376,0.074,BATTERY,NORMAL
2026-03-02 23:27:00,SAT-004,23.2,28.28,5.92,91.02,557.65,-71.83,0.0455,0.035,PAYLOAD,NORMAL
2026-03-02 23:28:00,INSAT-3D,21.73,28.05,6.02,76.45,494.4,-72.62,1.2287,0.696,ATTITUDE,ANOMALY
2026-03-02 23:29:00,GSAT-30,29.26,28.01,6.68,81.48,576.09,-65.37,0.0506,0.068,THERMAL,NORMAL
2026-03-02 23:30:00,SAT-001,22.83,28.26,6.09,85.31,554.36,-71.24,0.0695,0.096,BATTERY,NORMAL
2026-03-02 23:31:00,SAT-002,22.95,28.19,6.75,90.9,519.02,-64.07,0.0607,0.077,ATTITUDE,NORMAL
2026-03-02 23:32:00,SAT-003,26.84,28.01,5.85,86.74,227.96,-66.05,0.041,5.732,ATTITUDE,ANOMALY
2026-03-02 23:33:00,SAT-004,18.45,28.48,6.32,84.5,551.63,-69.57,0.0474,0.122,COMMUNICATION,NORMAL
2026-03-02 23:34:00,INSAT-3D,27.21,28.2,5.52,83.49,562.72,-67.41,0.0553,0.116,PAYLOAD,NORMAL
2026-03-02 23:35:00,GSAT-30,28.4,27.97,6.3,88.27,573.1,-64.73,0.0534,0.091,PAYLOAD,NORMAL
2026-03-02 23:36:00,SAT-001,32.0,26.17,14.64,30.12,532.2,-65.39,0.055,0.058,BATTERY,ANOMALY
2026-03-02 23:37:00,SAT-002,25.36,28.77,6.57,93.34,554.02,-72.95,0.0465,0.06,PAYLOAD,NORMAL
2026-03-02 23:38:00,SAT-003,27.36,27.95,6.56,90.41,525.56,-67.05,0.0472,0.079,COMMUNICATION,NORMAL
2026-03-02 23:39:00,SAT-004,30.49,28.39,6.15,91.09,553.91,-70.56,0.0409,0.12,BATTERY,NORMAL
2026-03-02 23:40:00,INSAT-3D,67.69,27.5,7.51,84.96,502.06,-67.66,0.0394,0.038,THERMAL,ANOMALY
2026-03-02 23:41:00,GSAT-30,15.0,28.26,6.41,97.75,539.85,-64.8,0.0528,0.062,THERMAL,NORMAL
2026-03-02 23:42:00,SAT-001,21.47,27.85,4.62,86.33,546.69,-67.52,0.0466,0.082,POWER,NORMAL
2026-03-02 23:43:00,SAT-002,28.48,28.5,5.39,86.51,574.81,-68.0,0.0283,0.076,COMMUNICATION,NORMAL
2026-03-02 23:44:00,SAT-003,23.44,19.38,6.98,83.43,144.16,-71.92,0.0375,0.127,POWER,ANOMALY
2026-03-02 23:45:00,SAT-004,21.65,28.04,5.81,87.59,514.99,-68.38,0.0474,0.11,BATTERY,NORMAL
2026-03-02 23:46:00,INSAT-3D,24.93,28.71,5.84,90.27,583.65,-71.32,0.0405,0.033,PAYLOAD,NORMAL
2026-03-02 23:47:00,GSAT-30,26.78,28.24,6.97,92.76,502.69,-67.18,0.025,0.084,PAYLOAD,NORMAL
2026-03-02 23:48:00,SAT-001,39.81,26.31,24.78,85.05,537.02,-68.84,0.0333,0.078,POWER,ANOMALY
2026-03-02 23:49:00,SAT-002,25.57,28.23,5.92,98.69,497.27,-73.54,0.0463,0.062,POWER,NORMAL
2026-03-02 23:50:00,SAT-003,29.42,28.81,7.55,82.02,525.7,-68.07,0.044,0.082,COMMUNICATION,NORMAL
2026-03-02 23:51:00,SAT-004,30.9,28.36,7.44,85.07,552.76,-70.63,0.024,0.102,ATTITUDE,NORMAL
2026-03-02 23:52:00,INSAT-3D,24.63,27.9,5.39,85.91,531.92,-112.95,0.0383,0.103,COMMUNICATION,ANOMALY
2026-03-02 23:53:00,GSAT-30,24.82,27.91,6.87,87.82,612.59,-66.31,0.0564,0.033,THERMAL,NORMAL
2026-03-02 23:54:00,SAT-001,24.65,28.15,4.84,86.57,523.95,-69.91,0.0497,0.084,COMMUNICATION,NORMAL
2026-03-02 23:55:00,SAT-002,24.4,28.13,7.77,89.25,563.58,-65.01,0.0552,0.019,PAYLOAD,NORMAL
2026-03-02 23:56:00,SAT-003,25.47,28.4,6.6,76.66,498.7,-70.66,1.0532,0.687,ATTITUDE,ANOMALY
2026-03-02 23:57:00,SAT-004,27.93,28.44,6.47,80.26,504.35,-64.75,0.0417,0.062,ATTITUDE,NORMAL
2026-03-02 23:58:00,INSAT-3D,26.74,28.41,6.97,88.78,551.52,-69.79,0.0377,0.078,BATTERY,NORMAL
2026-03-02 23:59:00,GSAT-30,22.84,28.32,6.3,91.11,484.14,-64.72,0.062,0.085,PAYLOAD,NORMAL
2026-03-03 00:00:00,SAT-001,27.98,28.49,6.36,86.16,245.05,-69.57,0.0464,10.016,ATTITUDE,ANOMALY
2026-03-03 00:01:00,SAT-002,21.72,28.36,5.95,91.32,560.51,-68.73,0.0655,0.06,PAYLOAD,NORMAL
2026-03-03 00:02:00,SAT-003,26.32,28.21,5.26,88.25,551.42,-71.17,0.0513,0.101,PAYLOAD,NORMAL
2026-03-03 00:03:00,SAT-004,22.17,28.12,5.19,86.55,555.14,-67.02,0.048,0.01,COMMUNICATION,NORMAL
2026-03-03 00:04:00,INSAT-3D,34.64,25.14,13.85,28.41,527.01,-66.81,0.035,0.098,BATTERY,ANOMALY
2026-03-03 00:05:00,GSAT-30,23.02,28.09,6.17,85.08,559.97,-69.17,0.0584,0.055,ATTITUDE,NORMAL
2026-03-03 00:06:00,SAT-001,17.73,28.13,5.91,89.81,541.76,-70.86,0.0179,0.057,PAYLOAD,NORMAL
2026-03-03 00:07:00,SAT-002,28.78,28.05,6.93,91.86,546.92,-65.48,0.0628,0.103,POWER,NORMAL
2026-03-03 00:08:00,SAT-003,67.32,27.5,6.15,86.54,536.27,-66.53,0.0483,0.066,THERMAL,ANOMALY
2026-03-03 00:09:00,SAT-004,25.92,27.88,4.64,93.32,508.06,-68.29,0.0378,0.12,BATTERY,NORMAL
2026-03-03 00:10:00,INSAT-3D,27.8,28.19,6.44,86.58,502.91,-68.72,0.0327,0.047,THERMAL,NORMAL
2026-03-03 00:11:00,GSAT-30,29.75,28.23,8.39,81.45,531.75,-64.47,0.0455,0.055,ATTITUDE,NORMAL
2026-03-03 00:12:00,SAT-001,27.19,22.11,5.83,81.34,143.72,-69.26,0.0558,0.127,POWER,ANOMALY
2026-03-03 00:13:00,SAT-002,26.51,27.92,5.68,89.41,559.11,-71.14,0.0656,0.075,COMMUNICATION,NORMAL
2026-03-03 00:14:00,SAT-003,21.4,28.4,6.31,86.39,566.31,-64.38,0.0472,0.012,POWER,NORMAL
2026-03-03 00:15:00,SAT-004,21.95,28.06,6.43,86.72,536.5,-64.79,0.015,0.062,POWER,NORMAL
2026-03-03 00:16:00,INSAT-3D,38.0,26.34,22.55,87.99,558.55,-68.24,0.0526,0.027,POWER,ANOMALY
2026-03-03 00:17:00,GSAT-30,27.45,28.23,6.8,89.14,511.93,-66.37,0.0486,0.03,COMMUNICATION,NORMAL
2026-03-03 00:18:00,SAT-001,29.6,27.98,6.21,95.68,516.15,-64.84,0.0687,0.085,BATTERY,NORMAL
2026-03-03 00:19:00,SAT-002,18.25,28.15,5.96,87.76,521.36,-67.13,0.0775,0.103,POWER,NORMAL
2026-03-03 00:20:00,SAT-003,24.58,28.13,6.41,85.58,529.85,-104.03,0.04,0.099,COMMUNICATION,ANOMALY
2026-03-03 00:21:00,SAT-004,24.24,27.75,5.35,80.0,547.24,-73.1,0.039,0.069,POWER,NORMAL
2026-03-03 00:22:00,INSAT-3D,24.7,28.55,6.54,90.12,546.1,-67.17,0.0489,0.061,COMMUNICATION,NORMAL
2026-03-03 00:23:00,GSAT-30,20.76,28.33,7.86,97.15,537.16,-70.37,0.0216,0.067,PAYLOAD,NORMAL
2026-03-03 00:24:00,SAT-001,23.26,27.98,5.19,88.51,545.28,-70.75,1.5134,0.682,ATTITUDE,ANOMALY
2026-03-03 00:25:00,SAT-002,26.28,27.99,7.04,91.86,567.56,-71.99,0.0274,0.125,PAYLOAD,NORMAL
2026-03-03 00:26:00,SAT-003,25.84,28.03,5.15,90.39,547.04,-67.49,0.0393,0.153,PAYLOAD,NORMAL
2026-03-03 00:27:00,SAT-004,21.01,28.12,5.79,89.16,593.01,-67.22,0.0462,0.087,POWER,NORMAL
2026-03-03 00:28:00,INSAT-3D,23.41,28.41,6.83,84.78,243.29,-67.02,0.0483,10.016,ATTITUDE,ANOMALY
2026-03-03 00:29:00,GSAT-30,22.78,28.16,5.47,85.32,585.19,-66.34,0.0624,0.082,POWER,NORMAL
2026-03-03 00:30:00,SAT-001,30.69,28.76,6.07,82.86,519.78,-65.07,0.0411,0.01,ATTITUDE,NORMAL
2026-03-03 00:31:00,SAT-002,25.14,28.75,5.73,88.42,514.93,-65.79,0.0312,0.059,ATTITUDE,NORMAL
2026-03-03 00:32:00,SAT-003,32.0,25.81,13.19,31.18,524.18,-64.37,0.0435,0.139,BATTERY,ANOMALY
2026-03-03 00:33:00,SAT-004,25.28,28.53,7.35,82.74,601.67,-64.31,0.0348,0.024,COMMUNICATION,NORMAL
2026-03-03 00:34:00,INSAT-3D,21.79,27.86,4.94,94.06,479.03,-67.11,0.0607,0.051,THERMAL,NORMAL
2026-03-03 00:35:00,GSAT-30,28.72,28.46,5.45,90.91,548.38,-71.53,0.0579,0.093,POWER,NORMAL
2026-03-03 00:36:00,SAT-001,79.24,27.5,6.62,91.01,586.64,-68.84,0.0421,0.065,THERMAL,ANOMALY
2026-03-03 00:37:00,SAT-002,26.47,28.18,5.24,97.09,518.06,-65.22,0.0551,0.042,PAYLOAD,NORMAL
2026-03-03 00:38:00,SAT-003,27.29,28.47,6.91,87.01,597.05,-70.07,0.0691,0.084,THERMAL,NORMAL
2026-03-03 00:39:00,SAT-004,25.96,28.1,6.5,94.26,593.39,-66.5,0.043,0.106,THERMAL,NORMAL
2026-03-03 00:40:00,INSAT-3D,23.38,22.94,7.52,94.36,229.64,-68.24,0.0231,0.104,POWER,ANOMALY
2026-03-03 00:41:00,GSAT-30,25.4,28.01,5.48,95.5,477.94,-71.16,0.0628,0.099,COMMUNICATION,NORMAL
2026-03-03 00:42:00,SAT-001,31.59,28.34,6.61,93.56,520.26,-66.38,0.0339,0.057,THERMAL,NORMAL
2026-03-03 00:43:00,SAT-002,24.86,27.93,6.41,82.16,553.38,-61.48,0.0425,0.077,PAYLOAD,NORMAL
2026-03-03 00:44:00,SAT-003,42.25,26.8,19.98,88.44,441.42,-71.01,0.0557,0.065,POWER,ANOMALY
2026-03-03 00:45:00,SAT-004,21.2,27.58,5.91,90.33,548.64,-70.5,0.0279,0.069,POWER,NORMAL
2026-03-03 00:46:00,INSAT-3D,25.48,27.96,7.77,86.27,506.27,-67.21,0.0581,0.128,COMMUNICATION,NORMAL
2026-03-03 00:47:00,GSAT-30,27.42,28.33,5.69,90.92,567.72,-66.67,0.0446,0.097,PAYLOAD,NORMAL
2026-03-03 00:48:00,SAT-001,25.77,28.32,6.56,77.45,512.49,-112.93,0.0256,0.127,COMMUNICATION,ANOMALY
2026-03-03 00:49:00,SAT-002,27.25,28.46,6.41,84.73,487.32,-63.65,0.085,0.084,BATTERY,NORMAL
2026-03-03 00:50:00,SAT-003,32.36,28.52,5.55,86.18,501.42,-70.01,0.0262,0.052,PAYLOAD,NORMAL
2026-03-03 00:51:00,SAT-004,27.85,28.18,7.21,80.09,513.77,-68.76,0.0718,0.048,COMMUNICATION,NORMAL
2026-03-03 00:52:00,INSAT-3D,20.88,27.77,7.22,82.03,525.23,-65.71,0.66,0.686,ATTITUDE,ANOMALY
2026-03-03 00:53:00,GSAT-30,28.83,28.17,6.04,82.98,509.51,-72.79,0.0387,0.088,ATTITUDE,NORMAL
2026-03-03 00:54:00,SAT-001,26.75,28.41,6.25,99.5,485.27,-67.51,0.0309,0.106,PAYLOAD,NORMAL
2026-03-03 00:55:00,SAT-002,22.96,28.17,7.32,95.52,477.09,-72.54,0.043,0.103,PAYLOAD,NORMAL
2026-03-03 00:56:00,SAT-003,21.19,28.09,7.33,90.79,234.39,-74.0,0.0555,10.972,ATTITUDE,ANOMALY
2026-03-03 00:57:00,SAT-004,30.18,28.39,5.69,90.13,584.35,-72.18,0.0327,0.08,PAYLOAD,NORMAL
2026-03-03 00:58:00,INSAT-3D,23.14,28.31,6.5,86.13,591.93,-63.23,0.077,0.056,COMMUNICATION,NORMAL
2026-03-03 00:59:00,GSAT-30,19.66,28.49,6.12,96.71,476.09,-70.91,0.0444,0.148,POWER,NORMAL
2026-03-03 01:00:00,SAT-001,34.73,25.78,11.72,34.27,558.39,-65.42,0.0611,0.031,BATTERY,ANOMALY
2026-03-03 01:01:00,SAT-002,33.84,28.54,5.16,87.01,514.35,-70.78,0.0586,0.113,POWER,NORMAL
2026-03-03 01:02:00,SAT-003,27.65,28.7,5.52,97.6,506.38,-68.66,0.0314,0.093,THERMAL,NORMAL
2026-03-03 01:03:00,SAT-004,22.41,28.1,5.96,72.65,570.36,-70.84,0.0533,0.067,COMMUNICATION,NORMAL
2026-03-03 01:04:00,INSAT-3D,81.68,27.07,7.61,93.06,560.0,-67.2,0.0464,0.113,THERMAL,ANOMALY
2026-03-03 01:05:00,GSAT-30,24.56,28.53,5.43,92.91,584.98,-71.29,0.0349,0.079,ATTITUDE,NORMAL
2026-03-03 01:06:00,SAT-001,27.95,28.25,6.22,84.86,566.67,-68.26,0.0304,0.12,BATTERY,NORMAL
2026-03-03 01:07:00,SAT-002,28.27,28.12,6.14,91.34,533.96,-68.9,0.0359,0.057,PAYLOAD,NORMAL
2026-03-03 01:08:00,SAT-003,34.01,21.54,7.59,93.42,143.97,-66.89,0.046,0.032,POWER,ANOMALY
2026-03-03 01:09:00,SAT-004,27.76,28.28,5.27,93.74,557.84,-65.79,0.0489,0.084,COMMUNICATION,NORMAL
2026-03-03 01:10:00,INSAT-3D,27.14,28.35,6.11,80.48,511.04,-65.86,0.0487,0.056,BATTERY,NORMAL
2026-03-03 01:11:00,GSAT-30,20.75,27.9,5.32,92.18,542.88,-65.35,0.0316,0.034,PAYLOAD,NORMAL
2026-03-03 01:12:00,SAT-001,38.0,26.8,27.79,83.86,539.67,-69.52,0.0377,0.092,POWER,ANOMALY
2026-03-03 01:13:00,SAT-002,28.46,28.31,6.91,81.07,601.35,-64.11,0.0386,0.056,COMMUNICATION,NORMAL
2026-03-03 01:14:00,SAT-003,26.26,28.22,7.12,86.27,535.31,-67.37,0.0347,0.058,ATTITUDE,NORMAL
2026-03-03 01:15:00,SAT-004,22.66,28.16,6.08,90.08,496.59,-68.61,0.0401,0.102,COMMUNICATION,NORMAL
2026-03-03 01:16:00,INSAT-3D,26.22,28.07,7.47,82.35,506.03,-114.89,0.0402,0.082,COMMUNICATION,ANOMALY
2026-03-03 01:17:00,GSAT-30,23.69,28.03,5.47,92.03,536.02,-64.24,0.0347,0.028,COMMUNICATION,NORMAL
2026-03-03 01:18:00,SAT-001,20.21,28.87,5.62,90.63,572.7,-67.43,0.0524,0.082,BATTERY,NORMAL
2026-03-03 01:19:00,SAT-002,27.66,28.02,6.26,92.91,521.81,-68.52,0.0312,0.108,POWER,NORMAL
2026-03-03 01:20:00,SAT-003,26.48,28.07,6.25,84.95,540.03,-69.96,1.4137,0.672,ATTITUDE,ANOMALY
2026-03-03 01:21:00,SAT-004,24.7,28.42,5.99,88.84,539.72,-70.1,0.0385,0.062,BATTERY,NORMAL
2026-03-03 01:22:00,INSAT-3D,18.59,27.86,6.43,86.07,512.52,-65.58,0.0481,0.111,THERMAL,NORMAL
2026-03-03 01:23:00,GSAT-30,28.82,28.13,6.81,86.86,559.59,-68.8,0.0471,0.088,ATTITUDE,NORMAL
2026-03-03 01:24:00,SAT-001,28.03,28.34,5.82,94.1,238.85,-65.25,0.0211,11.112,ATTITUDE,ANOMALY
2026-03-03 01:25:00,SAT-002,23.34,28.47,5.5,87.17,502.48,-65.05,0.0413,0.063,ATTITUDE,NORMAL
2026-03-03 01:26:00,SAT-003,23.99,28.47,6.38,84.77,512.89,-69.33,0.015,0.133,ATTITUDE,NORMAL
2026-03-03 01:27:00,SAT-004,24.9,27.84,8.05,82.3,519.32,-64.07,0.05,0.066,COMMUNICATION,NORMAL
2026-03-03 01:28:00,INSAT-3D,32.0,24.73,12.96,43.23,535.73,-68.45,0.0446,0.048,BATTERY,ANOMALY
2026-03-03 01:29:00,GSAT-30,23.42,27.87,5.54,89.94,630.65,-62.79,0.0377,0.108,PAYLOAD,NORMAL
2026-03-03 01:30:00,SAT-001,21.73,28.32,6.43,87.11,570.2,-69.72,0.0482,0.076,COMMUNICATION,NORMAL
2026-03-03 01:31:00,SAT-002,27.81,28.1,6.12,91.52,617.87,-66.37,0.0391,0.086,COMMUNICATION,NORMAL
2026-03-03 01:32:00,SAT-003,60.11,26.98,5.63,87.01,545.87,-66.87,0.0515,0.069,THERMAL,ANOMALY
2026-03-03 01:33:00,SAT-004,28.78,28.66,5.68,81.7,537.43,-65.36,0.0529,0.084,ATTITUDE,NORMAL
2026-03-03 01:34:00,INSAT-3D,23.64,28.22,5.15,86.42,548.27,-69.73,0.032,0.058,THERMAL,NORMAL
2026-03-03 01:35:00,GSAT-30,30.65,28.35,5.58,80.71,573.56,-69.38,0.061,0.119,POWER,NORMAL
2026-03-03 01:36:00,SAT-001,25.55,19.89,6.86,79.0,199.72,-66.5,0.0465,0.11,POWER,ANOMALY
2026-03-03 01:37:00,SAT-002,27.61,28.17,5.36,96.06,544.2,-70.13,0.0283,0.041,ATTITUDE,NORMAL
2026-03-03 01:38:00,SAT-003,18.74,28.01,5.99,85.35,555.85,-66.38,0.0455,0.084,PAYLOAD,NORMAL
2026-03-03 01:39:00,SAT-004,27.4,28.16,5.91,85.27,556.75,-72.81,0.0358,0.075,ATTITUDE,NORMAL
2026-03-03 01:40:00,INSAT-3D,38.0,26.78,24.05,97.4,507.16,-68.03,0.0354,0.138,POWER,ANOMALY
2026-03-03 01:41:00,GSAT-30,24.42,28.21,5.93,85.58,566.98,-62.64,0.0547,0.106,COMMUNICATION,NORMAL
2026-03-03 01:42:00,SAT-001,26.48,27.78,5.89,83.79,495.93,-67.93,0.049,0.098,PAYLOAD,NORMAL
2026-03-03 01:43:00,SAT-002,18.03,28.21,5.89,86.89,517.27,-68.04,0.0249,0.081,THERMAL,NORMAL
2026-03-03 01:44:00,SAT-003,18.33,27.98,6.11,75.78,567.9,-104.18,0.0374,0.136,COMMUNICATION,ANOMALY
2026-03-03 01:45:00,SAT-004,25.64,28.26,7.04,94.54,551.77,-66.45,0.0461,0.103,POWER,NORMAL
2026-03-03 01:46:00,INSAT-3D,16.55,28.31,5.57,93.68,529.79,-70.88,0.0422,0.108,ATTITUDE,NORMAL
2026-03-03 01:47:00,GSAT-30,25.79,28.35,6.28,90.87,590.44,-68.57,0.0404,0.047,BATTERY,NORMAL
2026-03-03 01:48:00,SAT-001,20.4,28.11,5.96,83.97,512.44,-71.22,0.8353,0.695,ATTITUDE,ANOMALY
2026-03-03 01:49:00,SAT-002,19.15,28.64,4.85,85.93,575.17,-71.22,0.0584,0.072,ATTITUDE,NORMAL
2026-03-03 01:50:00,SAT-003,27.09,28.06,7.74,94.25,481.85,-68.76,0.0643,0.1,PAYLOAD,NORMAL
2026-03-03 01:51:00,SAT-004,25.92,28.14,5.54,92.49,549.47,-67.34,0.0377,0.089,POWER,NORMAL
2026-03-03 01:52:00,INSAT-3D,23.66,28.29,6.29,88.58,220.57,-67.86,0.052,11.546,ATTITUDE,ANOMALY
2026-03-03 01:53:00,GSAT-30,22.42,27.91,5.02,86.21,575.21,-67.52,0.0511,0.01,PAYLOAD,NORMAL
2026-03-03 01:54:00,SAT-001,18.51,27.87,6.85,86.45,603.77,-66.7,0.0514,0.048,THERMAL,NORMAL
2026-03-03 01:55:00,SAT-002,22.0,28.08,6.46,84.42,562.63,-71.32,0.0496,0.107,COMMUNICATION,NORMAL
2026-03-03 01:56:00,SAT-003,35.07,26.16,11.87,34.38,544.62,-68.62,0.039,0.092,BATTERY,ANOMALY
2026-03-03 01:57:00,SAT-004,21.67,28.32,5.97,87.85,573.65,-68.16,0.0297,0.142,POWER,NORMAL
2026-03-03 01:58:00,INSAT-3D,30.31,27.98,6.29,98.43,527.74,-62.49,0.0441,0.077,ATTITUDE,NORMAL
2026-03-03 01:59:00,GSAT-30,25.53,28.12,5.6,86.77,559.21,-65.13,0.0258,0.071,THERMAL,NORMAL
2026-03-03 02:00:00,SAT-001,76.63,27.05,6.4,85.74,545.57,-67.77,0.0362,0.14,THERMAL,ANOMALY
2026-03-03 02:01:00,SAT-002,25.53,28.24,7.3,86.13,535.25,-64.48,0.059,0.049,BATTERY,NORMAL
2026-03-03 02:02:00,SAT-003,27.07,28.33,6.76,92.93,585.46,-68.71,0.0608,0.09,ATTITUDE,NORMAL
2026-03-03 02:03:00,SAT-004,24.37,28.21,6.93,91.74,572.44,-65.67,0.0463,0.08,POWER,NORMAL
2026-03-03 02:04:00,INSAT-3D,27.27,21.86,6.71,91.53,146.68,-67.04,0.0458,0.03,POWER,ANOMALY
2026-03-03 02:05:00,GSAT-30,27.61,28.44,7.6,90.13,489.14,-70.7,0.0422,0.112,ATTITUDE,NORMAL
2026-03-03 02:06:00,SAT-001,27.68,28.83,5.74,83.83,591.43,-67.63,0.0285,0.071,COMMUNICATION,NORMAL
2026-03-03 02:07:00,SAT-002,25.25,28.45,6.14,86.67,564.16,-71.9,0.0186,0.089,ATTITUDE,NORMAL
2026-03-03 02:08:00,SAT-003,41.07,26.8,29.08,89.12,569.54,-67.91,0.0386,0.058,POWER,ANOMALY
2026-03-03 02:09:00,SAT-004,32.5,28.0,5.08,96.95,489.92,-65.95,0.0333,0.018,POWER,NORMAL
2026-03-03 02:10:00,INSAT-3D,31.09,28.16,5.09,89.56,529.8,-72.03,0.053,0.01,PAYLOAD,NORMAL
2026-03-03 02:11:00,GSAT-30,28.36,28.48,6.53,88.9,507.43,-64.79,0.0306,0.032,PAYLOAD,NORMAL
2026-03-03 02:12:00,SAT-001,26.62,28.07,7.08,87.42,581.23,-117.1,0.0556,0.054,COMMUNICATION,ANOMALY
2026-03-03 02:13:00,SAT-002,24.47,28.19,6.43,93.84,544.56,-69.53,0.0449,0.048,THERMAL,NORMAL
2026-03-03 02:14:00,SAT-003,24.97,27.9,6.87,87.57,553.75,-65.15,0.0428,0.111,THERMAL,NORMAL
2026-03-03 02:15:00,SAT-004,21.2,28.09,4.3,85.62,532.94,-71.88,0.0325,0.073,POWER,NORMAL
2026-03-03 02:16:00,INSAT-3D,27.07,27.93,6.73,85.68,531.41,-69.96,1.4671,0.731,ATTITUDE,ANOMALY
2026-03-03 02:17:00,GSAT-30,24.71,27.94,6.36,87.71,537.4,-65.03,0.0437,0.082,THERMAL,NORMAL
2026-03-03 02:18:00,SAT-001,26.16,28.22,7.31,99.5,495.8,-67.56,0.0467,0.08,ATTITUDE,NORMAL
2026-03-03 02:19:00,SAT-002,22.98,28.11,5.56,88.95,544.96,-67.73,0.0342,0.084,POWER,NORMAL
2026-03-03 02:20:00,SAT-003,29.86,28.29,7.36,85.54,229.9,-65.42,0.0309,11.89,ATTITUDE,ANOMALY
2026-03-03 02:21:00,SAT-004,25.42,27.96,5.06,88.83,542.75,-60.18,0.018,0.084,COMMUNICATION,NORMAL
2026-03-03 02:22:00,INSAT-3D,24.37,28.29,5.15,86.7,528.03,-69.27,0.0548,0.083,COMMUNICATION,NORMAL
2026-03-03 02:23:00,GSAT-30,25.99,28.54,7.3,87.89,549.1,-67.19,0.0398,0.067,BATTERY,NORMAL
2026-03-03 02:24:00,SAT-001,38.17,24.66,12.83,24.83,543.81,-61.1,0.0431,0.037,BATTERY,ANOMALY
2026-03-03 02:25:00,SAT-002,22.47,28.08,4.74,87.2,540.26,-67.86,0.0276,0.09,BATTERY,NORMAL
2026-03-03 02:26:00,SAT-003,25.7,28.29,6.68,94.53,572.67,-63.42,0.0322,0.04,COMMUNICATION,NORMAL
2026-03-03 02:27:00,SAT-004,22.64,28.59,6.1,82.3,570.23,-68.83,0.0404,0.106,THERMAL,NORMAL
2026-03-03 02:28:00,INSAT-3D,63.48,27.36,6.76,84.13,557.42,-72.25,0.0431,0.068,THERMAL,ANOMALY
2026-03-03 02:29:00,GSAT-30,31.22,28.22,7.21,84.19,496.3,-68.7,0.0482,0.065,BATTERY,NORMAL
2026-03-03 02:30:00,SAT-001,18.5,28.07,8.8,89.07,554.38,-73.75,0.0421,0.069,PAYLOAD,NORMAL
2026-03-03 02:31:00,SAT-002,22.75,27.97,5.97,85.16,557.34,-68.23,0.059,0.099,PAYLOAD,NORMAL
2026-03-03 02:32:00,SAT-003,23.4,22.22,5.81,80.68,139.17,-65.18,0.0579,0.05,POWER,ANOMALY
2026-03-03 02:33:00,SAT-004,27.24,28.0,5.2,80.83,578.6,-68.4,0.0378,0.076,COMMUNICATION,NORMAL
2026-03-03 02:34:00,INSAT-3D,22.77,28.12,5.53,90.83,544.55,-70.93,0.0387,0.084,POWER,NORMAL
2026-03-03 02:35:00,GSAT-30,26.36,28.38,6.48,86.99,560.66,-67.29,0.0535,0.077,COMMUNICATION,NORMAL
2026-03-03 02:36:00,SAT-001,38.0,26.65,25.42,82.68,532.6,-65.03,0.0517,0.086,POWER,ANOMALY
2026-03-03 02:37:00,SAT-002,28.44,28.08,6.13,87.4,518.44,-68.9,0.0467,0.052,PAYLOAD,NORMAL
2026-03-03 02:38:00,SAT-003,26.91,27.69,7.7,90.67,575.74,-66.01,0.0445,0.057,COMMUNICATION,NORMAL
2026-03-03 02:39:00,SAT-004,22.89,27.99,6.97,80.62,559.24,-70.3,0.0436,0.022,PAYLOAD,NORMAL
2026-03-03 02:40:00,INSAT-3D,27.73,28.82,5.49,90.78,528.58,-124.02,0.0332,0.049,COMMUNICATION,ANOMALY
2026-03-03 02:41:00,GSAT-30,30.33,28.62,6.24,90.38,546.82,-66.56,0.0501,0.132,PAYLOAD,NORMAL
2026-03-03 02:42:00,SAT-001,29.23,28.31,5.55,92.07,528.27,-65.86,0.0406,0.091,ATTITUDE,NORMAL
2026-03-03 02:43:00,SAT-002,30.75,27.95,5.88,93.71,510.0,-73.75,0.0271,0.062,THERMAL,NORMAL
2026-03-03 02:44:00,SAT-003,25.88,28.11,6.09,85.38,515.09,-70.09,1.2243,0.683,ATTITUDE,ANOMALY
2026-03-03 02:45:00,SAT-004,22.24,28.23,5.28,91.31,541.58,-74.13,0.0448,0.084,PAYLOAD,NORMAL
2026-03-03 02:46:00,INSAT-3D,21.84,27.91,6.43,90.08,527.21,-67.18,0.0587,0.105,BATTERY,NORMAL
2026-03-03 02:47:00,GSAT-30,25.27,28.33,6.86,90.09,513.7,-62.65,0.048,0.14,POWER,NORMAL
2026-03-03 02:48:00,SAT-001,26.56,28.13,7.61,86.51,240.3,-71.6,0.0516,4.442,ATTITUDE,ANOMALY
2026-03-03 02:49:00,SAT-002,21.36,28.3,6.31,92.73,541.85,-68.59,0.0673,0.07,THERMAL,NORMAL
2026-03-03 02:50:00,SAT-003,32.4,28.63,6.26,86.6,529.88,-69.63,0.0424,0.065,COMMUNICATION,NORMAL
2026-03-03 02:51:00,SAT-004,25.84,28.36,5.71,82.91,583.72,-68.17,0.033,0.035,BATTERY,NORMAL
2026-03-03 02:52:00,INSAT-3D,32.43,25.2,14.4,34.28,525.94,-70.75,0.0588,0.109,BATTERY,ANOMALY
2026-03-03 02:53:00,GSAT-30,25.99,28.65,6.6,87.96,559.58,-65.29,0.0511,0.065,ATTITUDE,NORMAL
2026-03-03 02:54:00,SAT-001,23.92,28.39,6.45,86.87,517.26,-67.05,0.0655,0.053,ATTITUDE,NORMAL
2026-03-03 02:55:00,SAT-002,19.11,28.23,6.52,84.46,616.41,-67.21,0.0362,0.063,THERMAL,NORMAL
2026-03-03 02:56:00,SAT-003,64.9,27.17,6.77,87.14,543.52,-65.97,0.0492,0.145,THERMAL,ANOMALY
2026-03-03 02:57:00,SAT-004,28.7,28.75,6.84,84.15,508.92,-65.11,0.0203,0.078,POWER,NORMAL
2026-03-03 02:58:00,INSAT-3D,28.23,28.11,7.1,89.03,526.32,-70.9,0.0309,0.086,COMMUNICATION,NORMAL
2026-03-03 02:59:00,GSAT-30,25.74,28.44,5.71,96.1,576.46,-63.59,0.0457,0.042,BATTERY,NORMAL
2026-03-03 03:00:00,SAT-001,27.38,21.59,6.23,85.96,137.38,-67.04,0.0464,0.078,POWER,ANOMALY
2026-03-03 03:01:00,SAT-002,17.33,28.38,7.79,94.71,550.38,-71.13,0.0465,0.085,ATTITUDE,NORMAL
2026-03-03 03:02:00,SAT-003,29.34,28.04,6.7,85.87,517.98,-71.73,0.0236,0.067,THERMAL,NORMAL
2026-03-03 03:03:00,SAT-004,19.72,28.14,6.19,89.6,487.6,-67.48,0.0248,0.083,ATTITUDE,NORMAL
2026-03-03 03:04:00,INSAT-3D,38.0,26.44,25.35,83.82,544.21,-66.48,0.0577,0.044,POWER,ANOMALY
2026-03-03 03:05:00,GSAT-30,27.41,28.47,6.31,87.13,548.15,-69.2,0.0568,0.114,ATTITUDE,NORMAL
2026-03-03 03:06:00,SAT-001,28.43,28.55,5.62,91.81,499.95,-68.7,0.0659,0.062,BATTERY,NORMAL
2026-03-03 03:07:00,SAT-002,23.01,28.3,8.12,97.0,470.01,-68.0,0.0629,0.068,COMMUNICATION,NORMAL
2026-03-03 03:08:00,SAT-003,24.48,28.04,7.18,86.92,545.99,-116.47,0.0625,0.071,COMMUNICATION,ANOMALY
2026-03-03 03:09:00,SAT-004,25.12,28.44,5.41,89.14,554.82,-69.64,0.0528,0.094,ATTITUDE,NORMAL
2026-03-03 03:10:00,INSAT-3D,28.01,28.36,4.64,89.06,607.66,-65.08,0.0588,0.059,THERMAL,NORMAL
2026-03-03 03:11:00,GSAT-30,28.99,28.2,6.23,83.66,552.95,-66.24,0.0381,0.052,BATTERY,NORMAL
2026-03-03 03:12:00,SAT-001,33.88,28.17,5.95,88.53,528.48,-71.26,1.1559,0.654,ATTITUDE,ANOMALY
2026-03-03 03:13:00,SAT-002,26.69,28.26,5.85,89.53,583.61,-67.58,0.0286,0.142,PAYLOAD,NORMAL
2026-03-03 03:14:00,SAT-003,28.16,28.25,7.9,93.68,557.07,-70.81,0.0432,0.094,COMMUNICATION,NORMAL
2026-03-03 03:15:00,SAT-004,25.15,28.34,6.08,94.77,514.39,-69.28,0.0401,0.056,POWER,NORMAL
2026-03-03 03:16:00,INSAT-3D,23.37,28.21,7.58,79.11,235.96,-65.71,0.0648,3.486,ATTITUDE,ANOMALY
2026-03-03 03:17:00,GSAT-30,20.45,28.44,6.28,99.5,515.19,-70.58,0.0634,0.112,POWER,NORMAL
2026-03-03 03:18:00,SAT-001,20.98,28.21,7.17,78.34,561.08,-65.94,0.0533,0.06,COMMUNICATION,NORMAL
2026-03-03 03:19:00,SAT-002,24.67,28.64,5.09,87.06,501.23,-69.45,0.0352,0.099,PAYLOAD,NORMAL
2026-03-03 03:20:00,SAT-003,32.0,25.99,12.82,40.97,584.09,-70.39,0.0574,0.07,BATTERY,ANOMALY
2026-03-03 03:21:00,SAT-004,19.89,28.2,6.13,91.6,534.39,-71.16,0.0468,0.111,THERMAL,NORMAL
2026-03-03 03:22:00,INSAT-3D,26.73,27.91,7.36,85.48,532.41,-68.79,0.0454,0.168,PAYLOAD,NORMAL
2026-03-03 03:23:00,GSAT-30,22.8,28.55,7.21,93.02,579.74,-62.86,0.0517,0.113,COMMUNICATION,NORMAL
2026-03-03 03:24:00,SAT-001,73.33,27.5,6.11,80.66,510.22,-68.83,0.0532,0.129,THERMAL,ANOMALY
2026-03-03 03:25:00,SAT-002,24.86,28.27,6.11,88.78,552.49,-70.02,0.0274,0.049,ATTITUDE,NORMAL
2026-03-03 03:26:00,SAT-003,27.81,27.74,6.99,84.52,552.6,-73.79,0.0306,0.094,BATTERY,NORMAL
2026-03-03 03:27:00,SAT-004,23.5,28.11,5.98,95.81,543.8,-68.21,0.0556,0.013,PAYLOAD,NORMAL
2026-03-03 03:28:00,INSAT-3D,26.61,19.76,7.16,86.47,163.26,-72.98,0.0514,0.065,POWER,ANOMALY
2026-03-03 03:29:00,GSAT-30,30.14,28.26,6.6,92.91,571.13,-69.66,0.0555,0.111,THERMAL,NORMAL
2026-03-03 03:30:00,SAT-001,30.54,27.9,5.75,96.16,484.37,-67.34,0.0219,0.07,PAYLOAD,NORMAL
2026-03-03 03:31:00,SAT-002,24.47,28.33,6.6,83.75,526.63,-65.75,0.0391,0.109,THERMAL,NORMAL
2026-03-03 03:32:00,SAT-003,41.91,26.8,25.63,84.55,535.32,-67.04,0.0444,0.096,POWER,ANOMALY
2026-03-03 03:33:00,SAT-004,26.65,28.61,7.13,81.82,519.55,-70.47,0.0503,0.066,BATTERY,NORMAL
2026-03-03 03:34:00,INSAT-3D,17.41,27.84,5.49,82.96,520.92,-71.13,0.0281,0.126,POWER,NORMAL
2026-03-03 03:35:00,GSAT-30,20.65,28.17,7.4,84.44,518.97,-69.6,0.0588,0.067,THERMAL,NORMAL
2026-03-03 03:36:00,SAT-001,27.34,28.24,6.41,82.51,589.07,-116.66,0.0362,0.048,COMMUNICATION,ANOMALY
2026-03-03 03:37:00,SAT-002,25.9,27.98,6.13,85.19,571.82,-67.98,0.0312,0.078,COMMUNICATION,NORMAL
2026-03-03 03:38:00,SAT-003,27.55,28.4,7.1,84.09,546.09,-63.55,0.0641,0.087,THERMAL,NORMAL
2026-03-03 03:39:00,SAT-004,21.55,28.26,6.33,81.33,573.09,-64.25,0.048,0.081,BATTERY,NORMAL
2026-03-03 03:40:00,INSAT-3D,24.5,28.06,6.15,88.72,547.18,-73.91,1.634,0.655,ATTITUDE,ANOMALY
2026-03-03 03:41:00,GSAT-30,23.82,28.11,6.49,91.38,485.52,-70.18,0.0357,0.073,THERMAL,NORMAL
2026-03-03 03:42:00,SAT-001,27.66,28.36,5.36,86.08,526.69,-62.85,0.0486,0.083,POWER,NORMAL
2026-03-03 03:43:00,SAT-002,21.88,28.09,6.69,91.16,563.39,-70.19,0.0338,0.086,THERMAL,NORMAL
2026-03-03 03:44:00,SAT-003,28.31,28.2,7.69,85.17,238.49,-65.99,0.0572,11.688,ATTITUDE,ANOMALY
2026-03-03 03:45:00,SAT-004,26.3,28.4,7.68,83.2,553.73,-62.52,0.0551,0.072,THERMAL,NORMAL
2026-03-03 03:46:00,INSAT-3D,22.32,28.49,6.21,81.69,493.71,-70.43,0.045,0.094,THERMAL,NORMAL
2026-03-03 03:47:00,GSAT-30,27.02,28.34,5.95,75.84,586.93,-66.7,0.03,0.091,COMMUNICATION,NORMAL
2026-03-03 03:48:00,SAT-001,35.1,26.03,11.39,29.71,535.98,-70.31,0.0517,0.079,BATTERY,ANOMALY
2026-03-03 03:49:00,SAT-002,23.42,28.06,6.33,95.98,531.01,-73.59,0.047,0.088,PAYLOAD,NORMAL
2026-03-03 03:50:00,SAT-003,18.73,27.96,5.03,86.63,524.74,-69.44,0.0673,0.044,BATTERY,NORMAL
2026-03-03 03:51:00,SAT-004,26.13,28.56,5.75,88.87,481.27,-65.83,0.0266,0.079,POWER,NORMAL
2026-03-03 03:52:00,INSAT-3D,64.01,27.5,6.35,83.86,528.14,-67.9,0.0591,0.094,THERMAL,ANOMALY
2026-03-03 03:53:00,GSAT-30,28.55,27.93,6.21,79.56,535.9,-71.31,0.0372,0.086,BATTERY,NORMAL
2026-03-03 03:54:00,SAT-001,22.63,28.33,7.75,87.13,517.57,-67.73,0.0629,0.095,THERMAL,NORMAL
2026-03-03 03:55:00,SAT-002,23.45,28.1,5.78,94.64,540.2,-62.15,0.0478,0.074,POWER,NORMAL
2026-03-03 03:56:00,SAT-003,25.35,20.29,6.68,84.56,229.96,-68.18,0.04,0.089,POWER,ANOMALY
2026-03-03 03:57:00,SAT-004,28.8,28.42,5.85,87.35,571.67,-65.18,0.0439,0.078,BATTERY,NORMAL
2026-03-03 03:58:00,INSAT-3D,29.74,28.23,6.79,86.54,523.95,-68.02,0.0553,0.062,COMMUNICATION,NORMAL
2026-03-03 03:59:00,GSAT-30,18.45,28.57,8.6,85.62,517.96,-72.04,0.0351,0.034,BATTERY,NORMAL
2026-03-03 04:00:00,SAT-001,38.0,26.7,30.84,77.66,536.21,-69.85,0.0486,0.07,POWER,ANOMALY
2026-03-03 04:01:00,SAT-002,22.91,28.1,5.31,81.56,482.41,-71.99,0.0646,0.059,ATTITUDE,NORMAL
2026-03-03 04:02:00,SAT-003,19.06,28.16,6.17,87.64,504.95,-68.24,0.0469,0.094,POWER,NORMAL
2026-03-03 04:03:00,SAT-004,22.71,28.09,6.95,85.49,557.93,-69.79,0.056,0.119,COMMUNICATION,NORMAL
2026-03-03 04:04:00,INSAT-3D,20.1,27.9,6.31,81.58,555.73,-116.62,0.0355,0.123,COMMUNICATION,ANOMALY
2026-03-03 04:05:00,GSAT-30,22.88,28.41,6.94,95.02,626.52,-66.75,0.0603,0.16,PAYLOAD,NORMAL
2026-03-03 04:06:00,SAT-001,26.95,27.95,6.09,84.12,546.47,-70.34,0.0459,0.072,BATTERY,NORMAL
2026-03-03 04:07:00,SAT-002,33.73,28.36,6.45,82.09,518.82,-70.51,0.0326,0.105,POWER,NORMAL
2026-03-03 04:08:00,SAT-003,28.07,28.15,6.06,88.63,580.54,-65.03,1.1358,0.708,ATTITUDE,ANOMALY
2026-03-03 04:09:00,SAT-004,25.53,28.07,6.86,87.16,505.73,-70.83,0.0445,0.052,BATTERY,NORMAL
2026-03-03 04:10:00,INSAT-3D,22.6,28.04,6.36,97.41,536.68,-72.75,0.0677,0.068,POWER,NORMAL
2026-03-03 04:11:00,GSAT-30,28.37,27.99,6.82,85.06,533.84,-64.06,0.0545,0.031,BATTERY,NORMAL
2026-03-03 04:12:00,SAT-001,26.4,28.33,6.62,72.42,220.21,-73.32,0.0387,4.501,ATTITUDE,ANOMALY
2026-03-03 04:13:00,SAT-002,21.06,28.26,7.09,81.87,548.46,-68.56,0.0333,0.043,THERMAL,NORMAL
2026-03-03 04:14:00,SAT-003,26.62,28.41,5.11,94.68,576.68,-69.12,0.0566,0.116,BATTERY,NORMAL
2026-03-03 04:15:00,SAT-004,27.65,27.97,6.18,87.73,532.75,-69.17,0.0351,0.031,POWER,NORMAL
2026-03-03 04:16:00,INSAT-3D,38.71,25.21,12.08,30.56,562.87,-62.2,0.0466,0.075,BATTERY,ANOMALY
2026-03-03 04:17:00,GSAT-30,25.55,28.41,5.84,75.79,564.77,-65.81,0.0291,0.095,POWER,NORMAL
2026-03-03 04:18:00,SAT-001,27.91,28.42,3.84,99.5,528.72,-67.16,0.041,0.144,COMMUNICATION,NORMAL
2026-03-03 04:19:00,SAT-002,24.17,28.3,5.32,89.8,513.44,-68.6,0.0231,0.108,COMMUNICATION,NORMAL
2026-03-03 04:20:00,SAT-003,59.93,27.5,5.84,82.2,501.02,-67.52,0.0508,0.05,THERMAL,ANOMALY
2026-03-03 04:21:00,SAT-004,28.65,28.27,6.21,93.62,572.79,-70.68,0.0488,0.1,THERMAL,NORMAL
2026-03-03 04:22:00,INSAT-3D,21.55,27.95,6.45,92.95,545.02,-72.73,0.0324,0.101,ATTITUDE,NORMAL
2026-03-03 04:23:00,GSAT-30,20.37,28.46,7.7,80.95,576.33,-68.13,0.0373,0.084,COMMUNICATION,NORMAL
2026-03-03 04:24:00,SAT-001,23.59,19.42,6.27,83.28,202.96,-73.25,0.0393,0.021,POWER,ANOMALY
2026-03-03 04:25:00,SAT-002,25.52,28.15,6.08,99.01,546.03,-59.02,0.0294,0.081,PAYLOAD,NORMAL
2026-03-03 04:26:00,SAT-003,20.01,28.77,5.74,95.9,529.31,-65.6,0.0617,0.122,BATTERY,NORMAL
2026-03-03 04:27:00,SAT-004,26.19,28.28,5.22,85.61,538.35,-73.62,0.0525,0.106,POWER,NORMAL
2026-03-03 04:28:00,INSAT-3D,38.0,26.8,21.04,87.62,528.18,-65.01,0.0301,0.082,POWER,ANOMALY
2026-03-03 04:29:00,GSAT-30,22.33,28.09,5.31,80.68,560.25,-66.82,0.0541,0.118,COMMUNICATION,NORMAL
2026-03-03 04:30:00,SAT-001,29.18,28.05,5.18,83.42,524.91,-71.21,0.035,0.067,PAYLOAD,NORMAL
2026-03-03 04:31:00,SAT-002,22.36,28.03,6.9,88.61,545.93,-70.08,0.0401,0.089,THERMAL,NORMAL
2026-03-03 04:32:00,SAT-003,25.1,27.94,5.82,81.81,519.83,-108.83,0.0607,0.108,COMMUNICATION,ANOMALY
2026-03-03 04:33:00,SAT-004,25.16,27.88,5.82,90.99,517.95,-63.37,0.048,0.103,THERMAL,NORMAL
2026-03-03 04:34:00,INSAT-3D,22.16,28.3,6.2,78.59,557.97,-67.35,0.0655,0.108,PAYLOAD,NORMAL
2026-03-03 04:35:00,GSAT-30,22.87,28.66,5.95,93.19,452.61,-71.53,0.0415,0.019,POWER,NORMAL
2026-03-03 04:36:00,SAT-001,27.8,28.29,5.71,84.92,554.19,-74.31,0.4018,0.67,ATTITUDE,ANOMALY
2026-03-03 04:37:00,SAT-002,20.34,28.03,6.77,83.69,468.24,-67.32,0.057,0.146,THERMAL,NORMAL
2026-03-03 04:38:00,SAT-003,24.65,27.76,4.68,86.75,548.99,-67.12,0.0377,0.063,POWER,NORMAL
2026-03-03 04:39:00,SAT-004,24.59,28.1,5.66,85.7,484.03,-71.65,0.0529,0.126,BATTERY,NORMAL
2026-03-03 04:40:00,INSAT-3D,26.17,27.99,3.78,93.52,220.43,-72.42,0.042,3.61,ATTITUDE,ANOMALY
2026-03-03 04:41:00,GSAT-30,22.82,28.51,6.11,91.2,578.62,-66.72,0.0668,0.153,PAYLOAD,NORMAL
2026-03-03 04:42:00,SAT-001,30.48,28.06,5.27,92.98,539.28,-70.41,0.0509,0.059,THERMAL,NORMAL
2026-03-03 04:43:00,SAT-002,20.13,28.34,6.35,86.35,450.19,-64.2,0.0422,0.049,COMMUNICATION,NORMAL
2026-03-03 04:44:00,SAT-003,35.46,24.75,13.64,30.74,531.07,-66.85,0.0498,0.073,BATTERY,ANOMALY
2026-03-03 04:45:00,SAT-004,25.06,27.82,6.29,91.33,536.93,-68.04,0.0477,0.049,POWER,NORMAL
2026-03-03 04:46:00,INSAT-3D,29.94,28.32,6.5,84.63,473.92,-65.59,0.0223,0.072,COMMUNICATION,NORMAL
2026-03-03 04:47:00,GSAT-30,32.5,28.24,6.56,89.64,582.71,-69.27,0.0548,0.043,THERMAL,NORMAL
2026-03-03 04:48:00,SAT-001,61.41,27.21,6.57,83.42,563.96,-70.64,0.0277,0.039,THERMAL,ANOMALY
2026-03-03 04:49:00,SAT-002,18.83,28.07,5.82,81.28,537.47,-69.04,0.0363,0.054,PAYLOAD,NORMAL
2026-03-03 04:50:00,SAT-003,34.68,28.67,5.95,85.74,649.63,-71.24,0.0443,0.081,BATTERY,NORMAL
2026-03-03 04:51:00,SAT-004,18.51,27.76,6.17,90.33,536.89,-61.91,0.0388,0.071,COMMUNICATION,NORMAL
2026-03-03 04:52:00,INSAT-3D,25.88,22.76,6.4,84.13,183.84,-65.93,0.0548,0.066,POWER,ANOMALY
2026-03-03 04:53:00,GSAT-30,29.0,28.1,7.07,87.85,509.61,-70.2,0.048,0.031,ATTITUDE,NORMAL
2026-03-03 04:54:00,SAT-001,30.82,28.19,6.61,88.63,566.39,-69.74,0.0702,0.06,BATTERY,NORMAL
2026-03-03 04:55:00,SAT-002,23.87,27.97,6.77,87.55,569.12,-66.94,0.0355,0.112,COMMUNICATION,NORMAL
2026-03-03 04:56:00,SAT-003,38.0,26.8,21.23,83.08,564.68,-66.81,0.0535,0.055,POWER,ANOMALY
2026-03-03 04:57:00,SAT-004,30.99,27.7,5.92,83.34,563.61,-62.23,0.0529,0.169,COMMUNICATION,NORMAL
2026-03-03 04:58:00,INSAT-3D,25.14,27.94,5.97,85.84,536.69,-61.08,0.0604,0.077,THERMAL,NORMAL
2026-03-03 04:59:00,GSAT-30,22.94,28.16,5.95,85.26,554.59,-68.94,0.0523,0.127,ATTITUDE,NORMAL
2026-03-03 05:00:00,SAT-001,22.7,28.3,6.73,79.12,549.38,-124.87,0.0608,0.11,COMMUNICATION,ANOMALY
2026-03-03 05:01:00,SAT-002,31.06,28.06,6.41,87.67,581.82,-64.18,0.0515,0.064,POWER,NORMAL
2026-03-03 05:02:00,SAT-003,21.96,27.72,5.0,77.81,529.49,-66.6,0.0458,0.122,COMMUNICATION,NORMAL
2026-03-03 05:03:00,SAT-004,26.13,28.2,6.39,78.97,513.14,-66.88,0.0587,0.063,THERMAL,NORMAL
2026-03-03 05:04:00,INSAT-3D,25.88,27.72,7.67,90.57,549.56,-66.78,1.375,0.656,ATTITUDE,ANOMALY
2026-03-03 05:05:00,GSAT-30,28.48,27.9,5.77,96.45,554.41,-65.64,0.0311,0.1,ATTITUDE,NORMAL
2026-03-03 05:06:00,SAT-001,30.72,28.08,5.61,89.06,530.55,-73.78,0.0557,0.106,ATTITUDE,NORMAL
2026-03-03 05:07:00,SAT-002,29.94,27.92,6.8,86.29,513.5,-69.25,0.018,0.048,PAYLOAD,NORMAL
2026-03-03 05:08:00,SAT-003,26.4,28.13,5.74,92.41,225.09,-63.69,0.0465,12.162,ATTITUDE,ANOMALY
2026-03-03 05:09:00,SAT-004,26.59,28.28,4.5,84.59,565.43,-70.81,0.0405,0.044,COMMUNICATION,NORMAL
2026-03-03 05:10:00,INSAT-3D,32.01,28.31,7.34,71.18,576.65,-66.39,0.0534,0.071,BATTERY,NORMAL
2026-03-03 05:11:00,GSAT-30,31.8,27.6,5.84,88.53,512.86,-67.36,0.0354,0.126,POWER,NORMAL
2026-03-03 05:12:00,SAT-001,32.0,25.46,11.12,27.7,526.46,-65.74,0.05,0.061,BATTERY,ANOMALY
2026-03-03 05:13:00,SAT-002,24.32,28.2,5.93,97.08,480.38,-67.31,0.0517,0.053,PAYLOAD,NORMAL
2026-03-03 05:14:00,SAT-003,17.82,28.52,6.16,80.93,556.86,-70.57,0.0517,0.106,ATTITUDE,NORMAL
2026-03-03 05:15:00,SAT-004,27.36,28.3,5.62,91.86,504.41,-72.58,0.0384,0.045,COMMUNICATION,NORMAL
2026-03-03 05:16:00,INSAT-3D,65.25,27.5,6.68,87.92,546.2,-70.03,0.0498,0.089,THERMAL,ANOMALY
2026-03-03 05:17:00,GSAT-30,20.89,28.4,5.04,96.42,524.94,-61.31,0.0657,0.077,POWER,NORMAL
2026-03-03 05:18:00,SAT-001,26.47,27.81,6.4,82.76,576.11,-71.88,0.0162,0.029,COMMUNICATION,NORMAL
2026-03-03 05:19:00,SAT-002,31.27,28.16,6.28,94.89,517.19,-69.29,0.0453,0.079,POWER,NORMAL
2026-03-03 05:20:00,SAT-003,25.14,19.65,7.18,83.06,147.97,-68.02,0.0518,0.094,POWER,ANOMALY
2026-03-03 05:21:00,SAT-004,29.27,28.34,6.81,86.04,506.68,-67.71,0.0335,0.05,ATTITUDE,NORMAL
2026-03-03 05:22:00,INSAT-3D,32.48,28.46,5.75,87.16,535.07,-70.25,0.0557,0.054,ATTITUDE,NORMAL
2026-03-03 05:23:00,GSAT-30,26.8,27.97,6.33,85.62,496.96,-69.53,0.0482,0.093,THERMAL,NORMAL
2026-03-03 05:24:00,SAT-001,38.0,26.42,28.62,87.54,556.61,-63.9,0.0504,0.068,POWER,ANOMALY
2026-03-03 05:25:00,SAT-002,29.37,28.34,6.8,82.9,539.93,-70.25,0.0593,0.039,PAYLOAD,NORMAL
2026-03-03 05:26:00,SAT-003,24.51,27.94,4.77,84.09,576.4,-68.16,0.0533,0.123,THERMAL,NORMAL
2026-03-03 05:27:00,SAT-004,26.21,28.44,5.72,81.86,563.8,-65.52,0.0317,0.087,PAYLOAD,NORMAL
2026-03-03 05:28:00,INSAT-3D,24.15,28.49,7.03,91.09,504.76,-121.37,0.0413,0.064,COMMUNICATION,ANOMALY
2026-03-03 05:29:00,GSAT-30,30.32,28.64,7.09,90.5,535.69,-67.43,0.0359,0.085,POWER,NORMAL
2026-03-03 05:30:00,SAT-001,30.56,28.17,5.14,84.09,528.53,-69.7,0.0464,0.103,ATTITUDE,NORMAL
2026-03-03 05:31:00,SAT-002,29.51,28.13,7.24,88.34,462.31,-66.58,0.0517,0.047,BATTERY,NORMAL
2026-03-03 05:32:00,SAT-003,27.08,28.23,7.47,87.19,530.01,-71.99,0.7045,0.718,ATTITUDE,ANOMALY
2026-03-03 05:33:00,SAT-004,25.98,28.13,8.52,90.29,542.04,-68.52,0.0304,0.097,ATTITUDE,NORMAL
2026-03-03 05:34:00,INSAT-3D,31.46,28.5,5.55,91.03,509.3,-70.44,0.0397,0.062,PAYLOAD,NORMAL
2026-03-03 05:35:00,GSAT-30,27.27,28.54,6.3,99.5,510.7,-70.23,0.0359,0.083,ATTITUDE,NORMAL
2026-03-03 05:36:00,SAT-001,26.33,27.97,7.4,86.34,224.53,-66.16,0.0408,9.971,ATTITUDE,ANOMALY
2026-03-03 05:37:00,SAT-002,24.19,28.22,5.04,92.14,575.38,-74.56,0.0612,0.097,POWER,NORMAL
2026-03-03 05:38:00,SAT-003,23.16,28.25,5.21,89.7,538.41,-68.39,0.0552,0.059,PAYLOAD,NORMAL
2026-03-03 05:39:00,SAT-004,22.59,28.03,6.89,89.14,582.11,-64.43,0.0519,0.111,BATTERY,NORMAL
2026-03-03 05:40:00,INSAT-3D,36.11,25.78,13.99,31.99,510.96,-63.66,0.0479,0.068,BATTERY,ANOMALY
2026-03-03 05:41:00,GSAT-30,24.52,28.11,5.78,91.57,526.94,-68.07,0.0472,0.058,POWER,NORMAL
2026-03-03 05:42:00,SAT-001,23.93,28.05,6.3,82.0,573.0,-68.45,0.0342,0.1,THERMAL,NORMAL
2026-03-03 05:43:00,SAT-002,29.24,28.15,5.42,87.95,543.71,-68.25,0.0604,0.104,PAYLOAD,NORMAL
2026-03-03 05:44:00,SAT-003,58.06,27.5,4.31,95.76,521.38,-68.57,0.0444,0.092,THERMAL,ANOMALY
2026-03-03 05:45:00,SAT-004,25.93,28.3,7.04,83.69,591.92,-67.21,0.0351,0.075,PAYLOAD,NORMAL
2026-03-03 05:46:00,INSAT-3D,26.83,28.06,6.83,87.21,532.24,-68.75,0.0159,0.064,BATTERY,NORMAL
2026-03-03 05:47:00,GSAT-30,23.63,28.17,7.21,81.33,606.03,-67.48,0.0692,0.136,PAYLOAD,NORMAL
2026-03-03 05:48:00,SAT-001,19.18,20.26,5.71,84.32,167.57,-63.63,0.0342,0.156,POWER,ANOMALY
2026-03-03 05:49:00,SAT-002,28.05,28.15,5.98,81.89,566.61,-67.49,0.0498,0.108,COMMUNICATION,NORMAL
2026-03-03 05:50:00,SAT-003,23.16,28.3,6.09,91.58,564.88,-69.98,0.054,0.046,THERMAL,NORMAL
2026-03-03 05:51:00,SAT-004,22.05,28.08,7.2,96.98,495.74,-71.01,0.0433,0.015,POWER,NORMAL
2026-03-03 05:52:00,INSAT-3D,38.06,26.8,19.96,85.64,512.55,-63.08,0.0393,0.126,POWER,ANOMALY
2026-03-03 05:53:00,GSAT-30,22.91,28.39,6.4,87.31,512.33,-67.03,0.0397,0.059,THERMAL,NORMAL
2026-03-03 05:54:00,SAT-001,25.67,27.89,7.0,90.67,565.86,-68.21,0.025,0.076,ATTITUDE,NORMAL
2026-03-03 05:55:00,SAT-002,27.66,28.21,5.05,77.32,550.43,-70.49,0.0502,0.057,PAYLOAD,NORMAL
2026-03-03 05:56:00,SAT-003,26.4,28.09,7.9,89.75,570.42,-113.83,0.0532,0.083,COMMUNICATION,ANOMALY
2026-03-03 05:57:00,SAT-004,20.11,27.7,7.53,90.39,559.05,-63.53,0.0252,0.069,POWER,NORMAL
2026-03-03 05:58:00,INSAT-3D,26.65,28.49,7.6,88.26,536.86,-66.49,0.0471,0.079,ATTITUDE,NORMAL
2026-03-03 05:59:00,GSAT-30,26.73,28.54,8.59,90.07,497.33,-63.48,0.0465,0.083,PAYLOAD,NORMAL
2026-03-03 06:00:00,SAT-001,20.17,28.55,5.76,87.83,532.02,-67.4,1.4005,0.657,ATTITUDE,ANOMALY
2026-03-03 06:01:00,SAT-002,22.75,28.39,6.06,90.75,545.95,-66.49,0.0476,0.089,POWER,NORMAL
2026-03-03 06:02:00,SAT-003,26.34,28.19,4.81,82.66,550.25,-69.35,0.0697,0.056,ATTITUDE,NORMAL
2026-03-03 06:03:00,SAT-004,20.88,28.32,6.71,85.87,559.22,-66.23,0.0422,0.126,PAYLOAD,NORMAL
2026-03-03 06:04:00,INSAT-3D,23.82,28.64,6.32,80.78,233.75,-71.3,0.0528,6.307,ATTITUDE,ANOMALY
2026-03-03 06:05:00,GSAT-30,27.64,28.21,5.36,88.5,521.92,-66.19,0.0323,0.022,BATTERY,NORMAL
2026-03-03 06:06:00,SAT-001,23.11,28.01,7.2,88.04,512.75,-69.47,0.0389,0.071,BATTERY,NORMAL
2026-03-03 06:07:00,SAT-002,22.97,28.14,6.17,76.7,481.17,-69.58,0.0561,0.038,POWER,NORMAL
2026-03-03 06:08:00,SAT-003,36.24,26.07,12.12,41.44,546.13,-67.67,0.0388,0.088,BATTERY,ANOMALY
2026-03-03 06:09:00,SAT-004,24.59,27.67,6.98,91.55,580.25,-63.54,0.0303,0.107,ATTITUDE,NORMAL
2026-03-03 06:10:00,INSAT-3D,25.43,28.08,6.21,84.55,523.06,-75.0,0.035,0.104,PAYLOAD,NORMAL
2026-03-03 06:11:00,GSAT-30,24.5,28.2,6.82,85.99,498.2,-70.42,0.0353,0.083,COMMUNICATION,NORMAL
2026-03-03 06:12:00,SAT-001,77.39,27.49,7.51,82.46,510.36,-62.1,0.0597,0.093,THERMAL,ANOMALY
2026-03-03 06:13:00,SAT-002,21.47,27.87,6.56,85.61,469.19,-66.24,0.0625,0.1,THERMAL,NORMAL
2026-03-03 06:14:00,SAT-003,22.5,28.46,6.07,88.18,544.89,-67.69,0.0675,0.079,BATTERY,NORMAL
2026-03-03 06:15:00,SAT-004,28.18,28.27,5.9,85.57,485.16,-67.3,0.0439,0.067,COMMUNICATION,NORMAL
2026-03-03 06:16:00,INSAT-3D,22.99,23.72,6.99,89.41,191.09,-69.3,0.0365,0.108,POWER,ANOMALY
2026-03-03 06:17:00,GSAT-30,32.33,28.67,4.86,83.87,533.63,-67.92,0.0434,0.135,THERMAL,NORMAL
2026-03-03 06:18:00,SAT-001,26.69,27.82,6.92,90.95,577.97,-69.59,0.0337,0.078,COMMUNICATION,NORMAL
2026-03-03 06:19:00,SAT-002,27.23,28.24,6.1,88.08,526.2,-65.96,0.0276,0.08,THERMAL,NORMAL
2026-03-03 06:20:00,SAT-003,41.13,26.36,28.15,79.61,514.86,-64.92,0.0595,0.091,POWER,ANOMALY
2026-03-03 06:21:00,SAT-004,30.46,28.13,5.55,79.34,528.32,-72.35,0.0476,0.067,POWER,NORMAL
2026-03-03 06:22:00,INSAT-3D,28.08,27.96,6.51,84.33,561.03,-67.87,0.0556,0.151,THERMAL,NORMAL
2026-03-03 06:23:00,GSAT-30,24.62,28.82,5.58,94.44,554.55,-69.1,0.0481,0.055,ATTITUDE,NORMAL
2026-03-03 06:24:00,SAT-001,26.26,28.2,6.88,84.42,579.99,-107.9,0.0381,0.087,COMMUNICATION,ANOMALY
2026-03-03 06:25:00,SAT-002,20.44,28.33,6.3,82.95,554.47,-65.57,0.0381,0.103,THERMAL,NORMAL
2026-03-03 06:26:00,SAT-003,20.25,28.57,5.69,85.0,545.0,-67.81,0.06,0.036,THERMAL,NORMAL
2026-03-03 06:27:00,SAT-004,27.75,28.62,6.03,90.66,557.69,-63.34,0.0372,0.073,POWER,NORMAL
2026-03-03 06:28:00,INSAT-3D,24.98,28.22,8.5,85.15,504.36,-71.46,1.6545,0.654,ATTITUDE,ANOMALY
2026-03-03 06:29:00,GSAT-30,28.85,27.81,6.93,79.96,543.38,-72.55,0.0298,0.089,THERMAL,NORMAL
2026-03-03 06:30:00,SAT-001,22.79,28.31,6.6,90.73,530.61,-65.94,0.0339,0.01,THERMAL,NORMAL
2026-03-03 06:31:00,SAT-002,22.91,28.65,6.9,87.35,501.78,-61.96,0.0375,0.051,POWER,NORMAL
2026-03-03 06:32:00,SAT-003,26.52,28.04,4.89,77.79,235.83,-71.39,0.0295,4.92,ATTITUDE,ANOMALY
2026-03-03 06:33:00,SAT-004,19.71,28.22,6.13,87.99,513.24,-69.88,0.0585,0.093,THERMAL,NORMAL
2026-03-03 06:34:00,INSAT-3D,29.63,28.27,6.68,93.85,513.5,-69.85,0.0549,0.07,COMMUNICATION,NORMAL
2026-03-03 06:35:00,GSAT-30,28.73,28.3,5.58,86.02,544.38,-69.19,0.0268,0.089,COMMUNICATION,NORMAL
2026-03-03 06:36:00,SAT-001,36.08,24.79,12.96,28.21,553.54,-71.43,0.0486,0.059,BATTERY,ANOMALY
2026-03-03 06:37:00,SAT-002,22.03,28.08,6.59,88.08,522.82,-70.0,0.0707,0.063,POWER,NORMAL
2026-03-03 06:38:00,SAT-003,26.35,28.21,5.27,95.45,535.45,-68.4,0.0616,0.053,ATTITUDE,NORMAL
2026-03-03 06:39:00,SAT-004,27.47,28.2,5.13,85.04,547.45,-70.61,0.0337,0.099,THERMAL,NORMAL
2026-03-03 06:40:00,INSAT-3D,79.42,27.49,6.1,83.31,551.0,-70.7,0.0305,0.095,THERMAL,ANOMALY
2026-03-03 06:41:00,GSAT-30,24.89,28.33,6.88,87.14,469.71,-66.03,0.0341,0.103,PAYLOAD,NORMAL
2026-03-03 06:42:00,SAT-001,28.84,28.03,5.19,87.98,569.66,-73.06,0.0523,0.14,THERMAL,NORMAL
2026-03-03 06:43:00,SAT-002,17.93,27.99,7.84,85.0,584.26,-69.83,0.0417,0.095,PAYLOAD,NORMAL
2026-03-03 06:44:00,SAT-003,26.3,23.63,5.85,79.32,197.52,-69.6,0.0427,0.111,POWER,ANOMALY
2026-03-03 06:45:00,SAT-004,28.88,28.25,7.29,85.32,570.19,-71.12,0.0298,0.081,ATTITUDE,NORMAL
2026-03-03 06:46:00,INSAT-3D,20.83,27.96,4.84,88.46,472.24,-67.33,0.0443,0.063,BATTERY,NORMAL
2026-03-03 06:47:00,GSAT-30,25.7,28.43,5.53,94.88,601.74,-68.09,0.0385,0.129,BATTERY,NORMAL
2026-03-03 06:48:00,SAT-001,40.39,26.72,23.38,91.6,519.91,-67.25,0.0508,0.081,POWER,ANOMALY
2026-03-03 06:49:00,SAT-002,27.1,28.04,5.69,91.92,574.39,-63.5,0.0232,0.065,COMMUNICATION,NORMAL
2026-03-03 06:50:00,SAT-003,27.75,28.02,5.38,92.62,493.24,-66.66,0.0453,0.082,THERMAL,NORMAL
2026-03-03 06:51:00,SAT-004,27.35,28.15,7.52,93.21,523.14,-68.68,0.0302,0.029,BATTERY,NORMAL
2026-03-03 06:52:00,INSAT-3D,23.39,27.99,7.56,78.13,532.92,-122.59,0.0379,0.111,COMMUNICATION,ANOMALY
2026-03-03 06:53:00,GSAT-30,23.26,28.58,6.39,91.43,514.02,-67.67,0.0559,0.114,BATTERY,NORMAL
2026-03-03 06:54:00,SAT-001,33.25,27.84,5.64,94.15,507.11,-69.81,0.0466,0.073,THERMAL,NORMAL
2026-03-03 06:55:00,SAT-002,25.21,28.06,5.32,85.51,542.59,-72.43,0.0399,0.083,COMMUNICATION,NORMAL
2026-03-03 06:56:00,SAT-003,29.58,28.11,5.5,83.95,513.0,-66.34,1.0509,0.599,ATTITUDE,ANOMALY
2026-03-03 06:57:00,SAT-004,25.89,28.13,5.8,82.0,550.97,-67.59,0.0372,0.096,COMMUNICATION,NORMAL
2026-03-03 06:58:00,INSAT-3D,25.01,28.04,5.73,86.2,519.03,-68.39,0.059,0.039,COMMUNICATION,NORMAL
2026-03-03 06:59:00,GSAT-30,27.98,28.26,7.53,90.03,588.26,-76.0,0.0563,0.098,PAYLOAD,NORMAL
2026-03-03 07:00:00,SAT-001,27.6,28.39,6.12,88.79,262.55,-73.63,0.0569,3.063,ATTITUDE,ANOMALY
2026-03-03 07:01:00,SAT-002,27.98,27.93,5.83,81.61,509.61,-72.66,0.0323,0.041,POWER,NORMAL
2026-03-03 07:02:00,SAT-003,23.64,28.37,6.19,79.78,533.72,-69.99,0.0328,0.067,ATTITUDE,NORMAL
2026-03-03 07:03:00,SAT-004,19.95,28.07,7.34,89.8,466.93,-68.51,0.047,0.103,PAYLOAD,NORMAL
2026-03-03 07:04:00,INSAT-3D,33.38,24.72,11.4,47.86,508.14,-65.49,0.0535,0.015,BATTERY,ANOMALY
2026-03-03 07:05:00,GSAT-30,26.4,28.44,6.7,91.59,516.89,-69.37,0.0521,0.082,BATTERY,NORMAL
2026-03-03 07:06:00,SAT-001,27.87,28.24,6.78,83.35,591.58,-65.93,0.0557,0.048,ATTITUDE,NORMAL
2026-03-03 07:07:00,SAT-002,26.4,28.11,4.69,91.25,563.91,-68.09,0.0328,0.122,COMMUNICATION,NORMAL
2026-03-03 07:08:00,SAT-003,72.55,27.5,7.24,91.06,539.69,-71.42,0.0381,0.064,THERMAL,ANOMALY
2026-03-03 07:09:00,SAT-004,28.23,28.63,5.45,88.91,578.44,-69.56,0.0531,0.079,THERMAL,NORMAL
2026-03-03 07:10:00,INSAT-3D,29.94,28.56,4.56,89.06,573.13,-66.57,0.0398,0.052,COMMUNICATION,NORMAL
2026-03-03 07:11:00,GSAT-30,24.12,27.96,5.64,84.53,551.44,-70.5,0.0549,0.114,ATTITUDE,NORMAL
2026-03-03 07:12:00,SAT-001,22.62,20.99,6.07,82.99,126.5,-68.15,0.0492,0.093,POWER,ANOMALY
2026-03-03 07:13:00,SAT-002,16.39,28.1,4.32,89.19,566.68,-72.05,0.0303,0.029,POWER,NORMAL
2026-03-03 07:14:00,SAT-003,21.57,28.26,6.76,83.42,508.72,-69.49,0.0282,0.091,THERMAL,NORMAL
2026-03-03 07:15:00,SAT-004,25.04,27.83,5.67,78.5,535.85,-68.55,0.0426,0.071,THERMAL,NORMAL
2026-03-03 07:16:00,INSAT-3D,39.9,26.8,20.99,80.8,533.88,-68.8,0.0418,0.041,POWER,ANOMALY
2026-03-03 07:17:00,GSAT-30,26.13,28.43,6.42,93.23,501.5,-69.33,0.0318,0.096,COMMUNICATION,NORMAL
2026-03-03 07:18:00,SAT-001,24.4,28.24,5.93,85.75,483.55,-66.99,0.0219,0.081,BATTERY,NORMAL
2026-03-03 07:19:00,SAT-002,30.93,28.19,6.13,97.54,542.31,-72.83,0.0398,0.138,THERMAL,NORMAL
2026-03-03 07:20:00,SAT-003,23.31,28.07,7.74,81.14,527.14,-115.36,0.0393,0.056,COMMUNICATION,ANOMALY
2026-03-03 07:21:00,SAT-004,21.91,28.11,6.49,87.78,496.9,-63.92,0.0318,0.134,THERMAL,NORMAL
2026-03-03 07:22:00,INSAT-3D,24.17,28.37,6.78,90.35,518.22,-68.26,0.058,0.029,ATTITUDE,NORMAL
2026-03-03 07:23:00,GSAT-30,23.5,28.32,7.51,93.36,458.66,-65.85,0.0544,0.071,POWER,NORMAL
2026-03-03 07:24:00,SAT-001,29.73,28.29,4.95,85.71,521.85,-69.89,1.4502,0.7,ATTITUDE,ANOMALY
2026-03-03 07:25:00,SAT-002,20.96,27.93,6.42,93.39,552.37,-74.32,0.0516,0.033,PAYLOAD,NORMAL
2026-03-03 07:26:00,SAT-003,24.22,28.29,6.62,93.19,567.06,-67.88,0.0563,0.065,POWER,NORMAL
2026-03-03 07:27:00,SAT-004,21.62,28.18,6.83,82.39,533.68,-65.27,0.0271,0.09,PAYLOAD,NORMAL
2026-03-03 07:28:00,INSAT-3D,20.74,27.92,6.1,87.57,229.04,-67.62,0.0381,6.055,ATTITUDE,ANOMALY
2026-03-03 07:29:00,GSAT-30,27.66,28.2,5.74,81.91,499.88,-70.22,0.0432,0.098,BATTERY,NORMAL
2026-03-03 07:30:00,SAT-001,28.67,28.15,6.09,90.63,472.78,-66.68,0.0417,0.078,COMMUNICATION,NORMAL
2026-03-03 07:31:00,SAT-002,27.25,27.54,6.29,76.48,540.22,-63.23,0.0408,0.088,THERMAL,NORMAL
2026-03-03 07:32:00,SAT-003,36.71,25.03,12.77,28.65,507.39,-66.07,0.0599,0.095,BATTERY,ANOMALY
2026-03-03 07:33:00,SAT-004,25.05,28.15,5.2,83.09,498.06,-61.56,0.0464,0.103,PAYLOAD,NORMAL
2026-03-03 07:34:00,INSAT-3D,24.01,28.21,6.0,96.59,569.98,-70.58,0.0217,0.069,PAYLOAD,NORMAL
2026-03-03 07:35:00,GSAT-30,27.59,27.58,6.79,93.8,563.01,-70.49,0.015,0.06,ATTITUDE,NORMAL
2026-03-03 07:36:00,SAT-001,73.59,27.39,7.2,83.89,521.84,-63.2,0.0381,0.099,THERMAL,ANOMALY
2026-03-03 07:37:00,SAT-002,20.37,28.12,7.21,83.88,580.51,-66.02,0.0467,0.058,THERMAL,NORMAL
2026-03-03 07:38:00,SAT-003,21.59,28.49,6.66,98.12,499.6,-65.41,0.0516,0.07,BATTERY,NORMAL
2026-03-03 07:39:00,SAT-004,25.35,28.45,5.41,94.05,598.78,-66.64,0.0575,0.046,PAYLOAD,NORMAL
2026-03-03 07:40:00,INSAT-3D,20.66,23.27,5.71,90.76,156.5,-62.72,0.0528,0.045,POWER,ANOMALY
2026-03-03 07:41:00,GSAT-30,25.01,28.02,6.18,85.63,549.22,-66.73,0.0214,0.09,ATTITUDE,NORMAL
2026-03-03 07:42:00,SAT-001,25.2,27.82,5.8,82.38,566.08,-66.18,0.0528,0.109,COMMUNICATION,NORMAL
2026-03-03 07:43:00,SAT-002,26.01,27.9,5.54,92.62,605.69,-71.0,0.0362,0.067,PAYLOAD,NORMAL
2026-03-03 07:44:00,SAT-003,38.0,26.8,20.97,83.06,578.49,-66.27,0.0549,0.053,POWER,ANOMALY
2026-03-03 07:45:00,SAT-004,23.67,28.11,7.0,78.49,602.08,-72.57,0.0573,0.105,THERMAL,NORMAL
2026-03-03 07:46:00,INSAT-3D,23.88,27.81,5.66,91.87,509.36,-67.72,0.0293,0.076,ATTITUDE,NORMAL
2026-03-03 07:47:00,GSAT-30,20.61,27.96,6.4,85.33,496.96,-67.91,0.0502,0.147,POWER,NORMAL
2026-03-03 07:48:00,SAT-001,26.25,28.2,6.27,90.75,539.78,-120.03,0.0472,0.107,COMMUNICATION,ANOMALY
2026-03-03 07:49:00,SAT-002,36.74,27.93,5.7,92.08,532.99,-69.39,0.0565,0.072,POWER,NORMAL
2026-03-03 07:50:00,SAT-003,28.96,27.97,5.68,84.99,551.2,-65.01,0.0285,0.049,THERMAL,NORMAL
2026-03-03 07:51:00,SAT-004,27.16,28.11,6.65,83.7,550.15,-62.61,0.0329,0.063,THERMAL,NORMAL
2026-03-03 07:52:00,INSAT-3D,28.84,27.94,7.73,89.88,560.54,-64.59,0.9499,0.648,ATTITUDE,ANOMALY
2026-03-03 07:53:00,GSAT-30,33.49,28.26,5.93,81.43,542.87,-65.01,0.0365,0.096,ATTITUDE,NORMAL
2026-03-03 07:54:00,SAT-001,24.67,28.26,6.51,92.02,545.79,-68.25,0.0428,0.067,COMMUNICATION,NORMAL
2026-03-03 07:55:00,SAT-002,25.86,28.07,5.08,87.69,578.21,-61.2,0.0479,0.059,PAYLOAD,NORMAL
2026-03-03 07:56:00,SAT-003,23.69,28.49,5.7,88.11,242.46,-67.45,0.0293,6.672,ATTITUDE,ANOMALY
2026-03-03 07:57:00,SAT-004,22.95,28.06,4.99,91.16,515.06,-63.02,0.0442,0.048,PAYLOAD,NORMAL
2026-03-03 07:58:00,INSAT-3D,21.03,28.37,6.57,85.29,543.51,-66.67,0.0474,0.094,BATTERY,NORMAL
2026-03-03 07:59:00,GSAT-30,23.7,28.12,5.58,80.12,538.32,-65.49,0.0323,0.077,COMMUNICATION,NORMAL
2026-03-03 08:00:00,SAT-001,33.17,25.88,11.3,42.87,526.29,-67.24,0.034,0.089,BATTERY,ANOMALY
2026-03-03 08:01:00,SAT-002,22.15,28.14,5.63,93.28,542.86,-71.01,0.0551,0.051,THERMAL,NORMAL
2026-03-03 08:02:00,SAT-003,31.75,28.67,6.54,89.29,566.23,-74.84,0.0439,0.109,BATTERY,NORMAL
2026-03-03 08:03:00,SAT-004,27.88,28.23,6.43,92.07,568.78,-70.11,0.0451,0.077,PAYLOAD,NORMAL
2026-03-03 08:04:00,INSAT-3D,79.09,27.16,7.64,90.07,543.3,-63.93,0.0497,0.071,THERMAL,ANOMALY
2026-03-03 08:05:00,GSAT-30,20.18,28.42,4.9,93.51,557.38,-62.15,0.0472,0.1,COMMUNICATION,NORMAL
2026-03-03 08:06:00,SAT-001,21.69,28.47,5.63,80.53,593.68,-67.46,0.0554,0.054,THERMAL,NORMAL
2026-03-03 08:07:00,SAT-002,22.96,27.91,5.75,83.51,522.03,-66.13,0.0525,0.127,THERMAL,NORMAL
2026-03-03 08:08:00,SAT-003,26.92,21.43,6.24,81.8,141.89,-64.78,0.0495,0.082,POWER,ANOMALY
2026-03-03 08:09:00,SAT-004,29.46,28.31,5.18,87.08,567.49,-70.73,0.0561,0.051,THERMAL,NORMAL
2026-03-03 08:10:00,INSAT-3D,26.4,28.27,6.61,95.95,533.84,-61.86,0.0499,0.071,ATTITUDE,NORMAL
2026-03-03 08:11:00,GSAT-30,22.96,28.63,5.97,92.65,559.1,-73.5,0.0833,0.129,PAYLOAD,NORMAL
2026-03-03 08:12:00,SAT-001,39.19,26.8,31.67,89.43,534.7,-71.12,0.044,0.064,POWER,ANOMALY
2026-03-03 08:13:00,SAT-002,27.21,27.94,6.32,80.95,566.98,-71.66,0.0522,0.084,COMMUNICATION,NORMAL
2026-03-03 08:14:00,SAT-003,26.08,28.77,7.19,85.5,498.37,-70.06,0.038,0.025,COMMUNICATION,NORMAL
2026-03-03 08:15:00,SAT-004,28.2,28.26,5.24,98.76,562.73,-65.67,0.0604,0.031,ATTITUDE,NORMAL
2026-03-03 08:16:00,INSAT-3D,23.27,28.45,5.85,83.62,527.67,-107.32,0.0414,0.107,COMMUNICATION,ANOMALY
2026-03-03 08:17:00,GSAT-30,20.3,27.8,5.55,88.44,590.51,-70.04,0.0264,0.089,COMMUNICATION,NORMAL
2026-03-03 08:18:00,SAT-001,22.59,28.12,5.68,90.07,547.07,-67.07,0.0492,0.116,THERMAL,NORMAL
2026-03-03 08:19:00,SAT-002,28.45,28.21,5.62,87.0,536.07,-69.7,0.0586,0.068,ATTITUDE,NORMAL
2026-03-03 08:20:00,SAT-003,25.21,28.13,7.06,86.27,536.55,-70.83,1.3137,0.702,ATTITUDE,ANOMALY
2026-03-03 08:21:00,SAT-004,21.13,28.03,6.67,91.72,491.28,-66.25,0.0465,0.052,ATTITUDE,NORMAL
2026-03-03 08:22:00,INSAT-3D,32.46,27.89,7.2,94.68,567.44,-69.82,0.0421,0.097,BATTERY,NORMAL
2026-03-03 08:23:00,GSAT-30,22.99,28.43,5.8,86.18,529.91,-69.97,0.0618,0.107,BATTERY,NORMAL
2026-03-03 08:24:00,SAT-001,26.33,28.51,5.2,78.86,244.91,-65.79,0.0478,8.929,ATTITUDE,ANOMALY
2026-03-03 08:25:00,SAT-002,33.49,28.5,7.46,89.7,551.64,-71.1,0.0564,0.078,COMMUNICATION,NORMAL
2026-03-03 08:26:00,SAT-003,27.47,28.3,7.01,82.82,477.91,-69.77,0.052,0.085,THERMAL,NORMAL
2026-03-03 08:27:00,SAT-004,18.67,28.57,7.28,91.96,533.52,-68.84,0.061,0.07,ATTITUDE,NORMAL
2026-03-03 08:28:00,INSAT-3D,34.97,25.53,13.44,28.53,530.29,-62.63,0.0502,0.091,BATTERY,ANOMALY
2026-03-03 08:29:00,GSAT-30,22.85,27.92,5.62,77.57,602.67,-70.49,0.0602,0.043,PAYLOAD,NORMAL
2026-03-03 08:30:00,SAT-001,21.06,28.01,5.87,88.67,528.4,-71.56,0.0288,0.042,POWER,NORMAL
2026-03-03 08:31:00,SAT-002,29.11,28.06,7.54,79.6,527.8,-65.64,0.0552,0.07,PAYLOAD,NORMAL
2026-03-03 08:32:00,SAT-003,62.31,27.5,5.95,86.57,551.11,-69.83,0.0619,0.055,THERMAL,ANOMALY
2026-03-03 08:33:00,SAT-004,22.44,28.49,7.21,87.76,516.83,-61.6,0.0366,0.071,THERMAL,NORMAL
2026-03-03 08:34:00,INSAT-3D,25.4,28.73,5.81,94.14,556.79,-69.72,0.0292,0.049,ATTITUDE,NORMAL
2026-03-03 08:35:00,GSAT-30,26.99,28.14,6.55,80.19,579.7,-68.11,0.0332,0.093,COMMUNICATION,NORMAL
2026-03-03 08:36:00,SAT-001,26.54,19.25,6.4,82.41,230.88,-69.26,0.0345,0.043,POWER,ANOMALY
2026-03-03 08:37:00,SAT-002,27.75,27.9,6.09,87.16,519.07,-67.89,0.0399,0.109,ATTITUDE,NORMAL
2026-03-03 08:38:00,SAT-003,31.34,28.57,5.52,78.12,544.48,-67.86,0.0488,0.102,POWER,NORMAL
2026-03-03 08:39:00,SAT-004,22.29,28.1,5.86,87.72,492.52,-62.24,0.0462,0.046,BATTERY,NORMAL
2026-03-03 08:40:00,INSAT-3D,38.0,26.72,25.77,89.7,531.42,-66.17,0.0484,0.077,POWER,ANOMALY
2026-03-03 08:41:00,GSAT-30,28.14,28.46,6.39,91.71,576.57,-70.05,0.0282,0.08,THERMAL,NORMAL
2026-03-03 08:42:00,SAT-001,26.23,28.11,7.06,85.57,563.61,-64.22,0.0498,0.075,PAYLOAD,NORMAL
2026-03-03 08:43:00,SAT-002,21.74,28.25,7.01,93.58,579.0,-70.66,0.0699,0.133,THERMAL,NORMAL
2026-03-03 08:44:00,SAT-003,23.4,28.11,7.05,81.39,547.45,-102.54,0.0579,0.093,COMMUNICATION,ANOMALY
2026-03-03 08:45:00,SAT-004,17.89,28.42,7.18,87.68,545.18,-67.55,0.038,0.154,BATTERY,NORMAL
2026-03-03 08:46:00,INSAT-3D,17.58,28.3,6.47,86.03,547.35,-70.35,0.0245,0.109,POWER,NORMAL
2026-03-03 08:47:00,GSAT-30,24.37,28.55,6.09,87.15,530.75,-67.67,0.0491,0.136,THERMAL,NORMAL
2026-03-03 08:48:00,SAT-001,30.39,27.88,6.35,85.1,516.69,-64.99,0.6119,0.666,ATTITUDE,ANOMALY
2026-03-03 08:49:00,SAT-002,30.61,28.29,6.22,94.56,564.37,-68.44,0.0476,0.057,BATTERY,NORMAL
2026-03-03 08:50:00,SAT-003,23.98,28.22,6.62,88.52,519.31,-64.61,0.0437,0.046,PAYLOAD,NORMAL
2026-03-03 08:51:00,SAT-004,21.15,28.13,4.38,88.95,571.83,-68.35,0.051,0.065,THERMAL,NORMAL
2026-03-03 08:52:00,INSAT-3D,21.34,28.2,7.04,78.38,232.22,-68.74,0.0735,7.19,ATTITUDE,ANOMALY
2026-03-03 08:53:00,GSAT-30,27.56,28.82,5.98,86.3,555.08,-70.39,0.015,0.111,BATTERY,NORMAL
2026-03-03 08:54:00,SAT-001,27.53,27.74,6.31,86.82,573.72,-66.13,0.0487,0.094,POWER,NORMAL
2026-03-03 08:55:00,SAT-002,26.85,28.16,6.98,96.48,558.79,-68.54,0.0567,0.066,ATTITUDE,NORMAL
2026-03-03 08:56:00,SAT-003,38.75,25.09,12.02,25.11,468.68,-67.06,0.0466,0.066,BATTERY,ANOMALY
2026-03-03 08:57:00,SAT-004,21.51,28.33,5.62,91.99,506.87,-71.86,0.0424,0.045,POWER,NORMAL
2026-03-03 08:58:00,INSAT-3D,24.2,28.71,6.47,85.83,557.71,-65.08,0.0461,0.092,PAYLOAD,NORMAL
2026-03-03 08:59:00,GSAT-30,24.92,28.06,4.81,85.57,496.38,-68.03,0.0549,0.05,BATTERY,NORMAL
2026-03-03 09:00:00,SAT-001,77.8,26.87,6.3,74.96,535.46,-64.62,0.0407,0.085,THERMAL,ANOMALY
2026-03-03 09:01:00,SAT-002,32.1,28.23,5.6,82.39,572.46,-69.94,0.0496,0.045,PAYLOAD,NORMAL
2026-03-03 09:02:00,SAT-003,31.35,28.28,5.18,97.46,511.49,-70.35,0.0571,0.067,THERMAL,NORMAL
2026-03-03 09:03:00,SAT-004,27.08,28.6,7.06,93.09,482.06,-70.11,0.0433,0.059,THERMAL,NORMAL
2026-03-03 09:04:00,INSAT-3D,22.52,23.16,7.3,78.02,236.0,-67.33,0.0612,0.104,POWER,ANOMALY
2026-03-03 09:05:00,GSAT-30,25.57,28.24,6.06,94.74,530.56,-65.59,0.0269,0.063,ATTITUDE,NORMAL
2026-03-03 09:06:00,SAT-001,28.44,27.92,6.07,84.25,595.55,-68.24,0.0413,0.102,PAYLOAD,NORMAL
2026-03-03 09:07:00,SAT-002,23.41,28.54,4.84,86.8,546.95,-69.82,0.0363,0.113,THERMAL,NORMAL
2026-03-03 09:08:00,SAT-003,44.13,26.6,29.96,87.9,499.44,-67.79,0.0603,0.152,POWER,ANOMALY
2026-03-03 09:09:00,SAT-004,32.47,28.11,5.02,91.39,601.03,-66.41,0.0657,0.104,THERMAL,NORMAL
2026-03-03 09:10:00,INSAT-3D,28.51,28.26,6.11,90.23,460.28,-68.98,0.0415,0.038,THERMAL,NORMAL
2026-03-03 09:11:00,GSAT-30,26.06,28.26,7.18,95.18,546.37,-70.83,0.0336,0.049,COMMUNICATION,NORMAL
2026-03-03 09:12:00,SAT-001,26.76,27.97,5.38,87.1,555.81,-121.57,0.0447,0.124,COMMUNICATION,ANOMALY
2026-03-03 09:13:00,SAT-002,17.72,28.28,5.69,93.13,557.91,-64.44,0.0345,0.086,THERMAL,NORMAL
2026-03-03 09:14:00,SAT-003,32.57,28.08,6.2,85.66,534.91,-68.7,0.057,0.107,COMMUNICATION,NORMAL
2026-03-03 09:15:00,SAT-004,27.3,28.22,6.3,89.13,597.63,-73.19,0.0334,0.1,THERMAL,NORMAL
2026-03-03 09:16:00,INSAT-3D,26.81,28.28,7.03,86.07,513.22,-66.11,1.4335,0.667,ATTITUDE,ANOMALY
2026-03-03 09:17:00,GSAT-30,18.57,28.36,5.84,89.13,529.69,-74.63,0.0489,0.097,COMMUNICATION,NORMAL
2026-03-03 09:18:00,SAT-001,30.53,27.64,6.69,96.67,594.42,-68.75,0.0462,0.086,COMMUNICATION,NORMAL
2026-03-03 09:19:00,SAT-002,24.62,27.88,6.1,82.67,589.12,-68.44,0.0313,0.048,BATTERY,NORMAL
2026-03-03 09:20:00,SAT-003,26.02,28.22,6.35,89.97,225.52,-64.99,0.0441,10.596,ATTITUDE,ANOMALY
2026-03-03 09:21:00,SAT-004,27.89,28.21,5.42,87.56,487.24,-64.9,0.0464,0.146,POWER,NORMAL
2026-03-03 09:22:00,INSAT-3D,26.24,28.12,6.58,83.21,555.53,-68.23,0.0425,0.08,COMMUNICATION,NORMAL
2026-03-03 09:23:00,GSAT-30,19.19,28.29,6.27,90.72,567.61,-66.4,0.029,0.065,POWER,NORMAL
2026-03-03 09:24:00,SAT-001,32.0,25.66,14.09,31.94,502.22,-70.35,0.0447,0.064,BATTERY,ANOMALY
2026-03-03 09:25:00,SAT-002,21.82,28.38,6.15,92.55,574.93,-71.91,0.0458,0.079,THERMAL,NORMAL
2026-03-03 09:26:00,SAT-003,27.56,28.42,6.12,90.56,508.65,-66.0,0.0425,0.049,ATTITUDE,NORMAL
2026-03-03 09:27:00,SAT-004,25.1,28.1,5.63,91.78,576.09,-65.09,0.0286,0.122,PAYLOAD,NORMAL
2026-03-03 09:28:00,INSAT-3D,66.77,27.5,7.49,86.75,506.17,-70.28,0.0382,0.075,THERMAL,ANOMALY
2026-03-03 09:29:00,GSAT-30,26.32,27.69,6.56,93.48,477.85,-66.89,0.0611,0.13,POWER,NORMAL
2026-03-03 09:30:00,SAT-001,27.82,28.04,6.02,77.07,537.8,-72.11,0.0732,0.089,POWER,NORMAL
2026-03-03 09:31:00,SAT-002,21.0,27.84,6.38,84.61,520.62,-67.81,0.0532,0.096,BATTERY,NORMAL
2026-03-03 09:32:00,SAT-003,26.3,19.6,7.34,84.34,113.21,-71.26,0.0297,0.122,POWER,ANOMALY
2026-03-03 09:33:00,SAT-004,22.22,28.24,5.68,88.68,606.92,-65.44,0.0445,0.045,THERMAL,NORMAL
2026-03-03 09:34:00,INSAT-3D,27.35,28.04,5.88,86.63,544.93,-66.45,0.0547,0.148,PAYLOAD,NORMAL
2026-03-03 09:35:00,GSAT-30,19.68,28.62,5.8,82.01,521.32,-67.93,0.0586,0.078,THERMAL,NORMAL
2026-03-03 09:36:00,SAT-001,38.0,26.61,26.54,82.37,512.29,-67.25,0.0278,0.067,POWER,ANOMALY
2026-03-03 09:37:00,SAT-002,25.13,28.09,6.07,83.12,524.55,-66.92,0.049,0.088,POWER,NORMAL
2026-03-03 09:38:00,SAT-003,27.82,28.48,5.46,92.27,558.72,-70.38,0.0331,0.058,ATTITUDE,NORMAL
2026-03-03 09:39:00,SAT-004,23.76,28.32,6.93,79.25,561.99,-69.37,0.0585,0.025,PAYLOAD,NORMAL
2026-03-03 09:40:00,INSAT-3D,33.34,27.93,7.64,84.65,505.44,-113.68,0.0553,0.033,COMMUNICATION,ANOMALY
2026-03-03 09:41:00,GSAT-30,27.02,28.2,5.74,82.43,563.54,-66.0,0.0529,0.093,PAYLOAD,NORMAL
2026-03-03 09:42:00,SAT-001,22.73,28.74,4.28,83.79,493.18,-62.83,0.0434,0.052,PAYLOAD,NORMAL
2026-03-03 09:43:00,SAT-002,23.16,27.96,6.91,94.75,563.14,-68.39,0.0361,0.106,ATTITUDE,NORMAL
2026-03-03 09:44:00,SAT-003,29.14,28.17,6.55,83.25,542.49,-69.17,1.3661,0.645,ATTITUDE,ANOMALY
2026-03-03 09:45:00,SAT-004,29.88,27.81,6.32,86.23,522.93,-63.97,0.0287,0.104,COMMUNICATION,NORMAL
2026-03-03 09:46:00,INSAT-3D,18.74,28.02,7.0,87.02,577.2,-63.77,0.0562,0.107,COMMUNICATION,NORMAL
2026-03-03 09:47:00,GSAT-30,23.92,28.09,7.08,89.16,576.56,-75.17,0.0462,0.033,POWER,NORMAL
2026-03-03 09:48:00,SAT-001,25.92,28.41,7.89,80.31,231.4,-68.29,0.0353,3.276,ATTITUDE,ANOMALY
2026-03-03 09:49:00,SAT-002,24.75,28.23,6.7,87.64,511.39,-68.19,0.0347,0.083,PAYLOAD,NORMAL
2026-03-03 09:50:00,SAT-003,23.39,28.39,6.28,98.13,543.43,-72.58,0.0426,0.063,POWER,NORMAL
2026-03-03 09:51:00,SAT-004,22.99,28.09,6.03,92.73,555.02,-71.77,0.0448,0.129,POWER,NORMAL
2026-03-03 09:52:00,INSAT-3D,37.46,25.7,12.31,35.97,529.9,-69.23,0.0352,0.098,BATTERY,ANOMALY
2026-03-03 09:53:00,GSAT-30,27.62,28.52,5.38,85.64,575.52,-66.31,0.0397,0.073,BATTERY,NORMAL
2026-03-03 09:54:00,SAT-001,24.25,27.76,6.85,93.39,542.54,-64.27,0.0496,0.021,COMMUNICATION,NORMAL
2026-03-03 09:55:00,SAT-002,28.62,28.07,6.22,87.84,464.71,-71.65,0.043,0.075,THERMAL,NORMAL
2026-03-03 09:56:00,SAT-003,66.79,27.5,5.08,87.59,535.36,-66.13,0.0557,0.076,THERMAL,ANOMALY
2026-03-03 09:57:00,SAT-004,27.54,28.04,5.69,86.3,527.64,-69.39,0.0317,0.104,PAYLOAD,NORMAL
2026-03-03 09:58:00,INSAT-3D,31.98,28.3,6.37,83.65,480.5,-68.22,0.0578,0.07,PAYLOAD,NORMAL
2026-03-03 09:59:00,GSAT-30,24.87,28.21,5.61,88.48,488.54,-68.36,0.0654,0.067,PAYLOAD,NORMAL
2026-03-03 10:00:00,SAT-001,29.36,22.15,7.65,69.36,247.03,-66.24,0.053,0.116,POWER,ANOMALY
2026-03-03 10:01:00,SAT-002,30.22,27.82,5.51,85.57,557.17,-67.19,0.0501,0.061,ATTITUDE,NORMAL
2026-03-03 10:02:00,SAT-003,24.27,27.92,5.33,80.04,566.86,-64.38,0.0191,0.135,BATTERY,NORMAL
2026-03-03 10:03:00,SAT-004,33.09,28.11,6.98,86.06,607.17,-65.81,0.0296,0.122,COMMUNICATION,NORMAL
2026-03-03 10:04:00,INSAT-3D,40.33,26.56,20.66,90.99,581.83,-64.64,0.0537,0.097,POWER,ANOMALY
2026-03-03 10:05:00,GSAT-30,27.04,28.08,5.98,84.03,561.88,-67.08,0.0576,0.031,ATTITUDE,NORMAL
2026-03-03 10:06:00,SAT-001,22.84,27.94,7.31,92.36,504.13,-69.14,0.0484,0.07,ATTITUDE,NORMAL
2026-03-03 10:07:00,SAT-002,27.86,28.38,6.2,93.13,567.77,-68.49,0.0266,0.105,POWER,NORMAL
2026-03-03 10:08:00,SAT-003,26.51,28.21,6.13,88.72,540.45,-109.48,0.0327,0.112,COMMUNICATION,ANOMALY
2026-03-03 10:09:00,SAT-004,22.63,27.73,6.19,99.5,540.98,-70.32,0.0457,0.047,THERMAL,NORMAL
2026-03-03 10:10:00,INSAT-3D,23.45,28.01,5.97,85.3,525.9,-65.7,0.0666,0.01,ATTITUDE,NORMAL
2026-03-03 10:11:00,GSAT-30,29.0,28.15,6.14,80.91,511.28,-67.29,0.0594,0.086,ATTITUDE,NORMAL
2026-03-03 10:12:00,SAT-001,25.61,28.28,5.69,80.34,523.07,-71.47,1.6104,0.708,ATTITUDE,ANOMALY
2026-03-03 10:13:00,SAT-002,28.37,28.24,4.97,88.4,535.81,-70.06,0.0403,0.081,BATTERY,NORMAL
2026-03-03 10:14:00,SAT-003,25.77,28.39,5.61,89.59,572.98,-69.34,0.0546,0.127,COMMUNICATION,NORMAL
2026-03-03 10:15:00,SAT-004,21.33,28.46,6.15,79.91,486.37,-66.69,0.0297,0.136,ATTITUDE,NORMAL
2026-03-03 10:16:00,INSAT-3D,23.19,28.2,6.63,81.35,208.26,-67.43,0.0375,11.957,ATTITUDE,ANOMALY
2026-03-03 10:17:00,GSAT-30,20.28,28.11,6.85,86.42,520.58,-64.24,0.0423,0.049,ATTITUDE,NORMAL
2026-03-03 10:18:00,SAT-001,24.32,28.3,5.81,90.08,533.79,-71.91,0.0487,0.074,POWER,NORMAL
2026-03-03 10:19:00,SAT-002,26.92,28.38,6.22,89.91,531.77,-70.19,0.0409,0.114,COMMUNICATION,NORMAL
2026-03-03 10:20:00,SAT-003,32.0,25.15,13.37,24.21,543.14,-72.6,0.057,0.139,BATTERY,ANOMALY
2026-03-03 10:21:00,SAT-004,22.01,28.21,4.94,84.3,513.2,-68.28,0.0259,0.052,THERMAL,NORMAL
2026-03-03 10:22:00,INSAT-3D,26.88,28.03,5.52,88.0,558.61,-72.68,0.0561,0.108,THERMAL,NORMAL
2026-03-03 10:23:00,GSAT-30,18.83,27.94,6.46,87.26,507.21,-69.18,0.0656,0.114,BATTERY,NORMAL
2026-03-03 10:24:00,SAT-001,60.37,27.19,7.15,88.52,574.05,-67.97,0.0372,0.053,THERMAL,ANOMALY
2026-03-03 10:25:00,SAT-002,20.15,28.2,6.8,88.51,497.64,-67.28,0.045,0.085,POWER,NORMAL
2026-03-03 10:26:00,SAT-003,29.52,28.12,7.68,79.27,581.14,-71.09,0.0318,0.13,COMMUNICATION,NORMAL
2026-03-03 10:27:00,SAT-004,26.2,28.24,4.59,88.92,517.79,-71.42,0.0474,0.084,BATTERY,NORMAL
2026-03-03 10:28:00,INSAT-3D,20.69,21.98,7.57,78.71,124.54,-71.62,0.0614,0.101,POWER,ANOMALY
2026-03-03 10:29:00,GSAT-30,27.82,28.43,6.84,85.87,550.7,-67.67,0.0338,0.052,BATTERY,NORMAL
2026-03-03 10:30:00,SAT-001,30.89,28.25,7.61,81.14,570.67,-67.36,0.0438,0.04,POWER,NORMAL
2026-03-03 10:31:00,SAT-002,25.47,28.11,6.65,87.87,594.22,-63.4,0.0557,0.042,BATTERY,NORMAL
2026-03-03 10:32:00,SAT-003,38.0,26.31,20.84,89.62,520.77,-69.94,0.046,0.056,POWER,ANOMALY
2026-03-03 10:33:00,SAT-004,24.79,28.2,5.36,88.29,539.03,-61.93,0.0351,0.11,THERMAL,NORMAL
2026-03-03 10:34:00,INSAT-3D,21.14,28.24,5.4,90.78,514.91,-68.96,0.051,0.099,POWER,NORMAL
2026-03-03 10:35:00,GSAT-30,29.03,28.18,6.59,84.79,543.3,-67.49,0.028,0.065,ATTITUDE,NORMAL
2026-03-03 10:36:00,SAT-001,26.8,27.97,6.64,84.07,547.83,-107.81,0.0688,0.021,COMMUNICATION,ANOMALY
2026-03-03 10:37:00,SAT-002,25.8,28.04,5.79,87.21,514.63,-69.19,0.0492,0.05,THERMAL,NORMAL
2026-03-03 10:38:00,SAT-003,15.0,28.15,6.2,91.04,552.45,-67.96,0.0438,0.042,ATTITUDE,NORMAL
2026-03-03 10:39:00,SAT-004,24.64,28.19,6.81,91.26,548.35,-68.13,0.0587,0.105,POWER,NORMAL
2026-03-03 10:40:00,INSAT-3D,27.33,28.08,7.38,89.17,522.62,-73.75,1.2254,0.659,ATTITUDE,ANOMALY
2026-03-03 10:41:00,GSAT-30,24.65,28.02,6.01,85.56,527.21,-70.47,0.036,0.052,POWER,NORMAL
2026-03-03 10:42:00,SAT-001,24.59,27.5,6.31,94.2,566.39,-70.6,0.0573,0.056,POWER,NORMAL
2026-03-03 10:43:00,SAT-002,27.49,28.07,5.88,89.9,519.96,-68.1,0.0608,0.055,ATTITUDE,NORMAL
2026-03-03 10:44:00,SAT-003,24.66,28.11,9.03,88.04,253.78,-65.7,0.0534,4.962,ATTITUDE,ANOMALY
2026-03-03 10:45:00,SAT-004,26.82,28.02,5.07,93.33,584.4,-66.1,0.0498,0.038,ATTITUDE,NORMAL
2026-03-03 10:46:00,INSAT-3D,18.5,28.26,5.96,94.78,547.25,-69.46,0.0563,0.07,PAYLOAD,NORMAL
2026-03-03 10:47:00,GSAT-30,23.38,27.81,6.76,82.57,614.98,-73.35,0.0457,0.103,COMMUNICATION,NORMAL
2026-03-03 10:48:00,SAT-001,32.0,25.7,12.25,38.97,587.62,-67.83,0.0408,0.129,BATTERY,ANOMALY
2026-03-03 10:49:00,SAT-002,25.38,28.12,5.17,95.71,580.58,-68.31,0.0391,0.062,ATTITUDE,NORMAL
2026-03-03 10:50:00,SAT-003,27.87,28.53,5.26,86.44,538.33,-66.19,0.052,0.055,COMMUNICATION,NORMAL
2026-03-03 10:51:00,SAT-004,29.83,28.14,5.36,88.18,610.4,-70.87,0.0556,0.12,BATTERY,NORMAL
2026-03-03 10:52:00,INSAT-3D,83.34,27.19,6.96,86.77,550.84,-61.78,0.0467,0.044,THERMAL,ANOMALY
2026-03-03 10:53:00,GSAT-30,25.23,27.87,6.07,76.18,520.71,-71.36,0.0413,0.078,THERMAL,NORMAL
2026-03-03 10:54:00,SAT-001,23.08,27.88,6.55,88.14,456.51,-63.17,0.05,0.082,COMMUNICATION,NORMAL
2026-03-03 10:55:00,SAT-002,26.55,28.08,6.59,92.33,514.27,-62.13,0.0609,0.104,POWER,NORMAL
2026-03-03 10:56:00,SAT-003,24.93,23.4,6.85,83.03,121.52,-62.25,0.0505,0.105,POWER,ANOMALY
2026-03-03 10:57:00,SAT-004,25.94,27.99,7.41,89.04,521.22,-69.75,0.0343,0.037,THERMAL,NORMAL
2026-03-03 10:58:00,INSAT-3D,24.25,27.92,5.39,85.99,500.69,-71.62,0.0443,0.147,ATTITUDE,NORMAL
2026-03-03 10:59:00,GSAT-30,24.71,28.57,7.22,83.61,512.16,-69.66,0.0411,0.105,BATTERY,NORMAL
2026-03-03 11:00:00,SAT-001,38.0,26.61,22.35,82.17,576.68,-70.09,0.0453,0.099,POWER,ANOMALY
2026-03-03 11:01:00,SAT-002,28.17,28.3,6.87,81.15,511.64,-63.53,0.0653,0.122,ATTITUDE,NORMAL
2026-03-03 11:02:00,SAT-003,24.71,28.03,6.64,93.26,499.78,-65.4,0.0447,0.072,COMMUNICATION,NORMAL
2026-03-03 11:03:00,SAT-004,24.79,28.51,6.09,77.84,502.54,-64.05,0.0627,0.02,PAYLOAD,NORMAL
2026-03-03 11:04:00,INSAT-3D,23.15,28.0,6.2,80.36,533.18,-118.81,0.0407,0.046,COMMUNICATION,ANOMALY
2026-03-03 11:05:00,GSAT-30,20.77,27.99,6.46,87.24,444.21,-70.16,0.0538,0.083,BATTERY,NORMAL
2026-03-03 11:06:00,SAT-001,24.22,28.84,6.23,84.38,603.11,-66.26,0.0353,0.081,PAYLOAD,NORMAL
2026-03-03 11:07:00,SAT-002,26.08,28.3,6.29,88.04,527.24,-65.82,0.027,0.034,COMMUNICATION,NORMAL
2026-03-03 11:08:00,SAT-003,23.46,28.57,6.86,81.83,505.98,-68.24,1.0351,0.721,ATTITUDE,ANOMALY
2026-03-03 11:09:00,SAT-004,32.71,28.22,6.44,92.89,579.34,-63.27,0.0296,0.084,ATTITUDE,NORMAL
2026-03-03 11:10:00,INSAT-3D,28.2,28.3,5.15,84.28,565.92,-69.69,0.0665,0.071,POWER,NORMAL
2026-03-03 11:11:00,GSAT-30,21.45,28.08,5.36,79.95,605.91,-70.05,0.062,0.073,ATTITUDE,NORMAL
2026-03-03 11:12:00,SAT-001,22.61,28.35,6.19,83.96,240.46,-70.44,0.0288,5.507,ATTITUDE,ANOMALY
2026-03-03 11:13:00,SAT-002,31.34,28.29,6.67,87.05,488.82,-63.35,0.0473,0.108,BATTERY,NORMAL
2026-03-03 11:14:00,SAT-003,26.29,28.39,6.84,86.11,578.27,-67.08,0.0458,0.01,COMMUNICATION,NORMAL
2026-03-03 11:15:00,SAT-004,22.57,28.43,6.08,87.61,542.1,-71.12,0.0603,0.089,BATTERY,NORMAL
2026-03-03 11:16:00,INSAT-3D,33.98,24.75,11.97,39.93,490.05,-71.99,0.0556,0.057,BATTERY,ANOMALY
2026-03-03 11:17:00,GSAT-30,27.0,28.56,6.74,88.69,556.38,-64.42,0.0657,0.051,COMMUNICATION,NORMAL
2026-03-03 11:18:00,SAT-001,27.49,28.21,5.99,99.08,581.35,-63.02,0.064,0.021,THERMAL,NORMAL
2026-03-03 11:19:00,SAT-002,24.88,28.4,7.19,76.17,514.22,-71.0,0.0435,0.052,ATTITUDE,NORMAL
2026-03-03 11:20:00,SAT-003,74.72,27.45,7.21,89.77,550.37,-69.01,0.046,0.066,THERMAL,ANOMALY
2026-03-03 11:21:00,SAT-004,24.71,27.82,6.63,86.88,467.91,-72.12,0.0366,0.086,PAYLOAD,NORMAL
2026-03-03 11:22:00,INSAT-3D,18.68,28.31,5.72,83.13,563.74,-67.27,0.0559,0.076,ATTITUDE,NORMAL
2026-03-03 11:23:00,GSAT-30,31.16,28.24,6.29,92.99,552.52,-70.36,0.0453,0.046,COMMUNICATION,NORMAL
2026-03-03 11:24:00,SAT-001,26.55,21.92,7.24,82.45,116.5,-68.34,0.0487,0.044,POWER,ANOMALY
2026-03-03 11:25:00,SAT-002,18.55,28.1,6.63,80.52,455.25,-70.17,0.0353,0.129,BATTERY,NORMAL
2026-03-03 11:26:00,SAT-003,23.31,28.43,6.59,89.01,568.7,-66.68,0.0531,0.085,COMMUNICATION,NORMAL
2026-03-03 11:27:00,SAT-004,26.25,28.25,5.88,87.67,538.32,-64.76,0.0478,0.053,PAYLOAD,NORMAL
2026-03-03 11:28:00,INSAT-3D,38.0,26.36,31.41,87.3,511.43,-64.32,0.0327,0.1,POWER,ANOMALY
2026-03-03 11:29:00,GSAT-30,26.17,28.05,7.48,91.47,563.83,-69.81,0.0739,0.067,BATTERY,NORMAL
2026-03-03 11:30:00,SAT-001,21.52,27.95,5.69,91.93,565.12,-71.02,0.0426,0.094,PAYLOAD,NORMAL
2026-03-03 11:31:00,SAT-002,21.13,28.18,5.26,91.53,540.36,-69.09,0.0573,0.052,PAYLOAD,NORMAL
2026-03-03 11:32:00,SAT-003,24.72,27.84,5.4,80.47,505.71,-111.04,0.0441,0.077,COMMUNICATION,ANOMALY
2026-03-03 11:33:00,SAT-004,28.21,28.2,6.19,90.35,593.52,-66.42,0.032,0.058,PAYLOAD,NORMAL
2026-03-03 11:34:00,INSAT-3D,26.25,28.05,5.4,82.07,553.31,-70.8,0.0581,0.034,THERMAL,NORMAL
2026-03-03 11:35:00,GSAT-30,20.44,28.5,4.7,88.73,528.41,-72.55,0.0203,0.047,ATTITUDE,NORMAL
2026-03-03 11:36:00,SAT-001,26.14,28.02,5.67,91.76,493.03,-65.96,1.4658,0.646,ATTITUDE,ANOMALY
2026-03-03 11:37:00,SAT-002,26.23,28.36,7.11,96.96,540.09,-71.31,0.0488,0.04,BATTERY,NORMAL
2026-03-03 11:38:00,SAT-003,29.53,27.81,5.7,91.62,548.19,-67.94,0.048,0.106,ATTITUDE,NORMAL
2026-03-03 11:39:00,SAT-004,22.44,28.35,6.44,79.7,456.24,-69.15,0.05,0.128,THERMAL,NORMAL
2026-03-03 11:40:00,INSAT-3D,23.65,28.34,6.27,93.64,237.96,-69.32,0.0467,7.661,ATTITUDE,ANOMALY
2026-03-03 11:41:00,GSAT-30,30.63,28.14,6.11,95.61,581.07,-72.22,0.0624,0.032,THERMAL,NORMAL
2026-03-03 11:42:00,SAT-001,26.95,28.28,5.61,95.82,625.88,-69.3,0.0445,0.069,BATTERY,NORMAL
2026-03-03 11:43:00,SAT-002,23.16,28.07,5.53,85.72,503.94,-66.16,0.0498,0.036,THERMAL,NORMAL
2026-03-03 11:44:00,SAT-003,34.78,25.63,11.57,30.77,569.98,-69.59,0.0452,0.069,BATTERY,ANOMALY
2026-03-03 11:45:00,SAT-004,24.88,28.15,5.45,80.39,628.68,-68.15,0.0669,0.115,COMMUNICATION,NORMAL
2026-03-03 11:46:00,INSAT-3D,26.14,28.33,6.27,88.91,481.86,-67.65,0.051,0.09,BATTERY,NORMAL
2026-03-03 11:47:00,GSAT-30,20.89,28.32,7.28,83.71,514.82,-64.52,0.0407,0.051,POWER,NORMAL
2026-03-03 11:48:00,SAT-001,69.28,27.5,6.58,90.62,565.87,-68.25,0.0647,0.128,THERMAL,ANOMALY
2026-03-03 11:49:00,SAT-002,23.69,28.15,5.01,83.56,535.98,-68.51,0.0338,0.041,ATTITUDE,NORMAL
2026-03-03 11:50:00,SAT-003,27.99,27.86,7.41,90.88,526.92,-65.17,0.058,0.097,COMMUNICATION,NORMAL
2026-03-03 11:51:00,SAT-004,26.48,28.52,4.9,87.55,581.55,-65.27,0.0265,0.074,ATTITUDE,NORMAL
2026-03-03 11:52:00,INSAT-3D,21.17,21.95,6.63,87.83,202.15,-70.1,0.0549,0.111,POWER,ANOMALY
2026-03-03 11:53:00,GSAT-30,26.94,28.16,5.88,87.91,509.34,-69.08,0.0603,0.032,COMMUNICATION,NORMAL
2026-03-03 11:54:00,SAT-001,21.93,28.03,5.68,85.78,595.09,-71.5,0.0686,0.092,COMMUNICATION,NORMAL
2026-03-03 11:55:00,SAT-002,26.53,27.88,5.92,82.31,562.24,-71.36,0.0269,0.124,THERMAL,NORMAL
2026-03-03 11:56:00,SAT-003,38.0,26.58,30.85,84.86,505.32,-69.83,0.0522,0.051,POWER,ANOMALY
2026-03-03 11:57:00,SAT-004,31.46,28.4,6.57,94.36,529.37,-63.34,0.0584,0.067,PAYLOAD,NORMAL
2026-03-03 11:58:00,INSAT-3D,21.47,28.25,7.2,85.15,607.1,-68.16,0.031,0.11,THERMAL,NORMAL
2026-03-03 11:59:00,GSAT-30,24.8,27.77,6.3,94.29,497.44,-62.43,0.0372,0.098,PAYLOAD,NORMAL
2026-03-03 12:00:00,SAT-001,22.03,28.85,5.65,86.04,513.92,-103.11,0.0461,0.07,COMMUNICATION,ANOMALY
2026-03-03 12:01:00,SAT-002,25.75,27.88,6.49,94.74,512.4,-68.03,0.0417,0.067,THERMAL,NORMAL
2026-03-03 12:02:00,SAT-003,28.85,28.17,4.93,89.62,563.4,-70.31,0.0453,0.078,THERMAL,NORMAL
2026-03-03 12:03:00,SAT-004,28.4,27.64,6.98,99.5,581.52,-70.38,0.0527,0.087,PAYLOAD,NORMAL
2026-03-03 12:04:00,INSAT-3D,31.35,28.54,5.78,87.94,505.39,-64.89,1.531,0.679,ATTITUDE,ANOMALY
2026-03-03 12:05:00,GSAT-30,25.86,28.32,6.28,91.99,531.99,-68.94,0.0452,0.116,POWER,NORMAL
2026-03-03 12:06:00,SAT-001,24.88,28.45,6.99,92.61,575.35,-67.45,0.0384,0.072,PAYLOAD,NORMAL
2026-03-03 12:07:00,SAT-002,20.33,28.11,6.5,94.87,491.9,-70.69,0.0224,0.134,BATTERY,NORMAL
2026-03-03 12:08:00,SAT-003,26.48,28.07,5.06,84.99,233.05,-73.38,0.0421,10.944,ATTITUDE,ANOMALY
2026-03-03 12:09:00,SAT-004,26.17,27.82,5.19,84.51,531.3,-65.48,0.049,0.075,ATTITUDE,NORMAL
2026-03-03 12:10:00,INSAT-3D,24.69,28.33,7.02,95.11,593.15,-70.2,0.0625,0.095,COMMUNICATION,NORMAL
2026-03-03 12:11:00,GSAT-30,29.9,27.91,6.46,85.73,526.24,-70.46,0.0501,0.073,THERMAL,NORMAL
2026-03-03 12:12:00,SAT-001,32.0,25.87,10.68,46.95,509.45,-72.44,0.0387,0.091,BATTERY,ANOMALY
2026-03-03 12:13:00,SAT-002,22.82,28.11,6.55,92.31,535.09,-66.07,0.0383,0.016,PAYLOAD,NORMAL
2026-03-03 12:14:00,SAT-003,21.93,28.4,6.51,93.61,564.63,-71.66,0.0357,0.054,ATTITUDE,NORMAL
2026-03-03 12:15:00,SAT-004,24.61,28.25,5.71,81.09,538.63,-67.8,0.0613,0.057,THERMAL,NORMAL
2026-03-03 12:16:00,INSAT-3D,69.94,27.06,5.42,83.5,501.77,-72.08,0.0644,0.066,THERMAL,ANOMALY
2026-03-03 12:17:00,GSAT-30,19.02,28.52,5.62,88.69,492.55,-68.11,0.0285,0.078,PAYLOAD,NORMAL
2026-03-03 12:18:00,SAT-001,26.99,27.93,6.07,89.37,534.26,-66.08,0.0504,0.067,ATTITUDE,NORMAL
2026-03-03 12:19:00,SAT-002,25.73,28.43,5.59,82.75,602.22,-67.61,0.0285,0.078,POWER,NORMAL
2026-03-03 12:20:00,SAT-003,24.03,22.43,6.17,91.18,210.71,-64.17,0.0524,0.09,POWER,ANOMALY
2026-03-03 12:21:00,SAT-004,28.22,27.74,6.94,93.29,559.66,-72.68,0.0532,0.11,COMMUNICATION,NORMAL
2026-03-03 12:22:00,INSAT-3D,22.29,28.13,5.51,85.13,562.75,-68.04,0.0574,0.033,BATTERY,NORMAL
2026-03-03 12:23:00,GSAT-30,24.59,28.27,6.03,95.69,536.55,-63.47,0.0394,0.032,ATTITUDE,NORMAL
2026-03-03 12:24:00,SAT-001,45.53,26.67,20.78,77.75,537.86,-65.54,0.0335,0.076,POWER,ANOMALY
2026-03-03 12:25:00,SAT-002,30.69,27.53,4.49,88.53,505.18,-65.97,0.0409,0.092,POWER,NORMAL
2026-03-03 12:26:00,SAT-003,24.72,28.47,5.07,81.74,567.19,-60.75,0.0555,0.136,BATTERY,NORMAL
2026-03-03 12:27:00,SAT-004,27.1,28.48,6.71,86.85,520.96,-70.78,0.0628,0.042,COMMUNICATION,NORMAL
2026-03-03 12:28:00,INSAT-3D,26.37,28.38,4.91,72.92,547.74,-104.46,0.0481,0.054,COMMUNICATION,ANOMALY
2026-03-03 12:29:00,GSAT-30,22.86,28.22,5.83,83.58,579.82,-68.36,0.0387,0.048,BATTERY,NORMAL
2026-03-03 12:30:00,SAT-001,30.34,28.16,6.54,85.53,555.41,-67.2,0.0315,0.067,POWER,NORMAL
2026-03-03 12:31:00,SAT-002,23.56,27.87,6.48,81.3,566.03,-66.67,0.0613,0.112,BATTERY,NORMAL
2026-03-03 12:32:00,SAT-003,26.42,28.21,5.79,80.46,528.76,-71.23,1.0258,0.666,ATTITUDE,ANOMALY
2026-03-03 12:33:00,SAT-004,24.32,28.28,4.71,85.45,606.15,-68.98,0.0602,0.078,POWER,NORMAL
2026-03-03 12:34:00,INSAT-3D,24.57,28.13,5.86,87.94,530.54,-66.45,0.0539,0.069,BATTERY,NORMAL
2026-03-03 12:35:00,GSAT-30,20.85,28.39,4.84,88.1,559.06,-68.94,0.0747,0.065,BATTERY,NORMAL
2026-03-03 12:36:00,SAT-001,24.26,28.26,5.9,77.79,223.68,-65.73,0.042,11.109,ATTITUDE,ANOMALY
2026-03-03 12:37:00,SAT-002,21.56,28.0,5.92,94.25,582.57,-69.94,0.0536,0.08,PAYLOAD,NORMAL
2026-03-03 12:38:00,SAT-003,29.01,28.12,5.42,83.69,579.24,-67.57,0.0467,0.053,ATTITUDE,NORMAL
2026-03-03 12:39:00,SAT-004,22.76,28.28,7.24,83.85,494.01,-71.25,0.0495,0.125,PAYLOAD,NORMAL
2026-03-03 12:40:00,INSAT-3D,37.04,25.38,13.37,41.71,496.47,-66.32,0.043,-0.01,BATTERY,ANOMALY
2026-03-03 12:41:00,GSAT-30,23.32,27.98,7.43,80.8,553.9,-68.39,0.0507,0.075,THERMAL,NORMAL
2026-03-03 12:42:00,SAT-001,26.04,28.35,6.5,99.5,504.12,-71.18,0.0384,0.04,BATTERY,NORMAL
2026-03-03 12:43:00,SAT-002,20.79,28.39,4.56,84.51,538.38,-64.1,0.0385,0.093,BATTERY,NORMAL
2026-03-03 12:44:00,SAT-003,83.62,27.5,6.8,89.15,513.48,-71.04,0.0487,0.065,THERMAL,ANOMALY
2026-03-03 12:45:00,SAT-004,27.51,28.76,5.21,85.26,550.25,-74.53,0.0583,0.104,ATTITUDE,NORMAL
2026-03-03 12:46:00,INSAT-3D,22.37,28.39,5.85,92.59,534.63,-72.11,0.059,0.041,ATTITUDE,NORMAL
2026-03-03 12:47:00,GSAT-30,27.41,28.49,6.74,79.84,539.68,-65.0,0.0552,0.153,PAYLOAD,NORMAL
2026-03-03 12:48:00,SAT-001,28.67,20.92,5.24,85.28,181.15,-69.65,0.0527,0.005,POWER,ANOMALY
2026-03-03 12:49:00,SAT-002,23.76,28.03,5.9,88.7,523.87,-68.35,0.0367,0.073,COMMUNICATION,NORMAL
2026-03-03 12:50:00,SAT-003,22.74,28.01,5.96,79.77,471.48,-67.71,0.0464,0.106,PAYLOAD,NORMAL
2026-03-03 12:51:00,SAT-004,22.34,28.17,5.95,81.89,513.1,-66.93,0.0604,0.097,THERMAL,NORMAL
2026-03-03 12:52:00,INSAT-3D,39.01,26.44,20.17,81.84,494.83,-70.7,0.0438,0.064,POWER,ANOMALY
2026-03-03 12:53:00,GSAT-30,25.97,28.12,6.16,83.1,590.23,-72.89,0.0749,0.094,POWER,NORMAL
2026-03-03 12:54:00,SAT-001,28.75,28.31,6.97,80.94,536.73,-70.01,0.0624,0.086,ATTITUDE,NORMAL
2026-03-03 12:55:00,SAT-002,29.63,28.0,6.03,91.46,575.8,-63.72,0.0366,0.076,COMMUNICATION,NORMAL
2026-03-03 12:56:00,SAT-003,19.49,28.08,5.66,85.7,556.57,-110.66,0.0334,0.068,COMMUNICATION,ANOMALY
2026-03-03 12:57:00,SAT-004,24.08,27.96,6.38,91.5,555.88,-70.14,0.0431,0.014,BATTERY,NORMAL
2026-03-03 12:58:00,INSAT-3D,19.14,27.87,6.17,85.51,506.75,-64.79,0.0271,0.074,ATTITUDE,NORMAL
2026-03-03 12:59:00,GSAT-30,18.74,28.26,6.17,86.91,510.64,-74.33,0.0567,0.099,THERMAL,NORMAL
2026-03-03 13:00:00,SAT-001,25.83,28.27,6.38,89.91,524.04,-68.09,1.6627,0.668,ATTITUDE,ANOMALY
2026-03-03 13:01:00,SAT-002,24.43,28.0,6.28,88.21,557.7,-68.09,0.0524,0.072,BATTERY,NORMAL
2026-03-03 13:02:00,SAT-003,26.39,28.17,6.85,87.48,509.61,-68.12,0.0539,0.109,COMMUNICATION,NORMAL
2026-03-03 13:03:00,SAT-004,25.36,28.3,6.76,82.51,532.42,-66.45,0.0418,0.109,THERMAL,NORMAL
2026-03-03 13:04:00,INSAT-3D,26.27,27.61,7.17,84.41,214.61,-68.76,0.0323,5.117,ATTITUDE,ANOMALY
2026-03-03 13:05:00,GSAT-30,22.84,27.98,5.52,96.59,542.2,-65.27,0.0594,0.026,ATTITUDE,NORMAL
2026-03-03 13:06:00,SAT-001,28.62,28.26,6.63,85.37,496.92,-68.98,0.0543,0.103,ATTITUDE,NORMAL
2026-03-03 13:07:00,SAT-002,23.27,28.3,5.78,78.35,550.35,-69.15,0.0532,0.081,THERMAL,NORMAL
2026-03-03 13:08:00,SAT-003,36.44,24.96,12.83,32.63,542.7,-67.65,0.0477,0.033,BATTERY,ANOMALY
2026-03-03 13:09:00,SAT-004,19.25,28.07,6.25,88.3,517.98,-73.17,0.0383,0.072,POWER,NORMAL
2026-03-03 13:10:00,INSAT-3D,19.57,28.28,6.32,93.75,474.6,-70.14,0.0585,0.096,ATTITUDE,NORMAL
2026-03-03 13:11:00,GSAT-30,31.63,28.28,5.4,86.51,545.7,-67.94,0.0465,0.116,BATTERY,NORMAL
2026-03-03 13:12:00,SAT-001,75.86,27.5,7.24,83.75,499.22,-68.62,0.0346,0.059,THERMAL,ANOMALY
2026-03-03 13:13:00,SAT-002,29.05,28.49,6.95,89.42,567.92,-68.72,0.0654,0.032,BATTERY,NORMAL
2026-03-03 13:14:00,SAT-003,18.75,28.36,6.27,93.0,561.28,-67.64,0.0407,0.126,THERMAL,NORMAL
2026-03-03 13:15:00,SAT-004,32.06,27.73,6.29,86.29,583.49,-66.28,0.071,0.104,PAYLOAD,NORMAL
2026-03-03 13:16:00,INSAT-3D,24.67,21.91,7.05,92.26,200.02,-67.23,0.0254,0.071,POWER,ANOMALY
2026-03-03 13:17:00,GSAT-30,26.44,28.49,6.54,90.28,534.0,-66.05,0.0341,0.084,PAYLOAD,NORMAL
2026-03-03 13:18:00,SAT-001,25.37,28.33,6.37,83.47,513.75,-71.18,0.0478,0.085,COMMUNICATION,NORMAL
2026-03-03 13:19:00,SAT-002,21.64,28.02,6.17,87.89,502.13,-64.76,0.0537,0.054,PAYLOAD,NORMAL
2026-03-03 13:20:00,SAT-003,38.0,26.8,25.97,86.98,511.73,-68.94,0.0601,0.083,POWER,ANOMALY
2026-03-03 13:21:00,SAT-004,30.78,28.24,6.61,84.8,571.82,-72.7,0.06,0.12,PAYLOAD,NORMAL
2026-03-03 13:22:00,INSAT-3D,25.33,28.18,6.28,91.4,590.92,-66.34,0.0246,0.052,PAYLOAD,NORMAL
2026-03-03 13:23:00,GSAT-30,19.73,28.4,6.84,83.6,545.1,-67.59,0.0555,0.043,BATTERY,NORMAL
2026-03-03 13:24:00,SAT-001,27.8,27.8,7.12,90.31,509.91,-102.69,0.0293,0.113,COMMUNICATION,ANOMALY
2026-03-03 13:25:00,SAT-002,23.06,28.42,6.94,82.13,536.08,-67.41,0.0472,0.104,THERMAL,NORMAL
2026-03-03 13:26:00,SAT-003,29.71,28.13,7.0,86.42,528.48,-71.67,0.0505,0.049,COMMUNICATION,NORMAL
2026-03-03 13:27:00,SAT-004,23.97,27.93,5.99,96.56,576.01,-66.84,0.0394,0.107,COMMUNICATION,NORMAL
2026-03-03 13:28:00,INSAT-3D,32.79,28.16,4.92,79.87,531.88,-68.47,0.446,0.662,ATTITUDE,ANOMALY
2026-03-03 13:29:00,GSAT-30,27.73,27.98,6.01,80.38,521.5,-63.01,0.0663,0.1,THERMAL,NORMAL
2026-03-03 13:30:00,SAT-001,22.24,27.81,7.26,75.74,539.24,-60.95,0.0237,0.046,BATTERY,NORMAL
2026-03-03 13:31:00,SAT-002,25.09,28.15,6.64,87.84,540.46,-67.95,0.0434,0.062,THERMAL,NORMAL
2026-03-03 13:32:00,SAT-003,27.25,28.11,6.99,85.55,233.28,-63.31,0.044,6.196,ATTITUDE,ANOMALY
2026-03-03 13:33:00,SAT-004,22.86,28.4,5.94,82.8,580.31,-70.12,0.0463,0.041,THERMAL,NORMAL
2026-03-03 13:34:00,INSAT-3D,17.5,27.85,6.26,88.23,584.64,-68.1,0.0345,0.116,POWER,NORMAL
2026-03-03 13:35:00,GSAT-30,24.12,27.72,7.01,91.22,556.54,-59.97,0.0338,0.126,ATTITUDE,NORMAL
2026-03-03 13:36:00,SAT-001,33.94,26.0,13.2,37.12,508.56,-60.82,0.0339,0.069,BATTERY,ANOMALY
2026-03-03 13:37:00,SAT-002,22.54,28.07,3.5,83.9,568.05,-75.36,0.04,0.071,ATTITUDE,NORMAL
2026-03-03 13:38:00,SAT-003,23.13,28.64,6.82,85.74,620.22,-71.59,0.0352,0.077,BATTERY,NORMAL
2026-03-03 13:39:00,SAT-004,22.5,28.18,4.72,90.68,542.43,-68.35,0.0587,0.098,THERMAL,NORMAL
2026-03-03 13:40:00,INSAT-3D,78.69,27.5,6.0,87.97,554.63,-75.34,0.0627,0.09,THERMAL,ANOMALY
2026-03-03 13:41:00,GSAT-30,22.04,28.4,6.57,91.33,565.62,-72.83,0.0369,0.039,THERMAL,NORMAL
2026-03-03 13:42:00,SAT-001,24.62,28.04,6.7,88.68,501.49,-66.06,0.0352,0.079,COMMUNICATION,NORMAL
2026-03-03 13:43:00,SAT-002,24.71,28.06,5.87,80.82,555.61,-74.0,0.043,0.133,PAYLOAD,NORMAL
2026-03-03 13:44:00,SAT-003,24.9,20.36,6.41,83.46,146.63,-67.5,0.0546,0.065,POWER,ANOMALY
2026-03-03 13:45:00,SAT-004,25.26,28.41,6.67,74.41,475.78,-66.4,0.0433,0.032,POWER,NORMAL
2026-03-03 13:46:00,INSAT-3D,22.02,28.65,5.26,88.78,515.21,-70.81,0.0539,0.074,BATTERY,NORMAL
2026-03-03 13:47:00,GSAT-30,29.47,28.11,6.5,86.93,571.41,-61.16,0.0628,0.062,BATTERY,NORMAL
2026-03-03 13:48:00,SAT-001,42.14,26.79,19.02,79.87,527.34,-67.46,0.0445,0.089,POWER,ANOMALY
2026-03-03 13:49:00,SAT-002,23.4,28.0,6.45,87.29,521.12,-72.5,0.0515,0.1,POWER,NORMAL
2026-03-03 13:50:00,SAT-003,19.93,28.31,5.65,93.19,516.97,-68.93,0.0262,0.091,POWER,NORMAL
2026-03-03 13:51:00,SAT-004,22.41,28.0,4.26,88.43,542.37,-70.39,0.0493,0.122,COMMUNICATION,NORMAL
2026-03-03 13:52:00,INSAT-3D,26.07,28.6,8.29,97.65,494.35,-111.46,0.0406,0.084,COMMUNICATION,ANOMALY
2026-03-03 13:53:00,GSAT-30,20.79,28.05,6.17,80.55,540.48,-71.57,0.0252,0.052,THERMAL,NORMAL
2026-03-03 13:54:00,SAT-001,27.24,28.34,7.75,88.01,558.0,-65.35,0.0372,0.042,COMMUNICATION,NORMAL
2026-03-03 13:55:00,SAT-002,21.08,27.74,6.33,83.89,532.36,-64.93,0.0518,0.097,POWER,NORMAL
2026-03-03 13:56:00,SAT-003,25.61,28.01,5.93,93.72,597.68,-64.76,0.3898,0.647,ATTITUDE,ANOMALY
2026-03-03 13:57:00,SAT-004,34.52,28.31,6.55,85.01,564.09,-68.62,0.0323,0.07,POWER,NORMAL
2026-03-03 13:58:00,INSAT-3D,18.07,28.5,5.42,85.98,534.72,-68.15,0.0565,0.08,THERMAL,NORMAL
2026-03-03 13:59:00,GSAT-30,18.57,28.15,6.65,90.14,522.42,-66.79,0.0316,0.061,COMMUNICATION,NORMAL
2026-03-03 14:00:00,SAT-001,21.03,28.04,5.88,82.96,234.83,-67.25,0.0254,9.775,ATTITUDE,ANOMALY
2026-03-03 14:01:00,SAT-002,20.37,28.16,5.35,82.66,558.96,-69.48,0.0272,0.017,THERMAL,NORMAL
2026-03-03 14:02:00,SAT-003,25.17,28.16,6.07,90.5,546.81,-66.52,0.0406,0.07,POWER,NORMAL
2026-03-03 14:03:00,SAT-004,30.24,28.32,5.6,89.46,542.46,-73.76,0.0332,0.06,PAYLOAD,NORMAL
2026-03-03 14:04:00,INSAT-3D,35.64,25.94,12.59,46.5,485.54,-70.54,0.0379,0.056,BATTERY,ANOMALY
2026-03-03 14:05:00,GSAT-30,30.82,28.13,6.74,82.8,449.51,-70.94,0.0393,0.145,THERMAL,NORMAL
2026-03-03 14:06:00,SAT-001,28.57,28.36,5.35,93.89,528.43,-71.22,0.0446,0.034,PAYLOAD,NORMAL
2026-03-03 14:07:00,SAT-002,18.08,28.13,7.89,85.04,620.14,-67.63,0.045,0.049,ATTITUDE,NORMAL
2026-03-03 14:08:00,SAT-003,74.63,27.3,6.48,83.94,555.27,-68.61,0.0199,0.055,THERMAL,ANOMALY
2026-03-03 14:09:00,SAT-004,22.87,28.11,6.94,90.33,546.18,-68.44,0.0311,0.083,POWER,NORMAL
2026-03-03 14:10:00,INSAT-3D,24.21,28.44,6.85,90.14,491.3,-70.2,0.0495,0.046,BATTERY,NORMAL
2026-03-03 14:11:00,GSAT-30,22.36,27.88,6.22,92.86,519.91,-66.51,0.0532,0.104,COMMUNICATION,NORMAL
2026-03-03 14:12:00,SAT-001,23.8,22.31,5.71,88.95,259.43,-70.87,0.0663,0.048,POWER,ANOMALY
2026-03-03 14:13:00,SAT-002,26.7,28.46,7.39,96.98,557.05,-70.89,0.0409,0.018,BATTERY,NORMAL
2026-03-03 14:14:00,SAT-003,20.16,28.17,7.13,88.6,533.16,-65.63,0.0378,0.106,COMMUNICATION,NORMAL
2026-03-03 14:15:00,SAT-004,20.29,28.28,4.89,89.64,511.06,-64.39,0.0378,0.066,ATTITUDE,NORMAL
2026-03-03 14:16:00,INSAT-3D,38.0,26.48,23.11,86.43,528.63,-71.82,0.0491,0.044,POWER,ANOMALY
2026-03-03 14:17:00,GSAT-30,27.71,27.92,6.49,75.16,557.69,-64.86,0.0523,0.078,BATTERY,NORMAL
2026-03-03 14:18:00,SAT-001,28.69,28.54,5.23,99.5,545.48,-68.73,0.047,0.036,PAYLOAD,NORMAL
2026-03-03 14:19:00,SAT-002,25.6,28.26,6.24,90.53,528.68,-67.98,0.0449,0.04,ATTITUDE,NORMAL
2026-03-03 14:20:00,SAT-003,28.11,28.37,7.29,79.95,517.32,-102.33,0.0392,0.134,COMMUNICATION,ANOMALY
2026-03-03 14:21:00,SAT-004,24.09,28.51,6.54,88.32,533.46,-64.48,0.0585,0.099,ATTITUDE,NORMAL
2026-03-03 14:22:00,INSAT-3D,28.74,28.32,4.83,87.3,553.42,-63.9,0.0592,0.078,THERMAL,NORMAL
2026-03-03 14:23:00,GSAT-30,28.95,27.77,6.15,93.6,640.16,-64.76,0.0409,0.124,BATTERY,NORMAL
2026-03-03 14:24:00,SAT-001,24.71,27.86,7.06,77.74,512.14,-63.54,0.6602,0.654,ATTITUDE,ANOMALY
2026-03-03 14:25:00,SAT-002,21.87,28.44,7.31,86.4,619.81,-75.33,0.0581,0.083,THERMAL,NORMAL
2026-03-03 14:26:00,SAT-003,22.12,28.06,6.99,80.18,605.05,-67.99,0.0355,0.07,THERMAL,NORMAL
2026-03-03 14:27:00,SAT-004,24.26,28.11,7.84,81.42,538.42,-74.19,0.049,0.04,PAYLOAD,NORMAL
2026-03-03 14:28:00,INSAT-3D,29.31,28.11,5.38,74.49,225.29,-67.28,0.0492,5.452,ATTITUDE,ANOMALY
2026-03-03 14:29:00,GSAT-30,15.0,28.27,7.23,94.5,494.51,-69.63,0.0537,0.061,POWER,NORMAL
2026-03-03 14:30:00,SAT-001,27.96,28.15,7.41,90.75,476.54,-73.43,0.0465,0.073,PAYLOAD,NORMAL
2026-03-03 14:31:00,SAT-002,22.88,28.64,6.2,92.0,584.72,-60.05,0.032,0.058,ATTITUDE,NORMAL
2026-03-03 14:32:00,SAT-003,35.07,24.7,11.52,35.26,533.78,-65.61,0.0485,0.031,BATTERY,ANOMALY
2026-03-03 14:33:00,SAT-004,23.25,28.42,5.8,87.88,515.8,-69.2,0.0431,0.052,THERMAL,NORMAL
2026-03-03 14:34:00,INSAT-3D,25.29,27.75,5.68,88.05,615.75,-70.18,0.0377,0.092,THERMAL,NORMAL
2026-03-03 14:35:00,GSAT-30,23.54,28.43,6.18,88.31,533.43,-65.19,0.0688,0.106,COMMUNICATION,NORMAL
2026-03-03 14:36:00,SAT-001,65.33,27.32,4.94,95.28,540.56,-70.41,0.0476,0.137,THERMAL,ANOMALY
2026-03-03 14:37:00,SAT-002,20.89,28.34,6.09,77.21,551.81,-65.15,0.0386,0.079,POWER,NORMAL
2026-03-03 14:38:00,SAT-003,22.86,27.87,6.29,85.09,595.29,-68.74,0.0414,0.038,POWER,NORMAL
2026-03-03 14:39:00,SAT-004,20.37,28.46,6.95,94.09,578.5,-63.91,0.0235,0.119,PAYLOAD,NORMAL
2026-03-03 14:40:00,INSAT-3D,27.49,20.38,5.56,85.15,251.33,-66.44,0.0401,0.151,POWER,ANOMALY
2026-03-03 14:41:00,GSAT-30,27.3,27.7,6.47,81.34,509.62,-72.23,0.048,0.113,ATTITUDE,NORMAL
2026-03-03 14:42:00,SAT-001,21.64,28.33,6.44,88.34,571.85,-64.49,0.059,0.102,COMMUNICATION,NORMAL
2026-03-03 14:43:00,SAT-002,28.54,28.18,6.74,93.22,547.95,-71.09,0.0532,0.082,BATTERY,NORMAL
2026-03-03 14:44:00,SAT-003,38.0,26.8,19.27,83.85,592.16,-69.64,0.0356,0.085,POWER,ANOMALY
2026-03-03 14:45:00,SAT-004,24.93,28.51,6.33,93.75,586.32,-69.9,0.0618,0.081,POWER,NORMAL
2026-03-03 14:46:00,INSAT-3D,28.33,28.27,5.71,87.33,581.16,-65.83,0.0348,0.089,PAYLOAD,NORMAL
2026-03-03 14:47:00,GSAT-30,23.27,28.39,6.22,88.3,485.71,-70.14,0.054,0.047,COMMUNICATION,NORMAL
2026-03-03 14:48:00,SAT-001,26.8,28.32,6.88,87.8,548.83,-119.5,0.0303,0.054,COMMUNICATION,ANOMALY
2026-03-03 14:49:00,SAT-002,21.36,27.94,4.72,82.26,575.01,-70.15,0.024,0.065,ATTITUDE,NORMAL
2026-03-03 14:50:00,SAT-003,18.63,28.33,6.03,81.53,539.0,-69.75,0.0605,0.06,BATTERY,NORMAL
2026-03-03 14:51:00,SAT-004,24.01,27.94,7.04,93.49,589.95,-70.91,0.0433,0.071,THERMAL,NORMAL
2026-03-03 14:52:00,INSAT-3D,23.2,28.37,7.37,82.72,534.66,-67.57,1.6172,0.68,ATTITUDE,ANOMALY
2026-03-03 14:53:00,GSAT-30,23.04,28.43,4.85,94.94,544.41,-69.79,0.0364,0.067,THERMAL,NORMAL
2026-03-03 14:54:00,SAT-001,21.51,28.36,5.84,89.15,538.07,-63.33,0.0466,0.049,ATTITUDE,NORMAL
2026-03-03 14:55:00,SAT-002,22.83,27.87,6.11,83.7,511.95,-72.25,0.048,0.069,POWER,NORMAL
2026-03-03 14:56:00,SAT-003,27.61,28.34,6.68,98.3,249.62,-71.78,0.0496,12.191,ATTITUDE,ANOMALY
2026-03-03 14:57:00,SAT-004,20.12,28.4,5.96,89.0,563.19,-69.37,0.0286,0.11,COMMUNICATION,NORMAL
2026-03-03 14:58:00,INSAT-3D,23.68,28.93,5.83,92.26,531.76,-65.19,0.0385,0.088,POWER,NORMAL
2026-03-03 14:59:00,GSAT-30,29.47,27.86,6.56,83.02,523.22,-68.12,0.0212,0.038,COMMUNICATION,NORMAL
2026-03-03 15:00:00,SAT-001,32.0,25.7,12.93,24.72,524.66,-67.18,0.0477,0.14,BATTERY,ANOMALY
2026-03-03 15:01:00,SAT-002,26.86,27.83,5.83,72.58,498.62,-65.85,0.0565,0.046,THERMAL,NORMAL
2026-03-03 15:02:00,SAT-003,22.77,28.6,6.82,90.13,487.78,-65.98,0.0584,0.039,THERMAL,NORMAL
2026-03-03 15:03:00,SAT-004,23.91,28.28,6.32,86.51,511.59,-66.32,0.0304,0.108,COMMUNICATION,NORMAL
2026-03-03 15:04:00,INSAT-3D,64.59,27.05,7.62,85.47,472.87,-68.04,0.0511,0.099,THERMAL,ANOMALY
2026-03-03 15:05:00,GSAT-30,26.96,28.11,5.0,84.24,512.73,-72.26,0.0432,0.058,POWER,NORMAL
2026-03-03 15:06:00,SAT-001,23.31,28.24,5.95,91.54,564.57,-67.33,0.051,0.114,COMMUNICATION,NORMAL
2026-03-03 15:07:00,SAT-002,24.2,28.02,6.4,99.5,494.37,-65.01,0.0386,0.124,POWER,NORMAL
2026-03-03 15:08:00,SAT-003,27.1,21.82,6.31,88.58,221.05,-65.58,0.0406,0.095,POWER,ANOMALY
2026-03-03 15:09:00,SAT-004,30.4,28.49,5.01,87.58,590.92,-68.65,0.0418,0.113,PAYLOAD,NORMAL
2026-03-03 15:10:00,INSAT-3D,30.16,27.88,6.74,94.0,539.76,-69.77,0.0256,0.082,ATTITUDE,NORMAL
2026-03-03 15:11:00,GSAT-30,19.77,28.25,6.29,82.92,528.28,-70.48,0.0521,0.053,POWER,NORMAL
2026-03-03 15:12:00,SAT-001,38.64,26.8,23.78,78.3,507.16,-70.61,0.0454,0.029,POWER,ANOMALY
2026-03-03 15:13:00,SAT-002,20.28,28.22,6.1,94.86,530.42,-68.86,0.0528,0.108,ATTITUDE,NORMAL
2026-03-03 15:14:00,SAT-003,19.0,28.15,6.03,89.93,482.92,-67.58,0.0513,0.061,PAYLOAD,NORMAL
2026-03-03 15:15:00,SAT-004,28.79,27.89,4.98,98.09,550.77,-66.09,0.0588,0.064,POWER,NORMAL
2026-03-03 15:16:00,INSAT-3D,28.48,28.4,5.46,92.56,569.21,-116.48,0.047,0.073,COMMUNICATION,ANOMALY
2026-03-03 15:17:00,GSAT-30,27.17,28.04,5.92,90.02,561.23,-65.37,0.0453,0.112,POWER,NORMAL
2026-03-03 15:18:00,SAT-001,23.24,27.98,6.42,87.32,522.17,-69.35,0.0519,0.056,POWER,NORMAL
2026-03-03 15:19:00,SAT-002,30.45,28.35,6.23,82.41,544.22,-70.56,0.0252,0.068,PAYLOAD,NORMAL
2026-03-03 15:20:00,SAT-003,24.97,28.51,7.28,88.35,527.36,-68.22,1.5705,0.699,ATTITUDE,ANOMALY
2026-03-03 15:21:00,SAT-004,24.68,27.85,6.74,88.8,542.1,-71.85,0.0426,0.044,ATTITUDE,NORMAL
2026-03-03 15:22:00,INSAT-3D,22.63,28.23,4.71,83.18,514.97,-71.15,0.0824,0.019,POWER,NORMAL
2026-03-03 15:23:00,GSAT-30,25.33,27.71,6.76,83.77,527.54,-68.33,0.0595,0.094,BATTERY,NORMAL
2026-03-03 15:24:00,SAT-001,24.92,28.02,6.68,84.57,235.24,-67.98,0.0423,5.937,ATTITUDE,ANOMALY
2026-03-03 15:25:00,SAT-002,19.14,28.48,7.0,89.88,525.11,-68.65,0.0416,0.038,PAYLOAD,NORMAL
2026-03-03 15:26:00,SAT-003,22.21,27.73,6.12,91.06,528.32,-73.99,0.0182,0.115,POWER,NORMAL
2026-03-03 15:27:00,SAT-004,27.93,27.98,6.55,78.62,526.88,-68.98,0.0459,0.102,THERMAL,NORMAL
2026-03-03 15:28:00,INSAT-3D,32.0,25.73,12.7,22.77,558.22,-67.69,0.0621,0.103,BATTERY,ANOMALY
2026-03-03 15:29:00,GSAT-30,23.75,28.01,6.12,94.34,485.18,-67.94,0.0547,0.089,THERMAL,NORMAL
2026-03-03 15:30:00,SAT-001,23.36,28.29,6.42,89.03,553.44,-65.28,0.0579,0.08,BATTERY,NORMAL
2026-03-03 15:31:00,SAT-002,27.35,27.92,4.9,86.44,558.08,-66.6,0.0639,0.069,ATTITUDE,NORMAL
2026-03-03 15:32:00,SAT-003,62.72,27.5,6.66,86.41,553.01,-64.21,0.0448,0.115,THERMAL,ANOMALY
2026-03-03 15:33:00,SAT-004,22.46,28.17,5.29,82.45,542.07,-70.85,0.0631,0.101,COMMUNICATION,NORMAL
2026-03-03 15:34:00,INSAT-3D,21.43,27.81,6.4,87.07,556.11,-69.84,0.0618,0.044,ATTITUDE,NORMAL
2026-03-03 15:35:00,GSAT-30,23.92,28.38,5.53,87.44,529.48,-67.46,0.0283,0.124,ATTITUDE,NORMAL
2026-03-03 15:36:00,SAT-001,28.81,22.88,4.93,92.03,215.35,-73.41,0.0401,0.071,POWER,ANOMALY
2026-03-03 15:37:00,SAT-002,31.15,28.36,6.95,81.58,596.76,-64.2,0.0406,0.1,BATTERY,NORMAL
2026-03-03 15:38:00,SAT-003,22.95,28.44,5.75,86.93,520.83,-62.91,0.052,0.046,BATTERY,NORMAL
2026-03-03 15:39:00,SAT-004,15.41,28.24,6.58,86.85,508.14,-65.31,0.0544,0.096,COMMUNICATION,NORMAL
2026-03-03 15:40:00,INSAT-3D,38.0,26.52,19.34,82.93,548.76,-69.18,0.0355,0.093,POWER,ANOMALY
2026-03-03 15:41:00,GSAT-30,24.38,28.52,7.4,87.11,557.06,-66.92,0.0318,0.095,PAYLOAD,NORMAL
2026-03-03 15:42:00,SAT-001,23.91,28.18,5.74,85.06,536.76,-70.49,0.0194,0.083,COMMUNICATION,NORMAL
2026-03-03 15:43:00,SAT-002,30.4,27.85,7.01,96.98,541.03,-72.36,0.0549,0.112,THERMAL,NORMAL
2026-03-03 15:44:00,SAT-003,25.58,27.84,7.29,81.16,541.92,-120.93,0.0284,0.107,COMMUNICATION,ANOMALY
2026-03-03 15:45:00,SAT-004,21.24,28.74,7.24,85.47,623.34,-66.22,0.0442,0.052,COMMUNICATION,NORMAL
2026-03-03 15:46:00,INSAT-3D,29.31,28.11,6.66,85.57,499.34,-66.04,0.0489,0.073,ATTITUDE,NORMAL
2026-03-03 15:47:00,GSAT-30,30.36,28.43,5.17,93.54,551.42,-66.64,0.0749,0.087,PAYLOAD,NORMAL
2026-03-03 15:48:00,SAT-001,27.89,28.23,6.31,86.82,516.89,-67.56,1.5163,0.618,ATTITUDE,ANOMALY
2026-03-03 15:49:00,SAT-002,20.78,28.66,5.65,92.38,500.99,-69.18,0.036,0.062,ATTITUDE,NORMAL
2026-03-03 15:50:00,SAT-003,24.77,27.92,7.46,92.48,463.99,-65.48,0.0405,0.064,POWER,NORMAL
2026-03-03 15:51:00,SAT-004,17.95,28.45,6.62,97.01,517.68,-71.02,0.0554,0.103,COMMUNICATION,NORMAL
2026-03-03 15:52:00,INSAT-3D,23.97,28.12,6.88,86.74,238.01,-67.72,0.0368,7.638,ATTITUDE,ANOMALY
2026-03-03 15:53:00,GSAT-30,24.37,28.6,5.59,84.1,508.37,-68.72,0.045,0.04,PAYLOAD,NORMAL
2026-03-03 15:54:00,SAT-001,19.22,28.43,6.73,99.5,542.61,-69.28,0.033,0.105,PAYLOAD,NORMAL
2026-03-03 15:55:00,SAT-002,24.0,28.23,7.24,83.78,528.08,-67.58,0.0541,0.047,PAYLOAD,NORMAL
2026-03-03 15:56:00,SAT-003,36.93,26.19,12.22,44.19,538.25,-67.36,0.0578,0.073,BATTERY,ANOMALY
2026-03-03 15:57:00,SAT-004,29.9,28.1,6.75,83.73,564.44,-65.24,0.0417,0.113,COMMUNICATION,NORMAL
2026-03-03 15:58:00,INSAT-3D,25.25,28.27,5.78,89.3,544.79,-66.55,0.0163,0.093,PAYLOAD,NORMAL
2026-03-03 15:59:00,GSAT-30,27.21,28.35,6.1,96.78,572.81,-63.65,0.0504,0.08,PAYLOAD,NORMAL
2026-03-03 16:00:00,SAT-001,74.66,27.21,7.16,82.73,512.32,-71.95,0.0551,0.14,THERMAL,ANOMALY
2026-03-03 16:01:00,SAT-002,19.5,27.9,6.0,91.06,512.61,-68.38,0.0476,0.126,PAYLOAD,NORMAL
2026-03-03 16:02:00,SAT-003,23.58,27.99,5.67,81.4,554.81,-69.79,0.0445,0.116,POWER,NORMAL
2026-03-03 16:03:00,SAT-004,25.82,28.37,7.11,84.23,526.36,-68.12,0.0301,0.102,BATTERY,NORMAL
2026-03-03 16:04:00,INSAT-3D,25.17,22.9,5.99,84.83,202.09,-65.01,0.0552,0.046,POWER,ANOMALY
2026-03-03 16:05:00,GSAT-30,24.19,28.14,5.51,97.86,515.07,-70.77,0.0624,0.103,BATTERY,NORMAL
2026-03-03 16:06:00,SAT-001,21.26,28.46,8.32,83.92,591.54,-67.02,0.0355,0.128,COMMUNICATION,NORMAL
2026-03-03 16:07:00,SAT-002,23.62,28.07,7.71,90.61,557.36,-73.67,0.0604,0.049,COMMUNICATION,NORMAL
2026-03-03 16:08:00,SAT-003,38.0,26.49,20.37,92.67,501.16,-70.16,0.0464,0.127,POWER,ANOMALY
2026-03-03 16:09:00,SAT-004,26.81,28.71,7.5,87.24,520.06,-66.13,0.0636,0.076,THERMAL,NORMAL
2026-03-03 16:10:00,INSAT-3D,19.03,28.42,7.44,95.52,558.59,-68.23,0.0564,0.092,PAYLOAD,NORMAL
2026-03-03 16:11:00,GSAT-30,26.86,28.0,6.75,89.69,605.79,-62.9,0.0276,0.103,BATTERY,NORMAL
2026-03-03 16:12:00,SAT-001,28.24,28.56,6.88,87.98,499.02,-102.82,0.0428,0.101,COMMUNICATION,ANOMALY
2026-03-03 16:13:00,SAT-002,30.96,28.3,6.58,85.71,531.73,-77.94,0.0337,0.048,COMMUNICATION,NORMAL
2026-03-03 16:14:00,SAT-003,24.38,28.36,6.05,87.12,600.97,-71.66,0.032,0.136,THERMAL,NORMAL
2026-03-03 16:15:00,SAT-004,30.29,28.5,6.94,91.95,620.55,-64.77,0.0348,0.087,ATTITUDE,NORMAL
2026-03-03 16:16:00,INSAT-3D,25.21,28.82,7.5,95.16,507.2,-64.69,1.4174,0.632,ATTITUDE,ANOMALY
2026-03-03 16:17:00,GSAT-30,21.53,28.2,7.15,92.23,617.57,-67.99,0.0397,0.047,THERMAL,NORMAL
2026-03-03 16:18:00,SAT-001,18.23,28.12,7.29,85.71,525.5,-69.81,0.0426,0.05,POWER,NORMAL
2026-03-03 16:19:00,SAT-002,27.25,27.97,6.66,92.14,491.97,-64.92,0.0543,0.127,COMMUNICATION,NORMAL
2026-03-03 16:20:00,SAT-003,26.02,27.95,7.5,85.24,263.11,-65.87,0.0447,11.509,ATTITUDE,ANOMALY
2026-03-03 16:21:00,SAT-004,19.72,28.1,4.91,82.79,518.61,-68.81,0.0492,0.101,COMMUNICATION,NORMAL
2026-03-03 16:22:00,INSAT-3D,22.74,28.17,5.62,90.84,534.58,-66.03,0.0589,0.093,POWER,NORMAL
2026-03-03 16:23:00,GSAT-30,25.9,28.36,5.27,78.94,511.9,-66.72,0.0685,0.049,POWER,NORMAL
2026-03-03 16:24:00,SAT-001,34.2,26.01,12.91,44.24,574.94,-67.93,0.0542,0.073,BATTERY,ANOMALY
2026-03-03 16:25:00,SAT-002,17.74,28.14,6.65,99.05,575.87,-67.42,0.0349,0.117,POWER,NORMAL
2026-03-03 16:26:00,SAT-003,22.39,27.82,6.81,89.76,553.21,-69.8,0.0433,0.104,POWER,NORMAL
2026-03-03 16:27:00,SAT-004,30.57,27.95,6.32,91.31,563.28,-68.93,0.0496,0.079,THERMAL,NORMAL
2026-03-03 16:28:00,INSAT-3D,66.84,27.38,6.45,86.36,515.03,-70.28,0.0317,0.076,THERMAL,ANOMALY
2026-03-03 16:29:00,GSAT-30,26.73,28.15,6.37,84.28,564.25,-69.6,0.0643,0.073,COMMUNICATION,NORMAL
2026-03-03 16:30:00,SAT-001,25.19,28.14,5.73,87.55,535.37,-62.49,0.0489,0.105,ATTITUDE,NORMAL
2026-03-03 16:31:00,SAT-002,25.6,28.24,5.9,85.33,517.16,-71.89,0.0396,0.072,POWER,NORMAL
2026-03-03 16:32:00,SAT-003,27.22,20.79,7.36,90.16,211.27,-68.61,0.0399,0.039,POWER,ANOMALY
2026-03-03 16:33:00,SAT-004,25.77,28.12,6.6,75.01,548.02,-71.14,0.0545,0.014,COMMUNICATION,NORMAL
2026-03-03 16:34:00,INSAT-3D,19.76,28.46,4.51,88.4,594.74,-69.78,0.0453,0.111,THERMAL,NORMAL
2026-03-03 16:35:00,GSAT-30,27.3,28.1,5.95,94.43,479.81,-68.59,0.0437,0.084,POWER,NORMAL
2026-03-03 16:36:00,SAT-001,38.0,26.6,19.75,87.5,506.63,-66.04,0.0455,0.102,POWER,ANOMALY
2026-03-03 16:37:00,SAT-002,29.42,28.15,6.55,84.08,500.58,-69.63,0.0501,0.018,COMMUNICATION,NORMAL
2026-03-03 16:38:00,SAT-003,18.66,28.1,6.46,86.24,601.68,-68.87,0.0358,0.081,PAYLOAD,NORMAL
2026-03-03 16:39:00,SAT-004,16.77,27.88,5.13,94.74,558.17,-67.17,0.0161,0.079,COMMUNICATION,NORMAL
2026-03-03 16:40:00,INSAT-3D,33.31,28.35,6.24,90.41,534.37,-107.78,0.0382,0.096,COMMUNICATION,ANOMALY
2026-03-03 16:41:00,GSAT-30,26.82,28.36,6.53,80.05,479.85,-71.16,0.0548,0.067,PAYLOAD,NORMAL
2026-03-03 16:42:00,SAT-001,20.27,28.41,6.61,82.52,507.59,-65.62,0.0695,0.093,THERMAL,NORMAL
2026-03-03 16:43:00,SAT-002,24.74,28.18,7.7,83.37,458.3,-67.05,0.0594,0.087,POWER,NORMAL
2026-03-03 16:44:00,SAT-003,27.51,28.43,6.59,87.78,546.19,-73.88,1.2728,0.633,ATTITUDE,ANOMALY
2026-03-03 16:45:00,SAT-004,24.87,28.08,7.03,89.22,556.56,-68.57,0.0576,0.032,COMMUNICATION,NORMAL
2026-03-03 16:46:00,INSAT-3D,21.31,28.17,5.12,85.85,504.95,-68.94,0.0342,0.07,BATTERY,NORMAL
2026-03-03 16:47:00,GSAT-30,29.36,28.62,5.66,90.07,584.63,-63.34,0.0399,0.06,PAYLOAD,NORMAL
2026-03-03 16:48:00,SAT-001,25.54,28.1,6.28,87.06,231.2,-63.32,0.041,9.349,ATTITUDE,ANOMALY
2026-03-03 16:49:00,SAT-002,20.47,28.31,6.76,73.42,494.19,-69.13,0.0677,0.069,THERMAL,NORMAL
2026-03-03 16:50:00,SAT-003,23.19,28.31,5.91,87.01,526.05,-69.75,0.0379,0.061,ATTITUDE,NORMAL
2026-03-03 16:51:00,SAT-004,16.14,28.08,5.69,92.52,512.27,-68.67,0.0459,0.079,POWER,NORMAL
2026-03-03 16:52:00,INSAT-3D,34.37,24.73,13.54,40.82,476.22,-70.37,0.0445,0.113,BATTERY,ANOMALY
2026-03-03 16:53:00,GSAT-30,28.28,28.0,8.23,80.34,510.19,-67.3,0.072,0.063,COMMUNICATION,NORMAL
2026-03-03 16:54:00,SAT-001,21.08,28.43,5.54,90.88,529.7,-65.66,0.0306,0.032,THERMAL,NORMAL
2026-03-03 16:55:00,SAT-002,22.63,28.29,6.98,91.89,556.16,-64.53,0.0511,0.063,BATTERY,NORMAL
2026-03-03 16:56:00,SAT-003,83.78,27.5,5.85,82.16,535.91,-65.94,0.0448,0.088,THERMAL,ANOMALY
2026-03-03 16:57:00,SAT-004,21.13,28.32,7.04,93.21,531.56,-74.53,0.0461,0.118,BATTERY,NORMAL
2026-03-03 16:58:00,INSAT-3D,21.12,28.13,6.2,88.43,583.75,-70.87,0.029,0.098,THERMAL,NORMAL
2026-03-03 16:59:00,GSAT-30,26.12,27.84,5.82,84.29,564.6,-68.88,0.0279,0.093,BATTERY,NORMAL
2026-03-03 17:00:00,SAT-001,26.62,21.49,5.62,87.94,185.78,-68.52,0.0324,0.043,POWER,ANOMALY
2026-03-03 17:01:00,SAT-002,24.81,28.07,7.86,86.73,579.73,-67.85,0.0306,0.027,COMMUNICATION,NORMAL
2026-03-03 17:02:00,SAT-003,24.73,28.89,5.45,86.12,540.86,-67.78,0.0569,0.01,BATTERY,NORMAL
2026-03-03 17:03:00,SAT-004,21.0,28.26,6.26,82.8,533.27,-69.19,0.0453,0.118,THERMAL,NORMAL
2026-03-03 17:04:00,INSAT-3D,42.27,26.47,27.02,90.09,517.01,-66.2,0.0688,0.046,POWER,ANOMALY
2026-03-03 17:05:00,GSAT-30,20.46,28.43,5.7,83.79,575.82,-70.65,0.0495,0.065,THERMAL,NORMAL
2026-03-03 17:06:00,SAT-001,22.91,28.45,5.48,85.8,585.95,-65.13,0.0401,0.062,ATTITUDE,NORMAL
2026-03-03 17:07:00,SAT-002,28.03,28.35,7.64,87.0,564.04,-62.46,0.0327,0.074,POWER,NORMAL
2026-03-03 17:08:00,SAT-003,27.72,27.94,5.78,95.15,505.64,-117.26,0.0472,0.093,COMMUNICATION,ANOMALY
2026-03-03 17:09:00,SAT-004,26.75,28.41,7.67,90.92,622.3,-64.42,0.0421,0.035,BATTERY,NORMAL
2026-03-03 17:10:00,INSAT-3D,23.75,28.24,7.07,78.33,528.21,-74.8,0.0258,0.12,ATTITUDE,NORMAL
2026-03-03 17:11:00,GSAT-30,19.72,28.12,5.76,94.71,504.87,-70.16,0.0379,0.055,COMMUNICATION,NORMAL
2026-03-03 17:12:00,SAT-001,22.02,28.39,6.36,82.3,510.46,-67.62,1.4255,0.678,ATTITUDE,ANOMALY
2026-03-03 17:13:00,SAT-002,30.03,28.44,6.46,89.91,608.62,-70.39,0.051,0.054,COMMUNICATION,NORMAL
2026-03-03 17:14:00,SAT-003,26.85,28.33,6.91,87.34,589.93,-61.83,0.0228,0.068,ATTITUDE,NORMAL
2026-03-03 17:15:00,SAT-004,22.18,28.48,5.56,95.09,563.38,-70.25,0.0306,0.112,COMMUNICATION,NORMAL
2026-03-03 17:16:00,INSAT-3D,22.58,28.16,7.06,87.32,235.76,-70.19,0.0522,4.579,ATTITUDE,ANOMALY
2026-03-03 17:17:00,GSAT-30,26.42,28.44,5.41,83.25,523.4,-63.61,0.0406,0.096,PAYLOAD,NORMAL
2026-03-03 17:18:00,SAT-001,27.79,28.17,5.02,89.94,584.32,-65.66,0.0594,0.085,COMMUNICATION,NORMAL
2026-03-03 17:19:00,SAT-002,19.58,28.07,6.46,92.35,616.83,-71.87,0.0372,0.012,BATTERY,NORMAL
2026-03-03 17:20:00,SAT-003,32.0,25.72,12.23,30.83,544.08,-68.9,0.0497,0.083,BATTERY,ANOMALY
2026-03-03 17:21:00,SAT-004,24.87,28.3,6.64,73.76,536.37,-73.35,0.0557,0.099,COMMUNICATION,NORMAL
2026-03-03 17:22:00,INSAT-3D,20.88,28.32,5.43,88.17,557.52,-66.24,0.0543,0.074,PAYLOAD,NORMAL
2026-03-03 17:23:00,GSAT-30,23.05,28.43,5.19,87.37,555.06,-71.2,0.0513,0.111,ATTITUDE,NORMAL
2026-03-03 17:24:00,SAT-001,68.75,27.5,5.86,99.31,530.19,-67.01,0.0423,0.06,THERMAL,ANOMALY
2026-03-03 17:25:00,SAT-002,22.04,28.05,5.45,90.95,515.71,-69.18,0.0453,0.129,COMMUNICATION,NORMAL
2026-03-03 17:26:00,SAT-003,24.77,28.13,5.33,91.93,552.49,-70.96,0.0266,0.091,ATTITUDE,NORMAL
2026-03-03 17:27:00,SAT-004,28.34,27.93,6.99,90.2,559.89,-69.32,0.032,0.075,COMMUNICATION,NORMAL
2026-03-03 17:28:00,INSAT-3D,26.88,22.62,6.09,81.63,134.18,-65.6,0.027,0.072,POWER,ANOMALY
2026-03-03 17:29:00,GSAT-30,28.32,28.27,6.64,88.85,545.89,-67.0,0.0564,0.046,ATTITUDE,NORMAL
2026-03-03 17:30:00,SAT-001,22.95,28.31,5.84,82.87,525.22,-72.93,0.0301,0.141,ATTITUDE,NORMAL
2026-03-03 17:31:00,SAT-002,28.77,28.41,6.16,90.05,548.6,-69.63,0.0598,0.08,ATTITUDE,NORMAL
2026-03-03 17:32:00,SAT-003,39.18,26.41,22.46,79.11,584.88,-66.07,0.0407,0.097,POWER,ANOMALY
2026-03-03 17:33:00,SAT-004,23.65,27.77,7.26,85.21,574.49,-69.48,0.0307,0.115,THERMAL,NORMAL
2026-03-03 17:34:00,INSAT-3D,18.91,28.53,6.52,86.93,505.02,-69.1,0.0555,0.04,COMMUNICATION,NORMAL
2026-03-03 17:35:00,GSAT-30,24.68,27.98,6.05,84.24,505.76,-72.79,0.0287,0.078,POWER,NORMAL
2026-03-03 17:36:00,SAT-001,19.92,27.95,7.02,89.91,541.1,-107.92,0.0452,0.048,COMMUNICATION,ANOMALY
2026-03-03 17:37:00,SAT-002,23.11,28.04,6.16,93.67,526.84,-77.12,0.0502,0.047,POWER,NORMAL
2026-03-03 17:38:00,SAT-003,19.61,27.69,5.99,93.15,541.8,-71.51,0.0459,0.028,PAYLOAD,NORMAL
2026-03-03 17:39:00,SAT-004,22.53,28.16,5.29,95.54,552.62,-70.07,0.0428,0.128,PAYLOAD,NORMAL
2026-03-03 17:40:00,INSAT-3D,23.15,27.87,5.58,81.59,574.85,-69.68,1.603,0.686,ATTITUDE,ANOMALY
2026-03-03 17:41:00,GSAT-30,27.87,28.28,6.02,92.8,512.45,-70.55,0.0401,0.115,ATTITUDE,NORMAL
2026-03-03 17:42:00,SAT-001,29.14,28.26,6.84,84.2,478.23,-70.77,0.0361,0.052,POWER,NORMAL
2026-03-03 17:43:00,SAT-002,21.05,28.06,4.91,96.94,544.99,-70.39,0.0405,0.01,ATTITUDE,NORMAL
2026-03-03 17:44:00,SAT-003,30.3,28.6,6.59,86.6,221.39,-71.58,0.028,6.451,ATTITUDE,ANOMALY
2026-03-03 17:45:00,SAT-004,25.34,28.14,7.01,92.78,490.32,-65.41,0.0429,0.088,POWER,NORMAL
2026-03-03 17:46:00,INSAT-3D,23.42,28.32,7.26,74.54,555.33,-65.83,0.0245,0.088,THERMAL,NORMAL
2026-03-03 17:47:00,GSAT-30,25.02,28.19,6.38,87.14,516.94,-68.29,0.0601,0.063,PAYLOAD,NORMAL
2026-03-03 17:48:00,SAT-001,38.68,26.12,11.19,40.25,546.94,-66.94,0.0515,0.11,BATTERY,ANOMALY
2026-03-03 17:49:00,SAT-002,31.06,28.35,6.34,86.47,631.18,-66.19,0.0452,0.064,ATTITUDE,NORMAL
2026-03-03 17:50:00,SAT-003,25.3,28.15,6.7,84.94,532.02,-73.85,0.0461,0.083,PAYLOAD,NORMAL
2026-03-03 17:51:00,SAT-004,24.97,27.93,6.14,88.22,553.54,-71.28,0.0556,0.084,PAYLOAD,NORMAL
2026-03-03 17:52:00,INSAT-3D,64.06,27.35,6.44,84.17,567.55,-65.95,0.0377,0.16,THERMAL,ANOMALY
2026-03-03 17:53:00,GSAT-30,26.1,28.07,5.99,86.46,496.55,-65.37,0.0396,0.054,POWER,NORMAL
2026-03-03 17:54:00,SAT-001,16.94,28.21,3.98,87.03,526.8,-66.37,0.0369,0.127,COMMUNICATION,NORMAL
2026-03-03 17:55:00,SAT-002,22.55,28.49,6.12,95.24,559.96,-64.8,0.0421,0.038,POWER,NORMAL
2026-03-03 17:56:00,SAT-003,22.95,20.78,6.64,78.13,246.12,-72.67,0.0496,0.072,POWER,ANOMALY
2026-03-03 17:57:00,SAT-004,21.54,28.27,5.67,91.05,534.96,-64.69,0.042,0.058,BATTERY,NORMAL
2026-03-03 17:58:00,INSAT-3D,27.06,27.97,5.25,94.58,570.53,-66.84,0.0301,0.134,THERMAL,NORMAL
2026-03-03 17:59:00,GSAT-30,24.24,28.41,6.37,93.47,543.85,-69.12,0.0238,0.073,PAYLOAD,NORMAL
2026-03-03 18:00:00,SAT-001,38.0,26.15,22.15,88.52,522.74,-67.47,0.0517,0.079,POWER,ANOMALY
2026-03-03 18:01:00,SAT-002,25.8,28.48,6.3,90.33,528.59,-68.31,0.0355,0.123,THERMAL,NORMAL
2026-03-03 18:02:00,SAT-003,21.43,28.01,4.64,90.75,561.76,-68.4,0.0408,0.048,PAYLOAD,NORMAL
2026-03-03 18:03:00,SAT-004,30.85,28.29,6.25,94.73,553.43,-66.57,0.0393,0.061,COMMUNICATION,NORMAL
2026-03-03 18:04:00,INSAT-3D,22.07,28.02,6.28,86.72,528.9,-107.43,0.0359,0.092,COMMUNICATION,ANOMALY
2026-03-03 18:05:00,GSAT-30,18.3,28.28,6.8,91.1,533.11,-65.25,0.0297,0.077,POWER,NORMAL
2026-03-03 18:06:00,SAT-001,26.58,28.09,6.77,90.52,486.36,-74.77,0.0448,0.015,BATTERY,NORMAL
2026-03-03 18:07:00,SAT-002,31.12,27.59,6.85,84.5,548.91,-63.76,0.0485,0.123,PAYLOAD,NORMAL
2026-03-03 18:08:00,SAT-003,24.52,28.09,7.13,82.8,547.92,-64.45,1.4743,0.633,ATTITUDE,ANOMALY
2026-03-03 18:09:00,SAT-004,22.5,28.11,7.07,97.53,568.36,-65.56,0.03,0.095,POWER,NORMAL
2026-03-03 18:10:00,INSAT-3D,21.79,28.65,6.0,89.43,517.65,-69.24,0.0489,0.07,PAYLOAD,NORMAL
2026-03-03 18:11:00,GSAT-30,26.55,27.98,5.98,90.83,529.45,-68.41,0.0421,0.098,POWER,NORMAL
2026-03-03 18:12:00,SAT-001,25.95,28.1,6.12,80.81,246.56,-66.3,0.0449,12.371,ATTITUDE,ANOMALY
2026-03-03 18:13:00,SAT-002,18.94,28.36,5.24,89.55,526.08,-66.23,0.049,0.073,BATTERY,NORMAL
2026-03-03 18:14:00,SAT-003,26.48,28.02,6.01,84.72,569.08,-70.38,0.0415,0.061,PAYLOAD,NORMAL
2026-03-03 18:15:00,SAT-004,26.68,28.04,6.29,83.76,534.15,-68.16,0.0734,0.041,PAYLOAD,NORMAL
2026-03-03 18:16:00,INSAT-3D,36.93,26.15,13.87,43.39,561.09,-67.33,0.0317,0.086,BATTERY,ANOMALY
2026-03-03 18:17:00,GSAT-30,18.45,28.37,6.64,86.1,583.98,-61.3,0.0271,0.097,PAYLOAD,NORMAL
2026-03-03 18:18:00,SAT-001,22.11,28.06,4.61,77.19,540.48,-63.22,0.0264,0.074,ATTITUDE,NORMAL
2026-03-03 18:19:00,SAT-002,25.83,28.13,5.1,92.92,623.26,-66.52,0.0374,0.087,POWER,NORMAL
2026-03-03 18:20:00,SAT-003,81.66,27.5,5.85,82.47,507.59,-66.89,0.0444,0.115,THERMAL,ANOMALY
2026-03-03 18:21:00,SAT-004,24.55,28.16,6.13,94.76,517.67,-65.62,0.0359,0.055,COMMUNICATION,NORMAL
2026-03-03 18:22:00,INSAT-3D,23.43,28.15,6.24,97.65,558.32,-65.84,0.0394,0.125,BATTERY,NORMAL
2026-03-03 18:23:00,GSAT-30,27.38,27.79,5.37,87.69,555.81,-68.39,0.046,0.098,THERMAL,NORMAL
2026-03-03 18:24:00,SAT-001,22.26,21.49,7.34,83.29,123.28,-65.33,0.0622,0.084,POWER,ANOMALY
2026-03-03 18:25:00,SAT-002,24.2,28.16,5.56,87.79,590.5,-64.01,0.0359,0.118,POWER,NORMAL
2026-03-03 18:26:00,SAT-003,27.83,28.56,6.2,96.24,489.23,-68.28,0.0348,0.054,POWER,NORMAL
2026-03-03 18:27:00,SAT-004,24.1,28.3,5.65,92.77,539.13,-70.56,0.0497,0.076,PAYLOAD,NORMAL
2026-03-03 18:28:00,INSAT-3D,38.0,26.8,21.18,82.73,558.82,-66.49,0.0525,0.063,POWER,ANOMALY
2026-03-03 18:29:00,GSAT-30,18.28,28.05,6.24,99.5,583.74,-71.28,0.0555,0.04,PAYLOAD,NORMAL
2026-03-03 18:30:00,SAT-001,21.73,28.81,6.93,81.04,539.26,-65.59,0.0518,0.104,ATTITUDE,NORMAL
2026-03-03 18:31:00,SAT-002,18.43,28.44,4.74,83.17,524.15,-73.86,0.0318,0.087,PAYLOAD,NORMAL
2026-03-03 18:32:00,SAT-003,24.96,28.12,5.77,85.23,520.24,-117.12,0.043,0.043,COMMUNICATION,ANOMALY
2026-03-03 18:33:00,SAT-004,33.83,28.44,6.1,90.9,466.86,-65.11,0.0352,0.083,PAYLOAD,NORMAL
2026-03-03 18:34:00,INSAT-3D,25.82,28.19,7.91,84.14,575.85,-64.23,0.0317,0.082,COMMUNICATION,NORMAL
2026-03-03 18:35:00,GSAT-30,27.97,28.18,5.68,89.91,560.27,-68.59,0.0528,0.127,ATTITUDE,NORMAL
2026-03-03 18:36:00,SAT-001,19.76,28.56,7.65,87.25,520.62,-72.68,0.8846,0.668,ATTITUDE,ANOMALY
2026-03-03 18:37:00,SAT-002,21.89,28.39,7.76,83.33,512.51,-64.23,0.047,0.073,PAYLOAD,NORMAL
2026-03-03 18:38:00,SAT-003,23.45,28.23,5.96,78.14,542.84,-70.35,0.0291,0.1,POWER,NORMAL
2026-03-03 18:39:00,SAT-004,21.76,28.43,6.96,80.53,553.86,-63.13,0.0485,0.084,BATTERY,NORMAL
2026-03-03 18:40:00,INSAT-3D,24.72,28.37,6.28,87.76,249.71,-66.93,0.057,11.795,ATTITUDE,ANOMALY
2026-03-03 18:41:00,GSAT-30,25.41,27.94,6.79,86.19,504.6,-65.83,0.061,0.102,PAYLOAD,NORMAL
2026-03-03 18:42:00,SAT-001,23.65,28.18,6.71,79.05,480.21,-73.47,0.0449,0.043,ATTITUDE,NORMAL
2026-03-03 18:43:00,SAT-002,24.82,28.01,6.3,87.66,555.84,-63.14,0.0498,0.141,THERMAL,NORMAL
2026-03-03 18:44:00,SAT-003,35.87,25.24,10.75,38.42,498.35,-61.03,0.0377,0.057,BATTERY,ANOMALY
2026-03-03 18:45:00,SAT-004,21.87,28.59,7.41,81.91,556.17,-65.84,0.0444,0.142,POWER,NORMAL
2026-03-03 18:46:00,INSAT-3D,30.66,27.58,7.07,95.74,557.54,-70.03,0.0312,0.151,PAYLOAD,NORMAL
2026-03-03 18:47:00,GSAT-30,26.6,28.4,7.44,82.53,482.62,-67.38,0.0277,0.073,COMMUNICATION,NORMAL
2026-03-03 18:48:00,SAT-001,59.73,27.4,6.51,83.0,575.15,-66.73,0.0403,0.124,THERMAL,ANOMALY
2026-03-03 18:49:00,SAT-002,24.41,27.66,5.71,80.1,527.92,-63.91,0.0578,0.07,THERMAL,NORMAL
2026-03-03 18:50:00,SAT-003,15.42,28.16,6.3,85.27,590.78,-62.62,0.0484,0.093,ATTITUDE,NORMAL
2026-03-03 18:51:00,SAT-004,26.96,28.22,4.76,94.91,546.92,-72.65,0.038,0.074,COMMUNICATION,NORMAL
2026-03-03 18:52:00,INSAT-3D,33.84,19.93,5.95,85.9,136.0,-68.7,0.0405,0.085,POWER,ANOMALY
2026-03-03 18:53:00,GSAT-30,28.56,27.93,5.53,88.54,515.23,-68.7,0.0318,0.054,THERMAL,NORMAL
2026-03-03 18:54:00,SAT-001,25.96,27.97,6.46,86.38,550.21,-64.1,0.0427,0.075,BATTERY,NORMAL
2026-03-03 18:55:00,SAT-002,22.54,27.97,6.5,84.8,523.55,-64.11,0.034,0.127,PAYLOAD,NORMAL
2026-03-03 18:56:00,SAT-003,38.0,26.36,25.61,85.34,567.64,-65.6,0.0456,0.118,POWER,ANOMALY
2026-03-03 18:57:00,SAT-004,24.27,28.05,6.26,88.02,531.36,-67.21,0.0435,0.11,THERMAL,NORMAL
2026-03-03 18:58:00,INSAT-3D,20.75,28.35,6.44,92.5,547.29,-71.22,0.015,0.114,THERMAL,NORMAL
2026-03-03 18:59:00,GSAT-30,24.54,28.0,7.1,90.76,549.02,-68.48,0.0505,0.07,ATTITUDE,NORMAL
2026-03-03 19:00:00,SAT-001,34.31,28.88,5.85,83.7,503.04,-116.9,0.0621,0.076,COMMUNICATION,ANOMALY
2026-03-03 19:01:00,SAT-002,25.21,28.23,4.62,77.74,542.99,-70.7,0.0475,0.109,THERMAL,NORMAL
2026-03-03 19:02:00,SAT-003,25.54,28.1,6.29,83.99,563.75,-68.01,0.0427,0.074,ATTITUDE,NORMAL
2026-03-03 19:03:00,SAT-004,23.41,28.49,5.8,91.7,541.23,-67.81,0.0642,0.026,ATTITUDE,NORMAL
2026-03-03 19:04:00,INSAT-3D,26.4,28.41,6.81,77.67,495.81,-67.17,1.1235,0.664,ATTITUDE,ANOMALY
2026-03-03 19:05:00,GSAT-30,22.59,28.12,6.2,94.59,542.45,-74.51,0.0302,0.163,PAYLOAD,NORMAL
2026-03-03 19:06:00,SAT-001,28.83,28.37,5.69,84.06,572.5,-72.84,0.0295,0.094,ATTITUDE,NORMAL
2026-03-03 19:07:00,SAT-002,25.18,28.22,8.28,91.92,486.08,-71.05,0.0287,0.128,BATTERY,NORMAL
2026-03-03 19:08:00,SAT-003,22.79,28.38,6.89,77.67,232.85,-68.79,0.0292,10.188,ATTITUDE,ANOMALY
2026-03-03 19:09:00,SAT-004,23.81,28.59,5.82,92.21,491.11,-63.94,0.055,0.062,THERMAL,NORMAL
2026-03-03 19:10:00,INSAT-3D,24.25,28.33,6.58,94.07,568.22,-67.54,0.05,0.045,BATTERY,NORMAL
2026-03-03 19:11:00,GSAT-30,28.65,28.01,5.91,83.89,539.46,-70.42,0.0342,0.125,ATTITUDE,NORMAL
2026-03-03 19:12:00,SAT-001,38.05,25.27,13.67,35.36,527.89,-70.27,0.0403,0.079,BATTERY,ANOMALY
2026-03-03 19:13:00,SAT-002,28.5,28.41,6.53,86.3,528.03,-68.09,0.0615,0.114,POWER,NORMAL
2026-03-03 19:14:00,SAT-003,24.03,28.07,6.97,85.81,526.53,-70.62,0.0336,0.051,COMMUNICATION,NORMAL
2026-03-03 19:15:00,SAT-004,25.02,28.59,6.74,92.9,551.89,-72.98,0.047,0.092,POWER,NORMAL
2026-03-03 19:16:00,INSAT-3D,59.21,27.36,4.18,83.33,516.91,-63.79,0.039,0.072,THERMAL,ANOMALY
2026-03-03 19:17:00,GSAT-30,27.52,27.7,7.11,87.94,585.56,-76.24,0.0158,0.071,ATTITUDE,NORMAL
2026-03-03 19:18:00,SAT-001,21.66,28.05,5.97,82.96,550.24,-67.19,0.0512,0.066,POWER,NORMAL
2026-03-03 19:19:00,SAT-002,24.35,28.18,5.42,88.89,602.98,-68.51,0.051,0.06,THERMAL,NORMAL
2026-03-03 19:20:00,SAT-003,28.66,19.52,6.17,87.59,122.56,-66.7,0.0555,0.085,POWER,ANOMALY
2026-03-03 19:21:00,SAT-004,21.92,28.57,6.97,85.97,505.18,-67.41,0.0607,0.067,ATTITUDE,NORMAL
2026-03-03 19:22:00,INSAT-3D,24.54,28.48,5.51,87.13,577.85,-70.43,0.0359,0.102,ATTITUDE,NORMAL
2026-03-03 19:23:00,GSAT-30,25.32,28.35,6.85,85.0,491.42,-69.77,0.0239,0.094,THERMAL,NORMAL
2026-03-03 19:24:00,SAT-001,42.8,26.44,25.17,83.74,591.9,-69.36,0.0562,0.081,POWER,ANOMALY
2026-03-03 19:25:00,SAT-002,25.6,27.82,6.97,81.69,566.99,-67.61,0.0395,0.047,THERMAL,NORMAL
2026-03-03 19:26:00,SAT-003,27.49,28.32,6.98,87.54,511.69,-66.39,0.0518,0.064,BATTERY,NORMAL
2026-03-03 19:27:00,SAT-004,26.78,28.36,7.38,91.48,597.7,-67.91,0.0373,0.077,POWER,NORMAL
2026-03-03 19:28:00,INSAT-3D,26.71,27.93,5.93,82.89,497.05,-112.02,0.0523,0.104,COMMUNICATION,ANOMALY
2026-03-03 19:29:00,GSAT-30,21.09,28.22,8.18,78.9,513.05,-61.48,0.0437,0.077,COMMUNICATION,NORMAL
2026-03-03 19:30:00,SAT-001,26.82,28.25,5.17,81.24,547.63,-62.91,0.0605,0.071,PAYLOAD,NORMAL
2026-03-03 19:31:00,SAT-002,15.0,28.27,6.86,95.35,538.22,-74.46,0.055,0.082,BATTERY,NORMAL
2026-03-03 19:32:00,SAT-003,28.26,28.23,6.94,80.47,495.45,-68.38,0.6846,0.656,ATTITUDE,ANOMALY
2026-03-03 19:33:00,SAT-004,25.42,27.67,5.73,89.33,553.49,-69.33,0.0458,0.049,BATTERY,NORMAL
2026-03-03 19:34:00,INSAT-3D,22.2,28.36,6.55,97.13,531.02,-69.66,0.0381,0.071,BATTERY,NORMAL
2026-03-03 19:35:00,GSAT-30,23.14,28.11,4.66,92.82,558.34,-65.88,0.0496,0.035,COMMUNICATION,NORMAL
2026-03-03 19:36:00,SAT-001,26.69,28.02,5.73,87.5,260.89,-63.52,0.0512,3.849,ATTITUDE,ANOMALY
2026-03-03 19:37:00,SAT-002,22.91,28.17,6.46,96.88,537.4,-65.43,0.0398,0.094,COMMUNICATION,NORMAL
2026-03-03 19:38:00,SAT-003,28.16,28.72,7.25,94.43,510.27,-70.46,0.0291,0.06,THERMAL,NORMAL
2026-03-03 19:39:00,SAT-004,24.82,28.48,7.37,85.1,557.09,-67.78,0.0396,0.076,POWER,NORMAL
2026-03-03 19:40:00,INSAT-3D,32.0,25.7,11.51,45.28,524.43,-66.99,0.0535,0.072,BATTERY,ANOMALY
2026-03-03 19:41:00,GSAT-30,29.81,28.49,6.15,85.26,532.01,-69.57,0.0511,0.111,BATTERY,NORMAL
2026-03-03 19:42:00,SAT-001,29.04,28.46,4.56,86.38,554.21,-65.57,0.0607,0.035,THERMAL,NORMAL
2026-03-03 19:43:00,SAT-002,30.24,28.25,6.21,79.65,574.9,-73.45,0.0612,0.029,BATTERY,NORMAL
2026-03-03 19:44:00,SAT-003,76.43,27.5,7.66,85.47,519.16,-67.54,0.0254,0.113,THERMAL,ANOMALY
2026-03-03 19:45:00,SAT-004,21.65,28.35,6.25,82.77,506.03,-66.56,0.0572,0.088,PAYLOAD,NORMAL
2026-03-03 19:46:00,INSAT-3D,28.89,28.36,6.1,87.15,537.48,-67.68,0.0602,0.112,COMMUNICATION,NORMAL
2026-03-03 19:47:00,GSAT-30,22.11,28.49,6.91,82.81,520.99,-69.84,0.0625,0.034,PAYLOAD,NORMAL
2026-03-03 19:48:00,SAT-001,24.16,21.85,5.34,85.41,116.86,-70.51,0.0398,0.075,POWER,ANOMALY
2026-03-03 19:49:00,SAT-002,24.63,28.64,7.12,80.3,518.66,-73.69,0.0402,0.09,PAYLOAD,NORMAL
2026-03-03 19:50:00,SAT-003,22.41,28.3,6.55,99.44,548.52,-66.4,0.0729,0.09,COMMUNICATION,NORMAL
2026-03-03 19:51:00,SAT-004,21.17,27.96,6.54,92.13,610.53,-68.82,0.042,0.105,COMMUNICATION,NORMAL
2026-03-03 19:52:00,INSAT-3D,39.71,26.62,23.45,81.86,495.32,-68.41,0.0602,0.058,POWER,ANOMALY
2026-03-03 19:53:00,GSAT-30,23.79,28.15,5.83,95.19,549.32,-67.19,0.05,0.039,BATTERY,NORMAL
2026-03-03 19:54:00,SAT-001,18.37,28.22,6.74,83.45,589.21,-70.05,0.0464,0.113,COMMUNICATION,NORMAL
2026-03-03 19:55:00,SAT-002,24.86,28.09,6.39,82.79,578.07,-66.12,0.0477,0.068,ATTITUDE,NORMAL
2026-03-03 19:56:00,SAT-003,30.92,28.04,5.82,83.45,554.81,-124.26,0.0556,0.041,COMMUNICATION,ANOMALY
2026-03-03 19:57:00,SAT-004,28.07,28.34,6.71,78.38,523.84,-68.68,0.0625,0.063,ATTITUDE,NORMAL
2026-03-03 19:58:00,INSAT-3D,18.0,28.16,6.39,87.4,514.8,-64.28,0.0354,0.06,PAYLOAD,NORMAL
2026-03-03 19:59:00,GSAT-30,24.86,27.95,5.59,89.09,608.64,-66.57,0.0496,0.072,PAYLOAD,NORMAL
2026-03-03 20:00:00,SAT-001,20.06,28.14,5.68,90.11,577.16,-70.73,1.3828,0.639,ATTITUDE,ANOMALY
2026-03-03 20:01:00,SAT-002,27.68,28.36,5.06,97.14,513.57,-67.28,0.048,0.128,ATTITUDE,NORMAL
2026-03-03 20:02:00,SAT-003,27.97,28.47,6.85,87.4,556.95,-65.05,0.0273,0.01,BATTERY,NORMAL
2026-03-03 20:03:00,SAT-004,20.06,28.29,6.32,88.62,503.15,-64.89,0.0507,0.045,POWER,NORMAL
2026-03-03 20:04:00,INSAT-3D,32.21,28.14,5.43,81.21,218.13,-63.92,0.0558,4.616,ATTITUDE,ANOMALY
2026-03-03 20:05:00,GSAT-30,20.36,27.9,6.72,84.93,583.91,-67.78,0.0633,0.131,ATTITUDE,NORMAL
2026-03-03 20:06:00,SAT-001,22.83,28.24,6.14,85.74,560.62,-70.12,0.0303,0.116,BATTERY,NORMAL
2026-03-03 20:07:00,SAT-002,26.78,28.43,5.9,92.1,540.11,-64.48,0.0533,0.058,POWER,NORMAL
2026-03-03 20:08:00,SAT-003,35.37,25.77,13.83,29.54,551.13,-65.24,0.0472,0.036,BATTERY,ANOMALY
2026-03-03 20:09:00,SAT-004,25.46,28.21,5.53,80.02,482.44,-68.76,0.0487,0.135,POWER,NORMAL
2026-03-03 20:10:00,INSAT-3D,21.89,27.68,5.77,88.06,545.62,-69.38,0.0347,0.076,THERMAL,NORMAL
2026-03-03 20:11:00,GSAT-30,21.16,28.7,4.99,99.37,536.75,-65.31,0.0476,0.054,THERMAL,NORMAL
2026-03-03 20:12:00,SAT-001,67.57,27.5,6.42,88.64,525.88,-74.6,0.0279,0.079,THERMAL,ANOMALY
2026-03-03 20:13:00,SAT-002,21.24,28.61,5.33,87.73,494.37,-67.94,0.0433,0.011,PAYLOAD,NORMAL
2026-03-03 20:14:00,SAT-003,29.15,28.07,5.95,86.5,560.37,-67.24,0.0467,0.078,ATTITUDE,NORMAL
2026-03-03 20:15:00,SAT-004,25.95,28.27,6.77,89.45,508.87,-70.17,0.0468,0.059,BATTERY,NORMAL
2026-03-03 20:16:00,INSAT-3D,30.14,19.74,5.35,84.55,237.65,-63.93,0.0455,0.098,POWER,ANOMALY
2026-03-03 20:17:00,GSAT-30,23.5,28.19,6.14,86.89,506.62,-64.34,0.0441,0.087,POWER,NORMAL
2026-03-03 20:18:00,SAT-001,27.37,28.08,5.87,91.47,535.92,-68.47,0.0385,0.06,BATTERY,NORMAL
2026-03-03 20:19:00,SAT-002,20.88,28.41,6.17,92.78,596.61,-72.9,0.041,0.077,POWER,NORMAL
2026-03-03 20:20:00,SAT-003,42.54,26.38,26.24,91.42,556.71,-66.47,0.0378,0.113,POWER,ANOMALY
2026-03-03 20:21:00,SAT-004,23.86,28.28,4.11,91.45,519.28,-71.02,0.0289,0.052,ATTITUDE,NORMAL
2026-03-03 20:22:00,INSAT-3D,27.41,28.14,5.34,86.42,539.3,-66.96,0.0474,0.04,THERMAL,NORMAL
2026-03-03 20:23:00,GSAT-30,19.08,28.05,7.13,91.58,539.95,-61.42,0.0461,0.112,ATTITUDE,NORMAL
2026-03-03 20:24:00,SAT-001,24.12,27.33,6.68,87.22,542.37,-123.91,0.0748,0.047,COMMUNICATION,ANOMALY
2026-03-03 20:25:00,SAT-002,27.09,28.24,6.33,88.03,544.66,-71.67,0.0422,0.036,POWER,NORMAL
2026-03-03 20:26:00,SAT-003,21.47,28.26,5.49,91.46,523.09,-68.72,0.0331,0.145,THERMAL,NORMAL
2026-03-03 20:27:00,SAT-004,26.02,28.27,5.34,86.68,548.3,-70.64,0.0331,0.045,ATTITUDE,NORMAL
2026-03-03 20:28:00,INSAT-3D,26.61,28.11,6.38,76.1,532.13,-67.64,1.3585,0.723,ATTITUDE,ANOMALY
2026-03-03 20:29:00,GSAT-30,26.37,28.01,6.63,87.25,538.53,-69.11,0.0457,0.081,BATTERY,NORMAL
2026-03-03 20:30:00,SAT-001,25.45,28.2,5.08,76.69,507.04,-69.59,0.0309,0.078,COMMUNICATION,NORMAL
2026-03-03 20:31:00,SAT-002,25.16,28.23,6.68,90.41,495.29,-64.41,0.0395,0.062,POWER,NORMAL
2026-03-03 20:32:00,SAT-003,27.47,28.46,6.12,84.78,250.8,-70.79,0.017,5.843,ATTITUDE,ANOMALY
2026-03-03 20:33:00,SAT-004,29.0,28.06,7.15,80.68,511.82,-66.77,0.0484,0.118,POWER,NORMAL
2026-03-03 20:34:00,INSAT-3D,26.28,28.46,6.5,85.2,557.77,-66.95,0.0571,0.072,BATTERY,NORMAL
2026-03-03 20:35:00,GSAT-30,29.66,27.98,4.99,92.66,511.49,-72.73,0.0391,0.065,THERMAL,NORMAL
2026-03-03 20:36:00,SAT-001,38.46,25.42,14.2,28.33,533.75,-64.82,0.0583,0.072,BATTERY,ANOMALY
2026-03-03 20:37:00,SAT-002,23.11,27.71,6.22,85.78,567.18,-67.74,0.0597,0.021,BATTERY,NORMAL
2026-03-03 20:38:00,SAT-003,28.39,28.02,6.33,87.05,564.14,-61.37,0.0535,0.06,COMMUNICATION,NORMAL
2026-03-03 20:39:00,SAT-004,23.02,28.39,6.99,98.67,523.28,-70.33,0.0557,0.036,ATTITUDE,NORMAL
2026-03-03 20:40:00,INSAT-3D,63.3,27.5,5.77,81.62,549.39,-67.75,0.0424,0.041,THERMAL,ANOMALY
2026-03-03 20:41:00,GSAT-30,27.96,27.88,4.8,87.85,611.89,-64.38,0.0353,0.095,BATTERY,NORMAL
2026-03-03 20:42:00,SAT-001,23.89,28.3,6.59,90.77,458.26,-70.66,0.0482,0.136,PAYLOAD,NORMAL
2026-03-03 20:43:00,SAT-002,26.52,27.97,4.74,86.12,534.52,-68.71,0.064,0.09,PAYLOAD,NORMAL
2026-03-03 20:44:00,SAT-003,26.77,19.51,6.76,82.78,188.88,-60.59,0.0435,0.081,POWER,ANOMALY
2026-03-03 20:45:00,SAT-004,23.83,28.13,6.56,90.79,544.89,-65.91,0.0342,0.075,COMMUNICATION,NORMAL
2026-03-03 20:46:00,INSAT-3D,32.84,27.8,6.4,78.19,564.88,-65.17,0.045,0.089,BATTERY,NORMAL
2026-03-03 20:47:00,GSAT-30,27.5,28.15,7.18,84.56,528.85,-74.19,0.0729,0.02,POWER,NORMAL
2026-03-03 20:48:00,SAT-001,41.34,26.8,29.41,80.55,516.14,-69.17,0.0398,0.016,POWER,ANOMALY
2026-03-03 20:49:00,SAT-002,28.72,28.33,5.33,88.69,503.04,-68.46,0.0471,0.056,COMMUNICATION,NORMAL
2026-03-03 20:50:00,SAT-003,23.85,28.09,6.68,86.02,555.46,-62.68,0.0702,0.106,THERMAL,NORMAL
2026-03-03 20:51:00,SAT-004,20.58,28.28,5.81,98.6,574.77,-64.52,0.0455,0.089,ATTITUDE,NORMAL
2026-03-03 20:52:00,INSAT-3D,24.97,27.95,5.77,95.68,541.91,-122.92,0.0546,0.159,COMMUNICATION,ANOMALY
2026-03-03 20:53:00,GSAT-30,19.63,28.35,5.3,93.78,465.12,-67.76,0.0503,0.038,COMMUNICATION,NORMAL
2026-03-03 20:54:00,SAT-001,27.98,28.38,5.29,81.95,478.35,-67.07,0.0438,0.05,ATTITUDE,NORMAL
2026-03-03 20:55:00,SAT-002,21.4,28.65,5.23,86.95,585.66,-66.48,0.0301,0.114,POWER,NORMAL
2026-03-03 20:56:00,SAT-003,27.02,28.08,5.27,87.17,525.1,-67.53,1.3154,0.667,ATTITUDE,ANOMALY
2026-03-03 20:57:00,SAT-004,28.69,27.67,6.47,90.46,532.4,-67.97,0.0344,0.075,THERMAL,NORMAL
2026-03-03 20:58:00,INSAT-3D,22.62,27.85,5.17,87.64,500.77,-70.83,0.0352,0.072,POWER,NORMAL
2026-03-03 20:59:00,GSAT-30,27.83,28.16,6.52,89.88,504.91,-70.8,0.0206,0.125,PAYLOAD,NORMAL
2026-03-03 21:00:00,SAT-001,23.99,28.2,6.93,80.14,227.06,-70.76,0.016,7.395,ATTITUDE,ANOMALY
2026-03-03 21:01:00,SAT-002,28.73,28.72,7.45,85.72,535.6,-73.45,0.0462,0.086,POWER,NORMAL
2026-03-03 21:02:00,SAT-003,24.7,28.27,6.56,83.13,521.59,-66.61,0.0433,0.104,COMMUNICATION,NORMAL
2026-03-03 21:03:00,SAT-004,31.23,28.44,6.68,98.65,512.39,-68.05,0.0456,0.117,ATTITUDE,NORMAL
2026-03-03 21:04:00,INSAT-3D,32.0,24.83,14.58,32.58,516.97,-64.36,0.049,0.057,BATTERY,ANOMALY
2026-03-03 21:05:00,GSAT-30,25.75,28.13,6.51,84.82,458.18,-66.28,0.0611,0.097,PAYLOAD,NORMAL
2026-03-03 21:06:00,SAT-001,26.25,28.38,6.27,85.42,588.26,-67.01,0.0325,0.109,ATTITUDE,NORMAL
2026-03-03 21:07:00,SAT-002,22.14,28.32,6.4,78.13,538.05,-71.02,0.0267,0.071,PAYLOAD,NORMAL
2026-03-03 21:08:00,SAT-003,69.16,27.17,5.35,93.89,492.62,-69.01,0.0518,0.109,THERMAL,ANOMALY
2026-03-03 21:09:00,SAT-004,22.93,28.21,5.97,87.75,521.05,-72.02,0.0564,0.097,BATTERY,NORMAL
2026-03-03 21:10:00,INSAT-3D,22.15,28.13,5.02,87.16,563.29,-64.2,0.0438,0.043,POWER,NORMAL
2026-03-03 21:11:00,GSAT-30,26.92,28.22,5.66,82.42,530.79,-70.3,0.0436,0.065,ATTITUDE,NORMAL
2026-03-03 21:12:00,SAT-001,27.26,21.58,6.86,87.21,126.35,-68.36,0.05,0.153,POWER,ANOMALY
2026-03-03 21:13:00,SAT-002,28.08,28.15,5.45,93.8,522.31,-66.07,0.0501,0.084,PAYLOAD,NORMAL
2026-03-03 21:14:00,SAT-003,27.26,28.4,6.63,88.56,583.42,-68.16,0.0449,0.127,PAYLOAD,NORMAL
2026-03-03 21:15:00,SAT-004,26.26,28.39,6.89,93.25,479.07,-68.91,0.0569,0.052,ATTITUDE,NORMAL
2026-03-03 21:16:00,INSAT-3D,41.66,26.8,25.77,88.31,516.57,-67.16,0.0315,0.057,POWER,ANOMALY
2026-03-03 21:17:00,GSAT-30,23.63,28.27,6.9,84.45,545.2,-69.25,0.0473,0.101,POWER,NORMAL
2026-03-03 21:18:00,SAT-001,19.89,28.66,5.91,85.33,581.01,-67.17,0.0605,0.076,ATTITUDE,NORMAL
2026-03-03 21:19:00,SAT-002,16.42,28.57,6.23,97.42,533.29,-67.15,0.0557,0.129,THERMAL,NORMAL
2026-03-03 21:20:00,SAT-003,27.5,28.2,6.52,79.77,518.54,-114.16,0.0588,0.067,COMMUNICATION,ANOMALY
2026-03-03 21:21:00,SAT-004,26.01,28.38,7.52,96.0,549.23,-66.02,0.0333,0.078,ATTITUDE,NORMAL
2026-03-03 21:22:00,INSAT-3D,19.28,28.26,6.59,94.11,525.2,-59.63,0.038,0.046,ATTITUDE,NORMAL
2026-03-03 21:23:00,GSAT-30,24.63,28.36,6.8,88.77,481.75,-67.63,0.0271,0.037,BATTERY,NORMAL
2026-03-03 21:24:00,SAT-001,23.01,28.51,6.94,86.61,504.12,-69.16,1.0976,0.721,ATTITUDE,ANOMALY
2026-03-03 21:25:00,SAT-002,26.64,27.77,6.61,87.51,497.35,-66.17,0.064,0.083,THERMAL,NORMAL
2026-03-03 21:26:00,SAT-003,22.85,28.21,5.52,98.84,492.21,-65.34,0.0419,0.094,ATTITUDE,NORMAL
2026-03-03 21:27:00,SAT-004,27.38,28.22,7.8,97.48,578.51,-72.13,0.0317,0.096,COMMUNICATION,NORMAL
2026-03-03 21:28:00,INSAT-3D,22.5,28.47,7.24,92.8,253.26,-69.16,0.0444,11.894,ATTITUDE,ANOMALY
2026-03-03 21:29:00,GSAT-30,26.34,27.84,6.16,92.86,547.35,-67.58,0.0444,0.039,COMMUNICATION,NORMAL
2026-03-03 21:30:00,SAT-001,29.19,27.99,5.68,96.46,515.66,-68.65,0.0371,0.114,COMMUNICATION,NORMAL
2026-03-03 21:31:00,SAT-002,27.25,27.96,5.48,87.7,564.84,-71.87,0.0166,0.077,COMMUNICATION,NORMAL
2026-03-03 21:32:00,SAT-003,42.66,25.23,12.79,45.95,533.7,-64.72,0.0437,0.044,BATTERY,ANOMALY
2026-03-03 21:33:00,SAT-004,26.21,27.99,6.33,83.71,516.59,-63.14,0.0458,0.041,COMMUNICATION,NORMAL
2026-03-03 21:34:00,INSAT-3D,29.47,28.26,5.93,94.38,512.3,-67.19,0.0445,0.053,ATTITUDE,NORMAL
2026-03-03 21:35:00,GSAT-30,22.54,28.42,6.75,92.63,523.7,-67.69,0.0394,0.091,BATTERY,NORMAL
2026-03-03 21:36:00,SAT-001,64.72,27.5,6.61,93.63,510.2,-67.4,0.046,0.1,THERMAL,ANOMALY
2026-03-03 21:37:00,SAT-002,29.16,28.42,5.0,95.2,495.81,-67.17,0.0415,0.075,PAYLOAD,NORMAL
2026-03-03 21:38:00,SAT-003,29.72,28.21,5.25,91.37,508.92,-70.01,0.039,0.074,POWER,NORMAL
2026-03-03 21:39:00,SAT-004,25.68,28.36,6.79,93.76,591.81,-72.12,0.0499,0.093,POWER,NORMAL
2026-03-03 21:40:00,INSAT-3D,25.78,20.38,7.66,82.06,243.56,-67.94,0.0426,0.136,POWER,ANOMALY
2026-03-03 21:41:00,GSAT-30,25.49,27.89,5.5,98.58,526.91,-68.9,0.0789,0.07,POWER,NORMAL
2026-03-03 21:42:00,SAT-001,27.11,28.28,5.6,96.58,604.57,-67.64,0.0523,0.15,BATTERY,NORMAL
2026-03-03 21:43:00,SAT-002,16.54,28.51,6.43,85.76,508.84,-63.2,0.0322,0.069,PAYLOAD,NORMAL
2026-03-03 21:44:00,SAT-003,39.71,26.8,21.24,81.33,526.8,-65.29,0.0563,0.039,POWER,ANOMALY
2026-03-03 21:45:00,SAT-004,22.29,28.32,7.16,89.78,521.16,-69.86,0.0359,0.054,POWER,NORMAL
2026-03-03 21:46:00,INSAT-3D,29.3,28.08,5.78,87.35,589.86,-64.61,0.0403,0.117,COMMUNICATION,NORMAL
2026-03-03 21:47:00,GSAT-30,21.64,27.86,5.23,91.34,510.46,-69.61,0.0302,0.08,PAYLOAD,NORMAL
2026-03-03 21:48:00,SAT-001,25.29,28.33,6.77,75.27,540.58,-111.77,0.0573,0.055,COMMUNICATION,ANOMALY
2026-03-03 21:49:00,SAT-002,23.28,28.35,5.6,89.75,559.12,-64.75,0.0404,0.047,POWER,NORMAL
2026-03-03 21:50:00,SAT-003,24.95,27.92,7.3,82.42,571.67,-61.94,0.0358,0.065,ATTITUDE,NORMAL
2026-03-03 21:51:00,SAT-004,25.49,28.14,5.28,84.88,610.61,-67.13,0.0305,0.046,POWER,NORMAL
2026-03-03 21:52:00,INSAT-3D,30.67,28.05,6.2,88.96,519.79,-69.6,1.387,0.659,ATTITUDE,ANOMALY
2026-03-03 21:53:00,GSAT-30,25.54,28.34,5.82,89.23,505.84,-65.28,0.0353,0.13,BATTERY,NORMAL
2026-03-03 21:54:00,SAT-001,26.63,28.31,5.86,82.98,539.09,-68.34,0.0477,0.071,COMMUNICATION,NORMAL
2026-03-03 21:55:00,SAT-002,21.42,28.56,5.67,95.8,535.58,-69.01,0.0317,0.086,POWER,NORMAL
2026-03-03 21:56:00,SAT-003,32.76,28.32,6.72,81.67,246.49,-67.53,0.0444,7.533,ATTITUDE,ANOMALY
2026-03-03 21:57:00,SAT-004,26.19,28.25,5.74,87.14,484.24,-65.97,0.0425,0.096,COMMUNICATION,NORMAL
2026-03-03 21:58:00,INSAT-3D,22.63,28.04,7.42,90.84,468.79,-63.84,0.0648,0.127,THERMAL,NORMAL
2026-03-03 21:59:00,GSAT-30,21.97,28.38,7.56,90.37,547.11,-65.32,0.055,0.084,PAYLOAD,NORMAL
2026-03-03 22:00:00,SAT-001,32.0,25.57,13.44,43.02,571.62,-70.8,0.0445,0.053,BATTERY,ANOMALY
2026-03-03 22:01:00,SAT-002,27.69,28.08,5.63,98.01,492.54,-75.36,0.0538,0.069,COMMUNICATION,NORMAL
2026-03-03 22:02:00,SAT-003,30.18,28.68,6.24,94.06,570.59,-68.57,0.0457,0.067,PAYLOAD,NORMAL
2026-03-03 22:03:00,SAT-004,20.17,28.33,5.47,81.46,521.89,-65.74,0.0447,0.113,COMMUNICATION,NORMAL
2026-03-03 22:04:00,INSAT-3D,81.72,27.18,6.61,90.49,515.52,-67.28,0.036,0.073,THERMAL,ANOMALY
2026-03-03 22:05:00,GSAT-30,28.4,28.79,7.58,85.36,516.92,-70.69,0.0669,0.064,THERMAL,NORMAL
2026-03-03 22:06:00,SAT-001,26.84,28.5,6.28,83.48,538.16,-70.9,0.039,0.092,PAYLOAD,NORMAL
2026-03-03 22:07:00,SAT-002,28.12,27.96,6.85,89.58,560.29,-70.3,0.0225,0.039,POWER,NORMAL
2026-03-03 22:08:00,SAT-003,28.65,20.69,7.12,78.87,166.17,-67.12,0.0454,0.085,POWER,ANOMALY
2026-03-03 22:09:00,SAT-004,27.2,28.32,6.26,90.48,518.62,-62.2,0.0257,0.115,COMMUNICATION,NORMAL
2026-03-03 22:10:00,INSAT-3D,26.2,28.24,7.31,92.05,523.73,-64.73,0.0439,0.101,THERMAL,NORMAL
2026-03-03 22:11:00,GSAT-30,26.13,28.35,6.51,79.22,520.32,-69.99,0.0293,0.055,PAYLOAD,NORMAL
2026-03-03 22:12:00,SAT-001,38.0,26.8,23.47,79.36,512.02,-66.99,0.0572,0.077,POWER,ANOMALY
2026-03-03 22:13:00,SAT-002,28.12,28.06,6.41,87.55,513.76,-74.9,0.0343,0.071,PAYLOAD,NORMAL
2026-03-03 22:14:00,SAT-003,23.83,27.98,8.18,85.7,574.57,-69.98,0.0718,0.09,PAYLOAD,NORMAL
2026-03-03 22:15:00,SAT-004,28.1,28.15,7.26,88.31,547.7,-68.07,0.0329,0.092,COMMUNICATION,NORMAL
2026-03-03 22:16:00,INSAT-3D,23.99,28.3,5.83,88.72,543.04,-112.01,0.0522,0.078,COMMUNICATION,ANOMALY
2026-03-03 22:17:00,GSAT-30,16.91,28.05,6.08,94.54,524.81,-70.07,0.0204,0.119,ATTITUDE,NORMAL
2026-03-03 22:18:00,SAT-001,24.92,28.3,5.64,79.88,548.78,-72.4,0.0701,0.114,COMMUNICATION,NORMAL
2026-03-03 22:19:00,SAT-002,31.67,28.29,6.27,84.84,510.49,-70.38,0.0391,0.092,BATTERY,NORMAL
2026-03-03 22:20:00,SAT-003,29.42,27.78,6.15,85.7,536.31,-69.74,0.8062,0.673,ATTITUDE,ANOMALY
2026-03-03 22:21:00,SAT-004,21.44,28.22,5.5,90.59,535.63,-63.99,0.0293,0.088,COMMUNICATION,NORMAL
2026-03-03 22:22:00,INSAT-3D,35.05,28.09,6.58,87.4,548.52,-68.86,0.0588,0.098,COMMUNICATION,NORMAL
2026-03-03 22:23:00,GSAT-30,23.72,28.11,8.17,77.23,494.99,-71.28,0.0665,0.061,POWER,NORMAL
2026-03-03 22:24:00,SAT-001,26.72,28.06,6.98,84.94,241.92,-64.14,0.0494,10.686,ATTITUDE,ANOMALY
2026-03-03 22:25:00,SAT-002,23.86,28.26,6.02,83.59,561.63,-64.28,0.0257,0.146,THERMAL,NORMAL
2026-03-03 22:26:00,SAT-003,25.23,28.17,6.71,87.34,538.23,-66.61,0.0388,0.087,COMMUNICATION,NORMAL
2026-03-03 22:27:00,SAT-004,24.57,28.36,4.91,80.32,551.7,-69.16,0.0331,0.08,THERMAL,NORMAL
2026-03-03 22:28:00,INSAT-3D,34.13,25.37,11.8,43.1,551.57,-68.59,0.0634,0.041,BATTERY,ANOMALY
2026-03-03 22:29:00,GSAT-30,18.08,27.93,5.45,87.15,574.69,-68.82,0.0411,0.056,BATTERY,NORMAL
2026-03-03 22:30:00,SAT-001,20.38,28.18,6.26,97.76,531.69,-65.6,0.0653,0.084,COMMUNICATION,NORMAL
2026-03-03 22:31:00,SAT-002,24.52,28.0,6.38,90.61,623.04,-68.58,0.0552,0.084,COMMUNICATION,NORMAL
2026-03-03 22:32:00,SAT-003,64.74,27.32,5.89,86.92,500.11,-74.01,0.0461,0.055,THERMAL,ANOMALY
2026-03-03 22:33:00,SAT-004,27.74,27.91,6.67,90.27,580.74,-67.9,0.0406,0.039,THERMAL,NORMAL
2026-03-03 22:34:00,INSAT-3D,31.38,28.15,5.62,91.97,519.94,-70.59,0.0533,0.103,BATTERY,NORMAL
2026-03-03 22:35:00,GSAT-30,27.64,28.07,5.05,90.79,546.26,-65.35,0.0386,0.08,POWER,NORMAL
2026-03-03 22:36:00,SAT-001,20.6,20.24,5.43,80.95,193.68,-67.38,0.0365,0.112,POWER,ANOMALY
2026-03-03 22:37:00,SAT-002,29.02,28.72,6.65,78.42,499.26,-66.74,0.037,0.124,POWER,NORMAL
2026-03-03 22:38:00,SAT-003,20.87,27.78,5.68,86.16,529.97,-68.14,0.0658,0.07,BATTERY,NORMAL
2026-03-03 22:39:00,SAT-004,32.53,28.15,7.12,85.19,496.44,-68.6,0.0248,0.09,THERMAL,NORMAL
2026-03-03 22:40:00,INSAT-3D,38.32,26.8,25.86,83.51,532.29,-64.61,0.0553,0.118,POWER,ANOMALY
2026-03-03 22:41:00,GSAT-30,25.5,28.1,5.85,92.92,486.49,-71.18,0.0531,0.078,POWER,NORMAL
2026-03-03 22:42:00,SAT-001,27.44,27.98,5.47,89.8,496.7,-62.8,0.0437,0.079,BATTERY,NORMAL
2026-03-03 22:43:00,SAT-002,25.87,27.91,6.39,85.61,520.7,-69.94,0.0631,0.045,ATTITUDE,NORMAL
2026-03-03 22:44:00,SAT-003,28.03,28.19,5.41,83.51,459.9,-120.03,0.0413,0.113,COMMUNICATION,ANOMALY
2026-03-03 22:45:00,SAT-004,20.99,28.12,6.25,83.6,516.91,-66.39,0.0576,0.036,BATTERY,NORMAL
2026-03-03 22:46:00,INSAT-3D,26.29,27.92,7.4,90.17,528.88,-66.73,0.0379,0.118,THERMAL,NORMAL
2026-03-03 22:47:00,GSAT-30,27.56,28.01,5.36,86.76,538.93,-68.51,0.0441,0.146,BATTERY,NORMAL
2026-03-03 22:48:00,SAT-001,31.12,28.25,6.58,92.26,552.07,-67.2,0.3565,0.654,ATTITUDE,ANOMALY
2026-03-03 22:49:00,SAT-002,24.06,28.19,5.8,79.51,550.53,-65.7,0.0432,0.012,ATTITUDE,NORMAL
2026-03-03 22:50:00,SAT-003,25.39,28.14,6.04,85.59,612.15,-66.35,0.0542,0.096,COMMUNICATION,NORMAL
2026-03-03 22:51:00,SAT-004,27.88,28.33,7.11,92.02,585.8,-73.27,0.0392,0.094,POWER,NORMAL
2026-03-03 22:52:00,INSAT-3D,30.72,28.05,8.07,86.77,228.89,-71.46,0.0524,10.069,ATTITUDE,ANOMALY
2026-03-03 22:53:00,GSAT-30,27.7,28.17,6.21,85.9,509.7,-70.66,0.0406,0.102,THERMAL,NORMAL
2026-03-03 22:54:00,SAT-001,22.39,28.62,5.79,90.92,546.73,-66.74,0.0618,0.088,POWER,NORMAL
2026-03-03 22:55:00,SAT-002,19.71,27.84,5.83,87.35,529.17,-70.51,0.0385,0.1,POWER,NORMAL
2026-03-03 22:56:00,SAT-003,37.58,25.08,11.86,34.64,534.42,-63.69,0.0509,0.081,BATTERY,ANOMALY
2026-03-03 22:57:00,SAT-004,30.15,28.32,6.47,98.09,496.08,-68.14,0.0348,0.069,COMMUNICATION,NORMAL
2026-03-03 22:58:00,INSAT-3D,25.17,27.99,6.5,85.15,582.99,-71.58,0.0433,0.07,POWER,NORMAL
2026-03-03 22:59:00,GSAT-30,29.37,27.99,4.73,91.08,579.87,-69.52,0.0261,0.087,POWER,NORMAL
2026-03-03 23:00:00,SAT-001,62.6,26.84,6.96,81.43,548.36,-61.1,0.0447,0.083,THERMAL,ANOMALY
2026-03-03 23:01:00,SAT-002,20.04,28.4,5.61,83.94,508.44,-64.55,0.0475,0.09,COMMUNICATION,NORMAL
2026-03-03 23:02:00,SAT-003,26.73,28.22,5.07,84.98,536.99,-71.95,0.0488,0.123,POWER,NORMAL
2026-03-03 23:03:00,SAT-004,27.56,28.28,6.42,86.8,545.1,-69.17,0.0418,0.123,POWER,NORMAL
2026-03-03 23:04:00,INSAT-3D,26.13,19.29,5.96,74.0,113.18,-61.41,0.0513,0.049,POWER,ANOMALY
2026-03-03 23:05:00,GSAT-30,23.57,28.49,7.11,92.87,509.98,-62.24,0.0484,0.092,COMMUNICATION,NORMAL
2026-03-03 23:06:00,SAT-001,22.59,28.4,6.76,94.19,568.08,-67.14,0.0373,0.041,BATTERY,NORMAL
2026-03-03 23:07:00,SAT-002,26.85,27.67,6.76,91.04,552.28,-65.18,0.0484,0.098,PAYLOAD,NORMAL
2026-03-03 23:08:00,SAT-003,40.04,26.8,22.55,87.2,516.18,-67.06,0.0448,0.053,POWER,ANOMALY
2026-03-03 23:09:00,SAT-004,29.47,28.57,5.59,92.42,557.78,-60.49,0.0354,0.076,COMMUNICATION,NORMAL
2026-03-03 23:10:00,INSAT-3D,33.04,27.68,6.43,97.24,548.74,-67.98,0.0402,0.056,POWER,NORMAL
2026-03-03 23:11:00,GSAT-30,23.25,27.99,7.23,84.63,523.95,-64.32,0.0367,0.09,COMMUNICATION,NORMAL
2026-03-03 23:12:00,SAT-001,27.23,28.17,6.19,79.37,548.84,-124.33,0.055,0.091,COMMUNICATION,ANOMALY
2026-03-03 23:13:00,SAT-002,28.19,28.15,4.98,93.55,437.7,-69.27,0.0224,0.065,COMMUNICATION,NORMAL
2026-03-03 23:14:00,SAT-003,28.53,28.29,5.99,86.26,561.4,-72.01,0.039,0.014,ATTITUDE,NORMAL
2026-03-03 23:15:00,SAT-004,25.42,28.44,5.77,97.12,496.29,-74.32,0.0659,0.055,BATTERY,NORMAL
2026-03-03 23:16:00,INSAT-3D,23.08,28.05,5.72,89.5,516.05,-71.57,0.4933,0.653,ATTITUDE,ANOMALY
2026-03-03 23:17:00,GSAT-30,25.23,27.75,7.04,84.6,546.96,-68.77,0.0271,0.105,BATTERY,NORMAL
2026-03-03 23:18:00,SAT-001,23.89,28.23,5.53,86.12,531.25,-68.06,0.0469,0.102,POWER,NORMAL
2026-03-03 23:19:00,SAT-002,23.75,27.97,7.31,85.06,511.04,-68.24,0.0389,0.146,ATTITUDE,NORMAL
2026-03-03 23:20:00,SAT-003,29.18,28.02,6.12,74.9,240.35,-70.24,0.0459,10.007,ATTITUDE,ANOMALY
2026-03-03 23:21:00,SAT-004,29.83,27.96,5.71,97.1,554.43,-67.75,0.0431,0.028,PAYLOAD,NORMAL
2026-03-03 23:22:00,INSAT-3D,28.14,28.24,6.22,88.97,512.25,-63.19,0.0518,0.092,THERMAL,NORMAL
2026-03-03 23:23:00,GSAT-30,32.04,27.97,6.92,85.5,541.82,-68.37,0.0506,0.111,COMMUNICATION,NORMAL
2026-03-03 23:24:00,SAT-001,32.66,26.08,11.04,41.71,524.93,-67.67,0.044,0.103,BATTERY,ANOMALY
2026-03-03 23:25:00,SAT-002,19.88,27.74,8.06,92.14,585.39,-72.86,0.0569,0.071,ATTITUDE,NORMAL
2026-03-03 23:26:00,SAT-003,24.41,27.64,4.87,86.69,486.88,-64.57,0.0353,0.072,COMMUNICATION,NORMAL
2026-03-03 23:27:00,SAT-004,29.27,28.38,6.36,89.52,513.3,-70.29,0.0535,0.107,ATTITUDE,NORMAL
2026-03-03 23:28:00,INSAT-3D,72.39,27.26,6.19,80.34,553.05,-73.88,0.023,0.02,THERMAL,ANOMALY
2026-03-03 23:29:00,GSAT-30,28.23,28.1,6.51,94.9,503.34,-64.15,0.0448,0.1,THERMAL,NORMAL
2026-03-03 23:30:00,SAT-001,23.98,28.38,6.68,90.73,480.54,-72.68,0.0434,0.093,PAYLOAD,NORMAL
2026-03-03 23:31:00,SAT-002,28.67,28.32,6.44,88.34,527.46,-74.23,0.0515,0.109,COMMUNICATION,NORMAL
2026-03-03 23:32:00,SAT-003,25.98,19.27,6.1,82.62,241.31,-66.5,0.0319,0.074,POWER,ANOMALY
2026-03-03 23:33:00,SAT-004,28.7,28.05,6.54,93.87,528.13,-73.49,0.0402,0.086,BATTERY,NORMAL
2026-03-03 23:34:00,INSAT-3D,23.76,28.5,5.57,89.21,530.37,-67.43,0.0416,0.105,THERMAL,NORMAL
2026-03-03 23:35:00,GSAT-30,26.49,28.14,7.42,83.86,554.54,-70.51,0.0473,0.069,PAYLOAD,NORMAL
2026-03-03 23:36:00,SAT-001,38.0,26.1,30.0,79.59,496.5,-72.67,0.0344,0.095,POWER,ANOMALY
2026-03-03 23:37:00,SAT-002,22.54,28.63,5.84,88.99,570.76,-67.33,0.0581,0.108,COMMUNICATION,NORMAL
2026-03-03 23:38:00,SAT-003,27.96,28.51,5.86,93.77,598.91,-71.98,0.0392,0.077,POWER,NORMAL
2026-03-03 23:39:00,SAT-004,23.74,27.97,6.32,85.48,498.33,-70.49,0.0623,0.083,PAYLOAD,NORMAL
2026-03-03 23:40:00,INSAT-3D,30.35,28.04,5.34,83.63,579.33,-120.74,0.0276,0.071,COMMUNICATION,ANOMALY
2026-03-03 23:41:00,GSAT-30,31.03,28.25,6.1,88.37,558.57,-64.57,0.0442,0.075,ATTITUDE,NORMAL
2026-03-03 23:42:00,SAT-001,26.41,28.19,5.78,80.56,492.12,-64.1,0.0495,0.074,PAYLOAD,NORMAL
2026-03-03 23:43:00,SAT-002,22.67,28.28,6.21,93.69,626.27,-65.35,0.0436,0.126,THERMAL,NORMAL
2026-03-03 23:44:00,SAT-003,20.91,28.03,6.32,83.61,507.83,-65.91,0.9276,0.676,ATTITUDE,ANOMALY
2026-03-03 23:45:00,SAT-004,30.57,28.25,5.56,86.57,480.22,-67.88,0.0499,0.151,ATTITUDE,NORMAL
2026-03-03 23:46:00,INSAT-3D,27.31,28.1,5.55,94.57,549.58,-70.0,0.0377,0.091,POWER,NORMAL
2026-03-03 23:47:00,GSAT-30,30.21,28.28,6.19,87.66,546.78,-63.0,0.0542,0.049,BATTERY,NORMAL
2026-03-03 23:48:00,SAT-001,24.22,28.57,6.83,75.85,252.75,-69.27,0.038,7.233,ATTITUDE,ANOMALY
2026-03-03 23:49:00,SAT-002,24.43,28.27,6.78,95.9,540.7,-65.57,0.0357,0.036,POWER,NORMAL
2026-03-03 23:50:00,SAT-003,21.64,28.04,5.22,87.62,590.65,-67.11,0.0462,0.036,ATTITUDE,NORMAL
2026-03-03 23:51:00,SAT-004,24.61,28.39,5.45,86.91,537.53,-64.69,0.0454,0.089,POWER,NORMAL
2026-03-03 23:52:00,INSAT-3D,34.47,25.42,12.92,32.31,541.8,-67.63,0.0598,0.108,BATTERY,ANOMALY
2026-03-03 23:53:00,GSAT-30,23.48,28.46,5.11,84.02,532.19,-71.79,0.0266,0.073,ATTITUDE,NORMAL
2026-03-03 23:54:00,SAT-001,21.55,28.14,5.89,88.02,536.56,-63.96,0.0505,0.054,PAYLOAD,NORMAL
2026-03-03 23:55:00,SAT-002,25.44,28.93,5.9,89.54,571.63,-63.2,0.0558,0.125,PAYLOAD,NORMAL
2026-03-03 23:56:00,SAT-003,58.03,27.43,5.64,82.41,519.1,-67.13,0.0503,0.137,THERMAL,ANOMALY
2026-03-03 23:57:00,SAT-004,20.71,27.98,4.85,84.86,496.86,-66.13,0.036,0.088,COMMUNICATION,NORMAL
2026-03-03 23:58:00,INSAT-3D,24.63,28.23,7.05,86.08,499.63,-73.35,0.0529,0.071,PAYLOAD,NORMAL
2026-03-03 23:59:00,GSAT-30,27.35,28.0,6.12,85.7,549.39,-66.26,0.0429,0.083,ATTITUDE,NORMAL
2026-03-04 00:00:00,SAT-001,26.0,22.02,7.54,90.18,116.9,-61.68,0.0491,0.096,POWER,ANOMALY
2026-03-04 00:01:00,SAT-002,29.62,28.22,5.96,83.93,571.59,-69.44,0.0391,0.121,BATTERY,NORMAL
2026-03-04 00:02:00,SAT-003,24.21,27.84,7.11,85.27,552.02,-71.47,0.0509,0.01,BATTERY,NORMAL
2026-03-04 00:03:00,SAT-004,25.41,27.89,6.89,89.25,552.68,-68.84,0.0411,0.096,PAYLOAD,NORMAL
2026-03-04 00:04:00,INSAT-3D,42.77,26.28,20.78,86.33,520.03,-67.63,0.0448,0.099,POWER,ANOMALY
2026-03-04 00:05:00,GSAT-30,26.61,28.7,6.17,87.57,521.96,-68.47,0.0397,0.081,THERMAL,NORMAL
2026-03-04 00:06:00,SAT-001,25.21,28.11,6.37,79.93,506.64,-71.43,0.0556,0.149,THERMAL,NORMAL
2026-03-04 00:07:00,SAT-002,27.73,28.37,5.87,84.55,482.86,-67.27,0.0454,0.044,POWER,NORMAL
2026-03-04 00:08:00,SAT-003,29.81,28.39,6.52,83.16,523.58,-123.27,0.0389,0.102,COMMUNICATION,ANOMALY
2026-03-04 00:09:00,SAT-004,24.43,28.74,5.72,87.57,556.83,-66.13,0.042,0.059,BATTERY,NORMAL
2026-03-04 00:10:00,INSAT-3D,19.96,28.03,6.33,92.66,517.11,-63.25,0.0265,0.069,THERMAL,NORMAL
2026-03-04 00:11:00,GSAT-30,24.07,28.66,7.48,92.44,439.25,-68.68,0.0602,0.105,ATTITUDE,NORMAL
2026-03-04 00:12:00,SAT-001,23.23,28.17,6.98,77.03,484.78,-60.69,1.3069,0.623,ATTITUDE,ANOMALY
2026-03-04 00:13:00,SAT-002,23.45,28.07,5.97,91.35,468.31,-68.14,0.0356,0.053,BATTERY,NORMAL
2026-03-04 00:14:00,SAT-003,22.77,28.47,5.92,99.5,543.55,-67.34,0.0262,0.063,POWER,NORMAL
2026-03-04 00:15:00,SAT-004,20.68,28.2,5.62,94.0,519.74,-67.72,0.0418,0.038,ATTITUDE,NORMAL
2026-03-04 00:16:00,INSAT-3D,29.27,28.41,7.15,87.97,228.25,-70.22,0.0495,11.917,ATTITUDE,ANOMALY
2026-03-04 00:17:00,GSAT-30,26.35,28.44,5.78,93.49,525.32,-67.28,0.0406,0.107,ATTITUDE,NORMAL
2026-03-04 00:18:00,SAT-001,28.68,28.09,4.74,86.93,572.78,-64.44,0.0401,0.094,PAYLOAD,NORMAL
2026-03-04 00:19:00,SAT-002,25.17,28.45,6.6,92.15,460.17,-68.02,0.0341,0.054,POWER,NORMAL
2026-03-04 00:20:00,SAT-003,32.0,24.8,13.23,24.12,517.91,-63.85,0.0357,0.037,BATTERY,ANOMALY
2026-03-04 00:21:00,SAT-004,23.03,28.1,6.76,86.94,524.59,-66.16,0.0634,0.131,POWER,NORMAL
2026-03-04 00:22:00,INSAT-3D,20.9,28.32,6.51,91.57,503.48,-70.48,0.0549,0.107,COMMUNICATION,NORMAL
2026-03-04 00:23:00,GSAT-30,27.84,28.46,6.07,97.5,535.69,-68.68,0.0415,0.084,PAYLOAD,NORMAL
2026-03-04 00:24:00,SAT-001,66.8,27.5,6.07,80.99,534.23,-69.31,0.0338,0.116,THERMAL,ANOMALY
2026-03-04 00:25:00,SAT-002,24.52,28.34,7.74,87.69,570.21,-69.11,0.0504,0.107,PAYLOAD,NORMAL
2026-03-04 00:26:00,SAT-003,21.14,28.3,5.02,98.96,522.1,-64.85,0.0474,0.087,ATTITUDE,NORMAL
2026-03-04 00:27:00,SAT-004,29.54,28.22,6.53,83.86,552.67,-68.48,0.0724,0.063,BATTERY,NORMAL
2026-03-04 00:28:00,INSAT-3D,23.91,21.09,6.32,86.19,119.58,-70.93,0.0461,0.061,POWER,ANOMALY
2026-03-04 00:29:00,GSAT-30,18.24,28.2,6.28,83.81,550.42,-68.39,0.0257,0.101,BATTERY,NORMAL
2026-03-04 00:30:00,SAT-001,19.46,28.55,6.4,92.78,579.19,-66.76,0.0182,0.084,ATTITUDE,NORMAL
2026-03-04 00:31:00,SAT-002,30.56,28.73,6.82,80.05,587.23,-68.8,0.0537,0.083,THERMAL,NORMAL
2026-03-04 00:32:00,SAT-003,41.02,26.71,24.34,89.83,492.26,-73.04,0.0283,0.098,POWER,ANOMALY
2026-03-04 00:33:00,SAT-004,24.25,28.46,6.51,93.25,562.19,-70.04,0.0256,0.058,BATTERY,NORMAL
2026-03-04 00:34:00,INSAT-3D,26.38,28.54,6.17,89.57,552.33,-66.86,0.0281,0.079,BATTERY,NORMAL
2026-03-04 00:35:00,GSAT-30,26.34,28.1,5.49,90.19,540.74,-68.71,0.0514,0.069,COMMUNICATION,NORMAL
2026-03-04 00:36:00,SAT-001,28.37,27.84,5.48,78.4,530.35,-105.3,0.0624,0.131,COMMUNICATION,ANOMALY
2026-03-04 00:37:00,SAT-002,22.02,28.49,5.96,87.75,533.19,-70.14,0.052,0.064,ATTITUDE,NORMAL
2026-03-04 00:38:00,SAT-003,23.67,27.99,4.96,83.84,545.04,-67.15,0.0547,0.111,THERMAL,NORMAL
2026-03-04 00:39:00,SAT-004,29.78,28.36,6.1,99.01,537.74,-70.57,0.0476,0.106,PAYLOAD,NORMAL
2026-03-04 00:40:00,INSAT-3D,27.66,28.04,7.03,76.41,570.84,-65.6,0.4265,0.658,ATTITUDE,ANOMALY
2026-03-04 00:41:00,GSAT-30,28.06,28.51,5.88,85.78,580.49,-70.31,0.0438,0.065,ATTITUDE,NORMAL
2026-03-04 00:42:00,SAT-001,29.84,28.09,6.18,87.03,523.02,-70.59,0.0428,0.051,COMMUNICATION,NORMAL
2026-03-04 00:43:00,SAT-002,31.61,28.01,6.39,93.64,516.93,-65.89,0.023,0.133,POWER,NORMAL
2026-03-04 00:44:00,SAT-003,28.98,28.0,7.16,91.57,221.1,-69.8,0.0585,8.384,ATTITUDE,ANOMALY
2026-03-04 00:45:00,SAT-004,28.12,28.33,6.28,77.49,562.4,-65.81,0.0301,0.045,BATTERY,NORMAL
2026-03-04 00:46:00,INSAT-3D,23.24,28.59,6.92,81.85,549.25,-64.37,0.0362,0.096,PAYLOAD,NORMAL
2026-03-04 00:47:00,GSAT-30,19.24,28.33,5.04,88.0,535.98,-64.66,0.0725,0.068,ATTITUDE,NORMAL
2026-03-04 00:48:00,SAT-001,36.07,24.73,14.58,42.82,542.0,-66.23,0.054,0.107,BATTERY,ANOMALY
2026-03-04 00:49:00,SAT-002,23.07,28.2,5.04,90.9,598.13,-63.71,0.038,0.1,THERMAL,NORMAL
2026-03-04 00:50:00,SAT-003,24.0,28.26,6.8,88.4,560.33,-63.0,0.0417,0.161,BATTERY,NORMAL
2026-03-04 00:51:00,SAT-004,23.09,28.17,4.97,91.12,532.88,-69.86,0.0378,0.056,THERMAL,NORMAL
2026-03-04 00:52:00,INSAT-3D,77.37,26.97,5.42,79.46,511.4,-69.39,0.0245,0.065,THERMAL,ANOMALY
2026-03-04 00:53:00,GSAT-30,25.36,28.16,6.24,87.16,583.29,-70.72,0.0408,0.057,COMMUNICATION,NORMAL
2026-03-04 00:54:00,SAT-001,24.65,27.8,6.5,82.01,551.78,-69.57,0.0427,0.101,PAYLOAD,NORMAL
2026-03-04 00:55:00,SAT-002,28.39,27.85,6.76,89.33,472.04,-69.21,0.0434,0.081,THERMAL,NORMAL
2026-03-04 00:56:00,SAT-003,22.04,22.53,6.0,82.32,207.19,-68.4,0.0481,0.133,POWER,ANOMALY
2026-03-04 00:57:00,SAT-004,24.28,28.14,6.11,77.3,528.55,-66.69,0.0362,0.124,THERMAL,NORMAL
2026-03-04 00:58:00,INSAT-3D,25.3,28.45,4.93,89.25,483.05,-63.78,0.0288,0.11,PAYLOAD,NORMAL
2026-03-04 00:59:00,GSAT-30,23.25,28.78,6.4,84.09,532.36,-67.28,0.0348,0.1,COMMUNICATION,NORMAL
2026-03-04 01:00:00,SAT-001,38.0,26.06,25.19,81.97,534.37,-68.6,0.0537,0.102,POWER,ANOMALY
2026-03-04 01:01:00,SAT-002,23.44,28.12,4.77,72.14,592.37,-68.71,0.0485,0.059,THERMAL,NORMAL
2026-03-04 01:02:00,SAT-003,21.71,28.5,6.12,82.98,574.95,-73.73,0.0434,0.097,POWER,NORMAL
2026-03-04 01:03:00,SAT-004,23.18,28.15,7.02,89.59,552.72,-67.05,0.0508,0.049,PAYLOAD,NORMAL
2026-03-04 01:04:00,INSAT-3D,23.96,28.31,5.92,83.24,538.23,-106.35,0.0535,0.128,COMMUNICATION,ANOMALY
2026-03-04 01:05:00,GSAT-30,28.33,28.04,6.25,84.49,532.45,-68.21,0.0507,0.085,BATTERY,NORMAL
2026-03-04 01:06:00,SAT-001,23.13,27.92,5.79,85.92,538.69,-65.28,0.0596,0.085,BATTERY,NORMAL
2026-03-04 01:07:00,SAT-002,24.13,28.2,5.67,81.44,544.8,-68.5,0.0527,0.058,COMMUNICATION,NORMAL
2026-03-04 01:08:00,SAT-003,19.94,27.42,6.18,85.64,523.03,-69.7,1.2976,0.623,ATTITUDE,ANOMALY
2026-03-04 01:09:00,SAT-004,28.33,28.12,5.65,89.85,550.18,-66.61,0.0634,0.069,ATTITUDE,NORMAL
2026-03-04 01:10:00,INSAT-3D,24.34,28.38,5.65,90.94,543.13,-70.15,0.0233,0.092,COMMUNICATION,NORMAL
2026-03-04 01:11:00,GSAT-30,20.84,28.33,5.36,87.18,509.02,-63.06,0.0561,0.159,PAYLOAD,NORMAL
2026-03-04 01:12:00,SAT-001,27.92,28.29,7.04,77.13,214.43,-65.87,0.0392,6.941,ATTITUDE,ANOMALY
2026-03-04 01:13:00,SAT-002,29.69,28.18,7.9,85.47,586.57,-70.24,0.0553,0.051,COMMUNICATION,NORMAL
2026-03-04 01:14:00,SAT-003,25.21,28.17,5.15,79.93,548.52,-67.89,0.0386,0.054,COMMUNICATION,NORMAL
2026-03-04 01:15:00,SAT-004,21.77,27.94,5.34,81.93,502.34,-65.23,0.0517,0.029,BATTERY,NORMAL
2026-03-04 01:16:00,INSAT-3D,32.97,24.7,11.29,47.09,483.67,-67.49,0.0511,0.051,BATTERY,ANOMALY
2026-03-04 01:17:00,GSAT-30,28.02,28.29,7.05,84.74,559.65,-66.5,0.0558,0.058,THERMAL,NORMAL
2026-03-04 01:18:00,SAT-001,23.66,28.28,7.39,95.63,509.34,-66.22,0.0501,0.108,COMMUNICATION,NORMAL
2026-03-04 01:19:00,SAT-002,23.86,28.39,6.99,91.4,509.09,-72.04,0.0769,0.089,ATTITUDE,NORMAL
2026-03-04 01:20:00,SAT-003,65.58,27.5,5.78,94.84,517.77,-65.42,0.0446,0.034,THERMAL,ANOMALY
2026-03-04 01:21:00,SAT-004,20.23,28.15,5.72,83.99,541.94,-69.11,0.0281,0.063,BATTERY,NORMAL
2026-03-04 01:22:00,INSAT-3D,20.33,28.04,4.56,81.77,589.05,-63.72,0.0301,0.07,BATTERY,NORMAL
2026-03-04 01:23:00,GSAT-30,22.76,28.07,7.1,83.83,569.76,-59.9,0.066,0.01,POWER,NORMAL
2026-03-04 01:24:00,SAT-001,27.48,20.83,5.84,84.57,202.15,-65.14,0.0402,0.137,POWER,ANOMALY
2026-03-04 01:25:00,SAT-002,25.78,27.93,5.94,78.48,543.01,-64.01,0.0235,0.084,BATTERY,NORMAL
2026-03-04 01:26:00,SAT-003,32.4,28.54,6.94,80.68,526.2,-67.23,0.015,0.06,COMMUNICATION,NORMAL
2026-03-04 01:27:00,SAT-004,15.0,28.04,5.93,86.22,449.58,-69.02,0.0608,0.066,POWER,NORMAL
2026-03-04 01:28:00,INSAT-3D,38.0,26.47,20.7,77.38,496.0,-64.63,0.0517,0.064,POWER,ANOMALY
2026-03-04 01:29:00,GSAT-30,27.29,28.37,6.9,92.88,582.02,-66.7,0.0551,0.085,POWER,NORMAL
2026-03-04 01:30:00,SAT-001,30.9,27.52,6.6,78.71,557.89,-70.44,0.0536,0.056,BATTERY,NORMAL
2026-03-04 01:31:00,SAT-002,22.5,28.17,6.34,87.6,571.16,-65.55,0.0477,0.048,THERMAL,NORMAL
2026-03-04 01:32:00,SAT-003,30.39,27.99,6.11,81.16,486.7,-113.03,0.0635,0.043,COMMUNICATION,ANOMALY
2026-03-04 01:33:00,SAT-004,21.24,27.98,7.62,94.98,557.76,-66.17,0.0481,0.078,ATTITUDE,NORMAL
2026-03-04 01:34:00,INSAT-3D,21.38,28.2,6.16,93.41,517.96,-69.51,0.0512,0.104,COMMUNICATION,NORMAL
2026-03-04 01:35:00,GSAT-30,25.25,28.18,6.69,85.67,553.02,-68.52,0.0437,0.055,ATTITUDE,NORMAL
2026-03-04 01:36:00,SAT-001,25.35,28.04,7.4,76.58,556.68,-73.23,0.9151,0.655,ATTITUDE,ANOMALY
2026-03-04 01:37:00,SAT-002,19.99,28.54,6.82,90.52,517.59,-65.57,0.0296,0.013,POWER,NORMAL
2026-03-04 01:38:00,SAT-003,29.85,28.19,5.28,85.79,478.72,-75.84,0.0565,0.054,BATTERY,NORMAL
2026-03-04 01:39:00,SAT-004,28.51,28.08,5.66,77.96,523.95,-58.12,0.042,0.036,POWER,NORMAL
2026-03-04 01:40:00,INSAT-3D,25.46,28.41,6.0,79.42,272.42,-66.88,0.0603,8.469,ATTITUDE,ANOMALY
2026-03-04 01:41:00,GSAT-30,26.67,28.92,6.08,86.3,499.57,-68.9,0.0399,0.096,COMMUNICATION,NORMAL
2026-03-04 01:42:00,SAT-001,19.03,27.89,6.47,82.27,540.97,-65.47,0.0395,0.1,PAYLOAD,NORMAL
2026-03-04 01:43:00,SAT-002,25.16,28.27,4.72,81.01,506.59,-71.91,0.046,0.087,PAYLOAD,NORMAL
2026-03-04 01:44:00,SAT-003,32.0,25.8,13.22,31.53,511.15,-66.54,0.0613,0.103,BATTERY,ANOMALY
2026-03-04 01:45:00,SAT-004,30.28,28.36,5.38,85.83,551.67,-68.49,0.0354,0.071,THERMAL,NORMAL
2026-03-04 01:46:00,INSAT-3D,24.95,27.93,6.99,85.8,537.46,-64.89,0.0435,0.109,THERMAL,NORMAL
2026-03-04 01:47:00,GSAT-30,20.85,28.55,4.47,79.62,484.57,-71.31,0.0398,0.048,PAYLOAD,NORMAL
2026-03-04 01:48:00,SAT-001,64.11,27.5,6.21,88.67,555.85,-67.71,0.0513,0.072,THERMAL,ANOMALY
2026-03-04 01:49:00,SAT-002,29.69,28.29,6.49,85.97,570.5,-68.22,0.0383,0.145,ATTITUDE,NORMAL
2026-03-04 01:50:00,SAT-003,24.88,28.0,7.92,92.58,571.44,-65.1,0.0592,0.093,BATTERY,NORMAL
2026-03-04 01:51:00,SAT-004,27.32,28.13,5.44,90.37,535.37,-69.34,0.0513,0.118,COMMUNICATION,NORMAL
2026-03-04 01:52:00,INSAT-3D,25.54,21.93,5.55,83.89,185.31,-68.06,0.0414,0.102,POWER,ANOMALY
2026-03-04 01:53:00,GSAT-30,30.92,28.35,5.45,88.26,525.16,-68.41,0.0306,0.118,THERMAL,NORMAL
2026-03-04 01:54:00,SAT-001,26.96,28.28,6.57,92.0,561.67,-72.14,0.0416,0.073,COMMUNICATION,NORMAL
2026-03-04 01:55:00,SAT-002,18.0,28.45,5.78,89.64,575.08,-70.82,0.0504,0.041,ATTITUDE,NORMAL
2026-03-04 01:56:00,SAT-003,38.0,26.63,25.02,89.82,485.75,-66.23,0.0408,0.076,POWER,ANOMALY
2026-03-04 01:57:00,SAT-004,30.75,28.26,7.77,98.24,508.58,-69.94,0.0395,0.029,ATTITUDE,NORMAL
2026-03-04 01:58:00,INSAT-3D,23.77,28.29,4.48,94.77,606.66,-65.25,0.0499,0.074,BATTERY,NORMAL
2026-03-04 01:59:00,GSAT-30,27.89,28.06,5.84,83.02,589.46,-66.33,0.0478,0.127,PAYLOAD,NORMAL
2026-03-04 02:00:00,SAT-001,22.33,28.18,5.31,77.96,563.8,-108.3,0.0408,0.068,COMMUNICATION,ANOMALY
2026-03-04 02:01:00,SAT-002,25.61,28.19,6.72,91.85,569.6,-72.03,0.0734,0.079,COMMUNICATION,NORMAL
2026-03-04 02:02:00,SAT-003,26.87,28.14,5.3,87.63,570.46,-66.68,0.0295,0.104,COMMUNICATION,NORMAL
2026-03-04 02:03:00,SAT-004,29.1,28.37,5.39,85.64,544.54,-64.94,0.0328,0.084,POWER,NORMAL
2026-03-04 02:04:00,INSAT-3D,24.97,28.17,5.78,86.05,506.53,-67.71,1.7076,0.711,ATTITUDE,ANOMALY
2026-03-04 02:05:00,GSAT-30,25.53,28.15,5.98,90.37,629.56,-68.15,0.0367,0.076,COMMUNICATION,NORMAL
2026-03-04 02:06:00,SAT-001,24.57,28.23,6.9,86.66,533.6,-65.34,0.0342,0.084,COMMUNICATION,NORMAL
2026-03-04 02:07:00,SAT-002,27.47,28.14,6.41,86.15,535.28,-69.1,0.0481,0.01,PAYLOAD,NORMAL
2026-03-04 02:08:00,SAT-003,25.99,28.15,7.83,86.14,259.96,-70.36,0.0375,3.753,ATTITUDE,ANOMALY
2026-03-04 02:09:00,SAT-004,25.07,28.25,7.19,83.99,565.94,-62.74,0.0584,0.134,POWER,NORMAL
2026-03-04 02:10:00,INSAT-3D,32.19,28.35,6.21,74.21,568.9,-59.02,0.0427,0.056,COMMUNICATION,NORMAL
2026-03-04 02:11:00,GSAT-30,29.19,28.1,6.2,80.1,525.74,-70.47,0.054,0.104,ATTITUDE,NORMAL
2026-03-04 02:12:00,SAT-001,32.11,24.84,14.18,24.03,553.43,-67.88,0.0561,0.086,BATTERY,ANOMALY
2026-03-04 02:13:00,SAT-002,17.82,28.3,5.21,84.22,541.36,-68.56,0.0364,0.126,ATTITUDE,NORMAL
2026-03-04 02:14:00,SAT-003,21.29,28.11,5.58,91.46,581.25,-71.62,0.0253,0.129,ATTITUDE,NORMAL
2026-03-04 02:15:00,SAT-004,24.15,28.22,5.7,85.76,540.08,-68.24,0.0625,0.034,BATTERY,NORMAL
2026-03-04 02:16:00,INSAT-3D,77.97,27.26,6.22,73.11,507.64,-66.44,0.0381,0.066,THERMAL,ANOMALY
2026-03-04 02:17:00,GSAT-30,29.75,28.33,6.24,95.67,551.46,-70.59,0.0465,0.139,PAYLOAD,NORMAL
2026-03-04 02:18:00,SAT-001,33.9,28.06,6.16,81.33,536.13,-71.53,0.0465,0.059,BATTERY,NORMAL
2026-03-04 02:19:00,SAT-002,30.65,28.2,4.63,93.92,583.22,-64.31,0.0399,0.072,THERMAL,NORMAL
2026-03-04 02:20:00,SAT-003,26.41,19.44,6.06,81.23,215.06,-64.37,0.0445,0.1,POWER,ANOMALY
2026-03-04 02:21:00,SAT-004,19.89,27.85,5.99,93.98,540.67,-64.52,0.0252,0.063,PAYLOAD,NORMAL
2026-03-04 02:22:00,INSAT-3D,27.14,28.45,6.61,89.14,571.99,-66.96,0.0444,0.086,ATTITUDE,NORMAL
2026-03-04 02:23:00,GSAT-30,23.25,28.5,5.89,92.04,570.54,-64.37,0.0412,0.072,POWER,NORMAL
2026-03-04 02:24:00,SAT-001,38.93,26.46,30.75,90.0,509.14,-66.47,0.049,0.08,POWER,ANOMALY
2026-03-04 02:25:00,SAT-002,23.16,28.01,6.7,86.93,488.24,-60.22,0.0471,0.117,PAYLOAD,NORMAL
2026-03-04 02:26:00,SAT-003,19.22,28.33,6.38,87.32,568.26,-72.9,0.0242,0.02,THERMAL,NORMAL
2026-03-04 02:27:00,SAT-004,34.6,28.48,6.06,84.03,448.07,-65.98,0.0571,0.102,PAYLOAD,NORMAL
2026-03-04 02:28:00,INSAT-3D,18.94,27.82,6.88,93.93,528.33,-105.77,0.0347,0.086,COMMUNICATION,ANOMALY
2026-03-04 02:29:00,GSAT-30,23.11,28.62,5.95,82.65,503.73,-69.87,0.0494,0.062,BATTERY,NORMAL
2026-03-04 02:30:00,SAT-001,23.87,28.24,6.08,89.0,553.9,-66.26,0.0391,0.1,POWER,NORMAL
2026-03-04 02:31:00,SAT-002,30.68,28.05,5.51,87.98,521.8,-66.21,0.0479,0.136,POWER,NORMAL
2026-03-04 02:32:00,SAT-003,25.12,28.78,7.06,87.65,470.35,-74.42,1.3769,0.686,ATTITUDE,ANOMALY
2026-03-04 02:33:00,SAT-004,34.11,29.0,7.64,84.41,550.91,-69.76,0.0372,0.09,POWER,NORMAL
2026-03-04 02:34:00,INSAT-3D,25.72,28.12,5.34,89.5,504.21,-68.13,0.0406,0.063,PAYLOAD,NORMAL
2026-03-04 02:35:00,GSAT-30,28.62,28.16,4.24,85.05,591.06,-67.53,0.0363,0.05,COMMUNICATION,NORMAL
2026-03-04 02:36:00,SAT-001,27.12,27.99,6.52,81.17,226.45,-69.16,0.0438,11.062,ATTITUDE,ANOMALY
2026-03-04 02:37:00,SAT-002,28.44,28.12,6.79,82.76,598.47,-68.49,0.039,0.061,COMMUNICATION,NORMAL
2026-03-04 02:38:00,SAT-003,18.75,28.3,5.77,93.42,554.47,-67.56,0.0281,0.098,ATTITUDE,NORMAL
2026-03-04 02:39:00,SAT-004,26.15,28.43,5.67,88.06,459.49,-68.01,0.0331,0.051,PAYLOAD,NORMAL
2026-03-04 02:40:00,INSAT-3D,33.88,25.87,11.13,45.27,534.44,-66.82,0.0394,0.078,BATTERY,ANOMALY
2026-03-04 02:41:00,GSAT-30,22.36,28.39,7.0,84.0,591.18,-67.85,0.0511,0.125,ATTITUDE,NORMAL
2026-03-04 02:42:00,SAT-001,22.17,28.21,6.0,89.88,548.26,-68.13,0.0491,0.062,POWER,NORMAL
2026-03-04 02:43:00,SAT-002,25.06,28.57,7.13,91.44,571.86,-68.11,0.0564,0.075,ATTITUDE,NORMAL
2026-03-04 02:44:00,SAT-003,67.77,27.5,6.34,90.27,519.12,-76.07,0.0443,0.025,THERMAL,ANOMALY
2026-03-04 02:45:00,SAT-004,26.98,27.97,6.26,93.01,590.28,-68.2,0.04,0.052,BATTERY,NORMAL
2026-03-04 02:46:00,INSAT-3D,18.48,28.29,6.4,88.63,507.24,-63.94,0.0559,0.087,BATTERY,NORMAL
2026-03-04 02:47:00,GSAT-30,30.79,28.12,7.12,88.9,550.75,-67.97,0.0497,0.055,ATTITUDE,NORMAL
2026-03-04 02:48:00,SAT-001,23.81,20.59,5.1,78.94,252.36,-69.72,0.0445,0.099,POWER,ANOMALY
2026-03-04 02:49:00,SAT-002,24.87,28.14,7.22,82.79,513.6,-71.57,0.0676,0.07,POWER,NORMAL
2026-03-04 02:50:00,SAT-003,26.62,27.86,5.95,91.49,495.33,-69.45,0.0293,0.065,POWER,NORMAL
2026-03-04 02:51:00,SAT-004,30.16,28.3,4.51,89.9,526.94,-64.18,0.0433,0.076,THERMAL,NORMAL
2026-03-04 02:52:00,INSAT-3D,38.0,26.61,31.76,82.15,499.88,-69.26,0.0559,0.129,POWER,ANOMALY
2026-03-04 02:53:00,GSAT-30,27.04,27.95,6.1,91.9,543.81,-69.05,0.0478,0.039,BATTERY,NORMAL
2026-03-04 02:54:00,SAT-001,24.79,28.25,6.28,78.37,506.4,-70.82,0.0396,0.083,POWER,NORMAL
2026-03-04 02:55:00,SAT-002,25.1,28.1,4.54,87.48,572.21,-63.6,0.025,0.111,POWER,NORMAL
2026-03-04 02:56:00,SAT-003,28.4,28.09,5.12,86.66,479.05,-110.54,0.0391,0.054,COMMUNICATION,ANOMALY
2026-03-04 02:57:00,SAT-004,31.82,28.22,6.71,82.75,527.63,-71.35,0.0507,0.081,THERMAL,NORMAL
2026-03-04 02:58:00,INSAT-3D,26.43,28.19,5.36,83.68,551.03,-66.2,0.0306,0.059,BATTERY,NORMAL
2026-03-04 02:59:00,GSAT-30,22.35,28.11,6.52,85.43,536.56,-70.12,0.0509,0.077,COMMUNICATION,NORMAL
2026-03-04 03:00:00,SAT-001,22.31,28.16,6.69,82.94,467.65,-64.24,0.8852,0.698,ATTITUDE,ANOMALY
2026-03-04 03:01:00,SAT-002,30.29,28.09,6.39,91.24,590.07,-72.46,0.0563,0.022,THERMAL,NORMAL
2026-03-04 03:02:00,SAT-003,28.44,28.28,6.2,85.07,495.32,-66.9,0.0546,0.059,BATTERY,NORMAL
2026-03-04 03:03:00,SAT-004,23.57,28.02,7.15,86.4,552.96,-66.36,0.0301,0.077,ATTITUDE,NORMAL
2026-03-04 03:04:00,INSAT-3D,29.94,28.29,6.86,82.88,253.18,-62.14,0.0372,8.763,ATTITUDE,ANOMALY
2026-03-04 03:05:00,GSAT-30,29.24,28.71,6.66,82.19,593.36,-67.06,0.0433,0.051,COMMUNICATION,NORMAL
2026-03-04 03:06:00,SAT-001,24.46,28.03,6.69,89.71,544.98,-70.25,0.0418,0.058,COMMUNICATION,NORMAL
2026-03-04 03:07:00,SAT-002,24.74,28.26,6.24,86.9,513.35,-63.3,0.0382,0.052,ATTITUDE,NORMAL
2026-03-04 03:08:00,SAT-003,34.26,26.11,11.64,41.16,522.61,-67.27,0.0542,0.028,BATTERY,ANOMALY
2026-03-04 03:09:00,SAT-004,23.72,28.09,5.87,80.08,553.38,-67.76,0.0411,0.088,COMMUNICATION,NORMAL
2026-03-04 03:10:00,INSAT-3D,20.24,28.31,5.37,92.56,578.87,-71.7,0.0658,0.113,THERMAL,NORMAL
2026-03-04 03:11:00,GSAT-30,24.75,27.92,6.44,87.33,518.86,-64.27,0.0288,0.137,COMMUNICATION,NORMAL
2026-03-04 03:12:00,SAT-001,81.94,26.99,6.81,85.91,525.39,-69.89,0.0581,0.096,THERMAL,ANOMALY
2026-03-04 03:13:00,SAT-002,27.33,28.2,5.88,87.29,596.09,-64.12,0.0156,0.065,BATTERY,NORMAL
2026-03-04 03:14:00,SAT-003,32.34,28.48,5.67,83.19,543.46,-72.83,0.056,0.1,THERMAL,NORMAL
2026-03-04 03:15:00,SAT-004,28.06,28.45,7.12,87.64,522.73,-67.97,0.0235,0.122,POWER,NORMAL
2026-03-04 03:16:00,INSAT-3D,17.87,20.47,5.71,84.96,210.0,-70.51,0.0206,0.042,POWER,ANOMALY
2026-03-04 03:17:00,GSAT-30,24.75,27.88,6.88,86.64,566.08,-64.98,0.0348,0.068,COMMUNICATION,NORMAL
2026-03-04 03:18:00,SAT-001,24.63,28.67,4.95,94.76,522.53,-65.33,0.0639,0.069,BATTERY,NORMAL
2026-03-04 03:19:00,SAT-002,21.92,27.77,5.36,87.56,513.43,-68.84,0.0354,0.11,ATTITUDE,NORMAL
2026-03-04 03:20:00,SAT-003,39.47,26.8,22.42,83.58,565.51,-66.83,0.0356,0.097,POWER,ANOMALY
2026-03-04 03:21:00,SAT-004,22.72,28.25,7.36,91.49,520.26,-70.12,0.0546,0.01,PAYLOAD,NORMAL
2026-03-04 03:22:00,INSAT-3D,29.6,27.77,6.82,89.98,586.02,-69.89,0.0543,0.047,THERMAL,NORMAL
2026-03-04 03:23:00,GSAT-30,31.7,28.25,6.8,83.97,548.15,-67.18,0.0545,0.061,PAYLOAD,NORMAL
2026-03-04 03:24:00,SAT-001,21.3,28.03,7.35,83.94,544.08,-106.15,0.0554,0.077,COMMUNICATION,ANOMALY
2026-03-04 03:25:00,SAT-002,30.52,28.54,5.94,85.03,508.09,-72.47,0.0338,0.055,PAYLOAD,NORMAL
2026-03-04 03:26:00,SAT-003,24.12,27.61,6.59,85.22,525.66,-66.24,0.0495,0.061,ATTITUDE,NORMAL
2026-03-04 03:27:00,SAT-004,26.97,27.96,7.59,91.16,566.0,-71.18,0.032,0.059,ATTITUDE,NORMAL
2026-03-04 03:28:00,INSAT-3D,28.21,27.85,6.86,92.29,508.79,-70.81,1.3652,0.675,ATTITUDE,ANOMALY
2026-03-04 03:29:00,GSAT-30,25.58,28.19,7.08,91.6,527.2,-65.14,0.0433,0.06,COMMUNICATION,NORMAL
2026-03-04 03:30:00,SAT-001,23.25,28.68,5.48,90.66,615.06,-65.25,0.0521,0.075,ATTITUDE,NORMAL
2026-03-04 03:31:00,SAT-002,15.0,27.96,5.82,90.63,570.41,-66.82,0.0486,0.092,COMMUNICATION,NORMAL
2026-03-04 03:32:00,SAT-003,27.94,28.2,6.33,85.92,254.23,-75.05,0.0221,7.957,ATTITUDE,ANOMALY
2026-03-04 03:33:00,SAT-004,24.74,28.44,8.68,90.39,500.8,-63.53,0.0472,0.143,PAYLOAD,NORMAL
2026-03-04 03:34:00,INSAT-3D,24.7,27.86,5.52,93.96,527.72,-70.19,0.0591,0.097,THERMAL,NORMAL
2026-03-04 03:35:00,GSAT-30,29.12,28.2,5.55,96.57,533.23,-70.17,0.0496,0.098,THERMAL,NORMAL
2026-03-04 03:36:00,SAT-001,35.5,25.0,13.06,41.25,531.7,-69.94,0.0522,0.006,BATTERY,ANOMALY
2026-03-04 03:37:00,SAT-002,27.51,28.2,6.34,82.19,537.73,-70.06,0.0314,0.07,ATTITUDE,NORMAL
2026-03-04 03:38:00,SAT-003,22.84,28.23,5.16,87.07,499.16,-66.55,0.0276,0.077,COMMUNICATION,NORMAL
2026-03-04 03:39:00,SAT-004,21.56,28.48,7.01,94.57,533.43,-69.3,0.0546,0.084,POWER,NORMAL
2026-03-04 03:40:00,INSAT-3D,61.26,26.64,7.11,88.12,529.84,-65.55,0.051,0.059,THERMAL,ANOMALY
2026-03-04 03:41:00,GSAT-30,20.83,28.4,7.43,86.45,540.11,-64.96,0.0424,0.035,COMMUNICATION,NORMAL
2026-03-04 03:42:00,SAT-001,28.29,28.78,6.28,86.81,559.67,-68.55,0.038,0.052,POWER,NORMAL
2026-03-04 03:43:00,SAT-002,20.73,27.77,6.33,90.56,560.27,-72.26,0.0549,0.085,COMMUNICATION,NORMAL
2026-03-04 03:44:00,SAT-003,23.01,20.78,5.79,80.94,191.98,-66.44,0.0339,0.066,POWER,ANOMALY
2026-03-04 03:45:00,SAT-004,23.42,28.19,5.62,86.36,469.85,-70.76,0.0311,0.096,ATTITUDE,NORMAL
2026-03-04 03:46:00,INSAT-3D,23.4,28.18,7.08,95.28,565.15,-65.56,0.0439,0.068,COMMUNICATION,NORMAL
2026-03-04 03:47:00,GSAT-30,26.88,27.96,4.54,89.06,547.89,-62.22,0.0436,0.091,PAYLOAD,NORMAL
2026-03-04 03:48:00,SAT-001,40.33,26.8,27.84,80.91,500.71,-68.84,0.0233,0.079,POWER,ANOMALY
2026-03-04 03:49:00,SAT-002,16.04,28.0,6.51,81.37,496.67,-69.4,0.051,0.11,BATTERY,NORMAL
2026-03-04 03:50:00,SAT-003,24.93,28.27,7.0,86.14,484.59,-69.06,0.0468,0.079,PAYLOAD,NORMAL
2026-03-04 03:51:00,SAT-004,28.62,28.2,6.09,88.65,521.23,-67.58,0.0566,0.107,PAYLOAD,NORMAL
2026-03-04 03:52:00,INSAT-3D,29.45,28.01,6.55,95.89,500.81,-109.91,0.0329,0.083,COMMUNICATION,ANOMALY
2026-03-04 03:53:00,GSAT-30,18.92,28.34,6.2,88.04,625.61,-63.24,0.0455,0.086,COMMUNICATION,NORMAL
2026-03-04 03:54:00,SAT-001,29.29,27.79,6.63,99.5,511.91,-68.27,0.0665,0.09,BATTERY,NORMAL
2026-03-04 03:55:00,SAT-002,26.5,28.04,4.31,91.88,485.74,-66.93,0.0682,0.046,PAYLOAD,NORMAL
2026-03-04 03:56:00,SAT-003,28.21,27.96,7.41,85.33,529.43,-64.38,0.9361,0.656,ATTITUDE,ANOMALY
2026-03-04 03:57:00,SAT-004,25.52,28.51,6.34,91.35,592.72,-72.67,0.0619,0.124,ATTITUDE,NORMAL
2026-03-04 03:58:00,INSAT-3D,28.64,28.05,4.92,92.7,586.34,-70.47,0.0685,0.097,PAYLOAD,NORMAL
2026-03-04 03:59:00,GSAT-30,25.39,28.34,7.16,88.02,609.23,-69.27,0.0545,0.122,ATTITUDE,NORMAL
2026-03-04 04:00:00,SAT-001,25.03,28.38,4.51,90.76,227.61,-63.29,0.0448,7.999,ATTITUDE,ANOMALY
2026-03-04 04:01:00,SAT-002,25.7,28.79,6.21,86.38,564.18,-64.3,0.0562,0.097,COMMUNICATION,NORMAL
2026-03-04 04:02:00,SAT-003,21.14,28.04,5.99,88.82,544.01,-68.07,0.049,0.043,POWER,NORMAL
2026-03-04 04:03:00,SAT-004,22.44,28.27,6.32,87.02,492.69,-68.8,0.0585,0.031,BATTERY,NORMAL
2026-03-04 04:04:00,INSAT-3D,32.36,25.27,11.29,45.54,510.79,-70.57,0.0452,0.033,BATTERY,ANOMALY
2026-03-04 04:05:00,GSAT-30,30.43,28.16,6.45,78.16,546.78,-67.74,0.015,0.089,POWER,NORMAL
2026-03-04 04:06:00,SAT-001,20.67,28.04,6.71,93.95,535.23,-63.23,0.0543,0.144,COMMUNICATION,NORMAL
2026-03-04 04:07:00,SAT-002,32.78,28.53,6.35,86.17,519.47,-67.67,0.0382,0.063,COMMUNICATION,NORMAL
2026-03-04 04:08:00,SAT-003,73.67,27.1,4.52,82.08,573.56,-72.88,0.0326,0.061,THERMAL,ANOMALY
2026-03-04 04:09:00,SAT-004,25.34,27.76,6.1,87.8,531.55,-68.5,0.0434,0.089,POWER,NORMAL
2026-03-04 04:10:00,INSAT-3D,30.01,27.54,7.46,85.5,515.53,-67.55,0.0416,0.07,COMMUNICATION,NORMAL
2026-03-04 04:11:00,GSAT-30,25.36,27.96,7.12,75.69,483.94,-71.6,0.0255,0.07,POWER,NORMAL
2026-03-04 04:12:00,SAT-001,24.74,19.34,4.97,82.32,250.51,-70.79,0.0285,0.101,POWER,ANOMALY
2026-03-04 04:13:00,SAT-002,29.11,28.35,7.19,82.72,522.37,-68.78,0.037,0.046,ATTITUDE,NORMAL
2026-03-04 04:14:00,SAT-003,27.82,27.89,6.89,89.07,547.53,-67.27,0.044,0.078,PAYLOAD,NORMAL
2026-03-04 04:15:00,SAT-004,19.18,28.38,5.1,83.08,530.42,-66.11,0.0508,0.07,POWER,NORMAL
2026-03-04 04:16:00,INSAT-3D,38.0,26.8,20.55,89.1,544.52,-63.49,0.0344,0.091,POWER,ANOMALY
2026-03-04 04:17:00,GSAT-30,27.72,28.32,7.17,88.41,589.16,-64.85,0.0372,0.104,PAYLOAD,NORMAL
2026-03-04 04:18:00,SAT-001,20.87,27.74,6.21,94.05,641.85,-69.82,0.0472,0.049,POWER,NORMAL
2026-03-04 04:19:00,SAT-002,26.66,27.79,5.79,92.19,546.72,-69.87,0.0259,0.077,THERMAL,NORMAL
2026-03-04 04:20:00,SAT-003,28.57,28.41,7.93,81.73,490.49,-115.16,0.0471,0.08,COMMUNICATION,ANOMALY
2026-03-04 04:21:00,SAT-004,22.49,28.02,5.35,91.77,526.64,-68.4,0.0393,0.149,POWER,NORMAL
2026-03-04 04:22:00,INSAT-3D,27.68,28.21,6.22,73.46,517.02,-69.84,0.0437,0.052,ATTITUDE,NORMAL
2026-03-04 04:23:00,GSAT-30,23.76,28.29,6.07,89.88,518.37,-68.36,0.0292,0.068,BATTERY,NORMAL
2026-03-04 04:24:00,SAT-001,24.74,27.77,6.55,93.1,508.7,-64.5,1.0069,0.621,ATTITUDE,ANOMALY
2026-03-04 04:25:00,SAT-002,24.63,28.27,5.79,89.84,488.92,-69.05,0.015,0.073,PAYLOAD,NORMAL
2026-03-04 04:26:00,SAT-003,25.54,28.4,6.38,81.62,520.54,-68.24,0.0411,0.074,POWER,NORMAL
2026-03-04 04:27:00,SAT-004,20.6,28.31,7.37,86.05,520.3,-65.4,0.0322,0.129,BATTERY,NORMAL
2026-03-04 04:28:00,INSAT-3D,25.77,28.31,6.53,72.47,237.61,-69.15,0.0489,12.203,ATTITUDE,ANOMALY
2026-03-04 04:29:00,GSAT-30,27.76,28.13,6.05,89.37,525.49,-67.21,0.0594,0.092,BATTERY,NORMAL
2026-03-04 04:30:00,SAT-001,21.51,28.47,6.89,88.39,524.37,-65.56,0.0569,0.068,COMMUNICATION,NORMAL
2026-03-04 04:31:00,SAT-002,23.8,28.22,6.87,89.01,498.68,-71.37,0.0454,0.03,COMMUNICATION,NORMAL
2026-03-04 04:32:00,SAT-003,36.88,25.55,10.78,38.38,514.66,-67.15,0.051,0.124,BATTERY,ANOMALY
2026-03-04 04:33:00,SAT-004,20.82,28.1,7.4,91.28,546.08,-62.15,0.0619,0.056,COMMUNICATION,NORMAL
2026-03-04 04:34:00,INSAT-3D,26.05,28.31,6.27,84.86,475.94,-71.25,0.0443,0.097,POWER,NORMAL
2026-03-04 04:35:00,GSAT-30,26.39,27.92,5.14,93.51,523.58,-66.36,0.0409,0.024,PAYLOAD,NORMAL
2026-03-04 04:36:00,SAT-001,81.03,27.5,6.94,80.24,551.4,-67.18,0.0379,0.072,THERMAL,ANOMALY
2026-03-04 04:37:00,SAT-002,28.75,28.34,5.97,87.69,531.61,-64.0,0.0502,0.096,ATTITUDE,NORMAL
2026-03-04 04:38:00,SAT-003,23.39,28.17,6.11,92.15,546.43,-64.91,0.0371,0.08,POWER,NORMAL
2026-03-04 04:39:00,SAT-004,24.29,27.95,6.47,92.45,506.79,-64.6,0.0396,0.064,ATTITUDE,NORMAL
2026-03-04 04:40:00,INSAT-3D,29.39,22.0,5.38,88.72,196.24,-64.41,0.0533,0.028,POWER,ANOMALY
2026-03-04 04:41:00,GSAT-30,23.14,28.26,6.68,86.35,479.64,-65.28,0.0396,0.099,COMMUNICATION,NORMAL
2026-03-04 04:42:00,SAT-001,27.26,28.1,5.96,96.64,560.94,-67.03,0.055,0.123,COMMUNICATION,NORMAL
2026-03-04 04:43:00,SAT-002,21.66,28.3,6.56,85.1,550.68,-68.17,0.023,0.073,COMMUNICATION,NORMAL
2026-03-04 04:44:00,SAT-003,40.17,26.8,28.83,86.93,535.17,-66.4,0.0385,0.078,POWER,ANOMALY
2026-03-04 04:45:00,SAT-004,27.77,28.34,6.98,81.88,589.15,-66.82,0.0479,0.058,COMMUNICATION,NORMAL
2026-03-04 04:46:00,INSAT-3D,21.65,28.18,6.47,80.09,555.03,-70.88,0.0348,0.064,COMMUNICATION,NORMAL
2026-03-04 04:47:00,GSAT-30,27.52,28.41,6.61,77.3,498.79,-65.32,0.0687,0.091,COMMUNICATION,NORMAL
2026-03-04 04:48:00,SAT-001,30.17,27.96,6.0,88.35,505.99,-111.85,0.0525,0.058,COMMUNICATION,ANOMALY
2026-03-04 04:49:00,SAT-002,23.02,27.87,6.23,93.54,494.89,-63.8,0.0596,0.092,BATTERY,NORMAL
2026-03-04 04:50:00,SAT-003,27.66,28.44,6.6,80.56,501.98,-64.98,0.0519,0.076,POWER,NORMAL
2026-03-04 04:51:00,SAT-004,23.45,28.41,5.84,90.65,561.71,-70.09,0.0393,0.074,POWER,NORMAL
2026-03-04 04:52:00,INSAT-3D,21.12,28.34,7.68,78.7,549.75,-66.97,1.301,0.741,ATTITUDE,ANOMALY
2026-03-04 04:53:00,GSAT-30,23.68,27.8,6.24,90.04,569.52,-73.23,0.0564,0.102,PAYLOAD,NORMAL
2026-03-04 04:54:00,SAT-001,25.24,27.94,6.15,86.42,545.32,-68.13,0.0547,0.074,THERMAL,NORMAL
2026-03-04 04:55:00,SAT-002,24.41,28.09,5.19,89.09,577.1,-63.71,0.0478,0.038,PAYLOAD,NORMAL
2026-03-04 04:56:00,SAT-003,24.59,28.55,7.16,79.83,265.18,-71.25,0.0411,3.069,ATTITUDE,ANOMALY
2026-03-04 04:57:00,SAT-004,32.38,27.94,5.39,80.24,573.95,-65.12,0.0498,0.119,POWER,NORMAL
2026-03-04 04:58:00,INSAT-3D,28.29,28.21,7.35,73.84,559.92,-66.56,0.0346,0.09,COMMUNICATION,NORMAL
2026-03-04 04:59:00,GSAT-30,24.49,28.45,6.08,85.74,484.45,-67.49,0.0416,0.044,ATTITUDE,NORMAL
2026-03-04 05:00:00,SAT-001,35.8,25.01,11.0,31.73,543.88,-67.76,0.0423,0.066,BATTERY,ANOMALY
2026-03-04 05:01:00,SAT-002,29.29,28.29,6.44,96.58,615.87,-68.98,0.0416,0.12,BATTERY,NORMAL
2026-03-04 05:02:00,SAT-003,21.38,28.46,6.05,88.69,599.47,-67.18,0.0471,0.109,PAYLOAD,NORMAL
2026-03-04 05:03:00,SAT-004,26.53,28.34,6.24,90.82,551.0,-70.67,0.0526,0.051,POWER,NORMAL
2026-03-04 05:04:00,INSAT-3D,73.13,27.46,4.37,81.66,520.6,-64.03,0.0428,0.138,THERMAL,ANOMALY
2026-03-04 05:05:00,GSAT-30,27.27,27.97,6.13,87.48,578.04,-72.33,0.0675,0.023,PAYLOAD,NORMAL
2026-03-04 05:06:00,SAT-001,25.16,28.26,6.74,90.77,583.21,-64.96,0.0622,0.118,COMMUNICATION,NORMAL
2026-03-04 05:07:00,SAT-002,22.93,27.99,6.91,87.44,492.4,-74.28,0.0708,0.05,ATTITUDE,NORMAL
2026-03-04 05:08:00,SAT-003,23.94,23.09,5.53,87.66,110.09,-61.66,0.0405,0.08,POWER,ANOMALY
2026-03-04 05:09:00,SAT-004,20.25,28.56,6.36,91.1,495.53,-63.55,0.048,0.134,ATTITUDE,NORMAL
2026-03-04 05:10:00,INSAT-3D,16.74,28.02,5.66,98.1,559.26,-68.64,0.0367,0.1,ATTITUDE,NORMAL
2026-03-04 05:11:00,GSAT-30,28.75,28.48,5.84,88.56,585.57,-66.91,0.0625,0.027,POWER,NORMAL
2026-03-04 05:12:00,SAT-001,38.0,26.6,26.03,85.0,507.86,-68.33,0.0502,0.071,POWER,ANOMALY
2026-03-04 05:13:00,SAT-002,23.94,28.49,7.35,93.84,511.78,-64.43,0.057,0.046,POWER,NORMAL
2026-03-04 05:14:00,SAT-003,25.44,28.62,7.75,95.92,521.81,-67.47,0.0628,0.104,COMMUNICATION,NORMAL
2026-03-04 05:15:00,SAT-004,22.48,27.96,6.75,85.67,558.69,-67.49,0.031,0.106,ATTITUDE,NORMAL
2026-03-04 05:16:00,INSAT-3D,29.49,28.48,6.67,84.53,511.66,-118.01,0.0612,0.06,COMMUNICATION,ANOMALY
2026-03-04 05:17:00,GSAT-30,26.2,27.5,5.54,90.51,569.67,-68.93,0.0517,0.077,THERMAL,NORMAL
2026-03-04 05:18:00,SAT-001,31.18,28.05,6.44,93.02,507.35,-67.47,0.0675,0.07,POWER,NORMAL
2026-03-04 05:19:00,SAT-002,27.7,28.39,5.63,80.75,522.89,-64.46,0.0334,0.054,BATTERY,NORMAL
2026-03-04 05:20:00,SAT-003,22.82,28.07,6.83,88.39,492.14,-64.96,1.2459,0.671,ATTITUDE,ANOMALY
2026-03-04 05:21:00,SAT-004,25.79,28.23,5.73,98.97,631.66,-68.79,0.0555,0.108,POWER,NORMAL
2026-03-04 05:22:00,INSAT-3D,19.96,28.27,7.37,90.33,463.52,-74.26,0.0666,0.062,POWER,NORMAL
2026-03-04 05:23:00,GSAT-30,22.28,27.83,5.46,87.2,588.61,-69.45,0.0275,0.08,COMMUNICATION,NORMAL
2026-03-04 05:24:00,SAT-001,29.67,28.2,6.66,84.86,235.66,-60.8,0.0581,7.813,ATTITUDE,ANOMALY
2026-03-04 05:25:00,SAT-002,24.05,28.13,5.31,85.46,613.95,-67.93,0.0487,0.137,PAYLOAD,NORMAL
2026-03-04 05:26:00,SAT-003,23.79,28.54,5.18,88.71,566.56,-68.32,0.0525,0.1,ATTITUDE,NORMAL
2026-03-04 05:27:00,SAT-004,24.37,28.35,6.29,86.08,504.7,-69.2,0.0472,0.097,ATTITUDE,NORMAL
2026-03-04 05:28:00,INSAT-3D,34.87,25.09,13.52,42.12,496.15,-65.05,0.05,0.024,BATTERY,ANOMALY
2026-03-04 05:29:00,GSAT-30,26.13,27.95,6.59,84.9,551.93,-68.37,0.0412,0.15,PAYLOAD,NORMAL
2026-03-04 05:30:00,SAT-001,27.49,27.89,4.8,93.66,544.4,-67.4,0.0498,0.088,BATTERY,NORMAL
2026-03-04 05:31:00,SAT-002,29.15,27.95,6.39,92.99,547.71,-69.57,0.0451,0.109,POWER,NORMAL
2026-03-04 05:32:00,SAT-003,69.86,27.4,7.42,87.57,493.91,-66.11,0.0545,0.043,THERMAL,ANOMALY
2026-03-04 05:33:00,SAT-004,22.23,28.34,6.2,85.34,522.15,-67.47,0.0609,0.041,ATTITUDE,NORMAL
2026-03-04 05:34:00,INSAT-3D,27.87,28.27,6.89,95.02,560.85,-69.62,0.0334,0.085,PAYLOAD,NORMAL
2026-03-04 05:35:00,GSAT-30,29.24,28.19,6.44,84.64,516.43,-65.36,0.0598,0.113,ATTITUDE,NORMAL
2026-03-04 05:36:00,SAT-001,27.85,21.65,5.35,82.16,175.5,-67.79,0.0528,0.07,POWER,ANOMALY
2026-03-04 05:37:00,SAT-002,25.52,28.48,7.48,82.18,529.6,-65.13,0.0435,0.068,THERMAL,NORMAL
2026-03-04 05:38:00,SAT-003,33.33,28.23,7.02,92.82,602.22,-66.32,0.0349,0.089,THERMAL,NORMAL
2026-03-04 05:39:00,SAT-004,21.37,28.4,5.29,85.33,587.45,-68.02,0.0505,0.019,COMMUNICATION,NORMAL
2026-03-04 05:40:00,INSAT-3D,38.0,26.78,27.65,88.94,510.99,-64.56,0.0404,0.081,POWER,ANOMALY
2026-03-04 05:41:00,GSAT-30,23.98,27.76,6.27,90.9,520.78,-67.21,0.0463,0.111,COMMUNICATION,NORMAL
2026-03-04 05:42:00,SAT-001,34.16,28.2,5.95,84.86,561.51,-68.38,0.0349,0.054,BATTERY,NORMAL
2026-03-04 05:43:00,SAT-002,24.79,27.79,7.71,76.38,545.06,-72.02,0.0283,0.053,COMMUNICATION,NORMAL
2026-03-04 05:44:00,SAT-003,22.69,28.28,5.48,90.2,569.98,-121.13,0.0297,0.057,COMMUNICATION,ANOMALY
2026-03-04 05:45:00,SAT-004,26.1,28.0,5.69,86.99,555.74,-65.74,0.0517,0.097,POWER,NORMAL
2026-03-04 05:46:00,INSAT-3D,27.63,27.9,6.77,89.19,510.04,-66.47,0.0364,0.097,BATTERY,NORMAL
2026-03-04 05:47:00,GSAT-30,22.99,28.31,6.92,89.47,552.49,-66.54,0.0374,0.06,COMMUNICATION,NORMAL
2026-03-04 05:48:00,SAT-001,28.33,28.02,6.77,78.59,523.59,-63.48,1.1832,0.716,ATTITUDE,ANOMALY
2026-03-04 05:49:00,SAT-002,26.06,27.99,6.88,81.56,504.83,-68.34,0.0355,0.059,PAYLOAD,NORMAL
2026-03-04 05:50:00,SAT-003,27.13,28.19,6.99,90.32,541.1,-66.88,0.0594,0.1,PAYLOAD,NORMAL
2026-03-04 05:51:00,SAT-004,20.48,28.28,5.42,85.32,555.27,-65.13,0.0687,0.023,COMMUNICATION,NORMAL
2026-03-04 05:52:00,INSAT-3D,23.42,27.64,5.49,87.62,238.11,-72.81,0.0483,8.958,ATTITUDE,ANOMALY
2026-03-04 05:53:00,GSAT-30,26.82,28.34,5.79,91.83,604.69,-69.47,0.037,0.075,BATTERY,NORMAL
2026-03-04 05:54:00,SAT-001,22.87,28.15,6.95,80.0,511.34,-67.34,0.0557,0.094,THERMAL,NORMAL
2026-03-04 05:55:00,SAT-002,29.71,28.48,4.13,90.46,566.98,-65.22,0.0493,0.081,THERMAL,NORMAL
2026-03-04 05:56:00,SAT-003,33.62,24.98,13.56,35.42,551.44,-65.52,0.0393,0.096,BATTERY,ANOMALY
2026-03-04 05:57:00,SAT-004,24.71,28.42,5.71,83.17,529.09,-65.07,0.0526,0.083,COMMUNICATION,NORMAL
2026-03-04 05:58:00,INSAT-3D,20.99,28.4,5.38,96.12,528.7,-68.48,0.0326,0.069,PAYLOAD,NORMAL
2026-03-04 05:59:00,GSAT-30,28.67,28.24,5.98,86.0,531.84,-63.03,0.0631,0.131,POWER,NORMAL
2026-03-04 06:00:00,SAT-001,81.62,27.19,6.56,82.01,556.85,-68.47,0.0408,0.068,THERMAL,ANOMALY
2026-03-04 06:01:00,SAT-002,25.6,28.59,6.43,84.58,524.64,-69.82,0.0567,0.119,PAYLOAD,NORMAL
2026-03-04 06:02:00,SAT-003,31.79,28.32,6.65,86.34,546.3,-66.95,0.0428,0.12,POWER,NORMAL
2026-03-04 06:03:00,SAT-004,26.39,28.37,6.22,88.4,563.81,-68.11,0.0618,0.055,BATTERY,NORMAL
2026-03-04 06:04:00,INSAT-3D,29.65,22.58,8.17,76.28,142.78,-69.99,0.054,0.107,POWER,ANOMALY
2026-03-04 06:05:00,GSAT-30,27.45,27.76,5.03,85.08,525.78,-67.1,0.0702,0.067,THERMAL,NORMAL
2026-03-04 06:06:00,SAT-001,26.92,28.39,6.85,89.26,526.73,-66.5,0.0414,0.107,BATTERY,NORMAL
2026-03-04 06:07:00,SAT-002,28.3,28.11,6.08,90.81,583.56,-67.4,0.0319,0.073,POWER,NORMAL
2026-03-04 06:08:00,SAT-003,38.0,26.15,19.38,88.29,532.78,-70.51,0.0471,0.111,POWER,ANOMALY
2026-03-04 06:09:00,SAT-004,32.46,28.0,6.96,91.42,609.28,-65.88,0.0522,0.106,COMMUNICATION,NORMAL
2026-03-04 06:10:00,INSAT-3D,25.47,28.44,6.39,91.25,528.29,-67.0,0.0327,0.106,THERMAL,NORMAL
2026-03-04 06:11:00,GSAT-30,24.31,28.47,6.79,88.51,569.44,-70.34,0.0273,0.075,ATTITUDE,NORMAL
2026-03-04 06:12:00,SAT-001,27.31,28.46,6.57,80.49,569.13,-117.97,0.0489,0.095,COMMUNICATION,ANOMALY
2026-03-04 06:13:00,SAT-002,27.27,28.21,6.37,97.26,539.3,-70.1,0.0242,0.059,PAYLOAD,NORMAL
2026-03-04 06:14:00,SAT-003,26.99,28.27,6.6,94.14,538.15,-66.87,0.0413,0.08,COMMUNICATION,NORMAL
2026-03-04 06:15:00,SAT-004,28.26,28.51,5.88,87.56,502.26,-69.82,0.0474,0.059,PAYLOAD,NORMAL
2026-03-04 06:16:00,INSAT-3D,26.7,28.06,6.62,88.36,547.79,-66.74,0.5964,0.624,ATTITUDE,ANOMALY
2026-03-04 06:17:00,GSAT-30,28.03,28.09,6.72,93.81,532.65,-63.88,0.041,0.094,COMMUNICATION,NORMAL
2026-03-04 06:18:00,SAT-001,27.69,28.01,7.28,88.1,589.64,-64.3,0.0465,0.06,THERMAL,NORMAL
2026-03-04 06:19:00,SAT-002,28.6,28.27,5.18,80.71,498.08,-70.06,0.0494,0.073,COMMUNICATION,NORMAL
2026-03-04 06:20:00,SAT-003,26.28,28.37,7.55,81.85,215.99,-70.41,0.051,11.83,ATTITUDE,ANOMALY
2026-03-04 06:21:00,SAT-004,18.87,28.25,5.57,94.68,533.67,-71.14,0.0424,0.09,ATTITUDE,NORMAL
2026-03-04 06:22:00,INSAT-3D,20.15,28.17,7.25,83.61,538.86,-66.53,0.0354,0.063,PAYLOAD,NORMAL
2026-03-04 06:23:00,GSAT-30,23.29,28.38,7.35,95.03,529.8,-64.75,0.0553,0.116,ATTITUDE,NORMAL
2026-03-04 06:24:00,SAT-001,36.57,25.61,12.72,44.74,464.6,-69.27,0.0419,0.026,BATTERY,ANOMALY
2026-03-04 06:25:00,SAT-002,26.3,28.41,6.16,83.55,558.99,-65.72,0.0429,0.088,ATTITUDE,NORMAL
2026-03-04 06:26:00,SAT-003,26.81,28.28,6.37,87.01,550.96,-63.75,0.0655,0.113,ATTITUDE,NORMAL
2026-03-04 06:27:00,SAT-004,24.68,28.5,5.78,88.27,563.48,-67.35,0.0485,0.088,BATTERY,NORMAL
2026-03-04 06:28:00,INSAT-3D,70.69,27.43,6.03,84.74,568.79,-65.43,0.0439,0.057,THERMAL,ANOMALY
2026-03-04 06:29:00,GSAT-30,26.69,27.65,5.58,82.82,597.31,-68.85,0.0444,0.073,ATTITUDE,NORMAL
2026-03-04 06:30:00,SAT-001,22.43,28.91,6.21,92.72,540.92,-66.23,0.0279,0.092,BATTERY,NORMAL
2026-03-04 06:31:00,SAT-002,22.39,28.4,7.13,81.8,549.47,-73.52,0.0483,0.145,PAYLOAD,NORMAL
2026-03-04 06:32:00,SAT-003,20.66,22.86,7.08,89.23,201.4,-63.58,0.0368,0.13,POWER,ANOMALY
2026-03-04 06:33:00,SAT-004,29.8,27.9,6.06,98.65,500.51,-64.55,0.0346,0.097,POWER,NORMAL
2026-03-04 06:34:00,INSAT-3D,27.36,28.37,6.49,84.02,531.31,-63.78,0.0268,0.088,COMMUNICATION,NORMAL
2026-03-04 06:35:00,GSAT-30,18.32,28.37,6.15,90.14,536.46,-68.83,0.0559,0.079,PAYLOAD,NORMAL
2026-03-04 06:36:00,SAT-001,39.84,26.8,29.49,81.52,505.1,-69.04,0.0467,0.053,POWER,ANOMALY
2026-03-04 06:37:00,SAT-002,24.34,28.14,6.95,84.53,504.21,-66.03,0.047,0.085,POWER,NORMAL
2026-03-04 06:38:00,SAT-003,16.46,28.04,6.38,88.33,564.34,-72.42,0.0495,0.063,THERMAL,NORMAL
2026-03-04 06:39:00,SAT-004,22.52,28.29,4.94,83.37,560.96,-67.91,0.046,0.075,THERMAL,NORMAL
2026-03-04 06:40:00,INSAT-3D,27.61,28.38,7.13,85.63,518.35,-108.33,0.0344,0.068,COMMUNICATION,ANOMALY
2026-03-04 06:41:00,GSAT-30,21.34,28.46,5.99,86.97,554.04,-72.26,0.0354,0.043,COMMUNICATION,NORMAL
2026-03-04 06:42:00,SAT-001,18.42,28.1,4.78,86.13,549.09,-63.91,0.0444,0.071,BATTERY,NORMAL
2026-03-04 06:43:00,SAT-002,15.67,28.05,6.38,86.85,473.53,-73.49,0.0278,0.078,ATTITUDE,NORMAL
2026-03-04 06:44:00,SAT-003,23.49,28.67,5.43,91.14,493.91,-60.45,0.8873,0.613,ATTITUDE,ANOMALY
2026-03-04 06:45:00,SAT-004,28.25,28.2,5.92,86.73,499.0,-69.32,0.0295,0.066,PAYLOAD,NORMAL
2026-03-04 06:46:00,INSAT-3D,30.58,28.01,7.25,91.01,577.86,-72.0,0.036,0.087,POWER,NORMAL
2026-03-04 06:47:00,GSAT-30,33.02,27.99,6.04,92.58,511.37,-65.7,0.0392,0.11,BATTERY,NORMAL
2026-03-04 06:48:00,SAT-001,28.93,28.17,5.7,83.04,238.3,-65.34,0.0482,11.286,ATTITUDE,ANOMALY
2026-03-04 06:49:00,SAT-002,20.69,28.05,6.09,93.34,598.46,-67.11,0.0304,0.065,COMMUNICATION,NORMAL
2026-03-04 06:50:00,SAT-003,30.26,27.82,6.2,87.05,595.68,-74.63,0.0324,0.123,ATTITUDE,NORMAL
2026-03-04 06:51:00,SAT-004,24.85,28.06,5.92,83.71,505.33,-62.75,0.0472,0.017,BATTERY,NORMAL
2026-03-04 06:52:00,INSAT-3D,34.15,25.94,11.6,31.2,528.15,-73.33,0.0386,0.073,BATTERY,ANOMALY
2026-03-04 06:53:00,GSAT-30,26.74,28.14,5.92,94.33,497.3,-65.67,0.0713,0.096,POWER,NORMAL
2026-03-04 06:54:00,SAT-001,24.11,28.09,6.0,86.74,478.14,-62.81,0.0436,0.08,THERMAL,NORMAL
2026-03-04 06:55:00,SAT-002,20.49,27.83,6.7,99.5,537.85,-72.44,0.0253,0.069,THERMAL,NORMAL
2026-03-04 06:56:00,SAT-003,79.46,27.32,6.91,86.33,543.23,-67.25,0.0523,0.072,THERMAL,ANOMALY
2026-03-04 06:57:00,SAT-004,27.3,28.56,6.57,82.45,501.35,-65.72,0.033,0.034,PAYLOAD,NORMAL
2026-03-04 06:58:00,INSAT-3D,22.22,28.51,6.54,88.95,553.57,-66.19,0.0524,0.055,COMMUNICATION,NORMAL
2026-03-04 06:59:00,GSAT-30,18.8,28.32,5.3,88.15,522.35,-67.06,0.0519,0.095,PAYLOAD,NORMAL
2026-03-04 07:00:00,SAT-001,23.8,21.34,7.24,83.81,111.01,-71.4,0.0478,0.061,POWER,ANOMALY
2026-03-04 07:01:00,SAT-002,22.24,28.6,5.38,95.97,574.02,-69.14,0.0429,0.085,THERMAL,NORMAL
2026-03-04 07:02:00,SAT-003,27.98,28.1,6.29,92.23,556.24,-69.75,0.0486,0.02,POWER,NORMAL
2026-03-04 07:03:00,SAT-004,26.85,28.26,5.96,93.07,573.87,-69.78,0.0529,0.053,POWER,NORMAL
2026-03-04 07:04:00,INSAT-3D,38.78,26.77,21.8,83.66,531.65,-68.05,0.0222,0.121,POWER,ANOMALY
2026-03-04 07:05:00,GSAT-30,25.93,28.45,6.24,82.83,536.88,-64.54,0.0401,0.048,BATTERY,NORMAL
2026-03-04 07:06:00,SAT-001,18.08,28.39,6.7,81.11,529.65,-63.7,0.0453,0.09,ATTITUDE,NORMAL
2026-03-04 07:07:00,SAT-002,25.35,28.31,5.47,88.94,471.81,-67.99,0.039,0.104,ATTITUDE,NORMAL
2026-03-04 07:08:00,SAT-003,21.81,28.26,6.99,88.72,510.44,-121.55,0.0492,0.045,COMMUNICATION,ANOMALY
2026-03-04 07:09:00,SAT-004,26.06,27.89,6.12,81.72,521.96,-68.29,0.0511,0.098,POWER,NORMAL
2026-03-04 07:10:00,INSAT-3D,19.52,28.03,6.16,81.79,597.84,-71.08,0.0301,0.087,BATTERY,NORMAL
2026-03-04 07:11:00,GSAT-30,22.25,28.35,5.92,83.96,527.61,-66.89,0.0298,0.051,ATTITUDE,NORMAL
2026-03-04 07:12:00,SAT-001,30.05,27.93,7.66,82.36,489.33,-63.89,1.0987,0.663,ATTITUDE,ANOMALY
2026-03-04 07:13:00,SAT-002,20.04,28.33,5.5,90.1,511.53,-69.71,0.0553,0.087,BATTERY,NORMAL
2026-03-04 07:14:00,SAT-003,22.12,28.07,5.76,94.96,519.17,-63.66,0.036,0.094,POWER,NORMAL
2026-03-04 07:15:00,SAT-004,22.93,28.55,6.55,93.82,523.11,-65.8,0.0566,0.034,POWER,NORMAL
2026-03-04 07:16:00,INSAT-3D,26.88,28.26,5.56,79.18,266.06,-67.49,0.0576,3.906,ATTITUDE,ANOMALY
2026-03-04 07:17:00,GSAT-30,31.08,28.2,6.64,83.39,466.89,-65.96,0.0323,0.097,POWER,NORMAL
2026-03-04 07:18:00,SAT-001,18.56,28.75,7.38,84.85,583.52,-63.82,0.022,0.106,COMMUNICATION,NORMAL
2026-03-04 07:19:00,SAT-002,25.15,27.91,6.49,88.09,630.52,-72.43,0.0562,0.065,BATTERY,NORMAL
2026-03-04 07:20:00,SAT-003,36.97,25.56,13.73,46.93,498.3,-67.68,0.0378,0.073,BATTERY,ANOMALY
2026-03-04 07:21:00,SAT-004,24.87,28.0,5.48,83.44,546.11,-66.8,0.0465,0.102,BATTERY,NORMAL
2026-03-04 07:22:00,INSAT-3D,25.97,28.31,5.43,88.31,525.27,-67.18,0.0291,0.049,PAYLOAD,NORMAL
2026-03-04 07:23:00,GSAT-30,25.13,27.96,6.12,83.85,580.18,-67.45,0.0518,0.028,THERMAL,NORMAL
2026-03-04 07:24:00,SAT-001,68.97,27.3,5.36,70.88,554.02,-67.03,0.037,0.084,THERMAL,ANOMALY
2026-03-04 07:25:00,SAT-002,27.92,28.07,8.39,84.21,514.04,-65.69,0.0525,0.1,BATTERY,NORMAL
2026-03-04 07:26:00,SAT-003,26.09,28.15,5.68,96.65,520.45,-69.7,0.0262,0.133,COMMUNICATION,NORMAL
2026-03-04 07:27:00,SAT-004,25.57,28.45,6.06,93.11,552.78,-67.13,0.0412,0.036,THERMAL,NORMAL
2026-03-04 07:28:00,INSAT-3D,24.72,22.04,6.96,84.92,119.26,-67.16,0.04,0.056,POWER,ANOMALY
2026-03-04 07:29:00,GSAT-30,25.29,28.14,5.51,83.01,541.52,-69.09,0.0361,0.119,PAYLOAD,NORMAL
2026-03-04 07:30:00,SAT-001,21.56,28.41,5.23,87.07,525.38,-68.77,0.054,0.076,THERMAL,NORMAL
2026-03-04 07:31:00,SAT-002,20.91,28.58,4.97,76.82,570.61,-72.38,0.06,0.091,COMMUNICATION,NORMAL
2026-03-04 07:32:00,SAT-003,38.85,26.53,31.81,83.12,503.68,-64.38,0.0376,0.095,POWER,ANOMALY
2026-03-04 07:33:00,SAT-004,28.52,27.98,6.5,83.53,533.93,-69.38,0.0367,0.085,ATTITUDE,NORMAL
2026-03-04 07:34:00,INSAT-3D,25.7,28.55,6.65,90.35,438.7,-68.89,0.047,0.085,PAYLOAD,NORMAL
2026-03-04 07:35:00,GSAT-30,19.3,28.45,5.98,89.21,617.08,-64.14,0.0475,0.039,COMMUNICATION,NORMAL
2026-03-04 07:36:00,SAT-001,21.93,28.55,6.18,84.16,495.64,-105.41,0.0564,0.126,COMMUNICATION,ANOMALY
2026-03-04 07:37:00,SAT-002,25.47,28.39,5.03,82.68,512.0,-69.41,0.0487,0.111,POWER,NORMAL
2026-03-04 07:38:00,SAT-003,22.42,28.3,6.04,84.03,623.19,-71.02,0.0492,0.082,COMMUNICATION,NORMAL
2026-03-04 07:39:00,SAT-004,29.24,28.13,5.28,85.17,550.2,-66.66,0.0684,0.105,THERMAL,NORMAL
2026-03-04 07:40:00,INSAT-3D,25.24,28.36,6.76,85.24,579.89,-69.88,0.9706,0.697,ATTITUDE,ANOMALY
2026-03-04 07:41:00,GSAT-30,19.88,28.31,5.17,82.56,500.27,-72.92,0.0602,0.096,ATTITUDE,NORMAL
2026-03-04 07:42:00,SAT-001,30.85,28.24,5.85,80.9,498.06,-63.11,0.0307,0.092,ATTITUDE,NORMAL
2026-03-04 07:43:00,SAT-002,16.66,28.02,6.67,96.76,576.67,-66.79,0.0348,0.089,POWER,NORMAL
2026-03-04 07:44:00,SAT-003,27.76,28.73,5.79,83.11,265.64,-68.6,0.0499,10.808,ATTITUDE,ANOMALY
2026-03-04 07:45:00,SAT-004,23.67,28.25,6.4,88.35,513.76,-65.52,0.0472,0.06,BATTERY,NORMAL
2026-03-04 07:46:00,INSAT-3D,22.69,28.39,5.39,81.51,512.52,-65.35,0.0491,0.027,POWER,NORMAL
2026-03-04 07:47:00,GSAT-30,25.15,28.13,7.6,81.44,544.67,-66.95,0.0485,0.099,POWER,NORMAL
2026-03-04 07:48:00,SAT-001,32.0,24.95,10.93,34.61,486.6,-64.2,0.0466,0.052,BATTERY,ANOMALY
2026-03-04 07:49:00,SAT-002,26.0,27.92,5.33,88.67,552.52,-68.66,0.0321,0.113,COMMUNICATION,NORMAL
2026-03-04 07:50:00,SAT-003,23.19,27.97,6.57,92.71,576.12,-71.07,0.0571,0.128,BATTERY,NORMAL
2026-03-04 07:51:00,SAT-004,29.75,28.11,5.15,89.83,542.6,-66.5,0.055,0.092,BATTERY,NORMAL
2026-03-04 07:52:00,INSAT-3D,65.3,27.39,6.89,77.68,508.94,-61.7,0.0402,0.1,THERMAL,ANOMALY
2026-03-04 07:53:00,GSAT-30,23.94,28.12,6.42,92.75,517.58,-65.97,0.0373,0.073,POWER,NORMAL
2026-03-04 07:54:00,SAT-001,22.59,28.0,5.85,72.33,483.48,-66.08,0.0512,0.097,ATTITUDE,NORMAL
2026-03-04 07:55:00,SAT-002,26.41,28.28,5.7,85.64,507.15,-73.48,0.0573,0.104,POWER,NORMAL
2026-03-04 07:56:00,SAT-003,25.94,21.34,7.29,73.57,223.86,-64.91,0.0639,0.108,POWER,ANOMALY
2026-03-04 07:57:00,SAT-004,29.79,28.31,6.89,83.67,550.58,-61.9,0.0546,0.069,THERMAL,NORMAL
2026-03-04 07:58:00,INSAT-3D,29.8,28.31,5.43,87.82,589.81,-67.06,0.0603,0.138,BATTERY,NORMAL
2026-03-04 07:59:00,GSAT-30,31.5,28.04,7.95,83.77,530.42,-65.58,0.0468,0.019,PAYLOAD,NORMAL
2026-03-04 08:00:00,SAT-001,39.23,26.74,27.19,83.74,468.13,-69.65,0.0523,0.085,POWER,ANOMALY
2026-03-04 08:01:00,SAT-002,23.63,27.82,6.31,86.41,513.12,-64.28,0.0737,0.052,PAYLOAD,NORMAL
2026-03-04 08:02:00,SAT-003,26.79,28.25,5.15,89.77,535.13,-69.96,0.0404,0.043,THERMAL,NORMAL
2026-03-04 08:03:00,SAT-004,28.09,27.88,6.95,87.21,534.53,-70.22,0.0446,0.126,THERMAL,NORMAL
2026-03-04 08:04:00,INSAT-3D,23.83,28.1,7.13,79.22,492.51,-114.88,0.057,0.077,COMMUNICATION,ANOMALY
2026-03-04 08:05:00,GSAT-30,25.9,27.89,7.53,86.19,562.39,-70.2,0.0271,0.115,BATTERY,NORMAL
2026-03-04 08:06:00,SAT-001,22.39,28.02,6.08,84.88,533.89,-70.62,0.0544,0.052,BATTERY,NORMAL
2026-03-04 08:07:00,SAT-002,23.44,27.92,6.37,89.85,553.17,-63.4,0.0463,0.143,COMMUNICATION,NORMAL
2026-03-04 08:08:00,SAT-003,28.64,28.47,6.57,83.44,511.69,-67.45,1.6848,0.674,ATTITUDE,ANOMALY
2026-03-04 08:09:00,SAT-004,26.9,28.09,6.81,84.31,609.42,-66.53,0.048,0.063,THERMAL,NORMAL
2026-03-04 08:10:00,INSAT-3D,19.79,27.92,5.48,96.29,521.36,-69.35,0.0523,0.052,COMMUNICATION,NORMAL
2026-03-04 08:11:00,GSAT-30,31.92,28.68,4.94,86.52,510.0,-67.59,0.029,0.064,ATTITUDE,NORMAL
2026-03-04 08:12:00,SAT-001,23.4,28.36,6.09,83.14,245.4,-63.07,0.0662,10.782,ATTITUDE,ANOMALY
2026-03-04 08:13:00,SAT-002,27.71,28.02,6.3,90.89,516.44,-69.63,0.0656,0.1,POWER,NORMAL
2026-03-04 08:14:00,SAT-003,32.15,27.95,4.58,91.21,539.56,-69.16,0.0466,0.079,BATTERY,NORMAL
2026-03-04 08:15:00,SAT-004,28.72,28.38,6.23,85.35,587.6,-71.05,0.0567,0.054,COMMUNICATION,NORMAL
2026-03-04 08:16:00,INSAT-3D,38.45,25.3,10.67,39.39,543.41,-67.91,0.0348,0.113,BATTERY,ANOMALY
2026-03-04 08:17:00,GSAT-30,27.95,27.96,5.87,88.22,592.07,-69.6,0.0402,0.04,COMMUNICATION,NORMAL
2026-03-04 08:18:00,SAT-001,34.52,28.19,6.47,91.33,544.0,-65.34,0.0385,0.059,THERMAL,NORMAL
2026-03-04 08:19:00,SAT-002,27.17,27.95,6.12,83.17,590.05,-72.41,0.0421,0.049,PAYLOAD,NORMAL
2026-03-04 08:20:00,SAT-003,65.4,27.45,6.48,79.09,572.78,-70.79,0.0409,0.08,THERMAL,ANOMALY
2026-03-04 08:21:00,SAT-004,27.81,28.61,4.02,90.66,562.66,-66.57,0.0478,0.084,COMMUNICATION,NORMAL
2026-03-04 08:22:00,INSAT-3D,24.45,27.87,7.3,94.87,582.91,-65.11,0.078,0.086,POWER,NORMAL
2026-03-04 08:23:00,GSAT-30,22.08,28.04,5.91,81.6,601.6,-71.61,0.0483,0.056,PAYLOAD,NORMAL
2026-03-04 08:24:00,SAT-001,21.71,20.12,6.39,92.6,143.32,-67.36,0.0526,0.072,POWER,ANOMALY
2026-03-04 08:25:00,SAT-002,24.82,28.22,5.46,89.01,573.06,-68.72,0.064,0.107,ATTITUDE,NORMAL
2026-03-04 08:26:00,SAT-003,23.83,28.17,5.43,89.16,578.83,-68.99,0.0399,0.099,PAYLOAD,NORMAL
2026-03-04 08:27:00,SAT-004,19.91,28.07,4.91,95.75,537.1,-65.24,0.0544,0.08,POWER,NORMAL
2026-03-04 08:28:00,INSAT-3D,48.61,26.8,29.66,80.47,572.99,-73.25,0.059,0.003,POWER,ANOMALY
2026-03-04 08:29:00,GSAT-30,24.02,27.97,6.73,95.44,547.31,-68.05,0.0506,0.066,COMMUNICATION,NORMAL
2026-03-04 08:30:00,SAT-001,25.72,28.1,6.88,93.72,534.6,-63.44,0.0431,0.065,THERMAL,NORMAL
2026-03-04 08:31:00,SAT-002,16.13,28.02,6.55,90.32,557.04,-65.32,0.0424,0.049,PAYLOAD,NORMAL
2026-03-04 08:32:00,SAT-003,25.34,28.56,5.17,82.71,530.57,-104.44,0.0398,0.092,COMMUNICATION,ANOMALY
2026-03-04 08:33:00,SAT-004,23.87,28.3,5.11,88.89,546.35,-68.5,0.0339,0.087,BATTERY,NORMAL
2026-03-04 08:34:00,INSAT-3D,19.13,28.4,5.39,79.8,598.46,-69.11,0.0297,0.068,COMMUNICATION,NORMAL
2026-03-04 08:35:00,GSAT-30,33.14,28.19,7.16,91.8,564.1,-66.37,0.07,0.093,ATTITUDE,NORMAL
2026-03-04 08:36:00,SAT-001,20.66,28.15,5.66,78.0,542.95,-74.22,1.6327,0.631,ATTITUDE,ANOMALY
2026-03-04 08:37:00,SAT-002,25.65,28.23,5.65,80.99,510.02,-65.51,0.0694,0.096,PAYLOAD,NORMAL
2026-03-04 08:38:00,SAT-003,22.07,28.1,6.75,87.33,548.47,-69.08,0.0314,0.14,BATTERY,NORMAL
2026-03-04 08:39:00,SAT-004,27.48,28.21,6.64,98.96,504.97,-70.34,0.0392,0.038,THERMAL,NORMAL
2026-03-04 08:40:00,INSAT-3D,26.96,28.11,7.0,89.16,256.31,-65.83,0.0412,7.828,ATTITUDE,ANOMALY
2026-03-04 08:41:00,GSAT-30,26.69,28.27,6.22,78.78,481.9,-64.7,0.0507,0.105,POWER,NORMAL
2026-03-04 08:42:00,SAT-001,22.86,28.39,6.86,91.7,538.56,-64.31,0.0338,0.08,COMMUNICATION,NORMAL
2026-03-04 08:43:00,SAT-002,25.6,28.02,6.28,82.62,528.46,-69.78,0.0271,0.108,THERMAL,NORMAL
2026-03-04 08:44:00,SAT-003,38.5,25.87,12.81,37.64,565.75,-71.08,0.054,0.075,BATTERY,ANOMALY
2026-03-04 08:45:00,SAT-004,27.83,28.12,5.52,95.93,557.11,-70.35,0.0466,0.081,THERMAL,NORMAL
2026-03-04 08:46:00,INSAT-3D,20.02,28.62,6.34,95.78,513.3,-69.37,0.0338,0.123,BATTERY,NORMAL
2026-03-04 08:47:00,GSAT-30,24.87,27.66,4.84,76.58,540.51,-64.84,0.0559,0.042,PAYLOAD,NORMAL
2026-03-04 08:48:00,SAT-001,60.59,27.01,6.57,89.63,564.13,-70.04,0.0461,0.058,THERMAL,ANOMALY
2026-03-04 08:49:00,SAT-002,27.61,28.2,7.19,84.06,541.7,-65.2,0.0487,0.083,ATTITUDE,NORMAL
2026-03-04 08:50:00,SAT-003,19.76,27.64,6.14,82.2,524.24,-71.51,0.0263,0.115,ATTITUDE,NORMAL
2026-03-04 08:51:00,SAT-004,30.74,28.2,5.94,91.47,608.16,-71.66,0.0491,0.055,THERMAL,NORMAL
2026-03-04 08:52:00,INSAT-3D,30.31,21.75,7.15,81.33,133.94,-60.75,0.0573,0.079,POWER,ANOMALY
2026-03-04 08:53:00,GSAT-30,24.85,28.7,6.03,84.07,521.65,-68.46,0.0487,0.068,POWER,NORMAL
2026-03-04 08:54:00,SAT-001,16.75,28.18,7.2,88.6,554.61,-71.06,0.0396,0.115,PAYLOAD,NORMAL
2026-03-04 08:55:00,SAT-002,25.49,28.01,6.34,90.7,521.03,-66.07,0.042,0.056,POWER,NORMAL
2026-03-04 08:56:00,SAT-003,41.96,26.55,21.26,82.44,537.39,-66.99,0.0341,0.099,POWER,ANOMALY
2026-03-04 08:57:00,SAT-004,19.15,28.25,5.94,83.58,518.29,-68.29,0.0435,0.076,BATTERY,NORMAL
2026-03-04 08:58:00,INSAT-3D,30.17,28.27,6.09,89.35,558.0,-67.03,0.0477,0.05,THERMAL,NORMAL
2026-03-04 08:59:00,GSAT-30,31.09,27.75,8.08,78.79,526.25,-69.31,0.0555,0.101,POWER,NORMAL
2026-03-04 09:00:00,SAT-001,31.84,27.74,5.12,90.25,598.19,-114.73,0.0524,0.116,COMMUNICATION,ANOMALY
2026-03-04 09:01:00,SAT-002,23.17,28.2,5.47,81.23,528.37,-63.7,0.0518,0.117,COMMUNICATION,NORMAL
2026-03-04 09:02:00,SAT-003,24.67,28.28,5.67,91.73,576.03,-69.5,0.0404,0.102,POWER,NORMAL
2026-03-04 09:03:00,SAT-004,25.04,28.34,6.43,85.12,570.84,-71.61,0.0609,0.053,POWER,NORMAL
2026-03-04 09:04:00,INSAT-3D,27.64,28.15,6.12,91.79,552.29,-68.18,0.3773,0.709,ATTITUDE,ANOMALY
2026-03-04 09:05:00,GSAT-30,28.98,27.96,5.54,88.52,495.69,-70.19,0.0397,0.084,POWER,NORMAL
2026-03-04 09:06:00,SAT-001,24.67,28.26,6.81,96.16,604.49,-63.0,0.053,0.07,BATTERY,NORMAL
2026-03-04 09:07:00,SAT-002,28.22,28.29,7.14,89.0,557.32,-73.7,0.0371,0.118,COMMUNICATION,NORMAL
2026-03-04 09:08:00,SAT-003,23.91,28.18,5.6,81.68,243.07,-68.42,0.0268,9.015,ATTITUDE,ANOMALY
2026-03-04 09:09:00,SAT-004,25.11,28.28,5.68,94.93,530.81,-71.69,0.0246,0.028,PAYLOAD,NORMAL
2026-03-04 09:10:00,INSAT-3D,26.88,28.17,6.21,89.84,467.06,-64.04,0.0438,0.065,THERMAL,NORMAL
2026-03-04 09:11:00,GSAT-30,25.04,28.41,5.92,86.24,523.7,-68.59,0.0585,0.084,PAYLOAD,NORMAL
2026-03-04 09:12:00,SAT-001,39.54,25.52,13.66,33.06,551.89,-70.1,0.0565,0.099,BATTERY,ANOMALY
2026-03-04 09:13:00,SAT-002,28.83,27.62,6.65,89.56,520.97,-63.33,0.0399,0.131,POWER,NORMAL
2026-03-04 09:14:00,SAT-003,25.77,28.32,7.27,94.29,551.53,-73.9,0.0276,0.109,BATTERY,NORMAL
2026-03-04 09:15:00,SAT-004,28.52,28.47,5.07,86.83,502.02,-66.04,0.0586,0.054,PAYLOAD,NORMAL
2026-03-04 09:16:00,INSAT-3D,80.21,27.5,6.99,80.7,515.17,-70.31,0.0452,0.105,THERMAL,ANOMALY
2026-03-04 09:17:00,GSAT-30,19.49,28.1,6.1,84.26,585.3,-66.69,0.0437,0.062,COMMUNICATION,NORMAL
2026-03-04 09:18:00,SAT-001,27.77,27.82,5.59,91.03,501.12,-65.43,0.0483,0.072,POWER,NORMAL
2026-03-04 09:19:00,SAT-002,22.34,27.79,7.35,85.7,537.78,-64.98,0.0591,0.053,POWER,NORMAL
2026-03-04 09:20:00,SAT-003,26.81,20.17,6.53,90.54,237.59,-64.7,0.0583,0.132,POWER,ANOMALY
2026-03-04 09:21:00,SAT-004,30.95,28.23,5.32,92.95,612.49,-64.36,0.0611,0.045,COMMUNICATION,NORMAL
2026-03-04 09:22:00,INSAT-3D,22.13,28.12,5.88,82.88,549.07,-61.53,0.0391,0.119,PAYLOAD,NORMAL
2026-03-04 09:23:00,GSAT-30,28.13,28.16,6.98,83.08,517.63,-70.62,0.0447,0.06,COMMUNICATION,NORMAL
2026-03-04 09:24:00,SAT-001,41.23,26.02,22.88,83.49,506.77,-62.47,0.044,0.071,POWER,ANOMALY
2026-03-04 09:25:00,SAT-002,28.75,27.81,6.2,94.25,586.09,-69.3,0.0571,0.046,PAYLOAD,NORMAL
2026-03-04 09:26:00,SAT-003,28.6,28.07,6.15,88.61,591.37,-64.03,0.0491,0.06,COMMUNICATION,NORMAL
2026-03-04 09:27:00,SAT-004,22.41,28.22,6.46,80.73,502.48,-63.31,0.0442,0.01,BATTERY,NORMAL
2026-03-04 09:28:00,INSAT-3D,25.09,28.19,6.68,75.01,529.12,-107.01,0.0472,0.095,COMMUNICATION,ANOMALY
2026-03-04 09:29:00,GSAT-30,28.97,28.37,5.9,97.59,567.18,-69.81,0.059,0.033,POWER,NORMAL
2026-03-04 09:30:00,SAT-001,24.56,27.52,6.05,94.17,491.18,-67.34,0.0221,0.106,COMMUNICATION,NORMAL
2026-03-04 09:31:00,SAT-002,28.03,28.19,6.36,87.27,583.57,-60.79,0.0584,0.01,THERMAL,NORMAL
2026-03-04 09:32:00,SAT-003,25.89,28.62,6.16,92.1,519.89,-71.76,1.4303,0.694,ATTITUDE,ANOMALY
2026-03-04 09:33:00,SAT-004,18.51,28.46,5.76,96.79,568.62,-69.04,0.0334,0.031,BATTERY,NORMAL
2026-03-04 09:34:00,INSAT-3D,28.68,28.02,6.49,86.22,592.45,-68.38,0.0362,0.044,POWER,NORMAL
2026-03-04 09:35:00,GSAT-30,24.11,28.32,5.65,86.18,494.33,-70.73,0.0326,0.052,THERMAL,NORMAL
2026-03-04 09:36:00,SAT-001,20.73,27.7,7.19,84.29,255.32,-64.86,0.0404,3.307,ATTITUDE,ANOMALY
2026-03-04 09:37:00,SAT-002,27.23,28.33,5.99,95.21,569.48,-65.11,0.034,0.065,COMMUNICATION,NORMAL
2026-03-04 09:38:00,SAT-003,27.47,28.66,5.64,83.54,541.05,-65.96,0.0441,0.114,THERMAL,NORMAL
2026-03-04 09:39:00,SAT-004,23.57,27.79,5.96,87.09,557.58,-72.98,0.0249,0.117,ATTITUDE,NORMAL
2026-03-04 09:40:00,INSAT-3D,37.72,24.91,13.71,34.38,564.12,-68.87,0.0481,0.07,BATTERY,ANOMALY
2026-03-04 09:41:00,GSAT-30,23.26,27.92,7.72,88.36,528.96,-61.64,0.0477,0.156,PAYLOAD,NORMAL
2026-03-04 09:42:00,SAT-001,24.43,28.21,5.81,96.18,546.62,-64.47,0.0495,0.114,PAYLOAD,NORMAL
2026-03-04 09:43:00,SAT-002,30.05,27.92,6.37,82.04,510.78,-70.18,0.0434,0.085,POWER,NORMAL
2026-03-04 09:44:00,SAT-003,73.87,27.28,5.71,79.82,564.01,-72.18,0.0457,0.131,THERMAL,ANOMALY
2026-03-04 09:45:00,SAT-004,26.91,28.19,5.63,79.41,511.54,-65.22,0.0517,0.032,COMMUNICATION,NORMAL
2026-03-04 09:46:00,INSAT-3D,27.52,28.26,6.69,87.34,547.06,-68.08,0.0441,0.047,ATTITUDE,NORMAL
2026-03-04 09:47:00,GSAT-30,21.63,28.01,5.19,89.83,525.47,-70.48,0.0498,0.113,COMMUNICATION,NORMAL
2026-03-04 09:48:00,SAT-001,26.32,20.56,7.44,83.73,138.9,-66.46,0.0381,0.111,POWER,ANOMALY
2026-03-04 09:49:00,SAT-002,24.13,27.78,6.63,90.89,533.54,-67.42,0.0545,0.085,COMMUNICATION,NORMAL
2026-03-04 09:50:00,SAT-003,24.69,28.15,5.47,87.28,498.81,-68.15,0.0441,0.139,BATTERY,NORMAL
2026-03-04 09:51:00,SAT-004,20.19,28.91,7.86,80.01,532.21,-69.3,0.0605,0.1,COMMUNICATION,NORMAL
2026-03-04 09:52:00,INSAT-3D,38.0,26.8,27.9,75.69,545.96,-68.06,0.0335,0.062,POWER,ANOMALY
2026-03-04 09:53:00,GSAT-30,22.47,28.19,6.46,87.11,546.24,-67.67,0.0518,0.095,COMMUNICATION,NORMAL
2026-03-04 09:54:00,SAT-001,24.62,28.19,4.9,81.9,548.41,-69.13,0.027,0.089,PAYLOAD,NORMAL
2026-03-04 09:55:00,SAT-002,29.48,27.81,5.36,87.26,519.63,-65.41,0.0278,0.097,ATTITUDE,NORMAL
2026-03-04 09:56:00,SAT-003,22.99,28.28,7.2,94.35,484.92,-122.12,0.0545,0.082,COMMUNICATION,ANOMALY
2026-03-04 09:57:00,SAT-004,23.86,28.01,6.69,97.26,545.5,-67.82,0.0193,0.078,ATTITUDE,NORMAL
2026-03-04 09:58:00,INSAT-3D,27.45,28.19,7.22,81.66,531.58,-65.94,0.057,0.036,PAYLOAD,NORMAL
2026-03-04 09:59:00,GSAT-30,30.9,28.42,6.48,89.29,579.41,-70.89,0.0486,0.094,ATTITUDE,NORMAL
2026-03-04 10:00:00,SAT-001,25.21,28.16,5.21,82.25,459.06,-65.98,1.5605,0.676,ATTITUDE,ANOMALY
2026-03-04 10:01:00,SAT-002,23.79,27.85,6.6,83.05,552.26,-64.07,0.0663,0.091,COMMUNICATION,NORMAL
2026-03-04 10:02:00,SAT-003,33.33,28.24,6.38,95.22,534.8,-67.26,0.0159,0.132,PAYLOAD,NORMAL
2026-03-04 10:03:00,SAT-004,25.54,28.17,6.02,89.53,564.42,-64.8,0.0447,0.112,BATTERY,NORMAL
2026-03-04 10:04:00,INSAT-3D,30.77,28.02,7.13,82.15,255.08,-67.44,0.0411,6.485,ATTITUDE,ANOMALY
2026-03-04 10:05:00,GSAT-30,25.84,28.21,6.63,81.62,469.06,-64.43,0.0434,0.092,THERMAL,NORMAL
2026-03-04 10:06:00,SAT-001,19.54,27.86,4.86,86.1,484.63,-70.0,0.0346,0.07,COMMUNICATION,NORMAL
2026-03-04 10:07:00,SAT-002,26.1,28.25,5.95,93.41,583.09,-69.3,0.0493,0.087,THERMAL,NORMAL
2026-03-04 10:08:00,SAT-003,35.71,25.05,14.63,41.4,566.07,-71.35,0.0344,0.142,BATTERY,ANOMALY
2026-03-04 10:09:00,SAT-004,25.53,28.56,6.46,86.43,564.34,-66.17,0.0363,0.074,THERMAL,NORMAL
2026-03-04 10:10:00,INSAT-3D,27.91,28.28,7.12,77.95,574.64,-71.36,0.034,0.101,POWER,NORMAL
2026-03-04 10:11:00,GSAT-30,25.12,28.6,6.86,86.76,605.39,-66.59,0.0659,0.114,POWER,NORMAL
2026-03-04 10:12:00,SAT-001,77.71,27.5,6.14,89.04,503.02,-65.24,0.062,0.055,THERMAL,ANOMALY
2026-03-04 10:13:00,SAT-002,29.58,28.61,5.81,99.5,479.17,-66.47,0.0491,0.047,COMMUNICATION,NORMAL
2026-03-04 10:14:00,SAT-003,23.29,27.9,5.5,86.53,580.05,-69.73,0.0547,0.04,PAYLOAD,NORMAL
2026-03-04 10:15:00,SAT-004,26.5,28.37,5.83,90.68,580.74,-65.19,0.0598,0.086,COMMUNICATION,NORMAL
2026-03-04 10:16:00,INSAT-3D,30.81,20.89,6.3,93.77,258.36,-65.26,0.0279,0.091,POWER,ANOMALY
2026-03-04 10:17:00,GSAT-30,30.31,28.17,5.1,87.74,511.07,-63.04,0.038,0.051,ATTITUDE,NORMAL
2026-03-04 10:18:00,SAT-001,26.58,28.37,6.09,99.5,514.11,-63.56,0.0542,0.075,BATTERY,NORMAL
2026-03-04 10:19:00,SAT-002,26.09,28.26,7.8,89.24,505.55,-70.52,0.0627,0.101,COMMUNICATION,NORMAL
2026-03-04 10:20:00,SAT-003,38.0,26.22,29.68,88.08,509.66,-73.04,0.0337,0.129,POWER,ANOMALY
2026-03-04 10:21:00,SAT-004,28.18,28.16,4.87,94.61,566.21,-65.12,0.0465,0.135,BATTERY,NORMAL
2026-03-04 10:22:00,INSAT-3D,20.05,28.26,5.67,81.26,535.73,-64.54,0.0398,0.063,PAYLOAD,NORMAL
2026-03-04 10:23:00,GSAT-30,22.99,28.18,5.49,83.63,523.17,-71.99,0.038,0.101,POWER,NORMAL
2026-03-04 10:24:00,SAT-001,30.37,28.82,6.18,91.0,540.09,-122.86,0.049,0.113,COMMUNICATION,ANOMALY
2026-03-04 10:25:00,SAT-002,30.62,28.05,7.24,89.02,534.71,-65.77,0.051,0.099,THERMAL,NORMAL
2026-03-04 10:26:00,SAT-003,25.81,28.1,7.55,84.85,534.01,-73.78,0.0413,0.04,PAYLOAD,NORMAL
2026-03-04 10:27:00,SAT-004,27.02,28.33,6.89,90.62,536.32,-70.92,0.0332,0.055,ATTITUDE,NORMAL
2026-03-04 10:28:00,INSAT-3D,28.47,28.36,5.73,86.89,548.82,-66.46,0.3785,0.682,ATTITUDE,ANOMALY
2026-03-04 10:29:00,GSAT-30,24.44,28.18,6.33,83.41,474.42,-67.16,0.055,0.05,PAYLOAD,NORMAL
2026-03-04 10:30:00,SAT-001,25.33,28.49,7.69,99.5,629.08,-58.35,0.0612,0.01,PAYLOAD,NORMAL
2026-03-04 10:31:00,SAT-002,17.56,28.69,5.56,94.49,536.09,-66.25,0.0299,0.098,POWER,NORMAL
2026-03-04 10:32:00,SAT-003,26.43,28.79,5.49,78.46,224.8,-74.06,0.0367,12.096,ATTITUDE,ANOMALY
2026-03-04 10:33:00,SAT-004,19.82,28.5,6.67,92.7,582.22,-70.87,0.0382,0.092,BATTERY,NORMAL
2026-03-04 10:34:00,INSAT-3D,29.35,28.21,6.31,89.96,574.69,-72.88,0.0445,0.066,ATTITUDE,NORMAL
2026-03-04 10:35:00,GSAT-30,25.34,28.09,5.18,89.81,472.38,-63.57,0.0206,0.073,PAYLOAD,NORMAL
2026-03-04 10:36:00,SAT-001,33.01,24.83,14.1,35.55,491.55,-74.25,0.0541,0.136,BATTERY,ANOMALY
2026-03-04 10:37:00,SAT-002,23.18,28.33,5.17,90.89,539.61,-65.91,0.0516,0.044,POWER,NORMAL
2026-03-04 10:38:00,SAT-003,28.15,28.25,5.99,92.11,606.95,-69.67,0.0439,0.05,PAYLOAD,NORMAL
2026-03-04 10:39:00,SAT-004,24.89,28.05,6.02,78.76,558.29,-66.51,0.0649,0.098,COMMUNICATION,NORMAL
2026-03-04 10:40:00,INSAT-3D,69.31,27.5,6.25,81.64,458.29,-66.84,0.05,0.119,THERMAL,ANOMALY
2026-03-04 10:41:00,GSAT-30,30.06,28.29,5.2,81.99,547.76,-65.31,0.0565,0.067,THERMAL,NORMAL
2026-03-04 10:42:00,SAT-001,18.93,28.26,7.07,84.57,597.12,-64.14,0.0556,0.113,BATTERY,NORMAL
2026-03-04 10:43:00,SAT-002,24.34,28.02,6.62,90.12,559.85,-72.69,0.0491,0.071,THERMAL,NORMAL
2026-03-04 10:44:00,SAT-003,23.36,21.88,6.64,96.77,233.53,-68.89,0.0439,0.045,POWER,ANOMALY
2026-03-04 10:45:00,SAT-004,16.02,28.34,4.71,77.08,549.67,-65.6,0.0245,0.015,COMMUNICATION,NORMAL
2026-03-04 10:46:00,INSAT-3D,28.13,28.38,6.59,85.62,579.23,-73.21,0.0502,0.105,COMMUNICATION,NORMAL
2026-03-04 10:47:00,GSAT-30,21.32,28.88,7.77,92.84,551.09,-72.13,0.0453,0.095,POWER,NORMAL
2026-03-04 10:48:00,SAT-001,38.0,26.54,26.12,81.87,580.57,-68.5,0.0585,0.065,POWER,ANOMALY
2026-03-04 10:49:00,SAT-002,25.97,28.43,4.94,88.34,579.49,-68.35,0.0633,0.12,PAYLOAD,NORMAL
2026-03-04 10:50:00,SAT-003,24.81,28.14,5.96,80.66,514.56,-66.95,0.0516,0.046,POWER,NORMAL
2026-03-04 10:51:00,SAT-004,20.61,28.14,6.28,79.94,526.58,-74.61,0.0427,0.074,POWER,NORMAL
2026-03-04 10:52:00,INSAT-3D,21.47,27.77,7.91,86.7,509.03,-103.59,0.0331,0.087,COMMUNICATION,ANOMALY
2026-03-04 10:53:00,GSAT-30,27.68,28.3,6.68,91.62,587.61,-69.73,0.015,0.068,BATTERY,NORMAL
2026-03-04 10:54:00,SAT-001,20.06,28.13,7.24,80.18,619.64,-67.39,0.0352,0.091,PAYLOAD,NORMAL
2026-03-04 10:55:00,SAT-002,27.52,28.18,5.75,88.29,569.39,-68.33,0.043,0.079,ATTITUDE,NORMAL
2026-03-04 10:56:00,SAT-003,26.81,28.26,6.66,78.9,525.61,-64.21,1.359,0.716,ATTITUDE,ANOMALY
2026-03-04 10:57:00,SAT-004,29.3,27.92,7.12,96.43,519.88,-70.68,0.0447,0.085,PAYLOAD,NORMAL
2026-03-04 10:58:00,INSAT-3D,23.89,28.43,4.46,93.47,564.78,-71.1,0.0457,0.065,POWER,NORMAL
2026-03-04 10:59:00,GSAT-30,25.66,27.69,7.31,91.99,546.69,-67.51,0.0531,0.15,COMMUNICATION,NORMAL
2026-03-04 11:00:00,SAT-001,28.64,28.29,5.52,85.82,248.94,-68.35,0.0398,9.727,ATTITUDE,ANOMALY
2026-03-04 11:01:00,SAT-002,23.75,28.31,6.65,90.65,504.59,-66.9,0.0334,0.031,PAYLOAD,NORMAL
2026-03-04 11:02:00,SAT-003,24.78,28.18,6.16,93.31,529.2,-69.47,0.0452,0.1,POWER,NORMAL
2026-03-04 11:03:00,SAT-004,22.1,28.53,6.81,83.18,534.91,-69.77,0.0508,0.124,PAYLOAD,NORMAL
2026-03-04 11:04:00,INSAT-3D,36.01,25.57,11.46,26.03,508.31,-65.8,0.0443,0.083,BATTERY,ANOMALY
2026-03-04 11:05:00,GSAT-30,26.93,27.81,5.73,88.67,528.0,-69.21,0.0363,0.043,COMMUNICATION,NORMAL
2026-03-04 11:06:00,SAT-001,27.33,27.92,6.34,85.64,556.06,-64.13,0.0377,0.048,ATTITUDE,NORMAL
2026-03-04 11:07:00,SAT-002,25.18,28.32,5.88,92.11,559.79,-71.84,0.033,0.08,ATTITUDE,NORMAL
2026-03-04 11:08:00,SAT-003,80.66,27.37,5.82,82.29,550.15,-62.71,0.0402,0.091,THERMAL,ANOMALY
2026-03-04 11:09:00,SAT-004,22.4,28.36,5.13,95.21,576.07,-72.24,0.0428,0.085,PAYLOAD,NORMAL
2026-03-04 11:10:00,INSAT-3D,24.91,28.51,6.15,91.53,538.71,-67.82,0.0827,0.059,PAYLOAD,NORMAL
2026-03-04 11:11:00,GSAT-30,32.59,28.1,5.24,91.14,527.5,-69.08,0.0409,0.07,BATTERY,NORMAL
2026-03-04 11:12:00,SAT-001,29.48,22.02,6.55,86.32,130.6,-71.35,0.0347,0.07,POWER,ANOMALY
2026-03-04 11:13:00,SAT-002,23.45,28.04,6.24,92.47,541.1,-63.77,0.0634,0.126,POWER,NORMAL
2026-03-04 11:14:00,SAT-003,25.76,28.14,5.42,89.77,557.0,-70.96,0.0554,0.118,THERMAL,NORMAL
2026-03-04 11:15:00,SAT-004,19.85,28.18,6.34,85.53,538.42,-73.05,0.0455,0.061,THERMAL,NORMAL
2026-03-04 11:16:00,INSAT-3D,38.27,26.66,18.54,82.76,538.21,-63.0,0.0437,0.096,POWER,ANOMALY
2026-03-04 11:17:00,GSAT-30,30.48,28.3,6.8,83.71,552.67,-66.94,0.0663,0.043,POWER,NORMAL
2026-03-04 11:18:00,SAT-001,19.51,28.38,7.12,93.03,531.16,-72.09,0.0635,0.066,PAYLOAD,NORMAL
2026-03-04 11:19:00,SAT-002,18.68,27.64,6.01,93.87,552.43,-65.91,0.0456,0.084,THERMAL,NORMAL
2026-03-04 11:20:00,SAT-003,28.33,28.15,6.6,82.97,493.46,-107.59,0.0332,0.106,COMMUNICATION,ANOMALY
2026-03-04 11:21:00,SAT-004,27.99,27.97,6.79,80.52,548.94,-67.21,0.0506,0.05,POWER,NORMAL
2026-03-04 11:22:00,INSAT-3D,22.35,27.82,6.45,79.02,549.69,-67.33,0.0434,0.134,ATTITUDE,NORMAL
2026-03-04 11:23:00,GSAT-30,26.69,28.06,5.76,86.69,570.64,-66.1,0.0547,0.085,COMMUNICATION,NORMAL
2026-03-04 11:24:00,SAT-001,26.53,28.55,5.81,90.95,535.16,-67.85,1.6553,0.716,ATTITUDE,ANOMALY
2026-03-04 11:25:00,SAT-002,27.95,27.86,6.46,84.38,530.63,-72.53,0.0469,0.086,COMMUNICATION,NORMAL
2026-03-04 11:26:00,SAT-003,30.26,27.96,6.37,81.41,522.12,-69.31,0.0471,0.054,BATTERY,NORMAL
2026-03-04 11:27:00,SAT-004,25.75,28.39,6.33,89.96,509.43,-67.56,0.0356,0.098,ATTITUDE,NORMAL
2026-03-04 11:28:00,INSAT-3D,23.16,28.05,6.43,92.66,238.93,-61.94,0.0588,10.818,ATTITUDE,ANOMALY
2026-03-04 11:29:00,GSAT-30,25.56,28.69,7.04,85.07,549.1,-65.42,0.068,0.099,ATTITUDE,NORMAL
2026-03-04 11:30:00,SAT-001,33.44,28.34,7.02,92.66,545.16,-67.75,0.0558,0.064,ATTITUDE,NORMAL
2026-03-04 11:31:00,SAT-002,24.87,28.57,5.88,90.17,534.54,-70.93,0.0381,0.057,COMMUNICATION,NORMAL
2026-03-04 11:32:00,SAT-003,32.0,25.25,11.55,41.48,496.81,-67.86,0.0501,0.083,BATTERY,ANOMALY
2026-03-04 11:33:00,SAT-004,26.4,28.3,4.85,93.95,544.46,-69.35,0.0528,0.099,POWER,NORMAL
2026-03-04 11:34:00,INSAT-3D,21.8,28.48,7.84,79.43,507.65,-71.01,0.0416,0.118,PAYLOAD,NORMAL
2026-03-04 11:35:00,GSAT-30,30.37,28.23,5.59,94.83,533.52,-67.96,0.0737,0.108,COMMUNICATION,NORMAL
2026-03-04 11:36:00,SAT-001,83.75,27.5,6.94,89.11,498.9,-63.11,0.0592,0.052,THERMAL,ANOMALY
2026-03-04 11:37:00,SAT-002,25.56,28.39,5.93,90.16,562.16,-66.51,0.0507,0.097,ATTITUDE,NORMAL
2026-03-04 11:38:00,SAT-003,28.08,27.84,7.1,91.34,555.64,-71.54,0.0231,0.058,BATTERY,NORMAL
2026-03-04 11:39:00,SAT-004,21.11,28.45,6.72,84.11,574.31,-73.82,0.0507,0.043,POWER,NORMAL
2026-03-04 11:40:00,INSAT-3D,24.43,23.72,7.53,82.49,139.12,-69.31,0.0352,0.049,POWER,ANOMALY
2026-03-04 11:41:00,GSAT-30,16.86,27.9,6.57,92.66,505.87,-69.59,0.0511,0.028,COMMUNICATION,NORMAL
2026-03-04 11:42:00,SAT-001,17.73,28.37,5.44,75.22,615.44,-67.89,0.0542,0.112,ATTITUDE,NORMAL
2026-03-04 11:43:00,SAT-002,28.12,28.4,6.24,83.54,523.4,-67.37,0.0605,0.011,ATTITUDE,NORMAL
2026-03-04 11:44:00,SAT-003,38.31,26.66,25.77,78.13,557.42,-68.06,0.0424,0.092,POWER,ANOMALY
2026-03-04 11:45:00,SAT-004,23.34,28.38,7.73,81.29,561.39,-67.93,0.0665,0.053,BATTERY,NORMAL
2026-03-04 11:46:00,INSAT-3D,18.03,28.63,5.16,97.81,542.93,-65.38,0.0511,0.109,PAYLOAD,NORMAL
2026-03-04 11:47:00,GSAT-30,27.55,28.01,7.22,79.81,541.34,-67.77,0.0195,0.058,BATTERY,NORMAL
2026-03-04 11:48:00,SAT-001,27.79,27.98,6.29,82.97,559.22,-121.96,0.0405,0.058,COMMUNICATION,ANOMALY
2026-03-04 11:49:00,SAT-002,28.03,28.24,7.01,91.09,425.62,-64.78,0.0465,0.087,POWER,NORMAL
2026-03-04 11:50:00,SAT-003,22.41,27.9,5.7,88.28,536.75,-74.71,0.0624,0.099,POWER,NORMAL
2026-03-04 11:51:00,SAT-004,20.4,28.15,7.56,91.31,583.08,-64.96,0.0365,0.137,ATTITUDE,NORMAL
2026-03-04 11:52:00,INSAT-3D,20.67,28.3,4.85,76.43,558.07,-70.07,0.5685,0.615,ATTITUDE,ANOMALY
2026-03-04 11:53:00,GSAT-30,25.51,27.83,5.32,81.26,576.77,-68.48,0.0614,0.086,BATTERY,NORMAL
2026-03-04 11:54:00,SAT-001,27.75,28.02,6.29,98.99,545.14,-70.51,0.0492,0.069,BATTERY,NORMAL
2026-03-04 11:55:00,SAT-002,15.56,27.95,5.59,87.9,575.95,-73.23,0.0552,0.09,ATTITUDE,NORMAL
2026-03-04 11:56:00,SAT-003,27.24,28.12,7.08,84.08,226.47,-68.6,0.0461,7.912,ATTITUDE,ANOMALY
2026-03-04 11:57:00,SAT-004,21.39,28.14,6.32,93.41,514.89,-68.37,0.0329,0.13,ATTITUDE,NORMAL
2026-03-04 11:58:00,INSAT-3D,23.08,28.31,4.97,97.13,570.12,-62.87,0.0447,0.126,BATTERY,NORMAL
2026-03-04 11:59:00,GSAT-30,27.38,28.62,5.88,85.54,566.68,-70.65,0.0374,0.081,BATTERY,NORMAL
2026-03-04 12:00:00,SAT-001,35.81,24.91,14.49,34.64,547.18,-72.6,0.0458,0.128,BATTERY,ANOMALY
2026-03-04 12:01:00,SAT-002,24.58,27.85,6.08,80.55,528.88,-69.07,0.0668,0.128,THERMAL,NORMAL
2026-03-04 12:02:00,SAT-003,22.26,27.87,5.99,91.42,536.54,-67.6,0.0591,0.105,THERMAL,NORMAL
2026-03-04 12:03:00,SAT-004,19.52,28.37,6.9,85.07,499.59,-65.39,0.0435,0.02,COMMUNICATION,NORMAL
2026-03-04 12:04:00,INSAT-3D,82.7,27.49,7.61,89.2,556.87,-70.63,0.0315,0.095,THERMAL,ANOMALY
2026-03-04 12:05:00,GSAT-30,19.67,28.28,5.41,78.09,542.39,-72.62,0.0576,0.094,ATTITUDE,NORMAL
2026-03-04 12:06:00,SAT-001,25.34,28.24,7.2,83.59,519.14,-72.24,0.0626,0.028,PAYLOAD,NORMAL
2026-03-04 12:07:00,SAT-002,22.05,28.16,5.61,83.74,530.28,-68.41,0.0406,0.081,PAYLOAD,NORMAL
2026-03-04 12:08:00,SAT-003,28.48,21.98,6.8,84.59,258.53,-67.12,0.0549,0.119,POWER,ANOMALY
2026-03-04 12:09:00,SAT-004,22.69,28.31,5.82,88.62,491.76,-73.29,0.0416,0.09,POWER,NORMAL
2026-03-04 12:10:00,INSAT-3D,23.16,28.25,5.29,83.14,466.77,-70.06,0.0457,0.082,BATTERY,NORMAL
2026-03-04 12:11:00,GSAT-30,25.02,28.51,5.91,87.3,494.65,-66.59,0.0442,0.064,BATTERY,NORMAL
2026-03-04 12:12:00,SAT-001,38.0,26.8,21.82,87.66,583.75,-64.54,0.0453,0.099,POWER,ANOMALY
2026-03-04 12:13:00,SAT-002,20.5,28.62,6.16,87.43,551.68,-66.78,0.0368,0.087,COMMUNICATION,NORMAL
2026-03-04 12:14:00,SAT-003,21.91,28.14,6.11,87.58,589.2,-68.3,0.0641,0.038,PAYLOAD,NORMAL
2026-03-04 12:15:00,SAT-004,30.81,28.25,5.05,79.44,543.94,-67.6,0.034,0.035,POWER,NORMAL
2026-03-04 12:16:00,INSAT-3D,20.11,27.97,6.21,88.46,526.09,-118.07,0.0511,0.095,COMMUNICATION,ANOMALY
2026-03-04 12:17:00,GSAT-30,23.12,28.8,4.68,86.51,556.67,-73.63,0.036,0.14,THERMAL,NORMAL
2026-03-04 12:18:00,SAT-001,24.78,28.2,5.8,89.06,503.69,-62.84,0.0345,0.092,ATTITUDE,NORMAL
2026-03-04 12:19:00,SAT-002,23.17,27.83,5.96,87.13,581.85,-71.05,0.0508,0.083,ATTITUDE,NORMAL
2026-03-04 12:20:00,SAT-003,20.32,27.98,5.89,93.42,546.37,-67.57,1.4352,0.623,ATTITUDE,ANOMALY
2026-03-04 12:21:00,SAT-004,29.9,28.51,5.94,91.57,548.57,-68.13,0.0392,0.101,PAYLOAD,NORMAL
2026-03-04 12:22:00,INSAT-3D,27.76,28.44,6.49,89.15,597.71,-67.98,0.0521,0.09,COMMUNICATION,NORMAL
2026-03-04 12:23:00,GSAT-30,28.94,28.05,5.22,88.26,567.07,-69.75,0.0484,0.041,PAYLOAD,NORMAL
2026-03-04 12:24:00,SAT-001,26.75,28.07,6.65,85.59,225.78,-67.56,0.0398,11.526,ATTITUDE,ANOMALY
2026-03-04 12:25:00,SAT-002,19.19,28.03,6.84,81.68,535.44,-71.74,0.0343,0.091,THERMAL,NORMAL
2026-03-04 12:26:00,SAT-003,28.0,28.31,6.19,81.93,506.13,-67.47,0.0477,0.08,COMMUNICATION,NORMAL
2026-03-04 12:27:00,SAT-004,29.59,28.21,6.81,85.87,545.21,-66.94,0.0437,0.045,PAYLOAD,NORMAL
2026-03-04 12:28:00,INSAT-3D,38.31,25.02,13.95,35.63,577.77,-64.38,0.0478,0.105,BATTERY,ANOMALY
2026-03-04 12:29:00,GSAT-30,24.07,28.05,6.19,90.61,619.28,-69.35,0.0185,0.073,COMMUNICATION,NORMAL
2026-03-04 12:30:00,SAT-001,21.48,28.34,8.9,88.47,542.71,-65.73,0.0562,0.045,PAYLOAD,NORMAL
2026-03-04 12:31:00,SAT-002,27.31,28.37,7.39,88.56,609.74,-71.07,0.0436,0.12,POWER,NORMAL
2026-03-04 12:32:00,SAT-003,66.31,27.29,6.89,87.66,510.82,-63.63,0.035,0.087,THERMAL,ANOMALY
2026-03-04 12:33:00,SAT-004,24.36,28.13,6.04,87.51,528.75,-69.64,0.0331,0.097,PAYLOAD,NORMAL
2026-03-04 12:34:00,INSAT-3D,20.47,28.51,6.34,89.48,536.94,-68.33,0.0518,0.065,THERMAL,NORMAL
2026-03-04 12:35:00,GSAT-30,24.38,28.41,6.23,88.04,545.74,-63.56,0.0472,0.113,COMMUNICATION,NORMAL
2026-03-04 12:36:00,SAT-001,29.14,23.71,6.44,83.11,141.83,-70.82,0.0378,0.072,POWER,ANOMALY
2026-03-04 12:37:00,SAT-002,27.15,27.92,6.57,89.82,548.86,-73.84,0.059,0.124,THERMAL,NORMAL
2026-03-04 12:38:00,SAT-003,24.4,28.63,5.09,76.66,583.67,-73.26,0.0582,0.037,THERMAL,NORMAL
2026-03-04 12:39:00,SAT-004,25.39,27.78,6.41,95.09,533.21,-69.69,0.0575,0.063,COMMUNICATION,NORMAL
2026-03-04 12:40:00,INSAT-3D,39.67,26.61,31.2,82.14,462.46,-65.63,0.0517,0.087,POWER,ANOMALY
2026-03-04 12:41:00,GSAT-30,29.15,28.53,6.15,80.34,541.76,-72.51,0.0439,0.069,THERMAL,NORMAL
2026-03-04 12:42:00,SAT-001,23.43,28.14,5.86,95.25,554.83,-66.81,0.0404,0.038,COMMUNICATION,NORMAL
2026-03-04 12:43:00,SAT-002,26.34,27.91,5.97,85.17,513.48,-67.47,0.0329,0.01,COMMUNICATION,NORMAL
2026-03-04 12:44:00,SAT-003,24.69,27.96,6.14,80.96,544.78,-122.29,0.032,0.115,COMMUNICATION,ANOMALY
2026-03-04 12:45:00,SAT-004,28.33,28.28,6.54,78.86,525.5,-68.35,0.0506,0.113,POWER,NORMAL
2026-03-04 12:46:00,INSAT-3D,27.01,28.05,6.31,92.13,565.7,-66.05,0.0422,0.124,BATTERY,NORMAL
2026-03-04 12:47:00,GSAT-30,21.49,28.17,6.13,86.71,555.71,-69.93,0.0526,0.069,PAYLOAD,NORMAL
2026-03-04 12:48:00,SAT-001,21.68,28.68,5.27,89.14,525.16,-67.94,0.7115,0.665,ATTITUDE,ANOMALY
2026-03-04 12:49:00,SAT-002,20.81,28.18,7.17,83.53,502.13,-69.5,0.0472,0.083,PAYLOAD,NORMAL
2026-03-04 12:50:00,SAT-003,22.2,28.36,6.32,87.65,529.13,-72.4,0.0432,0.013,POWER,NORMAL
2026-03-04 12:51:00,SAT-004,20.97,28.38,4.87,93.97,569.28,-71.2,0.0439,0.054,PAYLOAD,NORMAL
2026-03-04 12:52:00,INSAT-3D,27.74,28.74,7.44,81.56,240.05,-63.43,0.0502,8.157,ATTITUDE,ANOMALY
2026-03-04 12:53:00,GSAT-30,22.18,27.62,5.25,91.5,563.29,-71.93,0.0245,0.081,PAYLOAD,NORMAL
2026-03-04 12:54:00,SAT-001,27.32,28.1,6.79,93.69,554.53,-69.63,0.0564,0.094,PAYLOAD,NORMAL
2026-03-04 12:55:00,SAT-002,21.14,28.41,6.91,88.15,583.02,-68.33,0.0688,0.076,PAYLOAD,NORMAL
2026-03-04 12:56:00,SAT-003,33.49,25.35,11.98,43.89,505.44,-65.09,0.0539,0.057,BATTERY,ANOMALY
2026-03-04 12:57:00,SAT-004,25.56,28.53,6.44,81.66,520.91,-65.77,0.0231,0.038,COMMUNICATION,NORMAL
2026-03-04 12:58:00,INSAT-3D,31.9,28.08,6.31,90.11,580.85,-66.16,0.0388,0.08,COMMUNICATION,NORMAL
2026-03-04 12:59:00,GSAT-30,30.03,28.22,5.85,79.7,522.07,-70.91,0.0399,0.126,POWER,NORMAL
2026-03-04 13:00:00,SAT-001,65.96,27.32,5.95,87.89,563.56,-68.82,0.0652,0.064,THERMAL,ANOMALY
2026-03-04 13:01:00,SAT-002,23.3,28.48,5.36,75.06,476.68,-67.98,0.0332,0.082,ATTITUDE,NORMAL
2026-03-04 13:02:00,SAT-003,22.66,28.14,7.0,92.05,518.93,-60.99,0.0425,0.115,POWER,NORMAL
2026-03-04 13:03:00,SAT-004,28.05,28.03,6.31,82.27,586.75,-66.24,0.0178,0.116,THERMAL,NORMAL
2026-03-04 13:04:00,INSAT-3D,26.49,23.22,7.94,76.82,255.63,-69.07,0.0359,0.12,POWER,ANOMALY
2026-03-04 13:05:00,GSAT-30,26.54,28.1,6.97,89.03,573.93,-73.46,0.0295,0.09,POWER,NORMAL
2026-03-04 13:06:00,SAT-001,29.34,28.51,6.99,81.36,554.33,-66.7,0.0519,0.054,PAYLOAD,NORMAL
2026-03-04 13:07:00,SAT-002,18.84,28.35,7.21,87.1,460.75,-72.47,0.0502,0.08,PAYLOAD,NORMAL
2026-03-04 13:08:00,SAT-003,41.85,26.72,21.76,86.55,560.47,-63.95,0.0439,0.082,POWER,ANOMALY
2026-03-04 13:09:00,SAT-004,27.58,28.14,6.14,88.01,544.54,-62.26,0.0394,0.067,COMMUNICATION,NORMAL
2026-03-04 13:10:00,INSAT-3D,27.08,28.09,7.13,99.5,548.72,-69.97,0.0459,0.043,POWER,NORMAL
2026-03-04 13:11:00,GSAT-30,25.84,28.22,5.23,96.88,524.01,-66.83,0.0391,0.114,BATTERY,NORMAL
2026-03-04 13:12:00,SAT-001,25.23,28.12,6.52,85.42,513.55,-122.51,0.0396,0.075,COMMUNICATION,ANOMALY
2026-03-04 13:13:00,SAT-002,19.35,28.07,6.2,79.38,543.48,-67.47,0.0549,0.091,ATTITUDE,NORMAL
2026-03-04 13:14:00,SAT-003,26.43,28.46,5.89,85.02,574.39,-66.16,0.0468,0.115,ATTITUDE,NORMAL
2026-03-04 13:15:00,SAT-004,20.4,28.25,6.4,88.19,568.1,-64.69,0.0494,0.04,ATTITUDE,NORMAL
2026-03-04 13:16:00,INSAT-3D,24.33,28.41,6.7,81.78,561.08,-66.23,0.7225,0.691,ATTITUDE,ANOMALY
2026-03-04 13:17:00,GSAT-30,20.12,28.55,6.12,96.2,535.76,-73.71,0.0396,0.08,THERMAL,NORMAL
2026-03-04 13:18:00,SAT-001,23.67,28.21,5.86,88.99,573.78,-64.82,0.0567,0.062,ATTITUDE,NORMAL
2026-03-04 13:19:00,SAT-002,30.6,28.75,6.45,87.25,565.16,-71.43,0.0423,0.092,THERMAL,NORMAL
2026-03-04 13:20:00,SAT-003,23.19,28.5,6.88,83.14,243.97,-68.65,0.0276,12.267,ATTITUDE,ANOMALY
2026-03-04 13:21:00,SAT-004,27.28,27.75,6.09,84.42,588.9,-68.15,0.0432,0.068,BATTERY,NORMAL
2026-03-04 13:22:00,INSAT-3D,25.57,27.76,7.2,90.64,569.5,-70.91,0.0493,0.06,POWER,NORMAL
2026-03-04 13:23:00,GSAT-30,26.39,28.61,5.71,80.35,518.05,-68.3,0.0229,0.083,BATTERY,NORMAL
2026-03-04 13:24:00,SAT-001,36.22,24.63,13.65,37.19,529.05,-67.53,0.044,0.083,BATTERY,ANOMALY
2026-03-04 13:25:00,SAT-002,23.21,28.14,6.7,90.56,513.68,-70.32,0.0607,0.071,PAYLOAD,NORMAL
2026-03-04 13:26:00,SAT-003,24.65,28.0,7.5,82.68,538.38,-68.02,0.0636,0.077,PAYLOAD,NORMAL
2026-03-04 13:27:00,SAT-004,24.67,28.15,7.06,88.24,568.04,-70.16,0.066,0.105,ATTITUDE,NORMAL
2026-03-04 13:28:00,INSAT-3D,60.66,27.46,6.02,83.86,536.29,-67.41,0.0409,0.08,THERMAL,ANOMALY
2026-03-04 13:29:00,GSAT-30,27.37,27.85,6.66,88.3,518.36,-67.04,0.0521,0.023,POWER,NORMAL
2026-03-04 13:30:00,SAT-001,26.42,28.53,5.56,82.36,557.17,-68.21,0.0408,0.039,COMMUNICATION,NORMAL
2026-03-04 13:31:00,SAT-002,21.64,28.22,5.67,81.65,584.18,-72.36,0.0356,0.091,THERMAL,NORMAL
2026-03-04 13:32:00,SAT-003,29.0,23.1,6.4,78.44,120.92,-73.08,0.0433,0.094,POWER,ANOMALY
2026-03-04 13:33:00,SAT-004,18.78,28.39,5.63,90.45,516.22,-69.49,0.0502,0.07,COMMUNICATION,NORMAL
2026-03-04 13:34:00,INSAT-3D,21.54,27.94,6.07,88.4,511.21,-70.81,0.026,0.09,COMMUNICATION,NORMAL
2026-03-04 13:35:00,GSAT-30,33.12,27.93,6.78,80.32,504.41,-70.94,0.0378,0.105,ATTITUDE,NORMAL
2026-03-04 13:36:00,SAT-001,38.0,26.8,31.16,80.04,526.79,-64.33,0.0365,0.097,POWER,ANOMALY
2026-03-04 13:37:00,SAT-002,22.46,27.96,5.96,82.45,583.5,-76.48,0.0512,0.095,POWER,NORMAL
2026-03-04 13:38:00,SAT-003,25.52,27.86,6.4,84.42,560.23,-71.41,0.068,0.049,COMMUNICATION,NORMAL
2026-03-04 13:39:00,SAT-004,28.76,28.31,7.05,91.47,540.03,-67.71,0.0515,0.073,POWER,NORMAL
2026-03-04 13:40:00,INSAT-3D,26.95,28.31,6.69,82.16,570.15,-121.67,0.0324,0.019,COMMUNICATION,ANOMALY
2026-03-04 13:41:00,GSAT-30,27.9,28.36,5.86,85.46,524.51,-64.23,0.0408,0.08,PAYLOAD,NORMAL
2026-03-04 13:42:00,SAT-001,27.72,28.14,6.13,85.18,565.03,-66.23,0.0409,0.12,PAYLOAD,NORMAL
2026-03-04 13:43:00,SAT-002,29.74,28.36,6.42,84.64,522.52,-70.88,0.0393,0.132,BATTERY,NORMAL
2026-03-04 13:44:00,SAT-003,25.66,28.25,6.15,80.32,534.42,-67.55,0.4589,0.665,ATTITUDE,ANOMALY
2026-03-04 13:45:00,SAT-004,29.4,28.16,5.79,92.66,499.86,-67.24,0.0577,0.093,PAYLOAD,NORMAL
2026-03-04 13:46:00,INSAT-3D,28.62,28.63,5.19,89.66,555.67,-72.43,0.0565,0.011,THERMAL,NORMAL
2026-03-04 13:47:00,GSAT-30,31.06,28.47,7.86,93.39,549.54,-71.32,0.0242,0.065,THERMAL,NORMAL
2026-03-04 13:48:00,SAT-001,26.57,28.89,6.32,85.76,243.16,-67.38,0.0628,3.25,ATTITUDE,ANOMALY
2026-03-04 13:49:00,SAT-002,24.27,28.32,8.35,88.37,511.48,-61.2,0.0627,0.097,THERMAL,NORMAL
2026-03-04 13:50:00,SAT-003,27.42,27.87,7.38,81.39,596.21,-65.77,0.0719,0.01,THERMAL,NORMAL
2026-03-04 13:51:00,SAT-004,27.11,28.12,5.18,93.42,493.16,-72.5,0.0456,0.039,POWER,NORMAL
2026-03-04 13:52:00,INSAT-3D,35.59,25.82,14.68,24.1,553.86,-68.92,0.0317,0.045,BATTERY,ANOMALY
2026-03-04 13:53:00,GSAT-30,24.0,27.97,6.26,87.19,571.64,-67.98,0.048,0.071,THERMAL,NORMAL
2026-03-04 13:54:00,SAT-001,27.6,28.18,6.54,80.44,538.78,-70.3,0.0751,0.085,BATTERY,NORMAL
2026-03-04 13:55:00,SAT-002,24.9,28.13,4.31,88.24,526.66,-71.02,0.0425,0.067,PAYLOAD,NORMAL
2026-03-04 13:56:00,SAT-003,72.23,27.32,6.86,85.87,568.21,-69.6,0.0628,0.112,THERMAL,ANOMALY
2026-03-04 13:57:00,SAT-004,26.33,28.53,3.66,83.85,511.11,-68.48,0.056,0.135,PAYLOAD,NORMAL
2026-03-04 13:58:00,INSAT-3D,22.11,28.28,6.86,95.29,548.31,-68.4,0.0455,0.112,ATTITUDE,NORMAL
2026-03-04 13:59:00,GSAT-30,24.57,28.04,5.43,91.11,598.79,-62.08,0.0574,0.047,ATTITUDE,NORMAL
2026-03-04 14:00:00,SAT-001,25.61,22.91,6.93,88.67,160.84,-64.25,0.0685,0.091,POWER,ANOMALY
2026-03-04 14:01:00,SAT-002,22.34,28.51,5.12,90.5,531.88,-67.71,0.0486,0.116,COMMUNICATION,NORMAL
2026-03-04 14:02:00,SAT-003,25.1,28.25,5.47,82.28,521.26,-68.55,0.0591,0.088,THERMAL,NORMAL
2026-03-04 14:03:00,SAT-004,22.42,28.67,5.99,83.58,548.24,-67.77,0.0681,0.072,ATTITUDE,NORMAL
2026-03-04 14:04:00,INSAT-3D,39.46,26.34,23.81,81.89,485.53,-67.86,0.0475,0.084,POWER,ANOMALY
2026-03-04 14:05:00,GSAT-30,20.98,28.22,5.86,80.85,551.74,-62.86,0.0333,0.01,POWER,NORMAL
2026-03-04 14:06:00,SAT-001,30.46,28.39,7.14,85.89,458.51,-64.94,0.0493,0.085,ATTITUDE,NORMAL
2026-03-04 14:07:00,SAT-002,31.45,28.33,7.62,92.03,586.37,-66.91,0.0443,0.067,THERMAL,NORMAL
2026-03-04 14:08:00,SAT-003,23.27,28.17,5.7,82.96,537.0,-117.77,0.0587,0.088,COMMUNICATION,ANOMALY
2026-03-04 14:09:00,SAT-004,25.89,28.68,5.62,88.49,569.6,-70.85,0.0457,0.1,THERMAL,NORMAL
2026-03-04 14:10:00,INSAT-3D,25.18,28.31,6.51,84.64,486.28,-68.39,0.0442,0.077,COMMUNICATION,NORMAL
2026-03-04 14:11:00,GSAT-30,26.29,28.06,5.43,86.88,512.21,-66.14,0.0633,0.097,THERMAL,NORMAL
2026-03-04 14:12:00,SAT-001,20.57,28.01,6.51,77.83,530.94,-66.59,1.0024,0.735,ATTITUDE,ANOMALY
2026-03-04 14:13:00,SAT-002,22.93,28.14,6.5,94.95,567.96,-65.89,0.0403,0.046,COMMUNICATION,NORMAL
2026-03-04 14:14:00,SAT-003,24.44,27.77,6.41,81.86,549.41,-63.97,0.0249,0.053,PAYLOAD,NORMAL
2026-03-04 14:15:00,SAT-004,22.52,28.28,5.91,81.29,567.93,-69.74,0.0269,0.113,COMMUNICATION,NORMAL
2026-03-04 14:16:00,INSAT-3D,29.46,27.86,6.07,80.98,229.82,-74.23,0.0408,12.403,ATTITUDE,ANOMALY
2026-03-04 14:17:00,GSAT-30,30.53,28.24,5.77,89.11,492.75,-67.77,0.037,0.084,COMMUNICATION,NORMAL
2026-03-04 14:18:00,SAT-001,26.86,28.31,7.22,93.08,560.54,-73.03,0.0403,0.101,BATTERY,NORMAL
2026-03-04 14:19:00,SAT-002,27.94,28.65,7.44,94.01,525.35,-65.27,0.0695,0.127,POWER,NORMAL
2026-03-04 14:20:00,SAT-003,35.81,25.91,13.33,46.08,525.25,-71.96,0.0552,0.079,BATTERY,ANOMALY
2026-03-04 14:21:00,SAT-004,22.2,28.52,7.32,86.46,563.16,-69.06,0.0272,0.063,ATTITUDE,NORMAL
2026-03-04 14:22:00,INSAT-3D,24.47,28.34,7.46,89.15,526.49,-68.74,0.0573,0.095,ATTITUDE,NORMAL
2026-03-04 14:23:00,GSAT-30,26.74,28.25,7.4,88.06,589.46,-63.46,0.0495,0.077,PAYLOAD,NORMAL
2026-03-04 14:24:00,SAT-001,61.77,27.49,7.94,86.55,541.07,-63.34,0.0634,0.08,THERMAL,ANOMALY
2026-03-04 14:25:00,SAT-002,24.51,28.01,5.77,92.59,506.0,-68.83,0.0602,0.078,THERMAL,NORMAL
2026-03-04 14:26:00,SAT-003,17.96,28.68,5.92,87.61,586.53,-66.18,0.0514,0.117,THERMAL,NORMAL
2026-03-04 14:27:00,SAT-004,31.78,27.86,5.9,86.4,583.88,-63.45,0.0398,0.066,ATTITUDE,NORMAL
2026-03-04 14:28:00,INSAT-3D,29.05,22.44,6.68,89.8,225.48,-67.13,0.0319,0.098,POWER,ANOMALY
2026-03-04 14:29:00,GSAT-30,26.34,28.29,6.57,85.04,593.14,-66.84,0.0421,0.098,ATTITUDE,NORMAL
2026-03-04 14:30:00,SAT-001,23.22,28.19,6.68,83.21,549.85,-70.56,0.0449,0.078,COMMUNICATION,NORMAL
2026-03-04 14:31:00,SAT-002,24.95,28.4,6.52,90.28,564.46,-69.14,0.0356,0.088,THERMAL,NORMAL
2026-03-04 14:32:00,SAT-003,38.0,26.08,24.48,90.68,509.61,-71.69,0.0504,0.101,POWER,ANOMALY
2026-03-04 14:33:00,SAT-004,23.64,28.1,5.69,82.49,545.95,-67.25,0.0532,0.073,PAYLOAD,NORMAL
2026-03-04 14:34:00,INSAT-3D,30.26,28.05,5.65,93.22,515.56,-70.67,0.0523,0.094,ATTITUDE,NORMAL
2026-03-04 14:35:00,GSAT-30,19.25,28.1,6.85,87.27,525.85,-65.51,0.0582,0.06,BATTERY,NORMAL
2026-03-04 14:36:00,SAT-001,31.3,27.66,5.29,82.73,519.96,-123.26,0.0397,0.058,COMMUNICATION,ANOMALY
2026-03-04 14:37:00,SAT-002,27.35,28.66,5.77,80.59,515.35,-65.73,0.0403,0.057,ATTITUDE,NORMAL
2026-03-04 14:38:00,SAT-003,24.25,28.44,5.67,93.59,525.82,-67.98,0.0571,0.109,ATTITUDE,NORMAL
2026-03-04 14:39:00,SAT-004,24.09,27.64,6.7,90.62,508.08,-65.89,0.0296,0.058,COMMUNICATION,NORMAL
2026-03-04 14:40:00,INSAT-3D,30.19,28.59,7.05,81.93,543.5,-66.49,0.9592,0.648,ATTITUDE,ANOMALY
2026-03-04 14:41:00,GSAT-30,27.18,28.64,6.29,86.87,543.27,-76.01,0.0405,0.098,POWER,NORMAL
2026-03-04 14:42:00,SAT-001,28.48,28.16,4.56,85.74,538.07,-72.36,0.0435,0.07,COMMUNICATION,NORMAL
2026-03-04 14:43:00,SAT-002,28.06,28.4,6.18,81.36,563.34,-68.73,0.015,0.103,THERMAL,NORMAL
2026-03-04 14:44:00,SAT-003,29.49,28.6,5.48,75.42,232.96,-66.45,0.0356,5.874,ATTITUDE,ANOMALY
2026-03-04 14:45:00,SAT-004,22.65,27.91,6.07,92.19,519.25,-67.36,0.0338,0.057,PAYLOAD,NORMAL
2026-03-04 14:46:00,INSAT-3D,29.37,28.07,7.69,89.88,549.04,-66.03,0.0567,0.066,BATTERY,NORMAL
2026-03-04 14:47:00,GSAT-30,24.39,28.05,6.76,89.25,516.92,-65.67,0.0622,0.115,POWER,NORMAL
2026-03-04 14:48:00,SAT-001,34.05,24.79,11.62,26.31,517.68,-65.39,0.0263,0.078,BATTERY,ANOMALY
2026-03-04 14:49:00,SAT-002,28.04,28.53,5.95,89.73,510.63,-66.91,0.0745,0.014,ATTITUDE,NORMAL
2026-03-04 14:50:00,SAT-003,21.72,27.87,5.22,91.08,528.3,-71.92,0.044,0.101,PAYLOAD,NORMAL
2026-03-04 14:51:00,SAT-004,18.84,28.38,6.6,86.61,560.15,-70.5,0.0506,0.103,ATTITUDE,NORMAL
2026-03-04 14:52:00,INSAT-3D,75.2,27.41,6.38,92.13,513.58,-67.7,0.044,0.09,THERMAL,ANOMALY
2026-03-04 14:53:00,GSAT-30,23.78,28.58,7.04,86.95,537.44,-71.5,0.0369,0.084,PAYLOAD,NORMAL
2026-03-04 14:54:00,SAT-001,22.6,28.37,6.01,80.05,518.31,-67.53,0.0506,0.075,COMMUNICATION,NORMAL
2026-03-04 14:55:00,SAT-002,24.81,28.01,6.6,88.54,566.61,-63.04,0.039,0.068,COMMUNICATION,NORMAL
2026-03-04 14:56:00,SAT-003,21.96,20.15,5.98,86.73,253.73,-70.05,0.0403,0.11,POWER,ANOMALY
2026-03-04 14:57:00,SAT-004,23.41,28.33,5.21,91.37,555.37,-67.76,0.025,0.108,PAYLOAD,NORMAL
2026-03-04 14:58:00,INSAT-3D,29.91,28.28,5.54,84.6,501.12,-68.24,0.0508,0.126,POWER,NORMAL
2026-03-04 14:59:00,GSAT-30,30.54,28.65,5.46,94.19,557.66,-68.16,0.0479,0.142,ATTITUDE,NORMAL
2026-03-04 15:00:00,SAT-001,38.0,26.75,23.36,86.58,490.58,-67.71,0.0277,0.068,POWER,ANOMALY
2026-03-04 15:01:00,SAT-002,28.53,28.07,6.15,96.13,550.21,-68.17,0.0414,0.091,ATTITUDE,NORMAL
2026-03-04 15:02:00,SAT-003,26.36,28.01,7.15,86.67,521.77,-66.8,0.0394,0.079,BATTERY,NORMAL
2026-03-04 15:03:00,SAT-004,26.89,28.04,4.98,98.0,552.7,-71.68,0.0407,0.149,POWER,NORMAL
2026-03-04 15:04:00,INSAT-3D,28.85,28.1,5.74,91.81,487.15,-106.34,0.0498,0.113,COMMUNICATION,ANOMALY
2026-03-04 15:05:00,GSAT-30,31.28,28.27,6.35,89.02,613.16,-67.1,0.0427,0.134,ATTITUDE,NORMAL
2026-03-04 15:06:00,SAT-001,21.4,28.08,6.0,82.75,487.86,-64.41,0.0378,0.072,COMMUNICATION,NORMAL
2026-03-04 15:07:00,SAT-002,26.06,28.08,6.95,79.98,601.32,-66.17,0.0713,0.099,THERMAL,NORMAL
2026-03-04 15:08:00,SAT-003,26.72,28.02,6.15,78.8,589.32,-67.6,0.4831,0.711,ATTITUDE,ANOMALY
2026-03-04 15:09:00,SAT-004,23.75,28.27,5.15,99.5,557.52,-65.48,0.0392,0.112,THERMAL,NORMAL
2026-03-04 15:10:00,INSAT-3D,24.43,28.09,6.27,80.95,538.72,-74.93,0.0531,0.041,POWER,NORMAL
2026-03-04 15:11:00,GSAT-30,24.74,28.07,3.92,90.66,538.4,-67.95,0.045,0.111,ATTITUDE,NORMAL
2026-03-04 15:12:00,SAT-001,21.12,28.9,5.44,83.83,201.85,-67.54,0.0418,4.07,ATTITUDE,ANOMALY
2026-03-04 15:13:00,SAT-002,18.59,27.93,6.3,89.35,545.44,-64.34,0.0473,0.09,COMMUNICATION,NORMAL
2026-03-04 15:14:00,SAT-003,26.05,27.98,5.64,87.12,524.44,-67.93,0.0354,0.057,BATTERY,NORMAL
2026-03-04 15:15:00,SAT-004,19.96,28.47,5.88,92.53,537.36,-73.53,0.0392,0.064,POWER,NORMAL
2026-03-04 15:16:00,INSAT-3D,34.46,25.47,11.62,33.0,492.19,-70.23,0.0498,0.077,BATTERY,ANOMALY
2026-03-04 15:17:00,GSAT-30,25.17,28.1,5.83,90.72,544.97,-65.69,0.0516,0.081,COMMUNICATION,NORMAL
2026-03-04 15:18:00,SAT-001,29.65,28.42,6.57,91.18,563.95,-62.31,0.0319,0.054,ATTITUDE,NORMAL
2026-03-04 15:19:00,SAT-002,32.81,28.33,6.42,87.31,608.99,-69.39,0.0363,0.054,POWER,NORMAL
2026-03-04 15:20:00,SAT-003,71.14,27.44,6.57,87.6,522.45,-70.29,0.0369,0.055,THERMAL,ANOMALY
2026-03-04 15:21:00,SAT-004,23.12,28.23,6.48,97.26,509.25,-66.21,0.0552,0.149,COMMUNICATION,NORMAL
2026-03-04 15:22:00,INSAT-3D,25.65,28.16,5.89,93.04,559.08,-73.21,0.0367,0.067,THERMAL,NORMAL
2026-03-04 15:23:00,GSAT-30,25.09,28.2,7.47,96.32,550.59,-71.01,0.0399,0.026,COMMUNICATION,NORMAL
2026-03-04 15:24:00,SAT-001,21.33,21.04,6.26,83.52,219.77,-67.66,0.0492,0.052,POWER,ANOMALY
2026-03-04 15:25:00,SAT-002,21.76,28.62,5.77,84.73,537.72,-67.9,0.018,0.084,ATTITUDE,NORMAL
2026-03-04 15:26:00,SAT-003,22.39,27.97,6.63,88.35,476.4,-68.9,0.0399,0.115,ATTITUDE,NORMAL
2026-03-04 15:27:00,SAT-004,23.6,28.61,6.87,92.81,512.96,-69.66,0.0498,0.093,ATTITUDE,NORMAL
2026-03-04 15:28:00,INSAT-3D,43.55,26.8,19.63,88.25,523.13,-70.33,0.053,0.069,POWER,ANOMALY
2026-03-04 15:29:00,GSAT-30,25.01,28.35,5.88,84.44,542.34,-66.6,0.0449,0.137,PAYLOAD,NORMAL
2026-03-04 15:30:00,SAT-001,27.41,28.33,6.12,84.83,553.62,-67.71,0.0631,0.079,ATTITUDE,NORMAL
2026-03-04 15:31:00,SAT-002,30.13,28.3,6.73,93.85,559.19,-70.43,0.0649,0.095,BATTERY,NORMAL
2026-03-04 15:32:00,SAT-003,27.76,28.22,7.39,94.57,518.74,-111.56,0.0453,0.02,COMMUNICATION,ANOMALY
2026-03-04 15:33:00,SAT-004,25.73,28.43,6.32,82.74,536.99,-72.22,0.0486,0.074,PAYLOAD,NORMAL
2026-03-04 15:34:00,INSAT-3D,25.06,27.99,5.04,95.4,509.99,-67.81,0.0333,0.139,PAYLOAD,NORMAL
2026-03-04 15:35:00,GSAT-30,23.5,28.55,5.42,86.19,581.55,-66.97,0.0304,0.087,ATTITUDE,NORMAL
2026-03-04 15:36:00,SAT-001,25.54,28.22,7.26,86.2,527.22,-68.43,1.0279,0.658,ATTITUDE,ANOMALY
2026-03-04 15:37:00,SAT-002,25.92,28.43,6.48,82.52,572.41,-64.73,0.0432,0.089,POWER,NORMAL
2026-03-04 15:38:00,SAT-003,26.74,27.72,6.43,85.29,596.08,-66.91,0.0309,0.029,POWER,NORMAL
2026-03-04 15:39:00,SAT-004,27.33,28.56,6.63,87.88,600.44,-68.66,0.0416,0.045,POWER,NORMAL
2026-03-04 15:40:00,INSAT-3D,24.16,27.85,5.46,84.59,231.85,-64.39,0.048,4.513,ATTITUDE,ANOMALY
2026-03-04 15:41:00,GSAT-30,24.29,28.31,4.81,79.17,546.55,-68.73,0.015,0.026,ATTITUDE,NORMAL
2026-03-04 15:42:00,SAT-001,26.83,28.01,5.7,90.31,527.09,-68.15,0.015,0.1,PAYLOAD,NORMAL
2026-03-04 15:43:00,SAT-002,21.0,28.29,6.13,86.97,551.48,-63.48,0.0433,0.052,ATTITUDE,NORMAL
2026-03-04 15:44:00,SAT-003,36.05,24.57,13.1,29.71,497.01,-71.44,0.0412,0.049,BATTERY,ANOMALY
2026-03-04 15:45:00,SAT-004,26.87,27.5,4.73,85.77,570.75,-73.45,0.0504,0.073,PAYLOAD,NORMAL
2026-03-04 15:46:00,INSAT-3D,25.18,27.86,5.92,92.48,530.82,-64.44,0.0396,0.102,BATTERY,NORMAL
2026-03-04 15:47:00,GSAT-30,30.19,28.37,5.28,87.76,556.66,-67.61,0.0443,0.077,COMMUNICATION,NORMAL
2026-03-04 15:48:00,SAT-001,73.54,27.5,7.06,88.53,544.45,-66.22,0.0618,0.077,THERMAL,ANOMALY
2026-03-04 15:49:00,SAT-002,25.91,27.92,5.98,89.88,477.77,-71.84,0.0431,0.055,PAYLOAD,NORMAL
2026-03-04 15:50:00,SAT-003,24.94,28.07,6.24,84.63,592.45,-68.58,0.0553,0.094,PAYLOAD,NORMAL
2026-03-04 15:51:00,SAT-004,28.22,28.38,7.44,91.55,512.84,-68.55,0.0304,0.071,ATTITUDE,NORMAL
2026-03-04 15:52:00,INSAT-3D,21.86,20.55,5.06,79.67,196.93,-65.59,0.0249,0.091,POWER,ANOMALY
2026-03-04 15:53:00,GSAT-30,24.11,28.22,7.89,93.12,571.22,-68.47,0.039,0.074,COMMUNICATION,NORMAL
2026-03-04 15:54:00,SAT-001,19.92,28.24,6.23,89.82,521.09,-66.5,0.0548,0.156,BATTERY,NORMAL
2026-03-04 15:55:00,SAT-002,26.41,28.23,7.38,80.71,582.56,-70.94,0.0491,0.046,COMMUNICATION,NORMAL
2026-03-04 15:56:00,SAT-003,38.61,25.95,24.26,85.53,582.66,-74.38,0.045,0.064,POWER,ANOMALY
2026-03-04 15:57:00,SAT-004,24.36,28.26,6.34,83.09,575.54,-67.86,0.0184,0.042,COMMUNICATION,NORMAL
2026-03-04 15:58:00,INSAT-3D,29.4,28.17,7.14,86.16,568.64,-66.38,0.0443,0.121,COMMUNICATION,NORMAL
2026-03-04 15:59:00,GSAT-30,21.09,28.2,6.45,81.14,554.96,-68.68,0.0395,0.089,POWER,NORMAL
2026-03-04 16:00:00,SAT-001,21.62,28.32,5.54,86.77,533.24,-115.42,0.06,0.103,COMMUNICATION,ANOMALY
2026-03-04 16:01:00,SAT-002,23.57,28.35,5.05,78.42,506.7,-65.63,0.0492,0.108,COMMUNICATION,NORMAL
2026-03-04 16:02:00,SAT-003,25.09,28.24,6.53,86.87,533.8,-66.27,0.0313,0.041,BATTERY,NORMAL
2026-03-04 16:03:00,SAT-004,23.79,28.11,5.4,95.19,511.65,-71.65,0.0502,0.023,THERMAL,NORMAL
2026-03-04 16:04:00,INSAT-3D,26.08,27.87,6.85,84.04,503.38,-68.52,1.5567,0.667,ATTITUDE,ANOMALY
2026-03-04 16:05:00,GSAT-30,18.32,28.33,7.84,93.01,575.45,-72.32,0.0545,0.087,BATTERY,NORMAL
2026-03-04 16:06:00,SAT-001,29.04,28.15,7.35,82.92,536.94,-69.71,0.0399,0.09,THERMAL,NORMAL
2026-03-04 16:07:00,SAT-002,25.59,28.13,6.62,85.31,544.51,-70.26,0.0257,0.112,COMMUNICATION,NORMAL
2026-03-04 16:08:00,SAT-003,24.53,27.92,6.9,84.98,220.42,-68.69,0.0282,3.916,ATTITUDE,ANOMALY
2026-03-04 16:09:00,SAT-004,24.41,28.84,6.91,86.69,587.58,-68.74,0.0532,0.068,COMMUNICATION,NORMAL
2026-03-04 16:10:00,INSAT-3D,23.16,28.23,6.2,84.95,535.57,-65.25,0.0438,0.079,ATTITUDE,NORMAL
2026-03-04 16:11:00,GSAT-30,24.64,28.08,5.75,96.48,520.62,-72.62,0.0465,0.111,COMMUNICATION,NORMAL
2026-03-04 16:12:00,SAT-001,38.23,24.92,11.51,33.15,509.48,-68.52,0.0327,0.136,BATTERY,ANOMALY
2026-03-04 16:13:00,SAT-002,28.36,27.96,6.09,86.12,526.12,-68.09,0.04,0.068,COMMUNICATION,NORMAL
2026-03-04 16:14:00,SAT-003,26.35,28.42,5.71,90.68,519.05,-73.68,0.0505,0.142,COMMUNICATION,NORMAL
2026-03-04 16:15:00,SAT-004,24.69,27.9,6.23,94.59,526.7,-71.95,0.0383,0.092,BATTERY,NORMAL
2026-03-04 16:16:00,INSAT-3D,77.11,27.42,6.13,84.39,516.19,-67.59,0.0476,0.073,THERMAL,ANOMALY
2026-03-04 16:17:00,GSAT-30,21.5,28.19,6.97,91.31,563.89,-68.61,0.0465,0.085,ATTITUDE,NORMAL
2026-03-04 16:18:00,SAT-001,21.88,27.85,5.64,81.72,577.99,-67.45,0.0672,0.093,POWER,NORMAL
2026-03-04 16:19:00,SAT-002,22.22,28.27,5.42,89.57,535.84,-66.11,0.0537,0.07,BATTERY,NORMAL
2026-03-04 16:20:00,SAT-003,27.1,21.8,7.55,83.21,254.93,-69.41,0.0377,0.141,POWER,ANOMALY
2026-03-04 16:21:00,SAT-004,26.03,28.06,6.44,89.25,596.61,-70.28,0.0344,0.054,ATTITUDE,NORMAL
2026-03-04 16:22:00,INSAT-3D,23.4,28.36,7.65,78.72,527.63,-74.55,0.0526,0.115,PAYLOAD,NORMAL
2026-03-04 16:23:00,GSAT-30,25.48,28.16,6.63,91.21,521.52,-66.24,0.0439,0.096,COMMUNICATION,NORMAL
2026-03-04 16:24:00,SAT-001,42.92,26.59,26.37,84.73,497.8,-67.21,0.0349,0.077,POWER,ANOMALY
2026-03-04 16:25:00,SAT-002,25.55,27.72,6.94,75.22,529.55,-63.37,0.0536,0.034,BATTERY,NORMAL
2026-03-04 16:26:00,SAT-003,22.11,28.17,6.93,87.1,510.49,-65.24,0.0407,0.069,ATTITUDE,NORMAL
2026-03-04 16:27:00,SAT-004,20.42,27.75,6.54,91.39,521.08,-69.43,0.0554,0.075,COMMUNICATION,NORMAL
2026-03-04 16:28:00,INSAT-3D,27.12,28.27,5.7,87.12,534.96,-111.26,0.0416,0.039,COMMUNICATION,ANOMALY
2026-03-04 16:29:00,GSAT-30,26.99,27.9,7.95,84.28,529.9,-68.4,0.046,0.093,COMMUNICATION,NORMAL
2026-03-04 16:30:00,SAT-001,34.62,28.38,6.49,97.24,552.28,-62.22,0.0704,0.121,COMMUNICATION,NORMAL
2026-03-04 16:31:00,SAT-002,29.5,28.46,5.62,93.16,551.92,-70.17,0.0438,0.049,PAYLOAD,NORMAL
2026-03-04 16:32:00,SAT-003,23.86,27.86,7.27,84.65,501.75,-66.45,0.636,0.712,ATTITUDE,ANOMALY
2026-03-04 16:33:00,SAT-004,25.41,28.11,7.29,86.92,496.3,-71.49,0.0349,0.067,POWER,NORMAL
2026-03-04 16:34:00,INSAT-3D,25.89,28.04,6.68,91.73,561.24,-65.65,0.0562,0.076,THERMAL,NORMAL
2026-03-04 16:35:00,GSAT-30,18.58,28.44,5.65,86.92,527.29,-66.43,0.0469,0.073,THERMAL,NORMAL
2026-03-04 16:36:00,SAT-001,30.8,28.17,6.31,89.04,254.26,-65.33,0.039,3.257,ATTITUDE,ANOMALY
2026-03-04 16:37:00,SAT-002,24.81,28.27,6.68,89.33,510.26,-66.44,0.0548,0.091,COMMUNICATION,NORMAL
2026-03-04 16:38:00,SAT-003,22.8,28.32,6.37,81.24,562.17,-67.66,0.0223,0.071,BATTERY,NORMAL
2026-03-04 16:39:00,SAT-004,27.99,28.57,5.69,93.97,608.82,-66.39,0.0635,0.075,THERMAL,NORMAL
2026-03-04 16:40:00,INSAT-3D,35.09,25.8,14.25,40.38,497.43,-65.05,0.054,0.03,BATTERY,ANOMALY
2026-03-04 16:41:00,GSAT-30,26.77,27.99,6.47,83.05,510.03,-66.76,0.0539,0.056,ATTITUDE,NORMAL
2026-03-04 16:42:00,SAT-001,23.01,28.18,5.84,89.13,536.07,-69.87,0.0625,0.094,PAYLOAD,NORMAL
2026-03-04 16:43:00,SAT-002,24.59,28.19,6.66,87.03,561.23,-72.79,0.0375,0.07,POWER,NORMAL
2026-03-04 16:44:00,SAT-003,64.18,26.85,7.22,77.66,511.05,-68.08,0.0654,0.078,THERMAL,ANOMALY
2026-03-04 16:45:00,SAT-004,27.25,28.39,5.69,86.24,473.28,-70.61,0.0418,0.084,ATTITUDE,NORMAL
2026-03-04 16:46:00,INSAT-3D,24.95,28.15,7.77,87.67,444.71,-71.66,0.0445,0.078,ATTITUDE,NORMAL
2026-03-04 16:47:00,GSAT-30,29.85,28.45,7.1,84.86,564.51,-75.7,0.04,0.063,PAYLOAD,NORMAL
2026-03-04 16:48:00,SAT-001,25.25,22.76,6.36,79.36,193.65,-66.45,0.0485,0.128,POWER,ANOMALY
2026-03-04 16:49:00,SAT-002,25.65,28.17,7.08,90.77,539.91,-69.29,0.0454,0.027,PAYLOAD,NORMAL
2026-03-04 16:50:00,SAT-003,24.66,27.95,6.84,89.11,568.46,-66.54,0.0244,0.055,COMMUNICATION,NORMAL
2026-03-04 16:51:00,SAT-004,28.87,28.39,5.22,96.06,509.6,-68.56,0.0615,0.068,COMMUNICATION,NORMAL
2026-03-04 16:52:00,INSAT-3D,38.7,26.8,24.14,90.81,578.22,-68.21,0.0573,0.057,POWER,ANOMALY
2026-03-04 16:53:00,GSAT-30,22.61,28.22,5.5,86.43,513.46,-65.42,0.0512,0.087,PAYLOAD,NORMAL
2026-03-04 16:54:00,SAT-001,24.37,27.98,5.94,78.5,563.35,-68.23,0.0281,0.063,COMMUNICATION,NORMAL
2026-03-04 16:55:00,SAT-002,25.55,28.26,7.0,85.42,537.86,-67.49,0.0388,0.064,ATTITUDE,NORMAL
2026-03-04 16:56:00,SAT-003,24.28,28.16,7.9,84.54,544.63,-114.19,0.0419,0.079,COMMUNICATION,ANOMALY
2026-03-04 16:57:00,SAT-004,22.86,28.14,6.34,94.62,584.2,-68.56,0.0751,0.095,BATTERY,NORMAL
2026-03-04 16:58:00,INSAT-3D,28.2,28.52,5.37,92.47,549.98,-70.67,0.0553,0.051,ATTITUDE,NORMAL
2026-03-04 16:59:00,GSAT-30,28.1,28.15,8.15,87.72,540.54,-67.0,0.04,0.122,POWER,NORMAL
2026-03-04 17:00:00,SAT-001,25.71,28.39,4.31,85.66,519.91,-67.79,1.5723,0.675,ATTITUDE,ANOMALY
2026-03-04 17:01:00,SAT-002,28.09,28.04,7.06,84.52,558.18,-68.42,0.027,0.133,POWER,NORMAL
2026-03-04 17:02:00,SAT-003,23.61,28.6,5.47,85.9,534.36,-70.57,0.0464,0.116,PAYLOAD,NORMAL
2026-03-04 17:03:00,SAT-004,29.22,28.21,5.72,89.59,551.24,-65.09,0.0304,0.052,ATTITUDE,NORMAL
2026-03-04 17:04:00,INSAT-3D,26.73,28.04,6.62,86.23,226.3,-67.15,0.0397,2.936,ATTITUDE,ANOMALY
2026-03-04 17:05:00,GSAT-30,20.29,28.04,4.34,86.21,508.03,-68.2,0.057,0.065,ATTITUDE,NORMAL
2026-03-04 17:06:00,SAT-001,23.06,28.57,5.57,87.93,513.32,-63.65,0.0348,0.131,ATTITUDE,NORMAL
2026-03-04 17:07:00,SAT-002,28.96,28.29,6.45,82.0,546.97,-71.37,0.0455,0.07,THERMAL,NORMAL
2026-03-04 17:08:00,SAT-003,32.72,25.74,14.56,45.98,546.53,-61.17,0.047,0.134,BATTERY,ANOMALY
2026-03-04 17:09:00,SAT-004,24.41,28.27,6.55,80.91,564.5,-72.45,0.0534,0.098,ATTITUDE,NORMAL
2026-03-04 17:10:00,INSAT-3D,23.51,27.93,7.0,92.98,501.26,-71.26,0.0534,0.07,THERMAL,NORMAL
2026-03-04 17:11:00,GSAT-30,29.5,28.38,6.43,93.3,524.67,-74.47,0.0617,0.107,PAYLOAD,NORMAL
2026-03-04 17:12:00,SAT-001,70.07,27.43,7.16,89.15,525.11,-64.05,0.0528,0.063,THERMAL,ANOMALY
2026-03-04 17:13:00,SAT-002,28.94,28.08,6.21,85.17,496.0,-64.93,0.0642,0.078,THERMAL,NORMAL
2026-03-04 17:14:00,SAT-003,25.67,28.06,5.85,86.86,532.71,-70.05,0.0702,0.097,THERMAL,NORMAL
2026-03-04 17:15:00,SAT-004,25.46,28.01,6.72,84.56,566.15,-65.09,0.0345,0.055,POWER,NORMAL
2026-03-04 17:16:00,INSAT-3D,26.34,23.11,6.03,82.98,136.72,-66.03,0.0503,0.081,POWER,ANOMALY
2026-03-04 17:17:00,GSAT-30,23.06,28.38,5.75,84.84,572.01,-69.31,0.0405,0.126,PAYLOAD,NORMAL
2026-03-04 17:18:00,SAT-001,28.71,28.28,6.63,89.73,598.52,-70.72,0.032,0.044,COMMUNICATION,NORMAL
2026-03-04 17:19:00,SAT-002,24.72,28.34,6.23,91.03,580.43,-66.29,0.0432,0.064,THERMAL,NORMAL
2026-03-04 17:20:00,SAT-003,40.31,26.78,18.53,91.51,537.86,-66.04,0.0411,0.114,POWER,ANOMALY
2026-03-04 17:21:00,SAT-004,23.9,27.93,4.86,89.87,592.39,-69.35,0.045,0.043,THERMAL,NORMAL
2026-03-04 17:22:00,INSAT-3D,25.88,28.07,5.94,85.34,512.59,-67.05,0.0444,0.107,THERMAL,NORMAL
2026-03-04 17:23:00,GSAT-30,23.81,28.7,5.5,87.39,522.97,-69.3,0.0479,0.103,ATTITUDE,NORMAL
2026-03-04 17:24:00,SAT-001,27.08,28.43,7.06,86.65,526.62,-106.04,0.0404,0.121,COMMUNICATION,ANOMALY
2026-03-04 17:25:00,SAT-002,27.73,27.85,5.34,84.01,567.22,-66.18,0.0601,0.097,COMMUNICATION,NORMAL
2026-03-04 17:26:00,SAT-003,25.59,28.03,6.86,84.37,588.51,-71.46,0.0607,0.087,THERMAL,NORMAL
2026-03-04 17:27:00,SAT-004,23.26,28.26,6.16,79.93,499.43,-67.64,0.0283,0.105,PAYLOAD,NORMAL
2026-03-04 17:28:00,INSAT-3D,25.2,28.38,5.62,78.22,560.99,-68.2,0.652,0.655,ATTITUDE,ANOMALY
2026-03-04 17:29:00,GSAT-30,22.93,28.44,7.11,81.4,546.77,-68.84,0.0344,0.084,ATTITUDE,NORMAL
2026-03-04 17:30:00,SAT-001,22.82,28.57,5.45,86.55,554.92,-68.6,0.0276,0.079,BATTERY,NORMAL
2026-03-04 17:31:00,SAT-002,23.75,28.25,7.19,88.19,565.18,-66.73,0.037,0.053,ATTITUDE,NORMAL
2026-03-04 17:32:00,SAT-003,29.18,27.4,5.97,78.02,252.82,-63.91,0.0378,12.182,ATTITUDE,ANOMALY
2026-03-04 17:33:00,SAT-004,24.18,28.27,5.95,90.19,547.92,-65.06,0.0381,0.062,POWER,NORMAL
2026-03-04 17:34:00,INSAT-3D,28.03,28.24,6.09,87.71,499.96,-67.39,0.0425,0.088,THERMAL,NORMAL
2026-03-04 17:35:00,GSAT-30,26.5,28.41,6.6,87.72,581.28,-66.71,0.0433,0.076,PAYLOAD,NORMAL
2026-03-04 17:36:00,SAT-001,32.0,24.65,13.94,28.93,495.5,-70.75,0.0557,0.056,BATTERY,ANOMALY
2026-03-04 17:37:00,SAT-002,25.69,28.77,5.64,86.53,498.44,-64.7,0.0601,0.052,BATTERY,NORMAL
2026-03-04 17:38:00,SAT-003,30.42,28.2,5.01,90.75,536.08,-62.0,0.0597,0.041,ATTITUDE,NORMAL
2026-03-04 17:39:00,SAT-004,19.84,28.04,7.51,91.11,485.19,-68.55,0.0222,0.112,ATTITUDE,NORMAL
2026-03-04 17:40:00,INSAT-3D,73.82,27.34,6.44,87.76,567.36,-66.69,0.0522,0.092,THERMAL,ANOMALY
2026-03-04 17:41:00,GSAT-30,21.72,28.1,6.81,82.54,635.22,-72.37,0.0561,0.065,BATTERY,NORMAL
2026-03-04 17:42:00,SAT-001,25.07,28.1,5.77,88.28,511.77,-66.9,0.0302,0.079,ATTITUDE,NORMAL
2026-03-04 17:43:00,SAT-002,30.82,28.14,6.91,82.37,525.39,-66.03,0.015,0.099,PAYLOAD,NORMAL
2026-03-04 17:44:00,SAT-003,25.76,23.28,7.66,77.69,205.85,-65.5,0.0378,0.019,POWER,ANOMALY
2026-03-04 17:45:00,SAT-004,29.81,28.34,6.72,89.07,624.67,-74.08,0.0372,0.057,COMMUNICATION,NORMAL
2026-03-04 17:46:00,INSAT-3D,32.39,28.33,7.98,78.16,496.57,-69.53,0.0211,0.073,COMMUNICATION,NORMAL
2026-03-04 17:47:00,GSAT-30,25.36,27.95,5.63,91.15,500.26,-69.75,0.0512,0.06,BATTERY,NORMAL
2026-03-04 17:48:00,SAT-001,42.26,26.39,31.1,81.11,539.3,-65.41,0.0409,0.072,POWER,ANOMALY
2026-03-04 17:49:00,SAT-002,24.67,28.24,5.41,98.41,536.57,-70.6,0.0275,0.132,COMMUNICATION,NORMAL
2026-03-04 17:50:00,SAT-003,17.74,27.85,6.65,79.11,557.43,-70.34,0.0591,0.085,POWER,NORMAL
2026-03-04 17:51:00,SAT-004,25.75,28.41,5.33,81.09,585.79,-65.18,0.0479,0.054,COMMUNICATION,NORMAL
2026-03-04 17:52:00,INSAT-3D,33.29,28.45,5.95,85.26,486.24,-115.42,0.0404,0.152,COMMUNICATION,ANOMALY
2026-03-04 17:53:00,GSAT-30,29.88,27.97,5.38,93.73,540.46,-65.75,0.0551,0.045,BATTERY,NORMAL
2026-03-04 17:54:00,SAT-001,25.53,27.99,6.72,93.45,478.64,-70.46,0.0302,0.134,COMMUNICATION,NORMAL
2026-03-04 17:55:00,SAT-002,26.58,28.61,7.47,94.87,599.17,-68.01,0.0471,0.039,COMMUNICATION,NORMAL
2026-03-04 17:56:00,SAT-003,27.77,28.27,8.1,83.22,499.13,-72.35,1.4664,0.685,ATTITUDE,ANOMALY
2026-03-04 17:57:00,SAT-004,30.72,28.04,5.51,88.08,530.53,-71.48,0.0436,0.088,COMMUNICATION,NORMAL
2026-03-04 17:58:00,INSAT-3D,26.45,28.2,5.69,84.84,503.83,-64.58,0.0507,0.064,COMMUNICATION,NORMAL
2026-03-04 17:59:00,GSAT-30,27.43,28.29,7.08,84.84,569.13,-66.32,0.059,0.065,COMMUNICATION,NORMAL
2026-03-04 18:00:00,SAT-001,22.44,28.01,5.65,82.18,233.99,-70.73,0.0451,3.143,ATTITUDE,ANOMALY
2026-03-04 18:01:00,SAT-002,24.58,28.3,5.87,84.11,517.09,-64.93,0.0603,0.065,COMMUNICATION,NORMAL
2026-03-04 18:02:00,SAT-003,16.37,28.57,5.89,87.07,545.72,-65.99,0.0312,0.04,PAYLOAD,NORMAL
2026-03-04 18:03:00,SAT-004,21.3,27.91,6.89,86.96,542.3,-68.75,0.0426,0.108,THERMAL,NORMAL
2026-03-04 18:04:00,INSAT-3D,37.55,24.71,11.83,42.92,535.85,-63.28,0.0381,0.108,BATTERY,ANOMALY
2026-03-04 18:05:00,GSAT-30,22.76,28.32,7.45,88.97,571.8,-70.01,0.0379,0.114,PAYLOAD,NORMAL
2026-03-04 18:06:00,SAT-001,28.17,27.66,5.96,97.1,574.94,-69.54,0.0464,0.109,THERMAL,NORMAL
2026-03-04 18:07:00,SAT-002,27.61,28.79,6.26,78.57,547.11,-68.28,0.0164,0.057,PAYLOAD,NORMAL
2026-03-04 18:08:00,SAT-003,62.89,27.5,7.34,93.15,521.34,-70.93,0.0294,0.08,THERMAL,ANOMALY
2026-03-04 18:09:00,SAT-004,22.38,28.31,7.17,81.83,527.56,-68.82,0.0357,0.098,COMMUNICATION,NORMAL
2026-03-04 18:10:00,INSAT-3D,23.29,28.32,6.75,83.12,531.16,-72.4,0.0317,0.058,BATTERY,NORMAL
2026-03-04 18:11:00,GSAT-30,25.2,28.13,6.85,83.17,575.93,-70.46,0.04,0.107,PAYLOAD,NORMAL
2026-03-04 18:12:00,SAT-001,27.51,20.72,7.35,85.44,259.24,-70.53,0.0409,0.045,POWER,ANOMALY
2026-03-04 18:13:00,SAT-002,26.08,28.61,7.63,86.79,509.45,-64.37,0.0675,0.155,COMMUNICATION,NORMAL
2026-03-04 18:14:00,SAT-003,30.93,28.39,7.64,96.37,536.8,-69.47,0.0182,0.085,POWER,NORMAL
2026-03-04 18:15:00,SAT-004,15.0,28.15,6.02,90.28,557.04,-65.93,0.0409,0.059,COMMUNICATION,NORMAL
2026-03-04 18:16:00,INSAT-3D,38.0,26.67,29.32,81.47,488.24,-63.93,0.0322,0.054,POWER,ANOMALY
2026-03-04 18:17:00,GSAT-30,24.22,28.1,5.99,93.41,519.98,-67.68,0.0388,0.067,PAYLOAD,NORMAL
2026-03-04 18:18:00,SAT-001,29.43,28.02,4.93,91.01,555.68,-68.47,0.0389,0.068,ATTITUDE,NORMAL
2026-03-04 18:19:00,SAT-002,27.15,28.39,6.14,84.05,546.97,-70.1,0.0495,0.075,COMMUNICATION,NORMAL
2026-03-04 18:20:00,SAT-003,29.09,27.86,7.07,88.07,522.83,-112.63,0.0492,0.1,COMMUNICATION,ANOMALY
2026-03-04 18:21:00,SAT-004,28.49,28.42,6.81,83.09,563.96,-72.52,0.0428,0.046,PAYLOAD,NORMAL
2026-03-04 18:22:00,INSAT-3D,31.87,28.17,5.8,89.67,556.93,-70.22,0.0431,0.067,THERMAL,NORMAL
2026-03-04 18:23:00,GSAT-30,21.33,27.94,5.48,89.56,527.47,-72.3,0.0381,0.057,PAYLOAD,NORMAL
2026-03-04 18:24:00,SAT-001,22.8,28.49,6.43,96.36,552.84,-65.56,1.1337,0.722,ATTITUDE,ANOMALY
2026-03-04 18:25:00,SAT-002,22.76,28.27,6.13,88.73,448.49,-68.88,0.0552,0.062,THERMAL,NORMAL
2026-03-04 18:26:00,SAT-003,28.81,28.7,4.71,82.86,528.03,-66.33,0.0542,0.045,ATTITUDE,NORMAL
2026-03-04 18:27:00,SAT-004,30.51,28.47,7.99,92.21,475.72,-66.07,0.0361,0.119,BATTERY,NORMAL
2026-03-04 18:28:00,INSAT-3D,25.18,27.8,6.77,83.62,244.23,-66.95,0.0486,8.44,ATTITUDE,ANOMALY
2026-03-04 18:29:00,GSAT-30,17.4,27.95,7.76,81.86,509.48,-70.36,0.0385,0.079,PAYLOAD,NORMAL
2026-03-04 18:30:00,SAT-001,25.33,28.26,6.4,85.05,514.95,-67.73,0.0348,0.056,THERMAL,NORMAL
2026-03-04 18:31:00,SAT-002,28.3,28.65,5.91,81.69,498.35,-64.89,0.0248,0.082,BATTERY,NORMAL
2026-03-04 18:32:00,SAT-003,33.97,25.45,12.92,44.97,553.32,-64.5,0.0498,0.08,BATTERY,ANOMALY
2026-03-04 18:33:00,SAT-004,22.7,28.34,5.64,83.7,555.87,-64.93,0.043,0.041,ATTITUDE,NORMAL
2026-03-04 18:34:00,INSAT-3D,23.37,28.06,6.25,98.15,476.38,-67.02,0.0502,0.064,PAYLOAD,NORMAL
2026-03-04 18:35:00,GSAT-30,20.44,28.29,6.0,85.55,560.01,-65.86,0.049,0.068,BATTERY,NORMAL
2026-03-04 18:36:00,SAT-001,82.79,27.38,7.23,83.9,498.51,-67.76,0.0699,0.109,THERMAL,ANOMALY
2026-03-04 18:37:00,SAT-002,22.31,28.11,6.67,89.37,528.59,-65.81,0.0357,0.053,COMMUNICATION,NORMAL
2026-03-04 18:38:00,SAT-003,25.62,28.04,7.03,87.18,535.65,-70.8,0.0352,0.066,THERMAL,NORMAL
2026-03-04 18:39:00,SAT-004,27.62,28.02,7.02,92.25,579.05,-64.93,0.0682,0.095,PAYLOAD,NORMAL
2026-03-04 18:40:00,INSAT-3D,21.66,21.71,6.13,78.18,196.16,-68.92,0.0301,0.061,POWER,ANOMALY
2026-03-04 18:41:00,GSAT-30,27.24,28.43,6.98,83.4,502.54,-60.81,0.0366,0.091,COMMUNICATION,NORMAL
2026-03-04 18:42:00,SAT-001,26.08,28.24,6.69,86.98,564.95,-66.98,0.0598,0.072,BATTERY,NORMAL
2026-03-04 18:43:00,SAT-002,24.4,27.88,6.08,91.49,537.47,-64.73,0.0541,0.101,ATTITUDE,NORMAL
2026-03-04 18:44:00,SAT-003,40.04,26.8,22.98,79.53,497.6,-66.22,0.0361,0.047,POWER,ANOMALY
2026-03-04 18:45:00,SAT-004,27.52,28.35,6.22,92.36,557.72,-65.39,0.0284,0.075,ATTITUDE,NORMAL
2026-03-04 18:46:00,INSAT-3D,20.57,28.1,5.67,88.43,520.44,-68.12,0.0293,0.038,POWER,NORMAL
2026-03-04 18:47:00,GSAT-30,28.89,28.25,6.57,79.84,563.71,-70.95,0.0613,0.143,PAYLOAD,NORMAL
2026-03-04 18:48:00,SAT-001,22.03,28.64,6.92,82.34,480.47,-120.85,0.0566,0.117,COMMUNICATION,ANOMALY
2026-03-04 18:49:00,SAT-002,26.01,28.69,6.91,86.94,510.1,-71.65,0.0536,0.108,COMMUNICATION,NORMAL
2026-03-04 18:50:00,SAT-003,23.86,28.18,7.77,94.88,498.6,-67.1,0.0215,0.094,POWER,NORMAL
2026-03-04 18:51:00,SAT-004,24.03,28.55,7.95,87.52,542.19,-68.21,0.0468,0.117,THERMAL,NORMAL
2026-03-04 18:52:00,INSAT-3D,26.01,27.79,6.71,83.08,496.4,-71.36,1.4554,0.699,ATTITUDE,ANOMALY
2026-03-04 18:53:00,GSAT-30,29.84,28.4,6.52,88.49,493.35,-66.35,0.0601,0.079,BATTERY,NORMAL
2026-03-04 18:54:00,SAT-001,26.98,28.26,5.54,88.02,520.87,-64.28,0.0372,0.125,POWER,NORMAL
2026-03-04 18:55:00,SAT-002,25.51,28.11,5.07,89.74,516.95,-70.79,0.0397,0.091,COMMUNICATION,NORMAL
2026-03-04 18:56:00,SAT-003,26.07,27.88,6.21,87.38,238.22,-70.93,0.0523,6.856,ATTITUDE,ANOMALY
2026-03-04 18:57:00,SAT-004,21.88,27.92,5.24,88.03,489.35,-70.83,0.0438,0.032,PAYLOAD,NORMAL
2026-03-04 18:58:00,INSAT-3D,20.48,28.18,6.85,86.39,566.99,-64.93,0.0238,0.058,BATTERY,NORMAL
2026-03-04 18:59:00,GSAT-30,25.36,28.0,6.63,84.11,478.84,-64.9,0.033,0.104,PAYLOAD,NORMAL
2026-03-04 19:00:00,SAT-001,33.79,24.91,14.72,31.33,513.65,-68.82,0.0234,0.031,BATTERY,ANOMALY
2026-03-04 19:01:00,SAT-002,26.49,28.4,6.76,93.19,503.71,-64.16,0.0461,0.09,POWER,NORMAL
2026-03-04 19:02:00,SAT-003,23.65,28.01,4.7,86.45,536.59,-66.93,0.0356,0.03,PAYLOAD,NORMAL
2026-03-04 19:03:00,SAT-004,25.68,27.88,6.3,94.81,580.67,-69.79,0.0523,0.095,THERMAL,NORMAL
2026-03-04 19:04:00,INSAT-3D,78.99,27.5,6.78,88.5,509.83,-67.07,0.0656,0.082,THERMAL,ANOMALY
2026-03-04 19:05:00,GSAT-30,20.52,28.17,6.24,79.48,512.55,-72.41,0.0317,0.071,BATTERY,NORMAL
2026-03-04 19:06:00,SAT-001,27.11,27.89,7.07,85.33,530.83,-68.73,0.0462,0.052,PAYLOAD,NORMAL
2026-03-04 19:07:00,SAT-002,17.6,28.09,5.64,83.71,516.99,-69.67,0.0275,0.065,THERMAL,NORMAL
2026-03-04 19:08:00,SAT-003,22.87,20.89,6.76,86.66,176.15,-70.48,0.0477,0.112,POWER,ANOMALY
2026-03-04 19:09:00,SAT-004,25.41,28.33,5.0,92.82,538.9,-64.94,0.0412,0.135,POWER,NORMAL
2026-03-04 19:10:00,INSAT-3D,23.89,28.11,6.19,79.26,522.44,-64.19,0.0571,0.079,POWER,NORMAL
2026-03-04 19:11:00,GSAT-30,24.94,28.25,6.59,86.5,547.48,-69.91,0.0304,0.13,BATTERY,NORMAL
2026-03-04 19:12:00,SAT-001,38.0,26.62,20.88,83.7,547.06,-64.77,0.0457,0.094,POWER,ANOMALY
2026-03-04 19:13:00,SAT-002,25.12,27.5,6.61,91.39,552.86,-67.11,0.0631,0.076,THERMAL,NORMAL
2026-03-04 19:14:00,SAT-003,24.3,28.25,4.7,86.67,528.99,-72.77,0.0549,0.05,POWER,NORMAL
2026-03-04 19:15:00,SAT-004,23.9,28.21,4.88,92.54,552.2,-64.53,0.0373,0.09,ATTITUDE,NORMAL
2026-03-04 19:16:00,INSAT-3D,20.14,27.92,5.33,85.87,494.32,-106.85,0.0441,0.065,COMMUNICATION,ANOMALY
2026-03-04 19:17:00,GSAT-30,26.02,28.06,6.68,84.02,588.27,-64.9,0.0299,0.13,ATTITUDE,NORMAL
2026-03-04 19:18:00,SAT-001,30.47,28.07,5.55,87.55,579.04,-67.85,0.0478,0.113,COMMUNICATION,NORMAL
2026-03-04 19:19:00,SAT-002,28.34,28.4,7.23,96.98,465.12,-73.31,0.0416,0.109,COMMUNICATION,NORMAL
2026-03-04 19:20:00,SAT-003,26.87,28.29,6.14,80.77,527.08,-68.76,1.7164,0.699,ATTITUDE,ANOMALY
2026-03-04 19:21:00,SAT-004,26.04,28.47,5.09,82.45,526.41,-68.47,0.0418,0.021,BATTERY,NORMAL
2026-03-04 19:22:00,INSAT-3D,21.43,28.15,4.73,95.39,535.78,-75.06,0.0412,0.01,PAYLOAD,NORMAL
2026-03-04 19:23:00,GSAT-30,24.47,28.28,5.87,87.36,510.19,-70.62,0.0456,0.135,PAYLOAD,NORMAL
2026-03-04 19:24:00,SAT-001,27.28,28.05,5.32,88.54,254.01,-66.46,0.0496,3.319,ATTITUDE,ANOMALY
2026-03-04 19:25:00,SAT-002,29.77,28.22,5.61,91.06,503.09,-68.87,0.0499,0.059,BATTERY,NORMAL
2026-03-04 19:26:00,SAT-003,27.53,28.22,5.71,86.86,563.05,-69.55,0.0395,0.041,COMMUNICATION,NORMAL
2026-03-04 19:27:00,SAT-004,25.29,28.05,7.18,90.72,502.41,-68.77,0.0544,0.089,ATTITUDE,NORMAL
2026-03-04 19:28:00,INSAT-3D,34.12,26.07,13.05,34.39,584.97,-67.38,0.0621,0.079,BATTERY,ANOMALY
2026-03-04 19:29:00,GSAT-30,23.81,28.44,7.06,84.59,617.46,-71.15,0.0423,0.045,POWER,NORMAL
2026-03-04 19:30:00,SAT-001,24.62,27.7,6.98,93.81,551.34,-68.85,0.048,0.115,THERMAL,NORMAL
2026-03-04 19:31:00,SAT-002,20.62,28.4,6.24,90.9,516.36,-69.94,0.038,0.102,POWER,NORMAL
2026-03-04 19:32:00,SAT-003,76.19,27.24,6.23,91.25,544.82,-66.62,0.0477,0.112,THERMAL,ANOMALY
2026-03-04 19:33:00,SAT-004,23.46,27.88,8.26,84.59,562.32,-70.52,0.0579,0.042,BATTERY,NORMAL
2026-03-04 19:34:00,INSAT-3D,21.05,28.63,4.86,84.3,608.98,-72.45,0.0379,0.057,ATTITUDE,NORMAL
2026-03-04 19:35:00,GSAT-30,25.58,28.17,5.17,83.57,547.63,-68.56,0.0488,0.055,PAYLOAD,NORMAL
2026-03-04 19:36:00,SAT-001,22.91,20.13,6.7,83.95,115.73,-65.97,0.0495,0.094,POWER,ANOMALY
2026-03-04 19:37:00,SAT-002,28.8,28.23,5.26,85.98,581.87,-67.18,0.0448,0.076,COMMUNICATION,NORMAL
2026-03-04 19:38:00,SAT-003,25.72,28.54,5.71,84.01,491.52,-64.74,0.0578,0.101,BATTERY,NORMAL
2026-03-04 19:39:00,SAT-004,27.75,28.48,6.14,83.4,497.78,-65.98,0.0566,0.096,COMMUNICATION,NORMAL
2026-03-04 19:40:00,INSAT-3D,38.0,26.51,20.73,77.48,545.06,-68.43,0.0593,0.051,POWER,ANOMALY
2026-03-04 19:41:00,GSAT-30,22.71,28.31,7.11,91.45,543.72,-68.11,0.0361,0.088,ATTITUDE,NORMAL
2026-03-04 19:42:00,SAT-001,28.0,28.47,6.06,79.68,529.65,-66.14,0.0262,0.065,PAYLOAD,NORMAL
2026-03-04 19:43:00,SAT-002,25.24,27.98,6.91,95.14,544.24,-72.06,0.018,0.082,BATTERY,NORMAL
2026-03-04 19:44:00,SAT-003,24.81,27.89,6.27,97.23,584.49,-113.0,0.0405,0.071,COMMUNICATION,ANOMALY
2026-03-04 19:45:00,SAT-004,28.49,28.69,6.06,95.09,496.55,-68.28,0.0294,0.071,POWER,NORMAL
2026-03-04 19:46:00,INSAT-3D,24.38,27.67,4.91,86.57,527.9,-68.17,0.0666,0.084,COMMUNICATION,NORMAL
2026-03-04 19:47:00,GSAT-30,21.33,28.37,5.94,87.09,521.79,-68.05,0.0471,0.064,THERMAL,NORMAL
2026-03-04 19:48:00,SAT-001,25.29,28.06,6.13,85.1,453.27,-63.79,0.7345,0.685,ATTITUDE,ANOMALY
2026-03-04 19:49:00,SAT-002,25.24,28.06,7.02,88.33,589.52,-64.83,0.0533,0.079,BATTERY,NORMAL
2026-03-04 19:50:00,SAT-003,25.52,28.86,5.33,90.61,573.26,-63.61,0.0425,0.041,ATTITUDE,NORMAL
2026-03-04 19:51:00,SAT-004,25.15,28.25,6.84,90.09,559.08,-69.17,0.0587,0.124,POWER,NORMAL
2026-03-04 19:52:00,INSAT-3D,26.92,28.31,5.98,88.03,238.39,-69.38,0.0418,10.593,ATTITUDE,ANOMALY
2026-03-04 19:53:00,GSAT-30,27.93,28.41,5.56,99.5,542.19,-67.39,0.0452,0.117,COMMUNICATION,NORMAL
2026-03-04 19:54:00,SAT-001,29.33,28.42,4.56,84.32,524.62,-72.5,0.0403,0.039,POWER,NORMAL
2026-03-04 19:55:00,SAT-002,26.48,28.12,5.54,79.22,501.1,-64.16,0.0586,0.161,ATTITUDE,NORMAL
2026-03-04 19:56:00,SAT-003,37.17,25.77,14.34,25.22,549.82,-68.48,0.0422,0.095,BATTERY,ANOMALY
2026-03-04 19:57:00,SAT-004,19.76,28.04,6.89,86.01,563.52,-62.85,0.055,0.044,PAYLOAD,NORMAL
2026-03-04 19:58:00,INSAT-3D,23.44,28.47,6.37,94.96,566.92,-68.81,0.0435,0.082,BATTERY,NORMAL
2026-03-04 19:59:00,GSAT-30,24.41,28.11,6.07,87.23,537.28,-71.88,0.0479,0.085,BATTERY,NORMAL
2026-03-04 20:00:00,SAT-001,68.7,27.47,6.49,80.85,548.19,-63.98,0.0393,0.083,THERMAL,ANOMALY
2026-03-04 20:01:00,SAT-002,31.48,28.06,6.38,81.45,467.56,-68.96,0.062,0.042,PAYLOAD,NORMAL
2026-03-04 20:02:00,SAT-003,27.23,28.02,6.66,89.68,479.7,-66.71,0.04,0.101,POWER,NORMAL
2026-03-04 20:03:00,SAT-004,30.94,28.08,6.31,95.07,567.27,-68.6,0.0546,0.115,THERMAL,NORMAL
2026-03-04 20:04:00,INSAT-3D,26.13,23.69,6.78,80.93,187.5,-70.65,0.0378,0.11,POWER,ANOMALY
2026-03-04 20:05:00,GSAT-30,20.08,28.22,5.79,82.57,466.38,-69.05,0.024,0.101,COMMUNICATION,NORMAL
2026-03-04 20:06:00,SAT-001,25.59,28.41,4.72,86.36,528.78,-65.65,0.0594,0.09,PAYLOAD,NORMAL
2026-03-04 20:07:00,SAT-002,23.29,28.08,8.74,95.71,509.59,-66.05,0.0482,0.06,COMMUNICATION,NORMAL
2026-03-04 20:08:00,SAT-003,44.25,26.64,28.7,81.71,563.0,-63.99,0.0353,0.07,POWER,ANOMALY
2026-03-04 20:09:00,SAT-004,28.32,28.59,6.61,86.38,550.84,-69.54,0.0622,0.088,PAYLOAD,NORMAL
2026-03-04 20:10:00,INSAT-3D,24.71,28.25,6.22,96.61,508.67,-67.18,0.0589,0.141,BATTERY,NORMAL
2026-03-04 20:11:00,GSAT-30,24.64,27.85,5.19,89.44,562.07,-68.78,0.0562,0.038,ATTITUDE,NORMAL
2026-03-04 20:12:00,SAT-001,27.2,27.94,5.76,81.18,527.58,-108.72,0.0486,0.071,COMMUNICATION,ANOMALY
2026-03-04 20:13:00,SAT-002,24.58,28.22,5.71,86.04,583.69,-64.22,0.0426,0.095,COMMUNICATION,NORMAL
2026-03-04 20:14:00,SAT-003,27.31,28.05,5.24,79.35,496.42,-64.47,0.0597,0.065,POWER,NORMAL
2026-03-04 20:15:00,SAT-004,20.86,28.14,7.29,90.0,536.55,-65.43,0.0391,0.07,ATTITUDE,NORMAL
2026-03-04 20:16:00,INSAT-3D,26.51,28.63,5.76,87.35,518.01,-64.27,0.6407,0.678,ATTITUDE,ANOMALY
2026-03-04 20:17:00,GSAT-30,25.24,27.92,5.73,99.5,585.66,-65.21,0.0488,0.05,COMMUNICATION,NORMAL
2026-03-04 20:18:00,SAT-001,21.43,28.28,5.07,84.44,562.83,-67.32,0.0401,0.067,COMMUNICATION,NORMAL
2026-03-04 20:19:00,SAT-002,24.26,27.92,6.73,99.08,534.3,-69.57,0.0167,0.061,BATTERY,NORMAL
2026-03-04 20:20:00,SAT-003,28.27,28.3,7.24,93.66,232.96,-70.86,0.0523,5.756,ATTITUDE,ANOMALY
2026-03-04 20:21:00,SAT-004,27.22,28.66,6.76,86.93,560.34,-62.88,0.0346,0.067,ATTITUDE,NORMAL
2026-03-04 20:22:00,INSAT-3D,23.28,28.18,6.86,94.43,533.69,-66.83,0.0613,0.065,ATTITUDE,NORMAL
2026-03-04 20:23:00,GSAT-30,27.53,28.1,7.08,85.34,546.74,-66.0,0.0476,0.01,ATTITUDE,NORMAL
2026-03-04 20:24:00,SAT-001,35.4,24.83,12.88,46.74,565.16,-70.08,0.0279,0.044,BATTERY,ANOMALY
2026-03-04 20:25:00,SAT-002,22.27,27.83,7.61,88.96,536.27,-64.97,0.0482,0.098,COMMUNICATION,NORMAL
2026-03-04 20:26:00,SAT-003,18.82,28.13,5.24,85.96,536.83,-71.95,0.0156,0.051,BATTERY,NORMAL
2026-03-04 20:27:00,SAT-004,23.61,28.34,5.47,87.8,564.32,-70.91,0.0435,0.056,THERMAL,NORMAL
2026-03-04 20:28:00,INSAT-3D,75.68,27.19,6.75,79.45,505.11,-69.17,0.0323,0.084,THERMAL,ANOMALY
2026-03-04 20:29:00,GSAT-30,27.51,27.64,4.87,86.33,554.02,-68.8,0.0427,0.081,COMMUNICATION,NORMAL
2026-03-04 20:30:00,SAT-001,25.03,28.44,5.8,79.38,532.75,-68.13,0.059,0.106,THERMAL,NORMAL
2026-03-04 20:31:00,SAT-002,20.8,28.12,5.8,88.6,569.91,-68.73,0.027,0.019,THERMAL,NORMAL
2026-03-04 20:32:00,SAT-003,26.49,20.74,6.37,86.65,166.07,-73.24,0.0349,0.077,POWER,ANOMALY
2026-03-04 20:33:00,SAT-004,21.33,28.53,5.25,82.15,515.09,-64.9,0.0507,0.072,BATTERY,NORMAL
2026-03-04 20:34:00,INSAT-3D,24.19,27.99,5.84,83.02,472.08,-72.17,0.0569,0.063,POWER,NORMAL
2026-03-04 20:35:00,GSAT-30,20.36,27.98,5.43,86.84,542.44,-70.19,0.0297,0.075,PAYLOAD,NORMAL
2026-03-04 20:36:00,SAT-001,38.0,26.13,20.8,81.36,521.92,-68.66,0.0448,0.084,POWER,ANOMALY
2026-03-04 20:37:00,SAT-002,20.43,28.28,5.92,93.42,568.52,-64.03,0.0337,0.119,POWER,NORMAL
2026-03-04 20:38:00,SAT-003,22.24,28.23,6.28,87.07,556.04,-65.54,0.034,0.058,COMMUNICATION,NORMAL
2026-03-04 20:39:00,SAT-004,21.53,28.11,5.92,87.08,560.98,-66.71,0.0517,0.077,BATTERY,NORMAL
2026-03-04 20:40:00,INSAT-3D,29.47,27.97,5.82,78.9,516.8,-117.46,0.0394,0.065,COMMUNICATION,ANOMALY
2026-03-04 20:41:00,GSAT-30,24.69,28.01,7.58,88.79,543.61,-65.16,0.0483,0.072,THERMAL,NORMAL
2026-03-04 20:42:00,SAT-001,27.66,27.74,5.02,79.7,527.7,-71.83,0.0348,0.115,ATTITUDE,NORMAL
2026-03-04 20:43:00,SAT-002,24.3,28.01,4.92,89.82,536.05,-69.3,0.0559,0.077,POWER,NORMAL
2026-03-04 20:44:00,SAT-003,26.0,28.47,8.25,82.78,503.71,-70.97,0.6477,0.647,ATTITUDE,ANOMALY
2026-03-04 20:45:00,SAT-004,25.97,28.1,7.45,83.53,576.01,-71.33,0.0369,0.131,ATTITUDE,NORMAL
2026-03-04 20:46:00,INSAT-3D,27.21,28.27,6.36,93.56,552.86,-67.9,0.0505,0.074,BATTERY,NORMAL
2026-03-04 20:47:00,GSAT-30,25.43,28.2,6.63,88.5,573.04,-66.33,0.0559,0.101,BATTERY,NORMAL
2026-03-04 20:48:00,SAT-001,30.08,28.45,7.9,82.29,249.77,-72.14,0.0545,9.33,ATTITUDE,ANOMALY
2026-03-04 20:49:00,SAT-002,21.71,28.28,6.87,84.11,565.71,-65.3,0.0504,0.12,POWER,NORMAL
2026-03-04 20:50:00,SAT-003,24.15,28.33,6.3,83.93,603.02,-68.42,0.0179,0.108,THERMAL,NORMAL
2026-03-04 20:51:00,SAT-004,21.26,28.53,5.55,83.41,575.15,-67.47,0.0712,0.046,BATTERY,NORMAL
2026-03-04 20:52:00,INSAT-3D,36.52,25.26,14.0,40.34,552.42,-66.42,0.045,0.081,BATTERY,ANOMALY
2026-03-04 20:53:00,GSAT-30,20.19,28.04,5.75,89.19,578.63,-68.23,0.0346,0.026,POWER,NORMAL
2026-03-04 20:54:00,SAT-001,28.39,28.28,6.46,90.86,494.01,-61.09,0.019,0.036,COMMUNICATION,NORMAL
2026-03-04 20:55:00,SAT-002,25.39,28.64,6.36,96.45,526.41,-66.15,0.0457,0.125,BATTERY,NORMAL
2026-03-04 20:56:00,SAT-003,61.36,27.11,6.13,82.88,510.59,-70.07,0.0562,0.122,THERMAL,ANOMALY
2026-03-04 20:57:00,SAT-004,22.96,27.68,6.5,84.59,591.49,-72.13,0.0379,0.077,POWER,NORMAL
2026-03-04 20:58:00,INSAT-3D,23.07,28.39,5.75,86.41,605.92,-71.11,0.0388,0.06,ATTITUDE,NORMAL
2026-03-04 20:59:00,GSAT-30,22.28,28.17,7.51,99.5,558.66,-72.67,0.073,0.027,BATTERY,NORMAL
2026-03-04 21:00:00,SAT-001,28.58,22.4,7.49,81.22,207.3,-63.65,0.0491,0.08,POWER,ANOMALY
2026-03-04 21:01:00,SAT-002,26.45,28.41,6.85,90.56,554.49,-70.31,0.0458,0.105,PAYLOAD,NORMAL
2026-03-04 21:02:00,SAT-003,24.41,27.84,6.24,83.62,492.51,-66.26,0.028,0.1,THERMAL,NORMAL
2026-03-04 21:03:00,SAT-004,28.41,27.86,4.74,79.47,519.21,-68.99,0.0584,0.104,BATTERY,NORMAL
2026-03-04 21:04:00,INSAT-3D,39.72,26.52,25.09,81.64,572.09,-69.86,0.0303,0.075,POWER,ANOMALY
2026-03-04 21:05:00,GSAT-30,33.81,28.5,6.64,77.32,553.73,-63.25,0.0399,0.146,PAYLOAD,NORMAL
2026-03-04 21:06:00,SAT-001,15.0,28.6,6.29,84.53,525.9,-61.48,0.0477,0.091,COMMUNICATION,NORMAL
2026-03-04 21:07:00,SAT-002,25.66,28.2,6.59,81.83,512.1,-72.21,0.054,0.102,THERMAL,NORMAL
2026-03-04 21:08:00,SAT-003,24.05,27.99,7.09,88.55,578.74,-106.25,0.0439,0.084,COMMUNICATION,ANOMALY
2026-03-04 21:09:00,SAT-004,23.41,28.02,5.98,79.06,535.73,-67.05,0.0354,0.064,ATTITUDE,NORMAL
2026-03-04 21:10:00,INSAT-3D,23.99,28.14,5.47,91.25,504.29,-64.26,0.0424,0.06,THERMAL,NORMAL
2026-03-04 21:11:00,GSAT-30,23.4,28.39,5.05,87.54,510.39,-70.37,0.0386,0.101,ATTITUDE,NORMAL
2026-03-04 21:12:00,SAT-001,32.43,28.43,5.01,83.91,510.63,-71.08,1.3913,0.658,ATTITUDE,ANOMALY
2026-03-04 21:13:00,SAT-002,25.65,28.61,5.22,80.75,528.68,-69.49,0.0528,0.093,POWER,NORMAL
2026-03-04 21:14:00,SAT-003,26.12,28.12,6.08,78.72,594.14,-67.24,0.0471,0.087,ATTITUDE,NORMAL
2026-03-04 21:15:00,SAT-004,24.49,28.16,6.03,90.23,473.18,-68.8,0.0356,0.1,BATTERY,NORMAL
2026-03-04 21:16:00,INSAT-3D,29.58,28.19,6.37,87.5,240.21,-68.47,0.0474,9.483,ATTITUDE,ANOMALY
2026-03-04 21:17:00,GSAT-30,24.39,28.31,4.62,79.3,547.7,-69.11,0.0363,0.093,PAYLOAD,NORMAL
2026-03-04 21:18:00,SAT-001,18.8,28.01,6.64,84.63,596.82,-64.38,0.0396,0.072,COMMUNICATION,NORMAL
2026-03-04 21:19:00,SAT-002,26.55,27.97,7.04,83.1,528.48,-69.24,0.0518,0.117,PAYLOAD,NORMAL
2026-03-04 21:20:00,SAT-003,35.43,24.97,11.87,26.11,488.36,-71.34,0.0543,0.074,BATTERY,ANOMALY
2026-03-04 21:21:00,SAT-004,20.96,28.21,6.61,87.18,521.57,-67.82,0.0286,0.1,COMMUNICATION,NORMAL
2026-03-04 21:22:00,INSAT-3D,28.38,28.42,5.79,81.7,553.5,-66.22,0.0405,0.047,POWER,NORMAL
2026-03-04 21:23:00,GSAT-30,24.24,28.02,5.39,90.2,562.41,-70.62,0.0493,0.156,COMMUNICATION,NORMAL
2026-03-04 21:24:00,SAT-001,66.36,27.4,6.43,85.2,528.3,-73.4,0.0479,0.06,THERMAL,ANOMALY
2026-03-04 21:25:00,SAT-002,17.0,28.23,6.12,85.66,535.59,-67.69,0.0572,0.099,BATTERY,NORMAL
2026-03-04 21:26:00,SAT-003,30.2,28.32,5.71,95.25,525.44,-70.17,0.0319,0.04,COMMUNICATION,NORMAL
2026-03-04 21:27:00,SAT-004,29.12,28.09,5.69,84.78,550.09,-63.76,0.0699,0.127,BATTERY,NORMAL
2026-03-04 21:28:00,INSAT-3D,24.96,20.06,5.27,87.23,227.0,-67.38,0.0484,0.079,POWER,ANOMALY
2026-03-04 21:29:00,GSAT-30,29.69,28.46,6.7,83.81,513.27,-66.53,0.0498,0.075,PAYLOAD,NORMAL
2026-03-04 21:30:00,SAT-001,21.62,27.89,7.15,82.07,494.71,-67.68,0.0418,0.074,BATTERY,NORMAL
2026-03-04 21:31:00,SAT-002,17.7,28.15,5.29,78.15,515.6,-68.36,0.0407,0.084,THERMAL,NORMAL
2026-03-04 21:32:00,SAT-003,39.5,26.8,27.82,86.61,486.47,-71.84,0.0339,0.08,POWER,ANOMALY
2026-03-04 21:33:00,SAT-004,24.6,28.38,6.48,87.64,525.29,-69.83,0.0818,0.034,THERMAL,NORMAL
2026-03-04 21:34:00,INSAT-3D,23.16,28.12,6.93,87.23,543.49,-69.11,0.0583,0.035,BATTERY,NORMAL
2026-03-04 21:35:00,GSAT-30,31.29,27.96,6.75,84.56,577.2,-69.29,0.0304,0.079,COMMUNICATION,NORMAL
2026-03-04 21:36:00,SAT-001,28.53,28.36,5.31,77.01,510.7,-117.87,0.036,0.066,COMMUNICATION,ANOMALY
2026-03-04 21:37:00,SAT-002,18.25,28.16,6.63,87.53,489.97,-65.21,0.0355,0.144,POWER,NORMAL
2026-03-04 21:38:00,SAT-003,24.65,27.98,6.02,84.45,447.83,-68.71,0.0192,0.058,COMMUNICATION,NORMAL
2026-03-04 21:39:00,SAT-004,21.54,28.32,5.93,96.08,529.67,-65.51,0.0423,0.01,ATTITUDE,NORMAL
2026-03-04 21:40:00,INSAT-3D,24.72,28.42,6.62,82.45,536.57,-64.2,1.7374,0.636,ATTITUDE,ANOMALY
2026-03-04 21:41:00,GSAT-30,23.75,28.4,6.77,83.98,534.81,-71.61,0.0518,0.094,THERMAL,NORMAL
2026-03-04 21:42:00,SAT-001,30.72,28.52,5.95,86.7,584.19,-70.13,0.0479,0.108,POWER,NORMAL
2026-03-04 21:43:00,SAT-002,25.57,27.68,7.06,89.75,534.43,-69.26,0.0529,0.135,PAYLOAD,NORMAL
2026-03-04 21:44:00,SAT-003,27.13,28.77,7.13,80.97,245.08,-66.83,0.0369,12.198,ATTITUDE,ANOMALY
2026-03-04 21:45:00,SAT-004,28.97,28.44,6.01,93.72,525.76,-71.3,0.0445,0.091,ATTITUDE,NORMAL
2026-03-04 21:46:00,INSAT-3D,26.92,28.02,7.89,84.52,526.43,-66.21,0.0797,0.092,THERMAL,NORMAL
2026-03-04 21:47:00,GSAT-30,28.28,27.84,7.42,86.25,595.29,-65.72,0.0491,0.131,PAYLOAD,NORMAL
2026-03-04 21:48:00,SAT-001,35.52,24.58,13.93,43.57,498.81,-63.87,0.0463,0.1,BATTERY,ANOMALY
2026-03-04 21:49:00,SAT-002,23.59,28.55,7.25,94.53,494.52,-67.43,0.0264,0.11,THERMAL,NORMAL
2026-03-04 21:50:00,SAT-003,23.46,28.09,5.34,97.32,529.57,-66.42,0.0399,0.092,POWER,NORMAL
2026-03-04 21:51:00,SAT-004,23.52,27.85,6.32,85.7,569.47,-67.8,0.0707,0.063,POWER,NORMAL
2026-03-04 21:52:00,INSAT-3D,76.05,27.29,6.4,88.78,501.75,-64.43,0.0519,0.104,THERMAL,ANOMALY
2026-03-04 21:53:00,GSAT-30,27.38,28.53,6.2,87.11,556.94,-67.7,0.0562,0.136,POWER,NORMAL
2026-03-04 21:54:00,SAT-001,29.51,28.08,5.35,78.97,562.24,-68.27,0.0274,0.088,PAYLOAD,NORMAL
2026-03-04 21:55:00,SAT-002,19.22,27.98,6.95,77.79,536.99,-68.94,0.0211,0.131,POWER,NORMAL
2026-03-04 21:56:00,SAT-003,22.91,22.47,6.12,80.78,152.98,-69.07,0.0431,0.056,POWER,ANOMALY
2026-03-04 21:57:00,SAT-004,25.22,28.43,6.73,87.05,516.65,-65.7,0.0505,0.032,POWER,NORMAL
2026-03-04 21:58:00,INSAT-3D,21.35,27.98,7.04,93.14,568.53,-67.94,0.0441,0.045,COMMUNICATION,NORMAL
2026-03-04 21:59:00,GSAT-30,34.15,28.14,4.97,87.71,598.55,-64.83,0.0332,0.092,BATTERY,NORMAL
2026-03-04 22:00:00,SAT-001,38.0,26.8,23.89,87.47,587.31,-75.84,0.0509,0.12,POWER,ANOMALY
2026-03-04 22:01:00,SAT-002,26.25,27.69,5.85,79.92,578.88,-65.66,0.0524,0.104,COMMUNICATION,NORMAL
2026-03-04 22:02:00,SAT-003,29.56,28.45,7.67,98.16,545.81,-63.71,0.0501,0.074,PAYLOAD,NORMAL
2026-03-04 22:03:00,SAT-004,27.01,28.12,8.19,85.61,518.11,-66.67,0.0478,0.033,BATTERY,NORMAL
2026-03-04 22:04:00,INSAT-3D,28.39,28.06,7.49,87.0,522.95,-107.72,0.0395,0.04,COMMUNICATION,ANOMALY
2026-03-04 22:05:00,GSAT-30,20.23,28.26,7.66,87.29,566.6,-67.07,0.04,0.03,ATTITUDE,NORMAL
2026-03-04 22:06:00,SAT-001,24.92,28.2,5.37,93.53,531.0,-67.78,0.0547,0.127,PAYLOAD,NORMAL
2026-03-04 22:07:00,SAT-002,33.17,28.31,5.87,84.73,509.03,-68.65,0.0555,0.084,BATTERY,NORMAL
2026-03-04 22:08:00,SAT-003,25.45,27.71,5.46,79.7,519.29,-68.28,1.5593,0.687,ATTITUDE,ANOMALY
2026-03-04 22:09:00,SAT-004,28.35,28.23,6.06,95.05,547.44,-71.67,0.0408,0.092,POWER,NORMAL
2026-03-04 22:10:00,INSAT-3D,22.04,28.47,6.81,99.5,518.18,-74.71,0.0223,0.074,ATTITUDE,NORMAL
2026-03-04 22:11:00,GSAT-30,22.89,28.25,7.01,89.35,524.49,-61.6,0.0374,0.038,PAYLOAD,NORMAL
2026-03-04 22:12:00,SAT-001,26.3,28.12,7.26,82.37,236.27,-70.6,0.0531,5.385,ATTITUDE,ANOMALY
2026-03-04 22:13:00,SAT-002,21.41,28.33,6.12,91.76,560.4,-64.34,0.0355,0.139,POWER,NORMAL
2026-03-04 22:14:00,SAT-003,27.87,28.51,7.02,83.72,529.11,-66.6,0.0474,0.103,THERMAL,NORMAL
2026-03-04 22:15:00,SAT-004,29.26,28.2,5.79,87.91,555.22,-70.14,0.0232,0.012,POWER,NORMAL
2026-03-04 22:16:00,INSAT-3D,34.66,24.95,12.1,41.53,514.36,-67.79,0.0481,0.077,BATTERY,ANOMALY
2026-03-04 22:17:00,GSAT-30,24.14,28.89,5.48,90.92,497.96,-66.97,0.0335,0.113,POWER,NORMAL
2026-03-04 22:18:00,SAT-001,23.28,28.55,8.66,84.19,563.18,-65.28,0.0387,0.057,POWER,NORMAL
2026-03-04 22:19:00,SAT-002,26.72,28.07,6.58,98.36,513.55,-67.18,0.0209,0.139,PAYLOAD,NORMAL
2026-03-04 22:20:00,SAT-003,71.87,27.45,7.32,84.58,518.76,-68.38,0.0419,0.031,THERMAL,ANOMALY
2026-03-04 22:21:00,SAT-004,24.92,28.6,5.56,89.86,581.52,-66.62,0.0431,0.07,THERMAL,NORMAL
2026-03-04 22:22:00,INSAT-3D,25.1,28.28,6.41,90.93,533.57,-70.67,0.0604,0.11,THERMAL,NORMAL
2026-03-04 22:23:00,GSAT-30,22.4,28.08,5.43,88.05,535.8,-65.43,0.0496,0.101,THERMAL,NORMAL
2026-03-04 22:24:00,SAT-001,25.41,20.03,7.95,78.27,210.47,-66.09,0.0365,0.039,POWER,ANOMALY
2026-03-04 22:25:00,SAT-002,24.15,28.24,5.06,85.25,468.01,-61.16,0.0223,0.064,POWER,NORMAL
2026-03-04 22:26:00,SAT-003,19.98,28.18,7.98,93.46,511.98,-70.46,0.0354,0.053,COMMUNICATION,NORMAL
2026-03-04 22:27:00,SAT-004,30.1,28.04,6.39,86.93,491.33,-69.01,0.0246,0.097,THERMAL,NORMAL
2026-03-04 22:28:00,INSAT-3D,38.0,26.6,20.99,81.97,464.47,-66.93,0.0382,0.07,POWER,ANOMALY
2026-03-04 22:29:00,GSAT-30,29.67,28.46,5.64,80.37,463.59,-66.15,0.0483,0.092,BATTERY,NORMAL
2026-03-04 22:30:00,SAT-001,28.79,27.84,6.36,89.16,553.43,-66.05,0.0389,0.045,ATTITUDE,NORMAL
2026-03-04 22:31:00,SAT-002,26.21,28.17,6.64,90.82,585.33,-70.12,0.0266,0.122,BATTERY,NORMAL
2026-03-04 22:32:00,SAT-003,29.03,28.0,6.13,85.48,531.26,-113.17,0.0525,0.086,COMMUNICATION,ANOMALY
2026-03-04 22:33:00,SAT-004,23.48,27.89,6.72,85.49,577.24,-65.37,0.0535,0.057,COMMUNICATION,NORMAL
2026-03-04 22:34:00,INSAT-3D,29.73,28.38,5.87,87.55,552.27,-75.98,0.026,0.079,PAYLOAD,NORMAL
2026-03-04 22:35:00,GSAT-30,33.45,28.04,6.64,92.63,543.54,-63.84,0.0689,0.047,BATTERY,NORMAL
2026-03-04 22:36:00,SAT-001,26.35,28.47,5.19,90.32,581.2,-64.15,0.6266,0.726,ATTITUDE,ANOMALY
2026-03-04 22:37:00,SAT-002,23.17,28.14,6.15,87.53,528.16,-67.34,0.0631,0.086,PAYLOAD,NORMAL
2026-03-04 22:38:00,SAT-003,30.96,27.89,6.57,80.82,589.5,-70.96,0.0363,0.063,COMMUNICATION,NORMAL
2026-03-04 22:39:00,SAT-004,26.73,28.34,5.59,89.31,563.16,-73.63,0.0442,0.077,THERMAL,NORMAL
2026-03-04 22:40:00,INSAT-3D,20.48,28.2,6.45,89.13,244.8,-63.78,0.0487,10.919,ATTITUDE,ANOMALY
2026-03-04 22:41:00,GSAT-30,27.87,28.38,6.87,89.57,545.32,-68.47,0.0574,0.09,COMMUNICATION,NORMAL
2026-03-04 22:42:00,SAT-001,24.95,27.96,6.49,85.89,539.79,-69.65,0.0567,0.096,THERMAL,NORMAL
2026-03-04 22:43:00,SAT-002,24.98,28.31,5.09,90.58,584.69,-71.35,0.0251,0.119,POWER,NORMAL
2026-03-04 22:44:00,SAT-003,33.55,25.33,12.61,37.3,498.95,-72.57,0.063,0.13,BATTERY,ANOMALY
2026-03-04 22:45:00,SAT-004,28.34,28.01,6.97,89.17,514.97,-65.24,0.0459,0.158,POWER,NORMAL
2026-03-04 22:46:00,INSAT-3D,26.36,28.37,6.37,85.93,507.47,-60.91,0.0492,0.113,PAYLOAD,NORMAL
2026-03-04 22:47:00,GSAT-30,23.56,28.43,6.26,88.37,452.9,-65.54,0.043,0.103,PAYLOAD,NORMAL
2026-03-04 22:48:00,SAT-001,67.27,27.5,6.54,83.57,605.77,-66.55,0.0471,0.075,THERMAL,ANOMALY
2026-03-04 22:49:00,SAT-002,26.54,28.34,5.97,92.09,585.98,-68.84,0.0443,0.09,POWER,NORMAL
2026-03-04 22:50:00,SAT-003,25.41,28.17,6.72,83.72,534.03,-68.34,0.035,0.149,PAYLOAD,NORMAL
2026-03-04 22:51:00,SAT-004,29.42,28.43,4.73,87.89,465.49,-68.86,0.0347,0.052,ATTITUDE,NORMAL
2026-03-04 22:52:00,INSAT-3D,26.46,20.18,5.2,95.87,158.27,-68.2,0.0441,0.028,POWER,ANOMALY
2026-03-04 22:53:00,GSAT-30,27.1,27.94,6.01,86.56,541.95,-68.61,0.0456,0.104,ATTITUDE,NORMAL
2026-03-04 22:54:00,SAT-001,27.16,28.36,6.65,85.73,445.46,-73.39,0.0452,0.09,BATTERY,NORMAL
2026-03-04 22:55:00,SAT-002,29.55,27.94,7.2,84.74,558.32,-64.64,0.0554,0.061,PAYLOAD,NORMAL
2026-03-04 22:56:00,SAT-003,38.0,26.38,31.89,89.54,567.3,-73.25,0.0527,0.06,POWER,ANOMALY
2026-03-04 22:57:00,SAT-004,19.33,28.51,6.67,90.0,572.05,-71.56,0.0497,0.071,POWER,NORMAL
2026-03-04 22:58:00,INSAT-3D,26.97,28.2,6.22,85.9,562.2,-66.1,0.033,0.129,BATTERY,NORMAL
2026-03-04 22:59:00,GSAT-30,23.1,28.05,5.7,93.74,481.9,-72.07,0.0376,0.103,THERMAL,NORMAL
2026-03-04 23:00:00,SAT-001,25.2,27.95,6.78,87.03,553.6,-119.34,0.0573,0.097,COMMUNICATION,ANOMALY
2026-03-04 23:01:00,SAT-002,26.54,28.2,6.14,90.48,467.45,-71.16,0.0428,0.084,POWER,NORMAL
2026-03-04 23:02:00,SAT-003,23.26,28.01,6.96,80.79,519.08,-66.2,0.044,0.076,BATTERY,NORMAL
2026-03-04 23:03:00,SAT-004,27.31,28.3,7.27,95.34,508.33,-62.92,0.0395,0.037,PAYLOAD,NORMAL
2026-03-04 23:04:00,INSAT-3D,30.99,28.45,4.91,82.47,508.54,-69.71,1.5118,0.674,ATTITUDE,ANOMALY
2026-03-04 23:05:00,GSAT-30,24.97,28.36,6.5,87.63,595.94,-70.51,0.0519,0.068,BATTERY,NORMAL
2026-03-04 23:06:00,SAT-001,27.72,28.06,6.37,78.55,521.35,-63.9,0.0549,0.071,BATTERY,NORMAL
2026-03-04 23:07:00,SAT-002,24.46,27.5,5.73,86.95,594.2,-68.11,0.0372,0.105,COMMUNICATION,NORMAL
2026-03-04 23:08:00,SAT-003,24.48,28.51,6.71,80.5,251.16,-66.2,0.054,3.43,ATTITUDE,ANOMALY
2026-03-04 23:09:00,SAT-004,23.54,28.09,6.93,89.1,504.11,-64.57,0.0501,0.107,THERMAL,NORMAL
2026-03-04 23:10:00,INSAT-3D,30.45,27.87,5.89,81.39,511.62,-72.16,0.0322,0.099,POWER,NORMAL
2026-03-04 23:11:00,GSAT-30,32.02,28.29,5.33,86.75,546.68,-68.91,0.0387,0.062,POWER,NORMAL
2026-03-04 23:12:00,SAT-001,36.64,26.04,13.14,27.31,503.68,-64.22,0.0421,0.07,BATTERY,ANOMALY
2026-03-04 23:13:00,SAT-002,26.0,28.15,6.26,85.33,547.2,-66.26,0.0162,0.07,PAYLOAD,NORMAL
2026-03-04 23:14:00,SAT-003,24.73,27.92,6.7,80.06,523.29,-67.43,0.0447,0.147,THERMAL,NORMAL
2026-03-04 23:15:00,SAT-004,23.6,28.54,6.25,89.77,489.93,-69.49,0.0537,0.078,COMMUNICATION,NORMAL
2026-03-04 23:16:00,INSAT-3D,82.78,27.08,7.21,83.16,537.05,-63.89,0.0623,0.056,THERMAL,ANOMALY
2026-03-04 23:17:00,GSAT-30,23.94,28.35,5.66,92.98,563.08,-66.15,0.0424,0.082,ATTITUDE,NORMAL
2026-03-04 23:18:00,SAT-001,31.15,28.33,6.2,82.47,492.28,-66.51,0.0666,0.092,COMMUNICATION,NORMAL
2026-03-04 23:19:00,SAT-002,24.49,28.05,5.88,83.72,524.54,-62.76,0.0535,0.07,THERMAL,NORMAL
2026-03-04 23:20:00,SAT-003,24.55,20.3,6.0,92.51,178.67,-72.48,0.0306,0.05,POWER,ANOMALY
2026-03-04 23:21:00,SAT-004,23.16,28.45,7.25,91.62,605.61,-63.8,0.0545,0.103,COMMUNICATION,NORMAL
2026-03-04 23:22:00,INSAT-3D,21.78,28.36,6.15,80.36,531.43,-65.23,0.0722,0.072,BATTERY,NORMAL
2026-03-04 23:23:00,GSAT-30,25.45,27.97,5.33,83.55,551.48,-72.4,0.0184,0.121,ATTITUDE,NORMAL
2026-03-04 23:24:00,SAT-001,38.0,26.64,18.65,77.81,486.82,-69.9,0.0546,0.079,POWER,ANOMALY
2026-03-04 23:25:00,SAT-002,27.14,28.05,5.48,87.26,534.79,-68.71,0.0312,0.085,THERMAL,NORMAL
2026-03-04 23:26:00,SAT-003,19.71,28.2,6.41,93.34,557.6,-71.54,0.043,0.133,BATTERY,NORMAL
2026-03-04 23:27:00,SAT-004,21.97,27.78,6.73,92.86,532.9,-66.88,0.0608,0.14,ATTITUDE,NORMAL
2026-03-04 23:28:00,INSAT-3D,24.81,28.17,6.86,78.93,465.67,-112.89,0.0422,0.058,COMMUNICATION,ANOMALY
2026-03-04 23:29:00,GSAT-30,24.95,28.01,4.91,90.04,576.89,-69.86,0.0404,0.104,PAYLOAD,NORMAL
2026-03-04 23:30:00,SAT-001,22.38,27.96,6.93,86.86,498.88,-63.72,0.0517,0.053,COMMUNICATION,NORMAL
2026-03-04 23:31:00,SAT-002,25.77,28.06,6.55,82.92,531.62,-66.78,0.0587,0.062,ATTITUDE,NORMAL
2026-03-04 23:32:00,SAT-003,24.21,28.66,6.06,84.72,581.38,-67.8,0.7493,0.675,ATTITUDE,ANOMALY
2026-03-04 23:33:00,SAT-004,26.47,27.91,5.24,92.6,534.12,-66.69,0.0492,0.078,THERMAL,NORMAL
2026-03-04 23:34:00,INSAT-3D,25.09,28.36,5.71,92.76,520.94,-67.13,0.0435,0.085,BATTERY,NORMAL
2026-03-04 23:35:00,GSAT-30,26.64,27.95,6.65,89.5,526.57,-72.54,0.0442,0.093,POWER,NORMAL
2026-03-04 23:36:00,SAT-001,20.59,28.1,6.23,89.58,223.38,-66.57,0.0513,10.335,ATTITUDE,ANOMALY
2026-03-04 23:37:00,SAT-002,24.27,27.73,5.38,84.62,582.27,-67.23,0.0371,0.025,POWER,NORMAL
2026-03-04 23:38:00,SAT-003,26.31,28.57,7.41,95.94,569.56,-64.04,0.0405,0.079,THERMAL,NORMAL
2026-03-04 23:39:00,SAT-004,29.07,27.95,3.63,98.0,525.45,-70.92,0.0437,0.09,THERMAL,NORMAL
2026-03-04 23:40:00,INSAT-3D,32.61,26.13,13.37,25.64,481.01,-64.0,0.0506,0.057,BATTERY,ANOMALY
2026-03-04 23:41:00,GSAT-30,27.8,28.1,6.21,91.12,511.0,-73.0,0.0464,0.057,THERMAL,NORMAL
2026-03-04 23:42:00,SAT-001,26.33,28.09,6.82,81.59,495.03,-69.26,0.0676,0.065,PAYLOAD,NORMAL
2026-03-04 23:43:00,SAT-002,29.44,27.81,6.44,80.07,502.29,-67.02,0.0508,0.085,PAYLOAD,NORMAL
2026-03-04 23:44:00,SAT-003,63.02,27.02,5.28,88.2,477.57,-71.64,0.0438,0.089,THERMAL,ANOMALY
2026-03-04 23:45:00,SAT-004,30.12,28.08,4.84,84.1,579.76,-66.44,0.0458,0.112,BATTERY,NORMAL
2026-03-04 23:46:00,INSAT-3D,22.83,28.47,5.39,93.36,455.04,-69.21,0.0617,0.078,PAYLOAD,NORMAL
2026-03-04 23:47:00,GSAT-30,23.55,27.85,6.24,89.84,560.33,-67.79,0.0641,0.038,BATTERY,NORMAL
2026-03-04 23:48:00,SAT-001,26.06,19.43,7.0,82.2,253.34,-69.45,0.0457,0.1,POWER,ANOMALY
2026-03-04 23:49:00,SAT-002,27.05,28.33,6.18,84.51,553.96,-70.51,0.0576,0.058,ATTITUDE,NORMAL
2026-03-04 23:50:00,SAT-003,24.96,28.43,7.19,87.85,553.81,-70.05,0.0655,0.081,BATTERY,NORMAL
2026-03-04 23:51:00,SAT-004,26.36,28.35,7.67,85.66,566.02,-68.55,0.0638,0.092,THERMAL,NORMAL
2026-03-04 23:52:00,INSAT-3D,38.12,26.62,19.9,89.33,505.38,-73.6,0.0354,0.085,POWER,ANOMALY
2026-03-04 23:53:00,GSAT-30,24.05,28.25,5.66,79.85,531.01,-73.36,0.0454,0.043,THERMAL,NORMAL
2026-03-04 23:54:00,SAT-001,26.16,28.27,5.44,89.13,600.62,-71.63,0.0428,0.045,BATTERY,NORMAL
2026-03-04 23:55:00,SAT-002,23.27,28.34,6.59,89.22,542.81,-67.31,0.0349,0.085,COMMUNICATION,NORMAL
2026-03-04 23:56:00,SAT-003,25.03,28.15,4.96,86.97,489.31,-119.51,0.049,0.03,COMMUNICATION,ANOMALY
2026-03-04 23:57:00,SAT-004,21.71,28.18,7.15,92.58,561.53,-70.16,0.0447,0.081,COMMUNICATION,NORMAL
2026-03-04 23:58:00,INSAT-3D,26.58,27.56,7.1,82.39,592.56,-65.83,0.0414,0.093,ATTITUDE,NORMAL
2026-03-04 23:59:00,GSAT-30,21.57,28.2,6.57,84.62,552.69,-68.09,0.0445,0.06,THERMAL,NORMAL
2026-03-05 00:00:00,SAT-001,28.99,27.92,6.72,80.75,528.01,-66.07,0.932,0.588,ATTITUDE,ANOMALY
2026-03-05 00:01:00,SAT-002,24.42,28.2,7.26,88.88,564.33,-64.25,0.0666,0.027,POWER,NORMAL
2026-03-05 00:02:00,SAT-003,21.69,28.1,6.09,81.1,563.48,-65.1,0.0464,0.108,BATTERY,NORMAL
2026-03-05 00:03:00,SAT-004,32.76,27.85,5.41,85.25,540.71,-67.3,0.0331,0.12,ATTITUDE,NORMAL
2026-03-05 00:04:00,INSAT-3D,28.12,28.56,6.5,92.12,237.01,-72.18,0.0563,4.127,ATTITUDE,ANOMALY
2026-03-05 00:05:00,GSAT-30,25.36,28.03,6.83,79.15,568.99,-67.43,0.0492,0.099,POWER,NORMAL
2026-03-05 00:06:00,SAT-001,22.72,28.3,5.94,89.08,540.43,-65.01,0.0436,0.08,COMMUNICATION,NORMAL
2026-03-05 00:07:00,SAT-002,19.68,27.99,7.61,87.48,513.38,-68.27,0.0489,0.024,ATTITUDE,NORMAL
2026-03-05 00:08:00,SAT-003,32.0,25.26,13.45,33.38,524.74,-68.54,0.0338,0.096,BATTERY,ANOMALY
2026-03-05 00:09:00,SAT-004,30.66,27.82,6.1,86.98,586.21,-70.7,0.0413,0.081,POWER,NORMAL
2026-03-05 00:10:00,INSAT-3D,29.17,28.17,4.17,91.4,552.88,-70.24,0.0582,0.108,THERMAL,NORMAL
2026-03-05 00:11:00,GSAT-30,20.79,28.69,5.15,88.06,545.17,-67.83,0.0479,0.08,PAYLOAD,NORMAL
2026-03-05 00:12:00,SAT-001,76.88,27.1,5.56,90.57,544.27,-68.48,0.0582,0.096,THERMAL,ANOMALY
2026-03-05 00:13:00,SAT-002,24.96,27.65,6.57,91.07,478.85,-69.22,0.0673,0.067,POWER,NORMAL
2026-03-05 00:14:00,SAT-003,27.52,28.23,6.35,94.75,566.08,-74.24,0.0643,0.071,BATTERY,NORMAL
2026-03-05 00:15:00,SAT-004,25.75,28.32,5.86,84.69,549.46,-69.03,0.0407,0.125,BATTERY,NORMAL
2026-03-05 00:16:00,INSAT-3D,29.9,19.88,7.27,88.73,140.01,-64.73,0.0606,0.103,POWER,ANOMALY
2026-03-05 00:17:00,GSAT-30,16.24,27.9,4.39,85.11,529.03,-72.72,0.0513,0.093,PAYLOAD,NORMAL
2026-03-05 00:18:00,SAT-001,29.03,28.32,6.26,82.6,549.54,-69.13,0.0615,0.083,BATTERY,NORMAL
2026-03-05 00:19:00,SAT-002,26.04,28.19,5.77,87.48,533.05,-64.7,0.0571,0.092,COMMUNICATION,NORMAL
2026-03-05 00:20:00,SAT-003,42.42,26.8,31.85,81.91,591.35,-65.54,0.0467,0.086,POWER,ANOMALY
2026-03-05 00:21:00,SAT-004,25.23,28.79,5.56,92.35,583.05,-70.04,0.036,0.036,PAYLOAD,NORMAL
2026-03-05 00:22:00,INSAT-3D,26.31,28.06,4.62,85.02,545.57,-64.96,0.063,0.08,PAYLOAD,NORMAL
2026-03-05 00:23:00,GSAT-30,22.98,28.32,5.7,85.32,567.78,-70.69,0.0307,0.101,THERMAL,NORMAL
2026-03-05 00:24:00,SAT-001,24.54,28.12,5.06,78.65,536.62,-104.99,0.0541,0.053,COMMUNICATION,ANOMALY
2026-03-05 00:25:00,SAT-002,22.36,28.64,5.06,88.22,591.3,-70.78,0.0257,0.063,COMMUNICATION,NORMAL
2026-03-05 00:26:00,SAT-003,26.4,28.29,6.67,88.01,589.64,-61.67,0.0525,0.089,BATTERY,NORMAL
2026-03-05 00:27:00,SAT-004,27.3,28.33,5.14,86.43,498.94,-73.01,0.043,0.09,ATTITUDE,NORMAL
2026-03-05 00:28:00,INSAT-3D,28.93,27.74,5.58,92.31,507.24,-72.29,0.5629,0.676,ATTITUDE,ANOMALY
2026-03-05 00:29:00,GSAT-30,16.3,28.21,6.18,90.5,549.28,-63.45,0.0462,0.078,POWER,NORMAL
2026-03-05 00:30:00,SAT-001,25.92,28.56,6.45,86.21,547.43,-61.24,0.0317,0.132,BATTERY,NORMAL
2026-03-05 00:31:00,SAT-002,18.55,27.71,5.81,90.37,526.89,-68.6,0.0272,0.062,BATTERY,NORMAL
2026-03-05 00:32:00,SAT-003,23.33,27.94,5.91,79.52,206.15,-63.77,0.0438,11.009,ATTITUDE,ANOMALY
2026-03-05 00:33:00,SAT-004,23.34,28.38,5.26,87.1,566.55,-68.27,0.0458,0.046,BATTERY,NORMAL
2026-03-05 00:34:00,INSAT-3D,24.7,28.14,6.22,93.3,422.35,-68.78,0.017,0.066,THERMAL,NORMAL
2026-03-05 00:35:00,GSAT-30,22.29,28.15,5.84,81.23,504.06,-63.36,0.0407,0.068,COMMUNICATION,NORMAL
2026-03-05 00:36:00,SAT-001,32.0,25.14,10.57,42.1,554.33,-71.61,0.0328,0.114,BATTERY,ANOMALY
2026-03-05 00:37:00,SAT-002,21.8,28.18,5.67,89.53,531.72,-70.2,0.0428,0.126,POWER,NORMAL
2026-03-05 00:38:00,SAT-003,23.25,28.55,6.83,87.88,579.68,-60.44,0.0362,0.094,POWER,NORMAL
2026-03-05 00:39:00,SAT-004,26.29,28.39,7.05,77.38,577.28,-71.6,0.0332,0.074,POWER,NORMAL
2026-03-05 00:40:00,INSAT-3D,64.03,27.01,6.02,86.43,544.48,-66.62,0.0544,0.114,THERMAL,ANOMALY
2026-03-05 00:41:00,GSAT-30,18.7,27.89,6.28,86.49,564.66,-71.2,0.0507,0.09,COMMUNICATION,NORMAL
2026-03-05 00:42:00,SAT-001,34.37,28.76,7.09,86.12,568.04,-68.02,0.0337,0.053,COMMUNICATION,NORMAL
2026-03-05 00:43:00,SAT-002,23.8,28.57,5.91,89.84,496.8,-73.14,0.0325,0.059,THERMAL,NORMAL
2026-03-05 00:44:00,SAT-003,29.12,20.26,4.96,82.29,124.21,-68.32,0.06,0.1,POWER,ANOMALY
2026-03-05 00:45:00,SAT-004,18.44,28.25,6.38,86.73,597.54,-64.59,0.0429,0.113,COMMUNICATION,NORMAL
2026-03-05 00:46:00,INSAT-3D,24.19,27.79,6.03,87.33,550.47,-64.66,0.0353,0.018,POWER,NORMAL
2026-03-05 00:47:00,GSAT-30,30.6,27.86,5.37,91.06,544.03,-68.2,0.0264,0.051,BATTERY,NORMAL
2026-03-05 00:48:00,SAT-001,38.0,26.8,28.51,77.59,516.68,-70.15,0.0508,0.002,POWER,ANOMALY
2026-03-05 00:49:00,SAT-002,27.18,28.22,5.75,91.37,562.32,-71.37,0.0582,0.147,THERMAL,NORMAL
2026-03-05 00:50:00,SAT-003,29.76,28.49,7.47,78.46,547.03,-67.73,0.0383,0.09,COMMUNICATION,NORMAL
2026-03-05 00:51:00,SAT-004,27.09,28.24,5.5,89.82,602.76,-65.26,0.0377,0.062,POWER,NORMAL
2026-03-05 00:52:00,INSAT-3D,27.26,28.38,5.86,93.93,528.28,-118.19,0.0416,0.146,COMMUNICATION,ANOMALY
2026-03-05 00:53:00,GSAT-30,30.1,28.08,7.21,89.07,555.86,-66.64,0.0399,0.061,BATTERY,NORMAL
2026-03-05 00:54:00,SAT-001,24.83,27.79,6.96,85.53,596.35,-66.03,0.0424,0.144,THERMAL,NORMAL
2026-03-05 00:55:00,SAT-002,20.34,28.34,6.88,85.29,542.61,-65.94,0.0634,0.038,THERMAL,NORMAL
2026-03-05 00:56:00,SAT-003,29.69,28.18,6.37,91.25,513.78,-66.39,1.4809,0.674,ATTITUDE,ANOMALY
2026-03-05 00:57:00,SAT-004,30.16,28.31,7.23,77.75,586.17,-71.07,0.0375,0.066,BATTERY,NORMAL
2026-03-05 00:58:00,INSAT-3D,27.87,28.41,6.71,81.09,551.35,-63.62,0.0511,0.092,THERMAL,NORMAL
2026-03-05 00:59:00,GSAT-30,20.04,28.33,6.38,93.27,592.74,-63.3,0.015,0.054,ATTITUDE,NORMAL
2026-03-05 01:00:00,SAT-001,22.95,28.21,5.97,89.88,229.43,-67.38,0.0372,7.45,ATTITUDE,ANOMALY
2026-03-05 01:01:00,SAT-002,26.55,28.08,7.5,90.17,523.19,-71.96,0.0532,0.061,THERMAL,NORMAL
2026-03-05 01:02:00,SAT-003,23.08,28.17,6.5,90.65,564.9,-68.42,0.0341,0.075,ATTITUDE,NORMAL
2026-03-05 01:03:00,SAT-004,22.29,28.18,6.52,88.64,618.03,-69.97,0.0432,0.103,POWER,NORMAL
2026-03-05 01:04:00,INSAT-3D,32.42,24.53,13.28,45.86,530.57,-64.94,0.0344,0.127,BATTERY,ANOMALY
2026-03-05 01:05:00,GSAT-30,22.42,28.4,6.03,85.01,592.84,-66.98,0.0246,0.043,BATTERY,NORMAL
2026-03-05 01:06:00,SAT-001,21.73,28.31,5.48,84.65,553.07,-65.26,0.0529,0.079,THERMAL,NORMAL
2026-03-05 01:07:00,SAT-002,26.84,28.22,6.51,87.55,579.22,-66.22,0.0314,0.059,PAYLOAD,NORMAL
2026-03-05 01:08:00,SAT-003,65.61,27.41,7.3,90.8,560.75,-68.4,0.0556,0.116,THERMAL,ANOMALY
2026-03-05 01:09:00,SAT-004,25.55,27.79,5.37,85.4,524.49,-70.28,0.0402,0.095,THERMAL,NORMAL
2026-03-05 01:10:00,INSAT-3D,25.83,28.27,6.4,95.07,538.62,-66.66,0.0574,0.057,PAYLOAD,NORMAL
2026-03-05 01:11:00,GSAT-30,26.13,28.67,5.44,88.63,567.04,-70.13,0.0179,0.023,BATTERY,NORMAL
2026-03-05 01:12:00,SAT-001,19.34,23.18,6.99,88.78,181.4,-69.73,0.068,0.09,POWER,ANOMALY
2026-03-05 01:13:00,SAT-002,20.07,28.48,5.92,87.84,550.96,-75.77,0.0575,0.134,THERMAL,NORMAL
2026-03-05 01:14:00,SAT-003,29.54,28.81,6.34,85.74,456.69,-67.22,0.043,0.069,BATTERY,NORMAL
2026-03-05 01:15:00,SAT-004,26.24,28.3,6.77,87.36,507.81,-72.43,0.0385,0.061,THERMAL,NORMAL
2026-03-05 01:16:00,INSAT-3D,38.0,26.64,25.2,79.86,516.2,-66.8,0.0385,0.092,POWER,ANOMALY
2026-03-05 01:17:00,GSAT-30,23.08,27.91,5.15,99.5,555.94,-62.48,0.035,0.117,COMMUNICATION,NORMAL
2026-03-05 01:18:00,SAT-001,23.89,28.17,7.71,82.98,612.17,-74.52,0.0348,0.046,POWER,NORMAL
2026-03-05 01:19:00,SAT-002,23.08,27.79,5.7,90.0,523.91,-68.71,0.0388,0.15,POWER,NORMAL
2026-03-05 01:20:00,SAT-003,26.38,28.27,6.04,87.37,532.94,-120.89,0.06,0.077,COMMUNICATION,ANOMALY
2026-03-05 01:21:00,SAT-004,24.59,28.25,5.5,74.45,523.2,-62.37,0.0323,0.063,POWER,NORMAL
2026-03-05 01:22:00,INSAT-3D,22.34,28.08,6.69,88.43,529.25,-65.93,0.0516,0.072,ATTITUDE,NORMAL
2026-03-05 01:23:00,GSAT-30,30.44,27.7,7.43,94.91,501.57,-68.93,0.0316,0.066,POWER,NORMAL
2026-03-05 01:24:00,SAT-001,30.11,28.15,4.87,88.66,536.45,-71.57,1.4567,0.701,ATTITUDE,ANOMALY
2026-03-05 01:25:00,SAT-002,22.89,28.45,5.92,85.04,520.07,-71.06,0.0459,0.061,POWER,NORMAL
2026-03-05 01:26:00,SAT-003,20.53,28.19,6.38,92.56,516.21,-66.5,0.0311,0.052,BATTERY,NORMAL
2026-03-05 01:27:00,SAT-004,30.3,28.31,5.26,83.93,521.53,-68.27,0.0486,0.072,THERMAL,NORMAL
2026-03-05 01:28:00,INSAT-3D,26.98,28.06,7.65,88.83,253.25,-66.91,0.0567,10.4,ATTITUDE,ANOMALY
2026-03-05 01:29:00,GSAT-30,29.43,28.25,6.64,85.65,549.24,-64.21,0.0256,0.114,BATTERY,NORMAL
2026-03-05 01:30:00,SAT-001,23.19,28.27,5.84,83.51,515.91,-67.45,0.0564,0.082,PAYLOAD,NORMAL
2026-03-05 01:31:00,SAT-002,27.45,28.1,4.55,86.96,523.43,-63.54,0.0558,0.11,COMMUNICATION,NORMAL
2026-03-05 01:32:00,SAT-003,36.61,24.68,11.47,28.79,547.4,-69.58,0.0308,0.023,BATTERY,ANOMALY
2026-03-05 01:33:00,SAT-004,19.9,27.8,6.39,89.68,431.29,-63.07,0.0215,0.107,THERMAL,NORMAL
2026-03-05 01:34:00,INSAT-3D,25.45,27.97,6.48,90.04,543.0,-67.8,0.0429,0.091,PAYLOAD,NORMAL
2026-03-05 01:35:00,GSAT-30,21.96,28.28,6.73,84.52,586.05,-64.09,0.0467,0.091,PAYLOAD,NORMAL
2026-03-05 01:36:00,SAT-001,64.87,27.24,5.5,80.45,545.44,-65.73,0.053,0.087,THERMAL,ANOMALY
2026-03-05 01:37:00,SAT-002,20.49,28.15,6.68,85.76,492.37,-70.08,0.0338,0.028,POWER,NORMAL
2026-03-05 01:38:00,SAT-003,20.44,28.74,4.8,85.81,517.29,-74.88,0.033,0.088,BATTERY,NORMAL
2026-03-05 01:39:00,SAT-004,24.81,28.24,7.64,85.87,523.24,-70.12,0.0528,0.093,ATTITUDE,NORMAL
2026-03-05 01:40:00,INSAT-3D,26.25,22.99,6.7,87.89,179.75,-66.14,0.0326,0.138,POWER,ANOMALY
2026-03-05 01:41:00,GSAT-30,28.97,28.24,5.51,87.94,543.74,-69.22,0.0284,0.069,POWER,NORMAL
2026-03-05 01:42:00,SAT-001,26.46,28.41,6.4,93.08,576.14,-67.44,0.0448,0.07,COMMUNICATION,NORMAL
2026-03-05 01:43:00,SAT-002,28.01,28.4,5.7,97.8,582.96,-68.42,0.0458,0.046,BATTERY,NORMAL
2026-03-05 01:44:00,SAT-003,38.14,26.8,25.74,79.45,548.29,-68.79,0.0373,0.092,POWER,ANOMALY
2026-03-05 01:45:00,SAT-004,29.3,28.42,6.59,88.33,467.5,-68.92,0.045,0.103,COMMUNICATION,NORMAL
2026-03-05 01:46:00,INSAT-3D,24.15,27.8,7.42,80.75,510.62,-67.62,0.0466,0.093,BATTERY,NORMAL
2026-03-05 01:47:00,GSAT-30,27.01,28.7,6.1,83.53,537.51,-70.92,0.0826,0.113,POWER,NORMAL
2026-03-05 01:48:00,SAT-001,30.66,28.45,5.55,87.08,542.57,-112.23,0.0486,0.055,COMMUNICATION,ANOMALY
2026-03-05 01:49:00,SAT-002,23.48,28.19,6.85,87.49,542.04,-65.72,0.0441,0.032,COMMUNICATION,NORMAL
2026-03-05 01:50:00,SAT-003,23.93,28.05,7.0,91.22,539.34,-69.95,0.0553,0.079,POWER,NORMAL
2026-03-05 01:51:00,SAT-004,25.73,28.63,7.32,85.31,557.53,-68.89,0.056,0.127,PAYLOAD,NORMAL
2026-03-05 01:52:00,INSAT-3D,21.56,28.24,7.67,88.8,542.83,-64.77,1.2349,0.697,ATTITUDE,ANOMALY
2026-03-05 01:53:00,GSAT-30,24.65,28.1,7.61,82.57,588.84,-61.26,0.0324,0.037,ATTITUDE,NORMAL
2026-03-05 01:54:00,SAT-001,29.87,28.42,7.14,89.43,556.65,-66.43,0.0454,0.08,PAYLOAD,NORMAL
2026-03-05 01:55:00,SAT-002,27.57,28.73,8.6,87.81,606.38,-69.17,0.0361,0.017,BATTERY,NORMAL
2026-03-05 01:56:00,SAT-003,26.59,28.13,6.56,85.61,240.08,-67.38,0.0242,4.414,ATTITUDE,ANOMALY
2026-03-05 01:57:00,SAT-004,29.14,28.15,5.96,84.18,498.51,-69.58,0.0499,0.119,POWER,NORMAL
2026-03-05 01:58:00,INSAT-3D,24.3,28.31,5.67,80.47,485.26,-68.62,0.048,0.06,COMMUNICATION,NORMAL
2026-03-05 01:59:00,GSAT-30,26.86,27.95,5.57,89.55,545.0,-70.53,0.0576,0.013,ATTITUDE,NORMAL
2026-03-05 02:00:00,SAT-001,35.51,25.93,13.98,29.45,552.43,-69.17,0.0583,0.024,BATTERY,ANOMALY
2026-03-05 02:01:00,SAT-002,32.82,28.06,6.19,84.08,525.85,-68.46,0.0197,0.1,PAYLOAD,NORMAL
2026-03-05 02:02:00,SAT-003,27.93,28.34,6.06,97.23,555.81,-67.41,0.0519,0.077,THERMAL,NORMAL
2026-03-05 02:03:00,SAT-004,25.27,28.28,6.13,93.99,577.37,-66.85,0.0485,0.101,POWER,NORMAL
2026-03-05 02:04:00,INSAT-3D,65.58,27.5,5.95,78.47,526.82,-64.97,0.0519,0.048,THERMAL,ANOMALY
2026-03-05 02:05:00,GSAT-30,25.82,27.85,6.45,83.79,518.38,-67.95,0.0408,0.071,THERMAL,NORMAL
2026-03-05 02:06:00,SAT-001,17.53,27.93,6.48,89.37,528.46,-65.11,0.0444,0.148,COMMUNICATION,NORMAL
2026-03-05 02:07:00,SAT-002,25.47,28.89,5.66,91.01,577.71,-65.36,0.0443,0.067,COMMUNICATION,NORMAL
2026-03-05 02:08:00,SAT-003,26.64,23.04,7.17,82.46,175.14,-68.01,0.0499,0.095,POWER,ANOMALY
2026-03-05 02:09:00,SAT-004,28.86,28.35,6.56,85.45,546.53,-70.49,0.0399,0.091,ATTITUDE,NORMAL
2026-03-05 02:10:00,INSAT-3D,28.92,27.65,6.85,91.26,508.54,-67.97,0.0555,0.048,ATTITUDE,NORMAL
2026-03-05 02:11:00,GSAT-30,31.1,27.7,6.69,84.9,538.7,-64.99,0.0425,0.177,THERMAL,NORMAL
2026-03-05 02:12:00,SAT-001,38.0,26.57,23.04,86.94,532.13,-72.36,0.0408,0.1,POWER,ANOMALY
2026-03-05 02:13:00,SAT-002,26.93,27.66,7.48,91.39,502.48,-66.23,0.0475,0.086,ATTITUDE,NORMAL
2026-03-05 02:14:00,SAT-003,26.01,27.95,7.25,84.13,500.54,-70.63,0.0487,0.109,ATTITUDE,NORMAL
2026-03-05 02:15:00,SAT-004,25.53,28.05,7.62,86.52,528.39,-70.72,0.015,0.082,BATTERY,NORMAL
2026-03-05 02:16:00,INSAT-3D,23.33,28.26,8.87,86.01,535.55,-123.51,0.0584,0.086,COMMUNICATION,ANOMALY
2026-03-05 02:17:00,GSAT-30,26.06,28.48,4.9,83.12,550.44,-70.47,0.0279,0.048,PAYLOAD,NORMAL
2026-03-05 02:18:00,SAT-001,25.67,28.39,5.43,89.29,566.41,-67.03,0.0667,0.059,POWER,NORMAL
2026-03-05 02:19:00,SAT-002,20.42,28.47,7.21,79.52,538.21,-67.68,0.0372,0.056,THERMAL,NORMAL
2026-03-05 02:20:00,SAT-003,26.3,27.99,6.53,79.6,512.49,-68.83,1.4982,0.714,ATTITUDE,ANOMALY
2026-03-05 02:21:00,SAT-004,15.0,28.2,4.52,94.17,610.87,-68.11,0.0657,0.056,BATTERY,NORMAL
2026-03-05 02:22:00,INSAT-3D,26.58,28.25,7.32,87.9,492.38,-71.53,0.0604,0.044,POWER,NORMAL
2026-03-05 02:23:00,GSAT-30,29.91,28.36,6.83,94.44,628.55,-70.8,0.0534,0.094,PAYLOAD,NORMAL
2026-03-05 02:24:00,SAT-001,24.84,28.01,7.82,79.89,219.48,-69.69,0.0272,7.949,ATTITUDE,ANOMALY
2026-03-05 02:25:00,SAT-002,23.4,28.2,6.68,96.88,550.94,-65.98,0.0259,0.047,POWER,NORMAL
2026-03-05 02:26:00,SAT-003,25.21,27.85,6.53,86.41,512.11,-71.28,0.0427,0.088,POWER,NORMAL
2026-03-05 02:27:00,SAT-004,26.05,28.64,6.47,79.82,572.77,-68.56,0.0534,0.122,PAYLOAD,NORMAL
2026-03-05 02:28:00,INSAT-3D,32.0,24.78,12.77,32.98,575.31,-67.37,0.0619,0.031,BATTERY,ANOMALY
2026-03-05 02:29:00,GSAT-30,24.99,28.23,6.43,82.51,560.31,-69.84,0.0424,0.096,ATTITUDE,NORMAL
2026-03-05 02:30:00,SAT-001,22.98,28.36,6.43,88.26,526.28,-65.0,0.0561,0.063,BATTERY,NORMAL
2026-03-05 02:31:00,SAT-002,23.85,28.11,7.04,87.33,600.41,-71.83,0.0409,0.062,PAYLOAD,NORMAL
2026-03-05 02:32:00,SAT-003,75.15,27.5,7.0,77.62,526.37,-67.49,0.0587,0.13,THERMAL,ANOMALY
2026-03-05 02:33:00,SAT-004,28.49,28.06,7.1,98.23,531.67,-69.85,0.0329,0.103,PAYLOAD,NORMAL
2026-03-05 02:34:00,INSAT-3D,23.83,27.96,5.81,82.87,597.0,-69.12,0.0433,0.034,COMMUNICATION,NORMAL
2026-03-05 02:35:00,GSAT-30,18.1,28.06,6.16,91.16,568.32,-64.84,0.0476,0.076,PAYLOAD,NORMAL
2026-03-05 02:36:00,SAT-001,29.43,21.07,7.51,87.62,123.75,-65.27,0.0477,0.088,POWER,ANOMALY
2026-03-05 02:37:00,SAT-002,21.27,27.89,6.22,88.53,550.33,-63.56,0.0604,0.094,PAYLOAD,NORMAL
2026-03-05 02:38:00,SAT-003,28.97,28.11,4.48,83.96,533.57,-60.9,0.0162,0.106,ATTITUDE,NORMAL
2026-03-05 02:39:00,SAT-004,20.33,28.61,5.76,90.81,593.14,-62.52,0.0643,0.057,POWER,NORMAL
2026-03-05 02:40:00,INSAT-3D,41.43,26.52,31.16,82.07,567.94,-69.41,0.0372,0.128,POWER,ANOMALY
2026-03-05 02:41:00,GSAT-30,21.71,28.1,6.04,85.11,537.15,-70.67,0.0441,0.114,COMMUNICATION,NORMAL
2026-03-05 02:42:00,SAT-001,20.07,28.03,5.51,83.61,508.06,-70.94,0.0355,0.058,PAYLOAD,NORMAL
2026-03-05 02:43:00,SAT-002,23.08,28.13,6.31,99.5,629.6,-69.16,0.0628,0.047,COMMUNICATION,NORMAL
2026-03-05 02:44:00,SAT-003,27.2,27.99,6.14,98.3,518.39,-103.05,0.035,0.057,COMMUNICATION,ANOMALY
2026-03-05 02:45:00,SAT-004,21.0,28.25,5.79,91.47,529.28,-68.78,0.0573,0.084,COMMUNICATION,NORMAL
2026-03-05 02:46:00,INSAT-3D,24.82,28.04,5.97,95.7,608.96,-68.66,0.0362,0.079,ATTITUDE,NORMAL
2026-03-05 02:47:00,GSAT-30,24.92,28.03,6.12,88.23,541.4,-67.67,0.0462,0.078,PAYLOAD,NORMAL
2026-03-05 02:48:00,SAT-001,29.41,28.77,5.15,82.22,463.44,-66.51,0.3886,0.683,ATTITUDE,ANOMALY
2026-03-05 02:49:00,SAT-002,24.88,28.54,5.87,84.56,549.83,-71.85,0.0295,0.117,THERMAL,NORMAL
2026-03-05 02:50:00,SAT-003,30.45,28.77,6.72,89.69,539.45,-66.88,0.0491,0.12,BATTERY,NORMAL
2026-03-05 02:51:00,SAT-004,24.13,28.15,5.57,87.41,532.34,-68.46,0.0241,0.077,COMMUNICATION,NORMAL
2026-03-05 02:52:00,INSAT-3D,23.37,28.18,5.62,85.25,234.49,-69.88,0.0479,12.104,ATTITUDE,ANOMALY
2026-03-05 02:53:00,GSAT-30,22.61,28.26,7.12,87.99,519.76,-68.55,0.0528,0.115,THERMAL,NORMAL
2026-03-05 02:54:00,SAT-001,22.2,28.49,7.46,91.57,519.59,-63.72,0.0524,0.09,POWER,NORMAL
2026-03-05 02:55:00,SAT-002,20.86,28.38,6.6,95.6,607.85,-68.58,0.0635,0.089,COMMUNICATION,NORMAL
2026-03-05 02:56:00,SAT-003,35.49,25.32,12.62,46.74,488.37,-66.49,0.0199,0.073,BATTERY,ANOMALY
2026-03-05 02:57:00,SAT-004,20.64,28.09,6.39,88.77,479.13,-69.54,0.0386,0.074,BATTERY,NORMAL
2026-03-05 02:58:00,INSAT-3D,23.41,27.87,5.79,90.51,528.19,-65.6,0.0383,0.035,POWER,NORMAL
2026-03-05 02:59:00,GSAT-30,29.68,28.18,5.98,95.08,593.94,-71.98,0.0376,0.053,THERMAL,NORMAL
2026-03-05 03:00:00,SAT-001,72.89,27.17,6.9,89.08,586.07,-71.3,0.0567,0.073,THERMAL,ANOMALY
2026-03-05 03:01:00,SAT-002,30.37,28.23,6.38,85.44,549.55,-67.95,0.0448,0.13,COMMUNICATION,NORMAL
2026-03-05 03:02:00,SAT-003,24.43,27.86,6.57,94.79,576.94,-64.63,0.022,0.094,BATTERY,NORMAL
2026-03-05 03:03:00,SAT-004,21.58,28.22,5.94,83.1,572.2,-69.27,0.0295,0.089,ATTITUDE,NORMAL
2026-03-05 03:04:00,INSAT-3D,28.44,21.01,7.03,88.21,162.52,-69.39,0.0383,0.08,POWER,ANOMALY
2026-03-05 03:05:00,GSAT-30,19.06,28.08,7.34,91.55,461.43,-70.09,0.032,0.024,THERMAL,NORMAL
2026-03-05 03:06:00,SAT-001,28.43,28.34,7.77,88.12,450.42,-66.85,0.0156,0.066,ATTITUDE,NORMAL
2026-03-05 03:07:00,SAT-002,25.9,28.05,7.58,94.16,542.04,-71.67,0.0539,0.112,POWER,NORMAL
2026-03-05 03:08:00,SAT-003,38.0,26.66,24.15,90.43,525.46,-65.11,0.0373,0.048,POWER,ANOMALY
2026-03-05 03:09:00,SAT-004,28.49,28.15,7.17,82.43,565.6,-67.16,0.0366,0.047,ATTITUDE,NORMAL
2026-03-05 03:10:00,INSAT-3D,20.22,27.8,6.38,89.19,561.43,-65.8,0.0525,0.126,POWER,NORMAL
2026-03-05 03:11:00,GSAT-30,23.72,28.25,6.04,81.29,567.44,-67.16,0.0538,0.081,THERMAL,NORMAL
2026-03-05 03:12:00,SAT-001,27.41,27.84,6.14,87.93,516.24,-109.45,0.0596,0.088,COMMUNICATION,ANOMALY
2026-03-05 03:13:00,SAT-002,16.08,28.29,7.02,79.39,510.27,-65.13,0.0432,0.095,PAYLOAD,NORMAL
2026-03-05 03:14:00,SAT-003,24.15,28.0,6.72,92.67,544.75,-68.54,0.039,0.079,PAYLOAD,NORMAL
2026-03-05 03:15:00,SAT-004,25.37,28.3,5.85,85.29,538.41,-70.27,0.0359,0.026,PAYLOAD,NORMAL
2026-03-05 03:16:00,INSAT-3D,24.43,27.84,5.97,84.25,553.44,-68.79,0.6368,0.668,ATTITUDE,ANOMALY
2026-03-05 03:17:00,GSAT-30,25.31,28.58,5.28,83.74,465.09,-62.07,0.0246,0.085,COMMUNICATION,NORMAL
2026-03-05 03:18:00,SAT-001,22.89,28.55,5.41,78.9,569.65,-72.7,0.0423,0.09,PAYLOAD,NORMAL
2026-03-05 03:19:00,SAT-002,22.58,28.42,6.63,92.82,506.91,-68.9,0.0296,0.055,ATTITUDE,NORMAL
2026-03-05 03:20:00,SAT-003,23.73,28.35,6.83,90.89,208.34,-68.84,0.0761,5.099,ATTITUDE,ANOMALY
2026-03-05 03:21:00,SAT-004,26.13,28.17,6.35,83.44,497.96,-68.15,0.0248,0.106,BATTERY,NORMAL
2026-03-05 03:22:00,INSAT-3D,28.5,28.41,6.73,90.66,555.61,-68.08,0.0662,0.105,ATTITUDE,NORMAL
2026-03-05 03:23:00,GSAT-30,26.43,28.32,6.26,89.64,550.58,-63.91,0.0297,0.05,POWER,NORMAL
2026-03-05 03:24:00,SAT-001,34.73,25.08,12.47,44.85,501.34,-61.82,0.0427,0.045,BATTERY,ANOMALY
2026-03-05 03:25:00,SAT-002,22.32,28.26,6.17,80.0,489.67,-71.2,0.0237,0.066,THERMAL,NORMAL
2026-03-05 03:26:00,SAT-003,22.19,28.3,4.75,95.18,508.29,-68.52,0.0528,0.073,ATTITUDE,NORMAL
2026-03-05 03:27:00,SAT-004,26.09,27.79,7.74,92.2,549.4,-72.15,0.0725,0.098,POWER,NORMAL
2026-03-05 03:28:00,INSAT-3D,67.4,27.5,7.27,85.57,526.46,-74.73,0.0371,0.139,THERMAL,ANOMALY
2026-03-05 03:29:00,GSAT-30,27.66,28.36,5.73,87.07,539.87,-66.2,0.0415,0.069,BATTERY,NORMAL
2026-03-05 03:30:00,SAT-001,23.94,28.16,5.59,93.78,580.92,-67.31,0.0369,0.114,COMMUNICATION,NORMAL
2026-03-05 03:31:00,SAT-002,21.4,28.05,4.46,89.27,551.31,-68.92,0.0331,0.081,THERMAL,NORMAL
2026-03-05 03:32:00,SAT-003,25.43,22.9,6.51,89.51,235.89,-69.74,0.0411,0.068,POWER,ANOMALY
2026-03-05 03:33:00,SAT-004,25.28,28.41,6.51,85.57,599.2,-67.43,0.0365,0.081,PAYLOAD,NORMAL
2026-03-05 03:34:00,INSAT-3D,30.21,28.55,6.26,89.71,549.98,-67.37,0.0405,0.152,THERMAL,NORMAL
2026-03-05 03:35:00,GSAT-30,27.29,28.08,5.15,82.61,478.3,-68.88,0.0479,0.117,POWER,NORMAL
2026-03-05 03:36:00,SAT-001,40.45,26.8,31.0,86.57,524.03,-65.85,0.0388,0.078,POWER,ANOMALY
2026-03-05 03:37:00,SAT-002,21.78,28.33,6.55,87.27,590.29,-63.29,0.0389,0.143,BATTERY,NORMAL
2026-03-05 03:38:00,SAT-003,24.57,27.95,6.02,82.94,540.01,-67.81,0.0476,0.093,BATTERY,NORMAL
2026-03-05 03:39:00,SAT-004,19.86,28.21,6.51,84.54,554.12,-67.17,0.0413,0.068,COMMUNICATION,NORMAL
2026-03-05 03:40:00,INSAT-3D,25.0,27.94,6.78,80.77,506.57,-115.01,0.0426,0.082,COMMUNICATION,ANOMALY
2026-03-05 03:41:00,GSAT-30,30.88,27.75,7.6,89.31,521.35,-68.61,0.0598,0.012,BATTERY,NORMAL
2026-03-05 03:42:00,SAT-001,24.02,28.02,4.79,94.27,468.36,-68.44,0.0343,0.122,COMMUNICATION,NORMAL
2026-03-05 03:43:00,SAT-002,28.49,28.11,8.05,80.97,593.25,-68.58,0.0234,0.154,THERMAL,NORMAL
2026-03-05 03:44:00,SAT-003,27.11,28.13,6.34,90.4,533.25,-61.6,1.5445,0.646,ATTITUDE,ANOMALY
2026-03-05 03:45:00,SAT-004,21.99,27.91,6.86,86.1,588.09,-66.28,0.0427,0.083,BATTERY,NORMAL
2026-03-05 03:46:00,INSAT-3D,26.83,28.34,5.85,87.76,542.78,-70.99,0.0578,0.066,THERMAL,NORMAL
2026-03-05 03:47:00,GSAT-30,28.85,28.32,5.24,88.57,571.27,-68.87,0.0348,0.053,ATTITUDE,NORMAL
2026-03-05 03:48:00,SAT-001,26.97,28.1,6.01,74.51,262.84,-68.94,0.0531,10.306,ATTITUDE,ANOMALY
2026-03-05 03:49:00,SAT-002,23.96,28.27,6.41,84.76,562.53,-69.99,0.031,0.073,PAYLOAD,NORMAL
2026-03-05 03:50:00,SAT-003,23.3,28.56,6.61,87.93,546.85,-70.09,0.0393,0.039,POWER,NORMAL
2026-03-05 03:51:00,SAT-004,25.69,28.88,6.65,92.88,513.19,-63.34,0.0367,0.054,THERMAL,NORMAL
2026-03-05 03:52:00,INSAT-3D,38.94,24.92,12.69,43.29,502.58,-68.71,0.0389,0.07,BATTERY,ANOMALY
2026-03-05 03:53:00,GSAT-30,24.42,28.18,5.7,79.06,536.78,-66.22,0.0319,0.065,ATTITUDE,NORMAL
2026-03-05 03:54:00,SAT-001,23.14,28.57,6.14,93.54,550.37,-66.25,0.0384,0.115,POWER,NORMAL
2026-03-05 03:55:00,SAT-002,29.21,28.52,6.6,91.92,482.93,-64.33,0.0533,0.06,COMMUNICATION,NORMAL
2026-03-05 03:56:00,SAT-003,69.72,27.35,8.2,83.63,508.87,-70.09,0.0259,0.102,THERMAL,ANOMALY
2026-03-05 03:57:00,SAT-004,25.02,27.7,6.99,93.0,541.43,-67.37,0.0278,0.064,COMMUNICATION,NORMAL
2026-03-05 03:58:00,INSAT-3D,20.45,28.3,6.94,82.67,474.75,-68.75,0.0326,0.082,PAYLOAD,NORMAL
2026-03-05 03:59:00,GSAT-30,25.88,28.29,5.69,84.19,571.74,-67.0,0.0483,0.021,THERMAL,NORMAL
