battery_voltage,battery_current,battery_charge,temperature,solar_power,communication_signal,packet_loss,pitch,yaw,roll,payload_temp
29.95,7.61,89.6,22.58,654.97,-80.06,0.13,0.28,-0.26,-0.3,23.61
29.99,7.88,88.4,22.89,653.64,-81.92,0.017,-0.4,-0.26,-0.21,24.37
30.04,8.02,90.3,22.96,666.52,-82.09,0.074,-0.41,0.38,-0.3,23.83
30.18,8.23,89.5,22.54,680.29,-79.69,0.031,-0.9,-0.09,-0.13,24.9
30.01,8.48,90.5,23.07,667.71,-85.05,0.01,0.8,-0.22,0.1,24.3
30.03,8.37,89.4,23.51,672.69,-82.72,0.012,0.29,-0.9,0.44,25.06
30.31,7.8,88.7,23.57,695.78,-80.31,0.03,0.5,-0.3,-0.51,25.07
30.14,8.02,89.2,23.3,692.58,-79.28,0.034,-0.32,-0.21,-0.99,24.7
30.08,8.13,92.8,23.87,685.1,-79.13,0.024,1.1,-1.1,0.45,25.73
30.2,8.01,90.5,24.2,700.07,-84.35,0.089,0.19,-0.19,0.02,26.18
30.25,7.98,92.1,23.69,694.81,-80.86,0.032,0.39,-0.1,0.13,25.27
30.51,7.51,90.4,23.49,699.54,-78.71,0.005,0.19,-0.51,-0.33,25.48
30.46,7.65,91.8,24.95,711.32,-81.41,0.002,0.1,0.09,0.96,25.93
30.52,7.84,92.2,24.59,694.41,-80.08,0.053,0.09,0.68,0.09,26.41
30.51,7.0,94.4,24.47,700.88,-78.93,0.01,-0.47,1.3,-0.2,26.71
30.55,8.08,92.1,24.61,717.02,-79.38,0.113,0.21,-0.14,-0.63,26.24
30.39,7.44,92.0,24.98,716.96,-78.61,0.04,0.2,-0.46,0.64,26.6
30.47,8.01,93.0,25.44,734.59,-79.48,0.01,-0.21,-0.52,-0.67,26.57
30.4,7.94,92.2,24.7,726.66,-78.24,0.091,-0.2,0.27,1.04,26.7
30.52,7.55,93.5,25.23,725.82,-78.08,0.002,0.05,-1.12,0.44,26.81
30.65,7.96,93.3,26.1,758.71,-77.57,0.021,-0.59,0.8,-0.29,26.63
30.61,7.83,92.9,25.95,745.81,-77.53,0.005,0.1,-0.57,0.21,27.68
30.78,7.46,94.1,26.06,752.67,-77.13,0.077,0.6,0.49,-0.49,27.52
30.51,7.37,94.0,26.09,741.57,-79.22,0.001,-0.76,-0.81,0.52,28.24
30.72,7.76,94.6,26.2,754.09,-79.02,0.04,0.69,0.64,-0.43,28.11
30.54,7.45,95.5,26.06,764.25,-77.96,0.059,-0.45,0.28,-0.65,27.77
30.72,7.63,93.9,26.17,755.13,-75.22,0.01,-0.03,-0.06,-0.62,27.61
30.81,6.53,94.2,26.78,773.78,-77.71,0.039,0.53,0.03,0.2,28.96
30.72,7.21,93.6,26.44,767.28,-75.42,0.003,-0.17,-0.16,0.05,27.67
30.83,6.65,95.2,26.85,773.51,-75.62,0.005,0.33,0.19,0.06,28.35
30.66,7.04,94.4,26.93,773.43,-75.5,0.096,-0.55,-1.05,-0.32,28.49
30.59,7.2,95.3,27.77,800.86,-75.52,0.008,0.29,0.18,-0.14,28.49
30.87,7.43,96.1,27.07,784.96,-78.96,0.01,0.44,0.1,0.1,28.53
31.03,6.56,94.7,27.65,777.15,-79.06,0.067,-0.34,-0.68,0.66,28.51
30.71,6.61,95.0,27.61,798.44,-78.64,0.01,0.08,-0.08,-0.17,28.82
30.99,6.67,96.3,27.43,780.36,-75.58,0.022,0.16,0.56,0.2,29.21
30.86,6.33,96.1,27.14,796.87,-77.59,0.011,-0.15,-0.33,0.77,29.46
30.7,6.84,96.1,27.67,777.25,-77.99,0.038,-0.36,0.53,0.31,29.24
30.74,6.45,95.4,28.1,785.49,-77.64,0.107,-0.18,0.14,-0.25,29.34
30.88,6.44,94.6,27.46,802.51,-76.21,0.004,-0.07,0.27,-0.02,29.24
30.84,6.51,95.2,28.27,809.56,-77.9,0.048,0.02,-0.47,0.19,29.82
30.73,6.23,95.1,28.54,805.36,-77.53,0.025,0.18,0.77,-0.83,29.86
30.69,5.93,96.4,28.19,803.82,-77.17,0.023,0.08,-0.13,-0.33,30.08
30.8,6.08,96.2,28.56,803.14,-75.27,0.029,-0.21,-0.28,0.11,29.8
30.92,5.77,95.5,28.37,792.38,-79.07,0.052,-0.24,0.51,0.93,29.73
30.9,5.98,95.6,28.6,800.83,-76.51,0.037,0.36,0.06,0.71,30.16
30.84,6.17,96.4,28.99,804.13,-77.0,0.021,0.14,-0.11,-0.6,30.44
30.92,5.45,95.7,27.99,819.86,-75.5,0.001,0.11,0.66,-0.53,29.95
31.02,5.27,95.5,28.33,813.12,-76.53,0.015,-0.15,0.11,0.88,30.11
30.94,5.67,97.6,29.09,792.29,-77.69,0.069,-0.63,0.29,-0.57,29.93
30.87,5.35,95.5,29.21,813.24,-73.05,0.026,-0.11,-0.04,-0.67,30.0
30.99,5.52,96.5,28.27,806.07,-73.91,0.014,0.07,-0.51,-0.9,30.3
30.76,5.54,96.2,29.35,802.91,-75.82,0.002,-0.43,-0.11,-0.27,30.22
30.84,4.73,94.6,27.94,815.41,-75.27,0.103,1.76,-0.66,0.93,30.91
30.83,5.51,95.3,29.1,819.05,-77.24,0.008,0.59,0.6,0.43,30.63
30.7,4.89,96.4,28.99,817.34,-75.78,0.033,-0.02,-0.47,-0.01,31.15
30.79,5.16,95.6,28.68,798.77,-72.09,0.027,0.32,0.76,0.8,31.18
30.58,4.91,94.4,28.72,803.05,-74.19,0.005,0.06,-0.1,0.94,30.69
31.04,4.88,95.8,28.75,808.28,-77.62,0.007,-0.09,-0.26,-0.26,29.89
30.69,5.49,95.0,28.92,813.4,-75.41,0.084,1.03,0.6,-0.8,30.86
30.97,5.02,95.7,29.69,797.37,-75.89,0.169,0.14,1.06,-0.66,31.16
30.77,5.14,97.4,29.29,798.68,-75.22,0.014,-0.6,0.24,-0.42,30.95
30.82,4.86,95.4,29.5,787.69,-73.33,0.021,0.15,0.32,-0.04,30.82
30.67,4.95,95.5,28.88,784.87,-77.36,0.022,0.06,0.19,0.85,30.57
30.74,4.83,94.7,29.06,802.89,-76.31,0.004,-0.04,-0.23,0.45,30.18
30.77,4.74,93.8,28.59,806.11,-77.7,0.109,0.23,0.36,-0.43,30.87
30.75,4.94,95.4,28.85,789.48,-75.7,0.011,-0.15,-0.23,0.29,30.52
30.75,4.61,94.0,28.73,797.74,-75.87,0.017,-1.13,0.24,0.31,30.68
30.59,5.21,94.1,29.06,788.7,-72.93,0.064,0.33,-0.86,-0.68,30.28
30.55,4.77,95.6,28.61,775.87,-77.35,0.036,-0.3,0.69,-0.25,31.27
30.39,4.11,93.7,28.52,783.04,-74.74,0.011,-0.1,-0.39,-1.0,30.52
30.62,4.36,94.8,28.91,791.79,-80.06,0.002,-0.11,-0.59,0.25,30.21
30.66,4.5,93.9,28.7,772.91,-73.26,0.004,0.35,0.21,-0.15,29.85
30.7,4.36,93.0,28.43,785.65,-76.15,0.015,0.38,0.05,0.01,29.68
30.52,4.53,93.5,28.32,740.42,-76.02,0.018,-0.37,-0.23,0.53,30.42
30.36,4.54,92.5,28.31,771.34,-76.6,0.02,0.37,-0.35,0.58,29.87
30.22,3.87,93.6,28.77,760.38,-75.6,0.002,-0.45,-0.57,0.48,29.84
30.52,4.64,93.7,28.56,752.8,-77.25,0.001,0.93,0.36,0.48,29.72
30.15,4.09,92.5,28.08,752.89,-76.2,0.029,-0.67,0.09,-0.02,29.41
30.3,4.05,93.3,28.01,728.17,-74.44,0.005,0.35,0.5,-0.05,29.64
30.28,4.04,92.2,27.78,741.83,-77.11,0.032,0.1,0.32,0.73,29.69
30.27,4.45,92.5,27.96,743.48,-77.04,0.005,0.46,0.07,-0.2,29.16
30.25,4.12,94.0,28.05,750.49,-77.07,0.024,-0.22,-0.39,-0.75,29.59
30.23,4.0,93.3,27.6,726.24,-75.28,0.01,0.93,0.97,-0.95,28.86
29.89,4.07,91.0,28.58,718.97,-77.01,0.007,-0.2,-0.45,0.47,29.06
30.15,3.67,91.1,27.93,717.6,-77.52,0.007,0.63,0.18,-0.06,29.27
29.85,3.96,89.8,27.6,727.25,-76.66,0.017,-1.32,0.79,0.55,29.0
30.17,3.85,91.1,27.53,716.8,-75.42,0.023,-0.1,0.57,-0.62,28.23
29.98,4.15,90.5,26.9,703.57,-79.05,0.052,0.76,0.32,-0.14,27.64
29.75,4.44,89.3,26.86,709.3,-76.05,0.039,0.14,-0.45,0.14,28.85
29.88,4.43,90.6,27.62,700.38,-76.73,0.007,1.64,1.1,0.93,28.77
29.88,4.66,89.2,27.61,704.3,-76.76,0.017,1.23,-0.15,-0.35,28.54
30.05,4.62,88.8,26.14,682.74,-77.42,0.001,-0.83,-0.71,0.55,28.13
29.9,4.17,89.3,26.95,681.6,-77.49,0.025,1.87,0.24,-0.09,27.98
29.88,4.37,88.3,27.14,676.03,-76.58,0.037,0.52,-0.06,-0.2,27.9
29.95,4.38,88.4,26.41,660.36,-80.06,0.041,0.31,-0.33,0.53,28.03
29.76,3.78,89.6,26.93,672.98,-79.05,0.004,-0.91,-0.74,0.77,27.59
29.83,4.09,87.5,26.53,667.64,-80.47,0.021,0.62,0.77,0.07,27.65
29.79,4.45,88.2,26.28,660.06,-75.33,0.064,0.68,0.65,-1.15,27.87
29.52,4.49,87.0,25.9,652.65,-76.27,0.006,-0.25,-0.97,-0.39,26.8
29.81,4.74,86.4,25.88,635.81,-81.53,0.002,0.91,0.58,-0.28,26.96
29.43,4.77,86.9,25.55,640.73,-77.84,0.009,-0.79,-0.01,0.36,26.54
29.68,4.14,88.8,25.66,636.49,-78.82,0.003,0.03,-0.73,-0.74,26.56
29.35,4.88,87.1,25.5,626.89,-77.72,0.002,0.88,-0.19,0.03,26.52
29.57,4.83,86.6,25.11,628.3,-78.23,0.008,-0.4,0.37,0.06,26.05
29.69,5.02,85.5,24.44,628.98,-79.06,0.014,-0.21,-0.79,0.22,25.59
29.41,5.21,85.4,24.9,638.85,-79.07,0.041,-0.34,-0.14,0.56,25.55
29.37,4.9,84.3,24.47,616.81,-77.57,0.002,-0.21,-0.93,-0.66,26.09
29.44,5.38,86.7,24.28,612.75,-80.11,0.11,-0.06,-0.08,-0.17,25.48
29.3,4.8,85.2,24.28,604.58,-79.92,0.0,-0.21,-0.23,-0.24,25.5
29.53,4.85,84.9,24.66,581.33,-78.51,0.049,1.53,0.62,-0.16,25.44
29.3,5.32,84.7,23.83,595.5,-78.32,0.0,-0.35,0.22,-0.21,25.62
29.21,5.15,86.0,23.76,591.67,-79.3,0.009,-0.13,-0.3,0.05,24.99
29.15,5.4,84.3,24.17,611.05,-80.59,0.081,-0.54,-0.31,0.52,25.03
29.08,5.99,83.7,23.5,579.92,-82.51,0.017,-0.79,0.98,-0.48,24.32
29.08,5.58,85.1,23.22,580.34,-82.58,0.013,0.29,0.03,-0.42,24.55
29.09,5.6,83.4,23.75,572.54,-80.57,0.032,0.93,-0.39,-0.39,24.06
29.05,5.35,81.9,23.27,556.83,-80.15,0.044,1.19,-0.04,0.65,24.24
29.0,5.17,81.8,23.2,575.66,-81.07,0.075,0.44,0.87,-0.2,24.19
29.3,5.73,82.7,22.95,567.55,-82.25,0.073,0.01,0.23,-0.19,23.88
28.9,6.15,82.9,23.03,563.83,-82.62,0.036,0.84,0.65,1.36,23.65
29.02,5.8,83.1,22.98,542.81,-80.71,0.001,-0.05,-0.51,-0.27,23.78
29.05,6.1,81.6,22.55,562.01,-79.05,0.011,0.79,0.11,-0.52,23.35
29.03,6.48,82.0,21.93,530.14,-82.34,0.011,-0.38,-0.34,-0.91,23.2
28.93,6.55,81.3,22.42,546.31,-81.4,0.012,1.0,0.88,0.98,22.8
28.89,6.33,82.7,22.06,558.74,-82.57,0.003,-0.08,0.61,0.58,23.28
28.95,6.33,82.7,22.34,523.43,-80.74,0.001,0.81,0.48,-0.06,22.91
28.91,5.9,83.1,21.59,524.29,-81.97,0.008,1.07,-0.1,-0.37,22.6
28.83,6.24,81.6,21.66,527.69,-80.43,0.026,0.13,0.92,0.3,22.24
28.65,6.42,82.7,21.13,518.51,-81.88,0.0,0.03,-0.17,-0.12,23.45
28.77,6.32,80.5,21.79,505.03,-82.01,0.066,0.83,0.56,0.38,21.18
28.67,6.72,81.1,21.82,518.33,-83.61,0.076,0.45,1.07,-0.68,21.95
28.71,7.3,80.0,21.1,504.26,-83.72,0.029,0.8,0.61,-0.01,21.93
28.78,7.25,81.2,21.09,516.99,-81.91,0.002,0.5,0.21,-0.46,22.37
28.81,6.94,80.9,20.76,500.58,-82.39,0.117,0.22,-0.9,-0.22,21.76
28.97,7.17,78.6,20.68,522.92,-79.85,0.029,0.5,0.71,-0.55,21.84
28.68,6.79,81.3,21.06,497.38,-84.65,0.023,0.12,-0.87,0.27,21.48
28.83,7.51,81.1,20.54,499.92,-81.65,0.019,-0.63,-0.32,-0.57,22.29
28.76,6.67,79.9,20.78,509.35,-83.07,0.004,0.27,0.11,0.81,21.6
28.88,7.48,80.5,20.51,487.13,-84.86,0.048,-0.28,-0.05,0.03,21.09
28.78,7.42,79.0,20.68,500.09,-87.54,0.021,-0.48,0.68,-0.48,21.53
28.59,7.11,79.5,20.19,509.41,-84.61,0.001,-0.16,-1.06,-0.24,21.06
28.5,7.33,81.4,20.62,478.94,-84.54,0.005,-0.7,-0.03,-0.01,21.8
28.74,7.12,79.1,20.81,495.69,-84.67,0.01,-1.86,-0.21,1.14,21.53
28.64,7.19,80.0,19.48,495.42,-82.68,0.074,0.43,-0.16,0.54,21.03
28.58,7.09,78.9,19.97,499.78,-84.84,0.018,-0.34,1.77,-1.38,20.74
28.55,7.85,80.3,19.9,478.89,-83.86,0.085,0.17,-0.03,-0.12,20.51
28.72,8.04,80.5,19.61,477.5,-86.48,0.01,-0.09,-0.3,-0.48,21.05
28.89,7.08,80.6,19.95,495.53,-83.92,0.124,0.61,1.18,-0.89,21.22
28.66,8.32,80.4,20.14,493.05,-86.57,0.093,-0.28,-0.6,1.06,20.47
28.78,7.81,81.2,19.0,492.5,-83.72,0.037,-0.76,0.69,-0.06,20.71
28.71,7.95,79.6,18.92,493.55,-83.39,0.042,0.51,0.21,-0.27,20.69
28.57,7.46,79.3,20.18,483.52,-87.2,0.001,-1.43,0.47,1.02,20.8
28.82,8.34,79.7,19.47,493.04,-82.18,0.008,0.13,-0.34,0.26,20.1
28.61,8.04,79.1,19.55,494.2,-85.85,0.007,0.13,0.03,-0.26,20.56
28.75,8.35,80.3,19.11,484.83,-84.72,0.096,0.39,0.39,0.23,21.25
28.72,8.41,80.2,19.48,511.5,-84.22,0.016,1.45,0.18,0.88,20.37
28.88,8.47,80.8,19.92,498.6,-86.47,0.028,-0.23,0.12,-0.23,20.5
28.66,7.9,79.2,19.6,483.13,-86.61,0.009,0.28,1.1,0.14,20.46
28.85,8.05,80.6,19.48,502.93,-86.29,0.009,0.39,-1.58,0.69,20.52
28.72,7.95,81.6,18.78,488.1,-85.05,0.016,0.06,0.14,-0.39,19.84
28.77,8.42,81.2,19.66,507.35,-84.95,0.011,-0.49,1.05,0.6,21.12
28.41,8.27,79.4,19.41,512.84,-83.82,0.042,-0.93,0.28,0.3,20.36
29.12,8.5,81.0,19.2,494.97,-84.13,0.029,-0.42,-0.52,0.86,20.55
28.95,8.52,80.6,19.64,514.88,-84.22,0.036,-0.83,0.22,-0.97,20.39
28.81,7.68,81.3,19.14,511.59,-84.83,0.023,-0.76,1.28,-0.53,20.75
28.79,8.6,81.1,19.65,518.04,-85.02,0.07,0.03,-0.87,-0.47,20.21
28.89,8.49,82.9,19.91,531.28,-86.89,0.002,-0.79,-0.38,-0.34,19.92
29.06,8.09,81.8,19.57,512.48,-87.18,0.042,0.37,0.08,0.13,20.44
28.77,8.3,82.1,19.4,510.16,-88.73,0.008,-0.67,0.7,1.2,20.72
29.0,8.15,82.0,19.38,511.7,-84.38,0.029,0.5,0.26,-0.59,20.44
29.25,8.36,82.6,19.76,515.45,-86.46,0.078,-0.58,0.97,-0.32,20.36
28.93,8.05,82.2,19.53,525.98,-86.09,0.011,0.41,0.04,0.65,20.83
29.1,8.29,83.2,20.56,533.43,-90.86,0.1,0.12,0.17,0.12,20.39
29.38,8.14,82.4,19.29,536.17,-87.67,0.006,0.34,-0.04,0.93,21.22
29.22,7.97,84.0,19.8,545.18,-85.27,0.093,-0.25,-0.27,-0.11,20.78
29.19,8.13,83.5,20.01,540.65,-86.28,0.001,-0.29,0.35,-0.14,21.18
29.27,8.86,83.2,20.04,558.77,-87.8,0.012,1.05,0.25,0.54,20.6
29.19,7.81,84.2,19.86,545.41,-87.02,0.036,-0.6,0.35,-0.29,21.69
29.42,7.91,84.1,20.57,579.18,-83.91,0.056,-0.48,0.73,-0.4,21.43
29.25,7.75,84.6,20.45,562.26,-87.26,0.005,-1.18,-0.09,0.02,21.58
29.09,7.75,84.3,20.56,551.55,-86.75,0.082,-0.44,-0.06,-0.4,20.92
29.31,8.12,84.2,20.16,553.61,-86.96,0.005,-0.89,0.46,0.07,21.24
29.27,8.05,84.7,20.35,573.43,-86.65,0.061,1.0,-1.15,0.19,21.73
29.39,7.79,84.5,20.76,570.74,-85.17,0.065,0.41,-0.9,0.75,21.33
29.42,8.05,85.9,20.3,584.56,-83.27,0.04,-0.37,0.84,-0.79,21.63
29.63,7.93,86.5,21.03,586.66,-84.78,0.066,0.48,-0.58,1.04,22.3
29.6,7.59,86.0,20.86,585.79,-86.65,0.003,-1.68,0.06,-0.28,21.88
29.58,7.13,86.9,21.38,582.69,-85.21,0.078,-0.66,0.19,1.08,22.39
29.59,7.78,87.0,20.98,580.71,-89.24,0.019,0.44,0.64,-0.21,22.04
29.49,7.53,86.1,21.88,596.15,-87.02,0.011,-0.7,-0.34,-0.11,22.75
29.39,7.42,87.2,21.51,613.99,-88.03,0.0,-0.39,0.4,0.51,22.19
29.7,7.21,85.8,21.67,612.41,-87.82,0.025,0.56,-0.49,-0.83,23.02
29.82,7.52,87.2,21.37,602.7,-85.51,0.002,0.23,-0.36,-0.51,23.78
29.75,7.33,86.4,21.83,621.81,-84.88,0.0,-0.74,-0.28,-0.75,22.85
29.73,7.09,87.5,21.68,628.89,-88.9,0.016,-0.22,-0.22,0.59,22.94
29.88,6.73,86.6,21.46,621.17,-87.14,0.002,-0.37,-0.43,0.25,23.81
29.85,7.35,88.9,22.07,636.55,-87.82,0.056,-0.42,-0.1,0.61,23.53
30.1,7.14,88.0,22.68,640.6,-85.81,0.001,-0.36,0.16,0.05,23.19
30.08,6.96,89.3,22.39,633.61,-85.1,0.025,0.74,0.59,-0.62,23.95
30.08,6.02,88.7,22.45,653.64,-83.33,0.023,-0.48,-0.69,-0.03,24.05
30.09,6.73,87.6,22.59,660.7,-84.89,0.025,0.71,-0.73,-0.13,23.87
29.88,6.6,88.9,23.63,670.94,-84.92,0.004,0.52,-0.57,-0.49,24.01
30.15,6.41,89.1,23.2,675.66,-88.09,0.064,0.58,0.06,0.09,24.79
30.15,6.75,89.8,22.58,656.34,-87.55,0.032,0.32,0.33,0.12,24.2
30.21,6.66,91.2,23.09,665.72,-86.39,0.046,0.32,-0.28,0.13,24.21
30.22,6.51,91.6,23.29,685.2,-82.56,0.056,0.13,0.81,0.31,24.61
30.25,6.61,90.3,23.33,690.11,-86.24,0.068,-0.31,0.25,-0.12,25.43
30.55,5.92,89.7,23.75,695.01,-84.14,0.038,0.95,0.22,0.37,25.14
30.25,6.01,90.4,23.68,733.23,-86.84,0.039,-0.25,0.56,-0.37,25.19
30.41,6.1,91.6,23.85,705.22,-86.18,0.005,-0.06,0.59,0.4,25.55
30.27,5.81,91.4,24.23,715.62,-86.1,0.006,0.4,0.31,0.34,25.93
30.45,6.14,90.4,23.79,718.51,-86.73,0.042,0.28,-0.8,0.74,26.52
30.5,5.69,91.5,23.73,720.12,-84.88,0.007,-0.77,1.47,0.39,26.21
30.46,6.16,93.2,25.07,715.04,-87.76,0.024,-0.11,-0.46,0.25,27.01
30.64,5.42,92.6,25.08,730.29,-88.48,0.01,-0.12,0.92,0.63,26.68
30.36,6.27,92.6,25.06,719.42,-86.04,0.009,0.78,-1.31,-0.05,26.43
30.44,6.17,92.4,25.19,729.14,-84.73,0.018,0.28,-0.28,-0.77,27.06
30.55,5.46,92.6,25.16,730.94,-86.6,0.005,1.06,-0.12,0.4,27.12
30.65,5.76,93.6,26.43,740.81,-81.87,0.056,-0.05,0.65,-0.6,27.49
30.59,5.23,93.4,25.59,767.25,-85.27,0.005,-0.03,0.37,0.47,27.47
30.75,5.58,94.1,26.58,729.45,-85.05,0.045,-0.05,0.4,-0.91,27.38
30.54,5.16,94.1,26.53,758.91,-86.56,0.019,0.27,1.19,0.55,27.29
30.51,4.76,93.9,26.11,739.74,-84.01,0.007,1.65,1.12,1.01,27.69
30.7,4.03,94.3,26.02,754.86,-83.3,0.013,0.06,0.6,0.13,27.19
30.68,4.94,93.7,26.23,774.08,-84.43,0.017,-0.53,-0.29,-0.3,27.86
30.77,5.05,94.3,26.22,767.33,-84.15,0.01,0.2,-0.04,-0.02,27.6
30.72,5.3,95.6,26.66,759.29,-84.14,0.05,-0.4,-0.65,0.34,28.4
30.7,4.86,94.7,26.86,766.18,-85.74,0.013,-0.33,0.49,0.28,28.68
30.75,5.09,94.6,26.33,783.27,-82.11,0.02,0.12,-0.47,-0.53,28.61
30.78,4.61,95.1,27.8,772.18,-84.62,0.001,1.09,-0.2,0.81,28.55
30.76,4.59,94.1,26.73,784.54,-81.44,0.008,-0.17,-0.17,-0.44,28.63
30.78,4.96,95.3,26.19,785.59,-85.71,0.003,0.18,0.16,-0.51,29.35
30.77,3.86,96.6,27.22,781.24,-82.42,0.072,-0.01,-0.13,-0.34,29.39
30.94,4.56,94.7,26.96,811.69,-83.37,0.059,0.4,-0.21,0.14,28.69
30.87,4.39,95.7,27.45,798.94,-83.38,0.01,-1.37,-0.04,0.12,29.33
31.13,4.88,95.5,27.61,774.55,-84.28,0.02,-0.17,0.45,-0.12,29.47
30.88,4.28,95.6,27.84,798.74,-82.26,0.012,-0.08,0.69,0.31,29.37
30.81,4.56,95.6,28.14,792.18,-82.33,0.045,0.15,0.07,-0.13,29.01
31.2,4.65,96.3,27.53,809.09,-80.32,0.008,0.46,-0.0,-0.08,28.83
30.93,3.89,94.9,27.85,794.27,-81.86,0.05,0.82,-0.03,-0.23,29.82
31.01,4.27,96.4,28.31,802.52,-83.34,0.006,0.06,-1.26,0.13,29.17
30.97,4.16,96.0,27.93,810.04,-83.24,0.01,0.92,0.22,-0.38,29.72
30.97,4.55,94.5,27.59,814.82,-81.97,0.066,0.48,-1.23,-0.14,30.29
30.96,4.45,96.3,28.54,795.18,-80.1,0.01,0.69,0.21,0.22,30.26
30.77,4.17,96.1,28.2,804.7,-81.61,0.073,0.26,1.03,0.72,29.93
30.94,3.91,95.3,28.25,804.0,-80.52,0.004,0.2,-0.54,-1.13,30.6
30.74,4.52,96.1,28.58,802.76,-81.47,0.03,0.83,-0.7,0.02,30.51
30.87,4.19,94.9,28.6,827.34,-84.59,0.01,0.27,0.08,0.03,30.17
30.81,3.72,95.4,29.01,813.97,-80.95,0.012,0.32,-0.8,-0.51,31.03
30.93,3.74,96.0,28.27,797.39,-81.79,0.054,-0.55,-0.57,-0.4,30.66
30.92,4.33,94.6,29.55,819.1,-79.52,0.026,0.0,0.91,-0.6,30.2
30.93,3.82,95.0,28.31,830.9,-78.74,0.007,-0.19,-0.01,0.54,29.73
30.9,4.77,95.0,28.71,819.61,-78.38,0.087,0.57,-0.95,-0.89,30.68
30.79,3.94,95.9,28.58,793.53,-81.2,0.016,0.33,0.68,-0.55,30.42
30.82,4.24,96.1,28.93,803.17,-81.52,0.063,0.38,-0.39,-0.43,30.66
30.95,4.3,95.0,28.94,819.82,-81.15,0.073,-0.14,0.81,-0.37,30.57
30.95,4.05,94.8,29.02,799.05,-80.71,0.016,-0.25,-0.51,-0.08,29.8
30.67,3.62,95.6,29.07,809.39,-80.15,0.016,0.18,0.61,-0.33,30.58
30.61,4.37,95.5,29.45,811.37,-81.65,0.024,0.73,1.22,-0.09,30.26
30.7,4.11,94.8,29.05,792.87,-80.1,0.03,-0.54,0.19,-0.64,30.5
30.89,4.41,96.7,29.49,799.92,-83.05,0.002,-0.28,0.52,-0.86,30.46
30.9,4.37,95.3,28.39,766.32,-76.64,0.002,1.18,-0.03,0.06,30.71
30.62,4.52,94.8,28.23,786.56,-80.08,0.009,-0.62,0.42,0.54,30.79
30.75,4.94,94.6,29.02,792.21,-80.24,0.017,0.69,0.88,0.0,30.83
30.91,4.35,95.5,29.08,780.04,-78.66,0.032,-1.0,-0.87,-0.09,29.66
30.72,4.41,95.0,28.76,806.49,-78.09,0.007,-0.36,-0.78,-0.08,31.16
30.82,4.1,93.1,28.91,773.37,-82.26,0.011,0.49,-1.49,-0.24,29.9
30.75,4.59,93.7,29.26,780.64,-80.12,0.016,-0.3,0.79,0.63,30.51
30.5,4.82,93.8,29.09,783.59,-76.84,0.01,-0.22,-0.54,0.7,30.14
30.56,4.6,94.0,28.7,793.8,-77.54,0.015,-1.02,0.51,0.59,30.54
30.56,4.92,94.3,28.84,762.01,-80.48,0.004,-0.55,1.27,0.81,29.63
30.55,4.8,92.8,28.99,784.86,-76.83,0.0,-0.93,1.22,0.31,30.93
30.62,4.52,93.4,28.24,770.06,-77.36,0.007,-0.77,-0.42,0.12,30.1
30.53,5.06,94.6,28.33,756.76,-79.59,0.01,0.44,0.14,-0.14,30.37
30.1,4.96,93.1,28.87,767.69,-78.27,0.047,-0.78,0.22,0.08,29.78
30.27,5.12,92.3,27.88,761.45,-80.71,0.042,0.17,0.52,0.04,30.68
30.13,4.98,91.6,28.03,749.74,-76.83,0.039,-0.07,-0.74,0.66,29.39
30.39,5.02,92.1,27.92,752.61,-75.63,0.097,-0.65,1.15,0.28,28.8
30.37,5.33,91.4,28.58,744.14,-78.35,0.016,-0.71,0.26,0.78,30.3
30.34,5.28,91.7,27.8,745.1,-77.74,0.003,0.35,1.68,-0.46,29.19
30.16,5.94,92.2,28.37,746.48,-77.0,0.051,0.4,-0.12,1.03,29.53
30.32,5.73,91.6,27.88,751.51,-77.88,0.026,0.71,0.37,-0.12,30.08
30.3,5.72,91.0,28.53,718.99,-80.54,0.25,-0.1,0.23,0.83,29.19
30.03,5.58,89.7,27.86,748.33,-75.73,0.012,-0.28,-0.34,-0.17,29.34
29.97,5.1,91.6,28.09,703.03,-75.45,0.062,-1.1,-0.54,0.26,29.45
30.11,5.54,90.4,27.77,716.52,-76.15,0.059,-0.01,0.04,-0.07,29.02
30.3,5.66,90.5,27.34,719.34,-74.99,0.123,-0.84,-1.06,0.14,29.4
30.25,5.84,89.5,27.38,711.62,-77.21,0.124,-0.34,-0.19,0.19,29.04
30.08,5.99,89.6,27.28,697.88,-76.27,0.144,-0.2,0.7,-0.12,28.27
29.89,6.27,89.2,26.99,697.27,-77.91,0.074,-0.62,-0.43,-0.47,28.79
30.05,6.23,88.4,27.35,689.61,-78.1,0.009,0.83,-0.61,0.3,28.35
29.86,6.57,88.5,27.79,683.8,-78.67,0.017,1.49,-0.42,0.56,28.21
29.78,6.21,88.9,26.83,693.3,-76.13,0.106,0.88,-0.29,-0.22,28.21
29.58,6.45,88.9,26.91,683.45,-76.45,0.015,0.85,-0.4,-0.17,28.31
29.82,6.56,87.9,26.71,668.0,-74.87,0.075,0.29,-1.51,0.48,27.41
29.7,6.6,87.2,25.48,678.95,-79.08,0.042,0.57,0.72,0.08,28.17
29.75,6.99,87.7,26.43,668.03,-76.02,0.06,0.48,1.03,0.05,27.99
29.43,6.92,88.3,26.28,668.08,-73.77,0.042,-0.25,-0.74,1.07,27.09
29.69,6.35,86.7,25.55,661.22,-76.14,0.014,0.74,-0.28,-0.82,27.89
29.34,6.79,87.2,25.22,641.61,-74.92,0.01,-0.34,0.37,-0.4,26.96
29.73,6.89,86.4,25.85,639.27,-72.71,0.036,0.71,0.85,0.29,27.1
29.63,7.61,87.6,26.13,647.33,-74.14,0.003,0.52,-0.76,-0.21,26.53
29.5,6.93,86.0,25.28,640.95,-78.29,0.006,-0.11,-0.34,-0.33,26.89
29.57,6.8,86.7,25.15,629.64,-76.59,0.001,-0.69,0.65,-1.02,26.22
29.35,7.3,86.8,25.93,626.04,-75.56,0.01,0.48,0.72,-0.49,26.3
29.44,7.38,87.0,25.28,632.69,-76.17,0.011,-0.56,-1.15,-0.42,25.03
29.5,7.27,84.4,24.39,609.08,-74.08,0.067,0.27,-0.38,-0.12,25.72
29.0,7.29,84.1,24.42,615.58,-76.06,0.043,0.21,0.12,0.33,25.52
29.28,7.7,85.9,25.28,603.24,-76.13,0.035,0.08,0.23,0.15,24.83
29.3,7.22,85.6,24.14,598.28,-74.38,0.048,0.16,-0.35,0.66,25.73
29.25,7.43,84.1,24.03,606.69,-78.12,0.03,-0.15,-0.52,-0.11,25.11
29.42,7.43,81.7,24.3,599.26,-75.27,0.009,-0.52,-0.16,0.25,24.37
29.08,7.97,84.2,23.82,594.5,-76.95,0.095,0.33,0.25,-0.08,25.17
29.11,7.78,82.7,23.92,594.83,-74.84,0.004,1.2,-1.04,-0.54,25.21
28.93,7.42,83.0,23.72,577.48,-76.56,0.003,0.61,-0.96,0.55,24.56
29.31,7.5,83.6,23.42,579.65,-75.25,0.008,0.42,0.19,-0.48,23.85
29.07,8.4,83.5,23.74,565.36,-76.85,0.058,-0.27,0.09,0.45,23.54
29.03,8.2,84.3,22.72,567.42,-79.02,0.018,1.68,-0.13,-0.02,23.64
29.05,8.17,82.6,23.06,558.68,-75.53,0.015,0.33,0.32,0.28,23.64
29.1,7.96,81.9,22.68,556.84,-78.05,0.01,0.19,0.33,-0.12,24.5
29.04,8.44,83.2,23.31,557.8,-73.88,0.096,0.48,-0.11,0.23,23.58
29.3,7.69,82.6,22.53,539.75,-75.31,0.044,-0.6,-0.12,0.51,23.01
29.01,8.28,81.8,23.12,565.03,-75.1,0.005,0.14,-0.4,0.01,23.12
28.88,7.95,82.0,22.16,530.33,-76.65,0.013,0.51,-0.19,0.42,23.64
28.85,8.03,81.5,22.21,524.64,-76.3,0.013,0.05,0.06,-0.03,23.29
28.85,8.34,82.2,22.42,544.87,-79.86,0.008,-0.92,0.17,1.11,22.95
28.69,8.1,82.8,21.57,537.83,-75.77,0.004,0.46,-1.27,-0.18,22.72
28.86,8.03,80.8,22.3,532.89,-78.13,0.055,-0.15,-0.16,-0.12,22.65
28.93,8.03,81.6,21.65,529.79,-75.99,0.022,0.74,0.25,0.28,22.58
28.75,7.59,79.9,21.66,520.37,-78.17,0.013,-0.02,-0.16,0.22,22.3
28.71,8.42,80.1,21.58,508.63,-75.66,0.002,-0.5,0.91,-0.23,22.29
28.98,7.9,81.3,21.25,515.61,-76.38,0.009,0.12,-0.16,0.03,22.01
28.61,8.76,80.7,20.87,505.45,-78.69,0.039,0.07,-0.0,0.08,21.66
28.52,8.11,79.8,21.07,519.49,-74.76,0.068,0.57,0.4,0.74,21.78
28.62,8.59,80.5,20.22,505.92,-77.15,0.067,0.28,-0.2,-0.48,21.9
28.56,7.65,81.2,20.36,496.92,-78.26,0.011,-0.44,1.4,0.26,21.37
28.78,8.4,79.2,20.66,499.9,-75.46,0.037,0.34,-0.18,0.53,21.72
28.68,8.47,81.7,21.15,505.32,-77.92,0.005,0.55,-0.95,-0.18,21.78
28.69,8.55,80.7,21.04,493.78,-77.43,0.01,-0.47,-0.81,0.77,21.48
28.85,7.68,80.7,20.76,489.57,-74.97,0.022,0.12,-0.15,-0.35,21.02
28.63,7.91,80.1,19.79,498.76,-76.76,0.045,-0.64,0.17,0.62,21.19
28.8,8.27,81.5,20.35,497.45,-76.52,0.072,0.87,-0.45,0.98,21.13
28.88,8.11,80.8,19.86,488.76,-77.71,0.086,0.61,0.75,0.97,21.06
28.65,8.13,79.7,20.05,488.1,-78.63,0.005,-0.26,0.49,-0.08,21.5
28.79,7.9,80.6,20.34,494.27,-78.23,0.017,-0.3,0.17,0.01,20.37
28.67,8.44,79.4,20.16,476.77,-81.38,0.034,-0.03,0.43,-0.17,20.85
28.81,8.72,79.8,20.31,476.62,-76.94,0.042,-0.03,0.69,0.32,20.54
28.52,7.93,81.2,19.31,483.12,-77.16,0.021,-0.12,-0.32,0.35,20.14
28.51,8.0,80.3,19.39,487.94,-80.39,0.002,-0.03,0.03,-0.07,20.08
28.67,7.83,80.6,20.22,493.11,-77.7,0.048,-0.64,-0.71,0.6,20.88
28.61,8.16,81.0,20.17,504.84,-82.87,0.059,-0.66,1.35,-0.01,19.92
28.66,7.97,80.5,19.59,498.9,-75.29,0.066,-0.63,-0.31,0.33,20.56
28.71,7.35,79.5,19.55,489.12,-79.47,0.063,0.13,-1.2,-0.12,20.46
28.83,7.44,81.5,19.93,491.09,-79.51,0.042,0.65,-0.25,-0.03,20.03
28.7,7.27,80.7,19.67,481.96,-77.74,0.016,1.31,-0.27,-0.51,20.69
28.66,8.32,80.8,19.67,492.67,-78.28,0.006,0.96,0.43,0.1,19.86
28.73,7.64,80.5,19.12,490.99,-81.39,0.004,-0.48,0.39,0.47,20.1
28.7,7.22,81.4,19.83,498.28,-79.15,0.037,0.72,0.5,1.1,19.87
28.69,7.13,82.1,19.34,488.11,-78.71,0.045,0.09,-0.07,-0.59,20.61
28.62,7.51,80.4,18.92,503.06,-80.73,0.032,0.34,0.26,-0.74,20.77
28.84,7.48,81.6,19.13,514.83,-78.42,0.026,0.97,-1.33,0.16,20.41
28.78,7.38,80.9,19.19,500.19,-81.65,0.027,0.77,-0.19,-0.31,21.33
28.98,6.94,79.4,19.93,507.22,-78.97,0.002,-0.36,0.98,0.64,20.51
28.71,7.1,80.0,19.18,512.18,-82.24,0.01,-0.18,0.99,-0.11,20.6
28.84,6.97,81.6,19.57,503.48,-80.77,0.006,-0.05,-0.46,-0.19,20.78
29.14,6.58,82.2,18.72,512.09,-82.71,0.018,0.11,-0.05,-0.08,20.14
28.84,6.51,82.0,19.81,512.47,-79.2,0.002,0.25,-0.15,0.38,20.61
28.94,6.84,82.3,19.23,515.95,-78.67,0.012,0.91,-0.88,-0.09,20.1
28.85,6.71,83.9,19.68,510.01,-78.12,0.063,-0.07,0.09,-0.26,20.0
28.86,6.74,82.5,19.72,520.88,-81.43,0.003,-0.22,-0.29,-0.49,21.02
29.23,6.74,82.0,19.85,528.63,-82.11,0.025,0.11,-0.69,0.32,20.29
29.09,6.87,82.3,19.79,541.31,-79.57,0.009,-0.33,-0.96,0.35,20.77
29.11,6.12,83.9,20.4,539.66,-81.14,0.014,0.92,0.55,-0.39,21.41
28.92,6.46,81.7,19.86,554.98,-82.32,0.011,-0.67,-1.0,-0.45,20.1
29.19,6.42,83.9,20.64,529.28,-82.48,0.002,-1.25,0.32,0.14,21.16
29.31,6.03,83.2,20.14,549.29,-81.6,0.002,-0.51,0.53,0.31,20.97
29.34,6.08,82.7,20.08,546.12,-79.95,0.019,-1.25,-0.33,-0.16,21.04
29.31,5.89,82.4,20.37,570.01,-83.5,0.056,0.2,0.31,-0.58,21.18
29.13,6.53,84.9,20.21,543.95,-80.08,0.081,-0.76,-0.96,-0.11,21.25
29.33,5.85,83.3,20.38,547.66,-82.46,0.008,1.25,0.43,-0.26,21.55
29.41,5.89,84.2,20.43,554.18,-80.5,0.068,0.13,0.4,0.15,21.02
29.14,5.6,83.6,20.48,543.14,-82.78,0.001,-0.19,0.08,-0.72,21.74
29.25,5.46,86.2,21.23,563.41,-81.34,0.055,-0.73,0.26,0.22,21.2
29.53,5.14,84.9,21.38,565.44,-83.98,0.024,0.12,0.04,-0.25,22.6
29.56,5.79,84.0,20.8,578.98,-82.24,0.003,1.06,-0.74,0.11,21.84
29.3,5.62,85.0,21.23,585.41,-82.03,0.002,-1.14,0.19,0.47,22.07
29.62,5.23,86.7,21.32,605.34,-85.93,0.005,0.48,0.17,-0.75,22.83
29.56,4.99,85.0,21.4,600.73,-80.81,0.001,-0.5,0.3,0.56,21.94
29.68,5.25,85.8,21.32,590.16,-85.58,0.037,0.69,-0.03,0.04,22.37
29.54,4.98,87.3,21.48,591.7,-81.9,0.029,-0.46,-0.11,-0.06,21.94
29.73,5.0,86.8,21.56,610.41,-84.4,0.055,0.91,0.39,-0.13,22.25
29.79,4.62,85.8,21.24,597.13,-82.63,0.02,0.36,-1.95,0.73,22.21
29.68,5.01,87.2,21.59,633.54,-83.27,0.026,-0.61,0.48,-0.18,23.24
29.76,4.96,87.2,21.32,631.94,-84.55,0.005,-0.57,-0.28,-0.02,23.29
29.72,5.16,87.6,22.07,620.41,-85.48,0.022,-0.13,0.01,-0.27,23.03
30.03,4.73,88.6,22.16,612.95,-84.64,0.011,-0.63,-0.6,0.01,23.15
29.85,4.62,88.2,22.39,648.61,-85.11,0.018,-0.96,0.62,0.09,23.89
29.79,4.21,88.2,22.01,638.94,-83.96,0.054,0.74,0.54,0.2,23.66
29.85,4.96,88.4,22.75,657.49,-84.49,0.033,-1.16,0.09,0.19,23.47
29.98,4.85,89.7,22.72,634.19,-85.93,0.002,0.97,-0.64,-0.48,24.4
30.09,4.55,88.5,23.48,649.17,-86.69,0.096,-0.25,-0.63,-0.98,24.07
29.87,4.1,87.6,23.13,660.23,-85.58,0.009,0.27,-0.1,0.06,24.55
30.29,4.09,89.4,22.78,665.66,-85.18,0.018,1.38,-0.85,0.9,24.47
30.14,4.26,90.1,22.66,665.69,-86.3,0.019,0.41,0.5,-0.15,25.43
30.19,4.68,89.7,23.36,681.39,-84.7,0.031,-0.39,0.07,-0.43,24.68
30.15,4.45,89.9,23.07,669.44,-85.7,0.056,1.07,-0.22,-0.84,24.12
30.2,3.88,90.2,23.32,683.61,-83.99,0.01,-1.11,-0.38,-0.68,25.0
30.21,4.43,90.7,23.39,691.13,-85.0,0.01,0.13,0.16,0.2,25.36
30.38,4.03,90.0,23.68,699.91,-84.76,0.008,0.77,-0.09,-0.88,25.6
30.29,4.11,91.8,24.54,706.69,-86.6,0.043,-0.28,0.12,0.44,25.9
30.42,4.54,89.3,23.84,693.08,-83.9,0.03,-0.63,-0.72,-0.79,25.51
30.3,4.46,92.1,24.19,693.69,-85.53,0.007,-0.75,-0.66,0.68,26.53
30.41,4.55,92.2,23.98,726.45,-84.02,0.018,-0.06,1.15,0.74,26.45
30.32,4.2,92.5,24.04,721.57,-84.76,0.016,-1.2,0.6,-0.57,26.28
30.59,4.47,90.8,24.69,715.28,-86.45,0.023,-1.15,-0.26,-0.81,26.11
30.37,4.02,92.8,25.01,742.71,-87.13,0.052,-0.39,-0.53,0.32,27.32
30.46,4.12,92.3,24.68,732.72,-86.13,0.067,-0.27,-0.5,0.36,27.0
30.48,4.1,94.2,24.7,747.64,-86.78,0.007,0.19,-0.36,-0.04,26.67
30.51,4.22,93.4,24.72,740.72,-87.47,0.028,-0.2,-0.32,0.22,27.59
30.66,3.83,92.4,25.57,764.77,-88.07,0.049,-0.41,0.27,-0.15,27.27
30.56,4.16,92.2,25.99,765.73,-83.65,0.004,0.75,1.2,-0.67,27.94
30.79,4.68,93.2,25.31,749.61,-88.62,0.013,0.21,1.28,0.24,27.15
30.54,3.93,94.5,25.72,765.63,-89.53,0.005,1.11,1.22,0.3,27.56
30.69,3.88,95.0,26.47,766.08,-86.11,0.014,-0.01,-0.53,-0.31,28.34
30.59,3.92,94.3,26.15,776.92,-87.82,0.001,-0.99,0.56,-0.57,27.66
30.76,5.12,94.4,26.33,757.08,-87.22,0.02,-0.42,0.2,-0.04,27.97
30.72,4.49,94.2,26.63,776.97,-88.87,0.17,-0.72,-0.04,-0.51,27.12
30.72,4.3,94.6,26.47,783.96,-86.23,0.062,0.08,0.12,-0.86,28.52
30.9,4.43,95.8,26.49,758.93,-86.45,0.021,0.1,0.42,0.06,28.95
30.7,4.52,94.6,26.99,767.69,-85.48,0.027,-0.74,0.27,0.02,28.25
30.86,4.29,95.6,26.52,762.02,-86.1,0.044,-0.14,0.17,0.38,28.93
30.71,4.37,94.7,26.56,782.48,-87.38,0.008,0.26,0.25,0.14,28.66
30.83,4.52,96.1,27.0,794.97,-89.38,0.024,-0.6,0.03,1.18,28.39
30.69,4.4,95.8,27.61,805.3,-88.18,0.02,1.94,-0.45,0.36,28.99
30.76,4.54,96.2,27.88,793.37,-88.26,0.015,-0.3,-0.32,0.1,29.0
30.84,4.82,97.1,27.42,811.12,-88.65,0.018,-0.12,-1.54,0.12,29.39
31.08,4.46,93.6,27.98,783.1,-85.06,0.044,-0.41,0.55,0.09,29.33
30.88,5.6,96.3,28.27,781.78,-84.91,0.014,-0.84,-0.55,-0.51,30.09
31.08,5.1,96.1,27.9,800.04,-87.77,0.076,-0.47,-0.03,-0.06,29.43
30.91,4.55,96.2,28.21,806.06,-85.78,0.068,-0.33,0.03,0.28,29.7
30.84,4.24,96.1,28.73,803.36,-86.59,0.109,0.23,0.28,0.94,29.94
31.08,4.84,96.1,27.91,784.34,-87.84,0.002,0.06,0.27,0.25,29.91
30.95,5.31,96.2,28.16,805.29,-86.8,0.028,-0.73,0.51,-0.47,29.8
30.82,5.32,96.7,28.88,794.15,-89.87,0.007,0.27,-0.2,-0.14,30.11
30.96,5.21,96.6,28.07,814.75,-89.26,0.003,0.05,-0.74,0.55,30.38
30.86,5.12,96.0,28.52,812.42,-86.24,0.022,0.73,-0.0,-0.59,30.6
30.66,5.1,95.8,28.32,799.91,-85.43,0.081,1.21,-0.35,-0.16,29.46
31.01,5.32,96.0,29.08,804.55,-85.45,0.01,0.39,0.37,-0.19,30.57
31.02,5.21,95.7,28.24,799.33,-88.35,0.015,0.42,0.22,0.6,30.15
31.11,5.46,97.4,28.69,809.37,-85.41,0.034,-0.46,-0.65,-0.29,30.93
30.93,6.06,94.9,28.39,819.47,-85.69,0.062,-0.08,0.26,0.56,30.89
30.85,5.5,96.5,28.29,799.82,-85.95,0.003,-1.49,-0.59,-0.11,30.93
30.97,5.99,96.4,28.18,814.32,-86.8,0.027,-0.29,-0.24,-0.06,30.36
30.96,6.11,95.4,28.82,803.42,-87.32,0.008,0.3,-0.09,0.14,30.06
31.04,5.63,96.0,29.08,800.08,-85.37,0.045,0.96,-1.13,-0.11,31.16
30.83,5.77,96.7,28.94,806.07,-85.22,0.009,-0.15,0.75,0.34,31.14
30.81,6.42,95.3,29.04,795.76,-86.66,0.039,-0.17,-0.41,-1.0,29.88
30.73,5.9,96.6,28.83,799.4,-85.64,0.038,-0.26,-0.59,-0.65,31.24
30.86,6.24,96.3,29.33,791.63,-85.52,0.112,-0.55,-0.12,-0.04,30.84
30.6,6.94,94.8,29.25,821.77,-86.3,0.02,-0.58,-0.56,0.3,30.75
30.86,6.7,94.3,29.04,800.84,-87.11,0.005,-0.53,1.52,0.27,30.37
30.82,6.5,95.2,29.07,791.71,-85.88,0.047,0.75,0.35,0.31,31.09
30.8,6.8,94.0,28.83,798.92,-84.61,0.041,-0.12,-0.87,-0.42,30.48
30.73,6.61,92.5,29.66,793.58,-87.12,0.057,-0.68,0.52,-0.62,30.46
30.88,7.01,94.3,29.25,790.28,-84.0,0.025,-0.62,-0.81,-0.0,29.77
30.78,6.16,96.3,28.91,796.28,-86.75,0.032,-1.16,0.15,-0.43,30.29
30.58,6.8,94.1,28.86,795.21,-82.83,0.099,-0.22,0.77,0.43,30.16
30.56,6.29,94.6,28.75,779.7,-84.26,0.0,-0.39,-0.17,-0.52,29.69
30.5,7.03,94.7,28.75,776.49,-86.02,0.033,0.1,-0.68,-0.62,31.09
30.65,6.98,93.9,28.9,776.6,-87.29,0.019,0.45,-0.09,0.47,30.37
30.44,7.53,93.5,28.17,753.31,-85.98,0.016,-0.48,-0.67,0.08,29.8
30.66,7.4,94.6,28.63,758.03,-85.51,0.011,-0.14,-1.37,-0.07,29.92
30.67,7.09,93.5,28.62,783.58,-85.44,0.039,0.63,0.58,0.46,30.01
30.37,7.19,93.2,28.61,782.98,-85.85,0.004,-0.42,0.28,-0.65,29.93
30.43,7.49,93.7,28.61,760.53,-84.68,0.008,-0.75,-0.61,-0.26,30.42
30.43,7.27,92.0,28.5,765.18,-84.75,0.012,0.25,0.42,0.35,29.91
30.5,7.49,91.6,28.56,758.8,-85.68,0.007,0.68,-0.01,0.4,29.97
30.56,7.95,91.2,28.29,782.65,-82.8,0.005,0.65,-0.43,0.04,29.74
30.13,7.36,92.7,28.61,759.13,-82.58,0.02,-0.42,0.24,-0.58,30.22
30.27,7.53,91.9,28.41,742.64,-84.12,0.004,-0.65,-0.22,0.42,30.21
30.24,7.62,92.5,28.88,730.24,-82.6,0.011,-0.15,-1.06,-0.5,29.51
30.07,8.71,91.6,28.25,719.53,-82.94,0.071,0.02,1.19,-0.42,29.08
30.15,7.99,90.3,27.65,733.34,-84.68,0.024,-0.01,1.04,-0.08,29.3
30.23,8.19,90.8,27.76,719.37,-83.0,0.022,-0.35,0.63,-0.69,27.99
30.11,8.12,91.6,27.53,708.27,-84.84,0.05,0.7,-0.08,-1.41,29.25
29.93,8.18,90.4,27.61,711.51,-84.8,0.035,0.8,0.81,0.44,28.46
30.42,8.11,91.4,27.88,702.58,-82.35,0.014,-0.82,-0.32,-0.13,28.79
30.08,8.11,89.8,27.27,725.62,-82.36,0.004,-0.58,-0.79,-0.26,28.94
30.03,7.6,90.5,27.07,712.86,-82.32,0.042,-0.14,-0.56,-0.42,28.4
29.85,8.17,88.3,27.34,699.21,-82.65,0.004,-0.07,0.79,0.83,28.32
29.98,8.05,89.3,26.75,709.28,-85.3,0.011,0.29,-0.69,-0.6,28.46
29.89,8.27,88.9,26.61,690.4,-84.84,0.045,-0.23,-0.73,0.6,28.0
29.65,8.11,87.8,26.92,676.13,-81.9,0.037,-0.13,-0.28,-0.21,28.45
29.71,8.38,89.6,26.03,695.05,-81.22,0.056,-1.41,-0.69,0.38,28.24
29.9,8.45,87.9,26.36,680.25,-83.25,0.028,0.73,0.14,0.39,28.02
30.01,7.3,87.6,26.69,659.52,-79.5,0.029,-1.08,0.89,-0.18,27.39
29.78,8.06,89.0,25.62,662.99,-82.87,0.021,-1.07,1.22,-0.0,27.72
29.84,7.64,87.8,25.5,651.12,-79.99,0.011,-0.96,0.11,-0.68,27.04
29.65,8.27,88.1,25.48,641.03,-84.12,0.02,-0.53,0.11,0.02,27.15
29.62,8.11,85.8,24.89,659.09,-82.75,0.004,0.61,-0.05,0.63,25.98
29.73,8.61,86.3,26.36,663.9,-80.84,0.154,0.61,-0.03,-0.1,27.34
29.77,8.26,88.4,25.6,625.8,-81.69,0.013,-0.33,-0.34,-0.04,27.41
29.69,8.04,87.1,25.17,640.4,-79.84,0.058,-0.91,-0.72,0.39,26.65
29.37,8.46,85.3,24.81,623.27,-80.55,0.073,0.2,1.19,-0.25,25.76
29.46,8.07,86.1,25.89,619.93,-78.64,0.001,-0.2,-0.54,0.07,26.15
29.47,8.0,84.9,25.2,613.93,-81.42,0.027,0.5,0.87,0.69,26.1
29.37,8.25,86.6,24.77,606.29,-82.17,0.058,-0.75,0.36,-0.02,25.92
29.42,8.59,83.4,25.09,610.53,-80.73,0.017,-0.19,0.19,-0.13,26.76
29.44,8.34,85.2,24.65,596.89,-80.87,0.002,0.42,0.92,-0.36,25.49
29.43,8.23,85.0,24.19,603.1,-81.13,0.014,0.56,-0.06,1.48,25.19
29.48,8.85,83.7,24.0,595.14,-81.3,0.01,0.84,0.12,0.3,25.32
29.21,7.78,84.1,23.86,588.55,-82.01,0.065,0.85,-0.72,1.25,25.04
29.05,7.74,84.4,23.56,577.22,-77.79,0.033,-0.09,-0.87,0.09,24.63
29.23,7.97,82.5,24.15,575.95,-81.83,0.009,0.57,-0.83,0.16,24.07
29.38,8.34,82.6,23.43,584.76,-79.6,0.049,0.6,0.72,0.13,24.9
29.07,7.56,83.3,23.94,577.78,-79.15,0.021,-0.74,-0.56,0.41,24.1
29.19,8.33,82.6,23.03,558.63,-78.68,0.062,0.36,-0.34,-0.65,23.89
29.16,7.32,82.7,22.96,565.11,-79.16,0.048,-0.13,0.79,-0.5,23.81
29.07,7.67,82.8,22.86,567.44,-81.12,0.033,0.38,-0.57,0.45,23.39
29.03,7.71,81.9,22.56,539.12,-80.03,0.004,0.29,0.68,-1.23,24.08
28.89,7.34,82.5,22.53,557.23,-78.81,0.028,0.63,-0.55,-0.49,23.87
28.71,7.36,82.5,22.78,541.25,-78.62,0.029,0.38,0.99,0.55,23.59
28.82,7.73,82.8,22.87,549.76,-80.29,0.051,-0.17,-0.37,-0.68,23.65
28.89,7.87,81.0,22.41,532.71,-77.43,0.006,0.12,-0.76,0.13,23.39
29.05,6.74,81.3,21.75,518.69,-79.62,0.028,-0.5,-0.9,-0.67,23.3
28.88,7.37,82.1,21.83,516.97,-75.64,0.053,0.77,0.12,-0.89,23.66
28.81,7.21,80.3,21.7,530.35,-80.93,0.001,0.54,1.66,-0.02,23.18
28.75,7.22,81.4,22.37,529.2,-77.14,0.028,-0.76,0.09,0.22,22.72
28.92,7.02,81.2,21.99,514.42,-77.62,0.051,0.2,0.46,-0.36,22.14
28.99,6.66,79.0,21.94,526.84,-78.0,0.018,0.91,-0.7,-0.73,21.74
28.94,7.44,80.6,21.14,500.95,-76.71,0.006,0.45,0.82,0.34,21.55
28.87,7.26,81.1,20.82,514.15,-78.63,0.046,0.27,0.46,0.46,22.5
28.6,6.81,80.6,21.35,500.08,-77.92,0.003,0.39,-0.65,0.41,21.78
28.73,6.62,80.3,20.88,503.19,-78.99,0.023,0.08,-0.09,-0.17,21.91
28.99,6.51,80.7,21.03,507.83,-75.26,0.0,-0.44,0.12,0.28,21.39
28.88,5.85,81.2,20.96,496.55,-77.99,0.019,-0.24,-1.12,0.36,22.54
28.55,6.65,80.8,20.57,499.24,-77.95,0.068,-0.41,-0.02,0.12,20.83
28.72,6.71,79.7,20.96,511.23,-75.05,0.08,0.24,-0.51,-0.46,21.5
28.76,6.44,79.1,20.0,493.63,-79.49,0.005,0.76,0.17,0.13,21.2
28.62,6.3,80.6,20.46,506.13,-74.37,0.029,0.67,0.02,-0.11,21.25
28.43,6.29,79.2,20.56,485.01,-76.94,0.002,-0.69,0.78,0.47,21.03
28.72,5.92,79.7,20.83,500.28,-75.19,0.034,-0.51,-0.45,-0.62,20.71
28.61,5.95,80.2,20.2,508.23,-75.87,0.044,-0.35,-0.02,-0.55,20.54
28.61,5.97,80.9,20.52,468.08,-79.51,0.018,0.12,0.25,0.93,21.72
28.66,6.16,81.0,20.42,483.97,-75.52,0.017,-0.53,0.28,0.31,20.71
28.68,6.29,80.1,20.75,497.01,-78.07,0.024,0.52,-0.31,0.37,20.9
28.7,5.73,79.6,19.98,488.66,-76.78,0.01,-0.76,0.39,-0.61,20.06
28.6,5.41,79.0,20.52,494.02,-73.81,0.02,0.48,0.76,0.65,19.79
28.68,5.66,81.6,20.03,484.03,-77.16,0.061,0.34,0.13,0.3,20.31
28.5,6.18,79.8,19.15,490.87,-74.59,0.004,-0.77,0.43,0.41,20.88
28.76,5.22,80.6,19.65,488.53,-77.67,0.024,-0.06,-0.24,0.18,20.5
28.38,5.7,80.3,19.27,502.01,-73.98,0.011,-0.3,-0.59,1.07,20.23
28.7,5.77,79.8,20.09,493.27,-76.33,0.043,-0.64,1.17,1.02,20.58
28.85,5.19,79.8,19.58,494.66,-75.46,0.012,0.4,0.77,0.76,20.16
28.62,5.02,79.2,19.03,487.88,-76.24,0.048,0.17,-0.28,0.93,20.9
28.85,5.34,81.2,19.77,487.99,-76.04,0.015,-0.45,-0.01,-0.32,20.9
28.91,5.21,80.3,19.9,489.57,-78.08,0.029,1.03,-0.5,-0.16,20.09
28.39,5.25,81.6,19.28,499.02,-76.8,0.036,-0.17,0.68,0.28,20.0
28.78,5.6,80.2,19.25,492.2,-77.11,0.012,-0.52,0.09,1.19,20.27
28.47,4.97,80.4,19.47,500.79,-77.97,0.016,0.1,0.54,-0.81,20.47
28.82,4.51,79.9,18.77,520.28,-75.89,0.056,0.95,0.71,-0.41,20.2
28.85,4.83,80.6,19.65,510.02,-73.9,0.017,-0.67,-0.09,0.1,20.73
28.57,4.83,80.0,20.0,499.97,-77.34,0.019,0.07,-0.85,-0.59,20.44
29.12,5.09,81.5,19.19,517.32,-73.49,0.026,-0.12,-0.11,0.49,20.79
28.94,4.6,81.4,20.08,503.44,-76.22,0.046,0.19,0.29,0.72,19.93
28.82,4.49,82.6,19.8,489.5,-76.7,0.002,-0.55,-0.61,0.15,20.17
29.12,4.15,80.4,19.46,502.3,-76.44,0.027,0.26,-0.21,0.74,20.66
28.76,4.69,82.7,19.73,496.3,-72.68,0.06,0.2,-0.82,0.58,20.5
28.85,5.49,81.1,20.11,514.26,-75.51,0.012,0.49,0.18,0.61,20.45
28.74,4.38,82.3,19.64,520.85,-75.53,0.035,0.26,0.36,-0.36,20.37
29.26,4.55,81.3,19.77,540.46,-75.21,0.009,0.55,0.19,0.37,20.67
29.11,4.21,82.5,19.49,530.11,-78.13,0.003,0.25,0.06,0.46,21.27
29.17,3.96,80.6,19.69,527.92,-74.54,0.006,0.57,0.32,-0.16,19.96
29.16,4.45,82.2,20.03,541.79,-77.47,0.038,0.45,0.36,0.44,20.77
29.22,4.31,83.0,19.79,514.89,-77.7,0.027,0.29,-0.37,-1.24,20.86
29.19,3.56,84.5,19.74,542.97,-77.02,0.007,0.35,0.12,0.02,20.55
29.24,4.74,81.6,20.39,552.04,-76.73,0.001,0.21,-0.26,0.41,21.0
29.25,4.36,83.5,20.23,533.38,-76.41,0.053,-0.4,-0.85,-0.62,20.5
29.19,4.25,83.3,19.97,563.53,-76.93,0.036,0.06,0.57,-0.02,21.01
29.29,4.09,82.4,20.83,559.5,-77.35,0.018,-0.33,-0.19,0.55,21.23
29.36,4.33,83.3,21.05,556.07,-77.57,0.007,0.31,0.2,-0.09,21.44
29.37,4.34,84.0,20.75,570.76,-76.6,0.101,-1.38,0.72,-0.26,22.29
29.21,4.32,85.0,20.07,591.43,-79.36,0.014,-0.19,-0.04,-0.46,21.33
29.26,4.52,84.9,20.73,574.91,-76.75,0.078,-0.73,0.17,-0.12,21.23
29.58,4.59,84.1,20.9,580.02,-74.95,0.008,-0.01,-0.06,-0.02,22.28
29.45,4.81,83.9,20.24,577.46,-76.47,0.065,-0.54,-1.45,0.12,20.21
29.59,3.97,85.9,21.32,578.14,-75.9,0.024,1.03,0.15,1.19,21.87
29.42,4.06,85.7,21.09,599.59,-75.03,0.086,-0.69,-0.51,-0.02,22.12
29.41,4.35,87.4,21.52,587.43,-76.24,0.004,-0.25,-0.1,-0.34,22.0
29.52,4.03,86.0,21.14,601.46,-78.14,0.141,0.92,-0.74,0.72,22.47
29.63,4.1,87.5,21.54,600.78,-78.1,0.007,0.69,-0.51,-0.36,22.38
29.61,4.45,87.2,21.68,615.19,-77.28,0.003,0.68,-0.72,-0.42,22.09
29.88,4.6,87.7,21.68,618.63,-79.39,0.025,-0.98,-0.46,-0.73,23.17
29.78,4.74,87.6,21.92,630.59,-73.85,0.034,-0.13,-0.13,-0.43,23.33
30.02,4.33,87.9,21.83,620.07,-77.73,0.014,-0.59,0.11,-1.16,22.82
29.88,4.56,86.0,21.59,627.45,-75.59,0.036,0.26,0.24,-0.18,23.14
29.57,4.53,87.9,21.43,625.35,-78.19,0.088,0.42,0.16,-0.73,24.25
30.02,4.5,87.8,22.06,635.71,-77.95,0.048,0.75,0.61,-0.53,23.84
29.75,4.3,89.6,22.7,648.95,-78.23,0.065,0.03,-0.81,-0.18,23.81
29.99,4.3,88.0,22.2,657.77,-76.36,0.068,-0.37,0.13,0.23,24.62
29.91,4.83,88.8,23.07,646.01,-74.66,0.011,-0.41,-1.19,-0.6,23.48
30.29,4.43,89.9,23.33,668.94,-80.69,0.037,0.0,-0.39,-1.07,23.47
30.24,4.19,89.8,23.16,678.81,-78.98,0.041,0.27,-0.98,0.08,24.51
30.01,4.77,89.9,23.08,674.39,-78.1,0.004,0.43,0.64,0.49,24.94
30.12,5.27,90.9,23.64,694.0,-81.47,0.02,0.16,1.01,0.31,24.08
30.2,4.05,90.5,23.84,672.44,-79.92,0.032,-0.7,-0.03,0.39,24.41
30.3,4.86,90.1,23.5,672.65,-78.47,0.01,0.09,-0.39,0.56,25.41
30.23,5.21,89.7,23.76,672.2,-79.97,0.031,0.21,-0.2,-0.08,24.79
30.14,4.52,91.4,23.6,709.79,-79.32,0.002,-1.43,-0.49,0.06,25.31
30.21,5.07,90.6,24.13,706.18,-78.73,0.027,0.12,0.26,-0.23,25.66
30.32,4.85,91.3,23.46,703.83,-80.39,0.003,-0.01,-1.01,-0.41,26.13
30.5,4.96,92.5,24.23,711.89,-81.18,0.034,0.45,0.56,-0.14,25.78
30.44,5.21,91.7,24.19,702.48,-81.35,0.032,-0.46,-0.97,-0.14,26.27
30.32,5.06,91.8,24.61,742.77,-83.37,0.029,-0.05,-1.57,0.3,25.74
30.52,5.1,92.1,24.51,724.11,-79.33,0.009,-0.18,-0.71,-0.83,26.63
30.42,5.52,92.3,24.27,728.36,-80.52,0.033,0.09,-0.35,-0.68,26.19
30.6,6.28,92.0,24.86,738.88,-78.59,0.016,-0.53,0.29,0.5,26.16
30.83,5.91,94.3,25.07,740.72,-79.58,0.023,0.5,0.65,0.03,27.7
30.51,6.06,92.7,25.75,742.34,-80.56,0.035,-0.87,0.77,0.04,27.76
30.67,6.07,94.0,25.3,736.31,-80.28,0.014,0.26,-0.27,-0.77,27.24
30.51,5.69,92.7,25.37,752.94,-83.55,0.158,1.55,0.54,0.01,27.96
30.61,6.07,94.1,25.39,770.97,-80.55,0.002,-0.12,0.67,-0.2,27.36
30.65,6.38,94.0,26.35,769.42,-81.54,0.039,0.71,0.65,0.05,27.58
30.64,6.38,94.1,26.01,775.61,-82.45,0.008,-0.27,-1.61,-0.12,27.72
30.98,6.26,94.3,26.33,758.17,-82.14,0.12,0.92,-0.61,-0.62,27.57
30.67,6.43,94.7,25.83,756.88,-80.65,0.023,-0.11,-0.17,-0.1,27.14
30.8,7.09,94.3,25.89,768.9,-82.64,0.046,0.06,1.11,0.68,28.09
30.51,6.68,94.5,26.31,773.97,-82.28,0.007,0.06,0.27,-0.4,28.87
30.81,6.41,95.2,27.33,787.5,-81.2,0.064,-0.74,-0.27,-0.43,28.6
30.91,6.56,94.0,26.5,762.64,-82.58,0.1,0.33,-0.33,0.59,28.95
30.73,6.34,94.0,26.79,797.75,-82.07,0.023,-0.03,-0.31,-0.89,28.91
30.51,7.43,95.3,27.13,783.63,-82.63,0.057,-0.1,-0.52,0.02,28.54
30.82,7.28,93.7,27.03,783.56,-80.95,0.033,-1.2,0.46,-0.36,29.1
30.83,6.89,94.0,27.53,780.19,-82.48,0.008,0.99,0.44,0.48,28.98
30.93,7.59,96.9,27.18,776.11,-85.33,0.075,1.37,-0.67,-0.26,28.81
31.1,7.2,96.8,27.2,803.09,-81.81,0.045,-1.53,-1.04,-0.49,29.71
30.82,6.95,95.2,28.64,797.66,-84.11,0.067,0.08,-0.3,-0.43,28.93
30.77,7.42,96.5,27.46,785.94,-84.04,0.014,0.09,-0.42,0.74,29.29
30.74,7.33,96.6,28.17,787.66,-83.72,0.018,1.07,0.14,0.18,30.54
30.91,7.53,96.2,27.65,798.88,-80.23,0.01,-0.43,1.0,0.82,30.03
30.95,6.93,95.8,27.54,820.4,-82.87,0.012,0.86,-0.51,-0.11,29.94
30.83,7.16,96.4,28.13,802.43,-80.9,0.009,-0.5,0.43,0.12,29.06
30.99,7.9,96.6,27.78,791.16,-83.82,0.039,-0.04,0.42,-0.75,29.97
30.96,8.02,96.5,28.19,804.75,-82.93,0.014,0.63,-1.08,-0.04,29.63
30.91,8.0,94.7,28.12,805.34,-81.47,0.039,0.31,-0.39,0.04,30.14
30.79,8.29,97.6,28.91,781.8,-83.04,0.034,0.03,-0.68,0.78,30.16
30.84,7.85,97.9,28.0,808.77,-83.77,0.024,0.18,0.47,0.31,29.96
30.6,7.88,94.5,28.84,807.39,-86.56,0.033,0.67,-0.22,-0.49,30.83
30.92,7.5,96.4,28.76,816.89,-86.15,0.024,-0.06,-0.07,-0.33,30.8
30.89,7.65,97.6,28.63,828.49,-84.29,0.038,0.21,-0.23,-0.62,30.02
30.9,7.27,96.7,28.5,821.18,-83.33,0.012,0.77,0.19,-0.04,31.15
30.94,7.81,96.7,28.87,806.98,-85.16,0.046,0.05,-0.45,0.23,30.1
30.91,7.32,94.7,28.92,798.2,-84.05,0.011,-0.27,-0.31,0.51,31.26
30.84,8.3,96.4,29.02,834.44,-86.44,0.116,0.43,-0.5,0.04,30.54
30.85,8.13,95.9,28.82,808.59,-86.22,0.015,0.73,-0.54,-0.48,30.49
30.67,7.43,96.3,28.54,807.26,-84.65,0.0,0.72,-0.2,-0.37,31.26
30.76,8.01,94.8,29.27,805.86,-85.38,0.019,0.42,0.16,0.29,30.62
30.82,8.69,94.7,28.98,806.9,-86.13,0.094,0.95,-0.91,0.57,31.13
30.71,8.08,95.3,28.78,802.14,-86.45,0.03,0.1,0.4,-0.13,30.18
30.89,7.84,95.0,28.65,796.36,-87.99,0.003,-0.28,-1.1,0.3,30.71
30.69,7.62,95.1,29.32,795.0,-85.86,0.003,-0.83,-0.09,-0.4,30.88
30.78,7.64,94.7,29.48,798.35,-88.1,0.018,-0.59,0.65,-0.22,31.16
30.75,8.34,94.8,29.19,791.32,-86.46,0.008,0.28,0.83,0.14,30.95
30.8,8.06,94.3,29.2,787.55,-86.32,0.028,0.28,0.34,0.09,30.67
30.8,8.09,94.7,29.37,793.52,-84.0,0.082,0.87,-0.97,0.22,30.81
30.76,8.07,93.4,28.82,787.55,-87.8,0.101,0.4,-0.12,0.02,30.3
30.4,8.16,94.8,29.66,802.64,-85.57,0.076,0.25,1.14,0.29,30.8
30.77,7.83,94.5,28.52,758.46,-86.1,0.011,-0.34,0.8,-0.29,30.71
30.79,8.29,93.1,28.77,793.12,-88.0,0.113,0.71,-0.06,1.09,30.16
30.52,7.76,95.0,28.54,791.77,-86.39,0.011,1.45,0.76,0.59,30.47
30.59,7.95,93.1,28.79,755.55,-88.52,0.03,-0.19,-0.11,0.2,30.67
30.43,8.46,94.6,29.33,769.71,-86.5,0.066,-0.44,0.36,0.16,31.28
30.27,8.26,93.7,28.58,766.15,-86.97,0.032,-0.4,-0.77,0.05,30.71
30.39,8.33,94.0,28.76,752.41,-85.36,0.17,0.99,-1.2,-0.07,30.26
30.39,8.75,93.2,27.53,755.2,-87.8,0.013,0.45,-0.5,0.64,30.21
30.38,8.06,93.3,28.63,748.26,-90.11,0.004,0.05,0.12,0.31,29.96
30.28,8.06,93.4,28.76,773.16,-87.68,0.007,0.34,-0.63,-0.29,29.98
30.28,7.94,94.0,28.38,761.17,-85.91,0.006,-0.96,-0.3,0.06,30.16
30.33,7.85,93.1,27.89,760.6,-86.66,0.07,1.03,-1.12,0.3,30.06
30.21,7.65,92.4,27.76,751.08,-87.76,0.019,0.42,-0.69,0.18,29.62
30.34,7.94,90.7,27.9,728.45,-85.11,0.022,0.51,-0.97,-0.29,29.12
30.32,7.98,89.6,27.58,730.29,-87.37,0.006,-0.27,-0.55,-0.38,29.37
30.5,7.95,91.2,28.46,736.14,-85.79,0.007,-0.72,-1.31,0.43,29.01
30.31,7.81,90.6,27.97,714.66,-86.94,0.048,0.12,-0.29,0.13,28.75
30.17,8.02,90.3,28.21,729.56,-85.98,0.034,0.32,0.02,-0.19,29.36
30.04,7.7,90.6,27.5,715.51,-85.84,0.012,0.1,0.17,1.13,29.14
30.11,7.52,90.9,27.23,709.58,-84.99,0.048,0.55,0.69,0.35,28.51
30.09,7.31,89.7,27.14,715.8,-88.17,0.002,-0.52,-0.61,-0.01,28.62
29.95,7.06,90.6,27.11,708.42,-86.14,0.002,-0.53,-0.61,-0.13,28.75
30.07,7.91,89.7,26.98,695.61,-88.84,0.003,-0.47,-0.52,0.51,28.59
29.78,7.2,89.5,27.46,706.01,-86.14,0.036,-0.66,0.29,0.66,28.53
29.88,7.07,90.7,27.23,678.76,-89.49,0.027,-0.25,0.16,-0.31,27.91
29.94,7.16,89.1,26.88,690.84,-84.06,0.059,-0.2,-0.27,-0.42,28.22
29.81,7.14,88.7,26.07,685.68,-86.43,0.104,0.1,0.95,0.08,27.91
29.78,7.65,88.9,26.63,671.7,-86.56,0.013,0.54,-0.07,-0.09,28.1
29.76,7.0,89.6,26.28,673.08,-89.34,0.03,0.22,-0.29,-0.5,28.07
29.64,7.82,87.9,26.75,652.31,-85.32,0.061,-0.86,-0.24,-0.21,28.7
29.84,6.98,88.0,26.43,669.05,-84.94,0.008,0.48,-0.09,-0.32,27.86
29.55,7.5,87.4,26.03,652.94,-87.11,0.003,-0.67,-0.41,-0.25,27.24
29.67,7.08,87.1,25.11,644.54,-87.38,0.122,-1.26,-1.9,0.41,27.01
29.65,6.85,86.5,25.65,655.23,-87.25,0.069,0.49,0.25,0.38,26.5
29.45,7.14,86.2,25.32,632.68,-84.05,0.028,0.61,0.42,1.33,26.35
29.54,6.93,87.8,25.55,620.62,-86.73,0.0,0.82,0.78,-0.73,26.66
29.39,6.71,85.8,24.86,614.15,-86.28,0.008,0.16,-0.03,0.36,26.52
29.63,7.14,84.7,25.21,630.8,-85.05,0.036,0.89,-1.27,0.58,27.3
29.3,6.22,85.8,24.19,606.98,-90.07,0.013,-0.97,0.3,-0.61,25.78
29.32,6.0,86.3,24.33,632.41,-86.47,0.025,-0.22,-0.94,-1.05,25.58
29.22,6.02,86.2,24.36,589.16,-86.71,0.002,0.55,0.59,-0.45,25.85
29.17,6.67,84.0,24.32,622.1,-85.99,0.024,-0.0,0.63,-0.52,25.38
29.5,6.51,85.7,24.5,602.44,-84.93,0.005,0.3,-1.0,-0.21,25.57
29.34,5.84,86.2,23.63,594.61,-84.6,0.003,0.29,0.44,0.62,25.07
29.26,5.21,83.8,23.84,585.43,-86.34,0.02,0.54,-0.11,-0.71,24.98
29.14,5.78,84.0,23.7,590.23,-86.12,0.022,1.16,-0.74,-0.19,25.1
29.3,5.47,82.9,24.0,581.28,-85.78,0.069,0.3,0.18,-0.05,24.54
29.06,5.55,85.1,23.55,588.18,-84.6,0.134,0.37,-0.49,0.59,24.46
29.23,5.31,82.3,23.12,573.85,-83.92,0.003,-0.55,-1.5,0.11,24.66
29.0,5.07,82.9,22.94,569.85,-87.66,0.011,-0.26,0.75,0.18,24.3
29.0,6.05,83.7,22.97,560.43,-84.89,0.04,0.1,0.22,0.22,23.87
29.14,5.21,82.3,22.44,559.3,-85.66,0.032,-0.09,0.43,-0.31,23.78
29.13,5.77,81.9,23.44,558.84,-82.19,0.003,-0.69,0.99,0.03,24.23
29.07,5.21,82.4,22.73,534.64,-86.81,0.002,0.6,0.16,0.18,23.79
28.85,4.87,84.2,22.27,534.34,-86.79,0.016,-0.3,0.54,-0.18,23.37
28.9,5.3,81.9,22.08,551.44,-85.84,0.021,-0.01,0.53,-0.46,23.71
28.95,4.97,81.8,21.88,542.0,-83.95,0.025,-0.75,-0.28,0.18,23.39
28.81,4.96,80.9,22.3,534.85,-83.82,0.031,0.4,-0.21,-0.23,23.61
29.06,5.0,82.0,21.45,533.38,-85.44,0.02,-0.13,0.01,0.48,23.28
28.59,4.66,82.2,21.84,533.3,-82.97,0.038,0.36,0.62,-0.72,23.25
28.76,4.36,80.9,21.97,521.16,-85.04,0.004,-1.64,-0.19,0.35,22.51
28.78,4.78,81.6,21.43,515.64,-82.99,0.041,-0.46,-0.76,0.13,22.15
28.48,5.03,80.6,21.16,522.37,-86.23,0.029,0.52,0.32,0.27,22.69
28.64,4.42,79.4,21.68,507.75,-85.47,0.0,-0.04,0.9,-0.61,22.56
28.87,4.69,81.2,20.87,518.86,-84.52,0.019,1.29,0.18,-0.36,22.08
28.78,5.05,82.4,21.05,495.13,-83.86,0.013,0.19,-0.69,0.57,21.58
28.96,4.52,79.7,21.08,519.96,-84.9,0.009,0.53,1.2,0.51,22.0
28.94,4.54,80.7,20.71,512.05,-84.8,0.002,0.42,0.35,1.11,21.92
28.8,4.49,81.5,20.4,507.68,-82.71,0.114,-0.41,-0.18,0.06,21.11
28.77,4.23,80.3,20.51,512.89,-82.03,0.01,-0.17,0.32,0.07,21.7
28.74,4.1,79.2,20.73,517.8,-84.29,0.018,0.4,-0.21,0.27,21.9
28.4,4.07,80.3,20.26,509.52,-85.01,0.003,0.26,-1.22,0.1,20.82
28.55,4.45,81.4,20.57,479.35,-82.72,0.048,-1.04,0.45,-0.08,21.46
28.72,4.54,79.7,20.24,483.49,-82.03,0.001,0.6,0.58,0.32,21.68
28.78,4.53,80.3,20.03,488.72,-84.17,0.027,0.09,0.82,-0.27,21.62
28.74,4.15,79.2,19.9,494.06,-79.94,0.01,-1.15,-0.05,0.58,20.23
28.59,4.58,80.0,20.16,497.96,-83.64,0.013,-0.37,0.36,-0.69,21.34
28.81,4.33,80.3,20.39,484.67,-82.58,0.022,0.41,0.09,-0.08,20.7
28.88,4.24,80.1,19.97,493.1,-82.42,0.019,-0.37,0.97,-0.76,20.59
28.81,3.21,79.7,19.53,483.13,-83.13,0.016,-0.33,-0.14,0.14,21.7
28.82,3.96,80.4,20.18,484.19,-79.05,0.03,0.44,-0.11,0.28,20.72
28.64,3.74,80.6,19.43,476.0,-83.03,0.024,-0.41,-0.28,0.31,20.43
28.84,4.39,80.6,20.29,480.77,-78.89,0.012,0.4,0.02,-0.53,20.85
28.74,4.23,79.8,19.58,476.57,-81.81,0.006,-0.73,0.51,0.31,21.16
28.79,3.88,79.6,19.29,480.57,-81.67,0.005,0.48,1.05,-0.22,20.51
28.78,4.3,81.7,19.75,501.27,-82.05,0.001,0.68,-0.13,-0.29,20.19
28.73,3.8,80.3,19.41,481.8,-79.92,0.018,0.1,-0.25,-0.58,20.41
28.65,3.92,80.1,19.64,518.33,-77.83,0.006,0.0,-1.2,-0.67,20.79
28.75,4.04,79.2,19.49,497.81,-81.51,0.064,-0.63,-0.15,0.22,20.21
28.89,4.43,79.7,18.96,495.76,-80.98,0.016,0.57,-0.73,-0.19,20.75
28.74,4.71,80.0,19.4,486.51,-78.2,0.03,0.07,1.52,-0.19,20.25
28.91,4.14,80.9,19.59,503.43,-81.94,0.011,0.68,0.1,-0.1,19.56
28.91,4.74,80.4,19.44,492.15,-81.3,0.009,0.34,-0.88,0.05,20.91
28.8,4.39,80.8,19.84,500.77,-77.94,0.051,0.85,-0.12,-0.54,20.44
29.02,4.47,79.8,19.51,526.93,-79.23,0.014,0.53,0.3,0.04,20.74
28.83,4.42,82.1,19.32,502.3,-81.03,0.003,0.58,0.68,-0.25,20.45
29.07,4.41,80.6,19.49,516.83,-78.67,0.012,0.17,0.18,0.84,20.37
28.96,4.65,81.5,19.26,500.52,-81.78,0.004,-0.19,0.69,0.29,20.67
28.93,4.78,81.0,19.58,509.56,-77.71,0.019,-0.02,0.16,0.06,20.35
28.84,4.33,81.3,19.61,530.12,-82.17,0.01,-0.24,-0.31,-1.15,21.17
28.96,4.59,81.1,19.08,508.78,-80.62,0.051,0.32,-0.81,-1.08,20.47
28.97,5.19,82.1,19.82,535.94,-78.4,0.002,-0.92,-0.73,-0.74,21.26
28.87,4.8,81.3,20.37,527.79,-80.74,0.125,0.21,-0.03,1.08,20.82
29.02,4.88,82.5,19.82,518.11,-78.71,0.048,0.12,0.01,0.47,19.68
28.97,5.2,82.3,18.97,533.21,-77.76,0.033,0.09,-1.35,-0.06,20.3
29.16,4.76,83.1,19.58,539.88,-79.6,0.002,-0.47,-0.92,0.49,21.1
29.28,4.96,83.3,19.34,539.76,-78.55,0.117,-0.77,0.17,0.26,20.46
29.0,5.27,82.7,19.75,521.34,-77.0,0.043,-0.46,-0.4,0.72,20.36
29.38,5.46,83.4,20.16,533.39,-77.48,0.018,-0.03,-0.13,-0.16,21.5
29.19,4.44,83.0,19.74,541.91,-75.77,0.053,-0.05,-0.12,0.15,20.43
29.12,5.0,84.6,20.72,547.47,-79.2,0.012,-0.11,-0.78,-0.06,21.47
29.36,4.98,83.5,19.13,558.35,-79.33,0.016,-0.01,-0.31,0.36,21.1
29.24,5.31,83.8,20.14,557.94,-75.76,0.033,-0.54,0.18,0.15,21.62
29.32,5.14,83.8,20.44,546.93,-77.06,0.077,0.12,0.25,-0.15,21.55
29.31,5.69,83.8,19.97,568.29,-77.91,0.076,-1.14,0.15,0.33,20.72
29.29,5.61,86.3,20.11,574.89,-78.31,0.008,0.7,0.96,0.22,21.53
29.51,5.9,85.3,20.86,578.75,-76.13,0.031,-0.2,0.96,0.2,21.67
29.42,5.99,85.2,21.37,588.4,-77.84,0.065,0.89,0.01,0.03,22.05
29.31,5.98,85.0,21.51,590.45,-76.0,0.003,-0.1,-0.48,-0.69,22.13
29.59,5.75,86.5,20.78,591.29,-75.19,0.006,0.25,0.67,0.17,22.03
29.41,5.96,85.4,21.49,590.64,-76.85,0.046,1.02,-0.55,-1.11,21.8
29.45,5.86,86.2,21.11,579.44,-78.96,0.025,0.19,-0.49,-0.55,22.57
29.77,5.67,88.1,21.57,605.11,-76.0,0.002,-0.42,-0.25,0.66,22.86
29.51,6.44,85.8,21.29,607.69,-75.12,0.023,0.57,0.65,-0.54,22.78
29.41,6.2,87.2,21.09,613.18,-74.91,0.076,0.19,-0.36,0.23,22.7
29.8,5.85,87.3,22.18,602.59,-76.4,0.006,-0.68,0.94,0.77,22.78
29.72,6.54,87.7,22.4,609.47,-79.15,0.002,-0.84,1.04,0.16,22.7
29.77,6.39,87.3,21.73,635.77,-77.2,0.088,-0.45,-1.05,0.16,23.31
29.79,5.91,87.3,22.34,629.82,-77.21,0.014,0.92,-0.58,-0.55,23.44
29.89,6.19,88.2,22.09,642.02,-75.13,0.045,0.09,0.59,0.69,23.85
29.81,6.47,87.9,23.04,640.5,-75.74,0.028,-0.03,-0.12,-0.05,23.41
30.11,6.81,86.7,21.9,645.54,-74.96,0.006,0.74,0.65,0.2,23.86
29.79,7.06,88.2,22.5,659.65,-77.29,0.007,1.09,-0.78,0.16,23.45
30.05,7.12,88.8,22.2,650.13,-75.91,0.041,0.03,-0.46,-0.39,23.99
30.11,7.14,88.4,22.29,661.28,-79.63,0.03,0.41,0.63,0.48,24.06
29.98,7.02,89.7,22.95,660.7,-76.77,0.0,0.42,-0.39,0.64,24.87
29.98,7.62,89.2,22.98,665.98,-78.35,0.021,0.68,-0.64,0.68,25.29
30.26,7.38,90.0,22.93,672.2,-73.49,0.075,-0.06,-0.26,-0.99,24.3
30.05,7.3,92.0,23.73,682.47,-75.37,0.023,0.74,0.86,-0.06,25.29
30.13,7.47,91.5,24.04,680.38,-75.41,0.001,-0.97,0.29,-0.44,25.36
30.34,7.24,91.2,23.91,702.61,-77.87,0.02,0.23,-0.25,0.54,25.04
30.27,7.4,92.4,23.23,685.95,-76.21,0.001,-0.55,-0.6,0.56,25.12
30.08,6.85,91.2,24.15,697.83,-75.02,0.018,-0.32,-0.37,0.61,25.28
30.53,7.42,91.4,24.3,700.06,-77.31,0.04,0.9,-0.25,-0.21,25.59
30.29,8.12,90.8,24.04,723.62,-76.69,0.004,-0.22,0.61,0.65,25.77
30.34,7.69,92.9,24.61,715.76,-74.34,0.013,0.01,-0.54,0.28,26.01
30.44,7.73,93.7,24.46,728.69,-77.61,0.007,-0.14,-0.62,-0.06,26.03
30.52,8.04,93.1,24.5,708.03,-76.66,0.015,0.08,0.21,0.69,26.72
30.7,7.9,93.7,24.52,729.99,-77.25,0.005,0.63,1.07,0.39,26.76
30.3,7.6,90.6,25.38,740.58,-75.53,0.01,-0.07,0.33,-1.04,26.65
30.62,7.88,94.8,25.69,736.79,-74.89,0.004,0.6,0.36,-0.74,26.66
30.64,7.58,93.1,25.33,750.82,-73.67,0.016,0.35,0.18,-0.33,26.8
30.56,8.01,95.2,25.87,739.09,-75.51,0.019,-0.73,0.62,0.11,27.36
30.69,7.74,94.9,26.21,762.38,-74.26,0.027,0.26,-0.78,0.8,27.36
30.73,8.3,94.3,25.86,775.19,-75.61,0.042,0.74,-1.07,0.7,27.57
30.48,7.9,93.6,25.93,752.39,-78.24,0.003,0.03,0.56,-0.11,27.98
30.88,7.83,94.2,26.26,755.27,-76.17,0.061,0.16,-0.16,0.01,27.77
30.5,8.07,92.7,25.94,777.87,-76.19,0.036,0.31,-0.28,-0.66,28.48
30.57,8.23,95.1,26.56,782.62,-74.72,0.003,0.66,-0.1,0.52,27.28
30.69,7.78,92.5,26.55,764.97,-76.51,0.014,0.88,0.22,0.19,27.69
30.97,8.0,94.4,26.17,769.26,-76.97,0.014,0.57,0.76,-0.08,29.08
30.72,8.21,96.0,26.31,773.78,-77.75,0.037,0.1,0.39,-0.25,28.33
30.77,8.59,95.5,26.54,766.16,-76.92,0.005,0.46,-0.19,0.31,28.74
30.96,7.43,93.8,27.19,773.3,-76.72,0.002,0.57,0.23,0.27,29.25
30.77,8.38,94.1,27.01,775.2,-75.76,0.001,-0.6,-0.04,0.2,29.02
30.68,8.08,94.8,27.24,780.18,-77.94,0.061,-1.41,-0.61,1.17,29.37
30.78,8.05,95.4,27.84,790.0,-73.28,0.029,-1.03,-0.88,0.37,29.37
31.01,7.99,96.2,27.63,795.03,-78.22,0.001,-0.13,0.91,0.0,29.63
30.86,8.08,96.0,27.36,810.4,-78.85,0.083,0.15,0.29,0.72,29.54
31.1,8.37,94.8,27.34,786.97,-76.25,0.003,-0.62,-0.32,-0.84,29.75
30.96,8.01,96.2,27.9,808.71,-79.01,0.041,0.22,0.85,0.57,29.33
30.8,8.65,96.3,27.55,798.5,-77.14,0.058,0.08,0.28,0.18,29.87
30.89,8.32,96.2,28.42,801.76,-78.31,0.031,-0.33,0.36,0.11,29.74
30.79,8.18,97.9,28.16,810.47,-76.38,0.002,0.42,0.44,-0.02,29.81
30.81,8.04,96.5,28.21,793.82,-77.22,0.025,-0.84,0.06,0.06,29.26
31.43,8.42,96.7,27.91,810.03,-75.83,0.018,0.09,-0.07,-0.19,29.85
31.02,8.44,97.5,28.54,808.88,-77.01,0.043,0.93,0.61,-0.05,30.04
31.0,7.66,96.7,28.8,813.0,-77.67,0.009,-0.12,0.05,-0.74,30.79
30.82,7.76,95.6,28.42,811.67,-77.54,0.036,0.46,1.1,-0.1,30.13
31.09,8.13,97.0,28.86,833.87,-79.4,0.007,0.44,0.51,-0.06,30.42
31.03,8.18,95.7,28.46,803.32,-79.1,0.037,-0.22,0.42,0.08,30.91
31.12,7.77,95.2,28.64,804.62,-77.83,0.009,-0.82,0.17,-0.23,29.92
31.11,7.59,95.2,29.44,803.77,-77.38,0.13,-0.36,-0.54,0.61,30.32
30.7,7.79,96.9,28.63,804.36,-78.87,0.078,0.19,-0.8,0.02,30.87
30.74,8.17,96.4,28.99,803.29,-78.82,0.021,0.63,0.04,0.21,31.54
30.75,7.68,96.7,28.71,821.15,-79.21,0.036,-0.97,-0.48,-0.26,29.8
30.74,7.24,96.3,28.98,822.91,-78.17,0.051,-0.48,0.83,-0.02,30.58
30.89,7.6,95.9,29.16,802.28,-78.85,0.034,0.02,-1.09,0.25,30.9
30.77,7.74,95.9,28.62,798.79,-78.05,0.05,-0.5,-0.68,0.59,31.01
31.07,7.42,96.1,28.71,810.8,-80.03,0.011,0.87,0.2,0.45,31.58
31.04,7.77,95.0,29.18,799.38,-79.31,0.004,-0.08,0.42,-0.4,30.44
30.8,7.59,94.4,29.05,809.9,-77.09,0.004,0.16,-0.97,0.0,30.61
31.02,7.25,94.9,29.41,804.11,-76.43,0.031,-0.5,-0.93,0.25,30.05
30.95,7.22,95.6,29.09,785.29,-79.97,0.019,0.43,-0.71,-0.57,30.75
30.7,6.59,94.6,29.65,814.13,-77.77,0.051,-0.55,0.62,-0.47,30.89
30.49,7.43,96.7,29.24,814.68,-77.97,0.002,0.27,0.09,-0.04,31.51
30.69,6.9,95.2,29.64,788.52,-78.78,0.024,0.96,0.79,-0.38,31.33
30.62,6.81,94.8,29.56,788.55,-82.8,0.005,0.5,-0.02,1.21,31.23
30.7,6.7,94.1,28.72,792.93,-82.4,0.037,0.12,-0.09,-0.3,30.31
30.66,6.93,95.2,29.44,790.92,-81.17,0.012,-0.47,0.42,0.46,30.73
30.64,6.38,93.3,29.22,791.52,-81.29,0.008,-0.43,0.94,0.34,30.67
30.67,6.35,94.4,29.16,802.27,-82.05,0.0,0.27,-0.41,0.25,30.66
30.44,6.55,93.6,29.23,777.5,-79.98,0.022,0.09,-0.03,-0.52,30.4
30.61,6.31,93.9,28.66,768.26,-80.04,0.028,0.54,-0.09,0.1,30.82
30.48,6.52,94.0,28.84,759.3,-78.41,0.036,-0.03,-0.47,1.41,30.16
30.53,6.17,92.5,28.52,762.51,-82.14,0.13,0.32,0.7,0.16,30.37
30.59,6.75,91.9,29.42,766.1,-82.35,0.025,0.06,-0.24,-0.04,30.75
30.3,6.4,92.3,28.28,780.88,-81.23,0.032,0.39,-0.04,-0.21,30.96
30.39,6.32,93.6,28.04,754.14,-83.58,0.027,-0.18,0.24,-0.43,29.68
30.38,5.86,93.0,28.13,757.83,-78.98,0.035,-0.88,0.71,0.27,30.15
30.3,6.69,92.1,28.32,751.6,-82.46,0.076,0.6,0.84,0.41,30.03
30.44,5.76,93.8,28.24,759.72,-82.18,0.101,-0.08,-0.61,0.6,30.24
30.22,5.61,93.0,28.49,769.08,-81.99,0.026,0.81,0.49,-0.45,30.31
30.21,5.96,92.6,28.1,734.38,-82.56,0.027,0.06,0.12,0.01,29.42
30.16,5.73,91.0,27.83,730.59,-82.88,0.053,0.02,0.21,0.33,29.42
30.34,5.36,92.2,28.08,741.63,-79.07,0.0,0.8,-0.66,-0.96,29.37
30.12,6.19,91.4,28.22,733.64,-82.61,0.006,-0.39,0.71,0.26,29.42
30.2,5.75,90.3,27.78,740.84,-82.15,0.006,-0.26,0.31,-0.71,29.45
30.35,5.39,90.6,27.91,723.7,-83.75,0.002,0.26,-0.46,-0.49,28.85
30.07,6.04,89.6,27.52,709.68,-82.22,0.013,-0.51,-1.04,0.26,29.62
30.18,5.5,89.6,27.29,714.53,-83.23,0.042,1.08,-0.14,-0.56,28.02
30.21,5.19,89.0,27.51,715.0,-83.03,0.027,-0.19,0.33,-0.54,28.14
30.1,5.81,90.5,27.23,707.36,-82.82,0.009,-0.11,-0.82,1.04,28.73
29.94,5.26,89.4,27.38,699.42,-82.34,0.067,0.82,-1.52,-0.76,28.29
29.99,5.19,88.4,27.45,700.17,-82.74,0.011,0.04,-0.04,0.69,27.99
29.72,4.83,89.4,26.74,696.3,-83.95,0.022,-0.5,-0.4,0.3,28.46
29.75,4.9,88.7,26.88,693.51,-84.03,0.001,0.58,-0.79,0.38,28.26
29.73,4.7,89.3,26.9,681.22,-85.83,0.055,0.52,-0.37,1.09,28.29
30.04,5.21,88.3,26.53,668.08,-84.54,0.114,-0.67,0.07,-0.16,27.22
29.64,4.24,86.8,26.43,666.23,-84.23,0.067,-0.42,-0.67,0.62,27.81
29.6,5.08,87.3,26.17,671.81,-83.14,0.016,-0.59,1.21,-1.19,27.66
29.54,4.36,86.5,26.07,646.56,-88.18,0.005,-2.22,0.29,0.67,26.78
29.7,4.56,87.6,26.02,653.39,-84.28,0.011,1.27,0.69,-0.14,27.04
29.62,4.45,87.8,25.48,640.74,-86.01,0.074,-0.85,0.2,0.05,27.26
29.7,4.34,85.5,24.96,639.94,-83.79,0.109,-0.5,-0.94,-0.17,27.25
29.61,4.66,86.3,25.37,647.43,-83.07,0.002,0.3,0.33,-0.12,26.49
29.33,4.42,87.1,25.2,631.56,-85.24,0.004,0.2,-0.06,-0.96,25.95
29.37,4.19,84.7,25.68,625.14,-83.12,0.052,0.39,0.08,0.63,26.84
29.6,4.4,85.4,25.07,606.12,-84.07,0.006,0.17,-0.39,0.04,26.08
29.38,4.12,85.5,25.01,622.26,-85.26,0.015,0.92,-0.25,-1.06,25.15
29.51,4.14,86.1,24.52,616.37,-87.97,0.001,-0.35,0.87,0.25,25.65
29.32,3.83,85.4,24.3,626.7,-85.08,0.007,1.05,-0.14,-0.62,26.03
29.19,4.13,85.4,24.07,597.19,-86.99,0.006,-0.24,-0.58,0.67,24.93
29.24,4.39,85.0,23.77,597.71,-90.12,0.051,-0.76,-0.47,0.43,25.3
29.13,4.24,84.0,24.32,593.31,-87.56,0.002,-0.23,0.68,-0.88,24.96
29.15,4.76,85.4,24.02,601.95,-83.97,0.027,0.31,0.79,0.2,24.91
29.21,4.99,83.3,24.28,580.65,-85.88,0.026,0.76,0.26,-0.52,24.59
29.22,4.06,81.4,23.8,579.88,-84.31,0.089,0.41,0.22,0.18,24.81
28.94,3.95,82.0,23.55,578.73,-83.86,0.003,-0.71,0.69,0.26,24.35
29.1,4.54,83.2,22.62,570.16,-85.87,0.031,-0.52,0.0,0.07,24.55
29.01,4.3,82.8,23.83,559.54,-87.22,0.043,-0.34,-0.34,0.46,23.98
28.97,4.55,82.4,23.03,561.75,-88.0,0.0,0.16,-1.36,1.4,24.42
29.04,4.34,82.8,22.14,566.44,-86.57,0.031,0.61,-0.2,0.22,23.82
28.94,4.17,83.4,22.81,541.43,-87.88,0.004,0.09,-0.07,0.93,23.18
29.14,4.18,82.7,22.3,549.1,-88.29,0.03,-0.98,0.73,0.52,23.17
29.1,4.39,82.6,22.15,536.96,-87.61,0.01,0.81,-0.24,0.44,22.9
29.08,4.21,81.1,22.4,552.2,-87.09,0.003,-0.38,-0.21,0.11,22.77
28.85,4.67,81.4,21.96,521.41,-87.09,0.018,0.76,-1.08,-0.18,22.54
28.78,3.93,82.2,22.39,527.56,-86.91,0.029,-0.2,0.33,0.24,22.49
28.88,4.72,81.6,21.86,533.55,-86.17,0.011,-0.12,0.39,0.45,22.78
28.84,3.82,81.7,21.91,542.18,-87.12,0.022,0.21,-0.1,-0.6,22.94
28.77,4.46,81.7,21.84,522.73,-85.75,0.014,0.54,-0.01,-0.33,21.97
28.68,4.35,81.2,21.6,514.82,-85.83,0.084,1.31,1.33,-0.16,22.05
28.8,4.03,82.2,21.46,536.3,-85.43,0.027,-0.24,1.7,0.32,22.57
28.74,3.91,80.4,21.32,500.26,-87.12,0.012,-0.1,0.14,0.81,22.06
28.86,4.24,80.1,21.67,490.13,-88.83,0.007,-0.54,-0.69,-0.41,21.31
28.85,4.63,79.2,21.33,514.04,-87.34,0.026,-0.5,-0.92,-0.3,21.89
28.89,4.48,81.1,20.68,502.28,-88.44,0.118,-0.12,0.45,-0.52,21.91
28.59,4.4,80.0,20.43,494.88,-85.8,0.02,0.6,1.06,-0.37,21.78
28.78,5.17,81.4,20.43,510.12,-89.22,0.073,-0.34,0.9,-0.07,22.44
28.64,4.45,80.5,20.76,503.56,-86.49,0.023,0.59,0.59,0.31,21.14
28.57,5.08,80.0,20.12,493.71,-86.69,0.049,-0.23,-0.01,0.05,21.78
28.66,4.66,79.3,20.19,484.93,-85.89,0.027,0.67,-0.72,-0.01,21.23
28.84,4.65,80.8,19.85,504.99,-86.57,0.026,-1.48,0.79,0.67,21.34
28.66,4.87,80.0,20.56,501.45,-87.03,0.016,-0.38,-0.68,-0.08,20.8
28.89,5.3,80.3,20.39,492.79,-88.59,0.035,0.61,-0.28,-0.02,20.71
28.77,4.76,80.5,20.38,511.24,-84.37,0.02,0.28,-0.74,0.14,20.4
28.65,5.33,80.2,19.83,481.22,-86.98,0.056,-0.08,-1.11,0.04,20.24
28.84,5.02,79.3,19.31,475.97,-87.4,0.077,0.19,-0.83,-0.02,21.03
28.76,5.14,80.4,19.57,483.76,-86.67,0.02,0.27,-0.8,-0.39,20.48
28.59,5.57,80.7,19.33,489.84,-85.11,0.009,-0.02,0.01,-0.57,21.65
28.93,6.17,80.3,19.27,492.5,-87.15,0.018,-0.18,-0.41,0.2,20.39
28.74,5.31,80.5,20.09,487.59,-85.0,0.037,0.55,1.18,-0.35,20.8
28.72,5.87,80.7,19.55,493.61,-86.38,0.021,0.52,-0.62,-0.31,20.51
28.62,5.64,79.8,19.7,477.82,-85.53,0.015,0.63,-0.85,-0.32,19.71
28.87,5.66,79.8,19.94,505.18,-86.2,0.001,1.27,1.01,0.36,19.87
28.8,6.2,82.0,19.16,490.48,-85.52,0.006,0.19,0.97,-0.42,19.77
28.83,5.7,81.3,19.7,503.19,-85.16,0.055,1.28,-0.41,-0.81,20.94
28.7,5.68,80.3,18.95,496.32,-85.76,0.043,0.97,0.58,-0.02,20.85
28.88,6.24,81.0,19.53,498.49,-83.96,0.003,0.99,0.82,-0.25,21.09
28.9,6.66,79.7,19.8,500.8,-86.46,0.003,0.29,-0.82,-0.1,19.42
28.72,6.48,80.1,19.01,500.92,-84.44,0.081,0.6,0.07,0.25,19.75
28.65,5.91,79.7,19.69,504.36,-87.07,0.048,1.02,-1.01,0.4,20.54
28.9,6.22,81.0,19.48,512.86,-85.45,0.016,-0.64,-0.17,-0.51,20.0
28.66,6.77,81.1,19.24,503.32,-87.23,0.108,-0.02,0.07,-0.45,20.59
28.89,7.03,81.9,18.99,510.38,-87.12,0.108,0.17,0.19,-0.75,20.15
28.83,6.7,81.0,19.5,504.47,-83.85,0.183,0.73,-0.11,-0.1,20.13
29.05,6.53,82.1,19.61,521.99,-82.6,0.014,0.44,-0.25,0.55,19.65
28.88,7.27,81.9,19.35,503.18,-85.88,0.023,0.56,-0.34,-0.1,20.18
29.08,6.82,83.5,19.14,530.46,-87.06,0.032,0.31,-0.86,-0.15,20.59
28.91,6.74,83.1,19.78,514.68,-85.47,0.051,0.17,0.74,-0.72,20.09
29.11,6.75,83.1,19.96,503.54,-86.51,0.006,-0.95,1.13,0.01,20.56
29.27,6.7,82.7,19.92,522.03,-83.31,0.012,-0.25,0.77,-1.06,20.16
28.91,7.97,81.5,20.19,516.96,-84.25,0.013,0.53,0.64,0.2,20.33
29.1,7.62,82.6,19.45,535.33,-84.18,0.054,0.02,0.27,1.23,20.41
29.42,7.06,84.4,19.24,523.67,-85.12,0.019,-0.89,0.27,-0.53,20.95
29.13,7.84,83.2,19.93,529.13,-85.91,0.026,-0.29,0.81,0.11,21.17
29.16,7.54,82.3,19.71,518.2,-83.14,0.046,1.21,-0.67,-0.2,21.64
29.27,7.58,83.4,20.26,536.19,-84.78,0.03,-0.88,0.48,1.0,21.3
29.21,7.28,82.6,19.63,520.2,-86.05,0.074,-1.35,0.05,-1.5,21.21
29.03,7.4,82.9,19.73,532.43,-82.05,0.005,0.68,-0.34,0.13,21.87
29.4,7.6,84.1,20.16,559.8,-80.56,0.019,-0.07,-0.36,-0.31,21.36
29.06,7.07,84.6,20.28,564.08,-83.91,0.015,0.35,0.07,0.6,21.59
29.28,7.57,83.6,20.55,564.59,-83.49,0.051,0.53,0.03,-0.76,21.83
29.5,7.76,84.0,20.37,554.88,-81.18,0.02,-0.78,0.37,0.03,21.62
29.35,8.2,83.5,19.82,568.36,-84.22,0.076,0.54,-0.14,0.92,21.63
29.34,7.66,84.8,21.8,573.17,-81.96,0.01,-1.26,0.0,-0.41,21.7
29.56,8.13,83.6,20.7,566.07,-84.37,0.008,0.2,0.45,0.46,21.65
29.39,7.31,85.1,21.81,597.21,-82.67,0.026,0.49,-0.37,-0.06,21.8
29.37,8.32,85.7,20.86,595.53,-84.7,0.002,0.09,0.3,-0.81,22.55
29.59,7.73,84.4,20.65,589.2,-83.51,0.032,-0.78,0.61,-0.8,21.81
29.57,8.07,85.3,21.02,596.38,-85.48,0.044,-0.0,0.46,-0.06,22.44
29.47,8.18,86.3,21.63,602.96,-82.12,0.009,0.98,0.29,0.37,22.5
29.73,8.15,86.4,21.59,585.26,-82.12,0.013,0.33,-0.98,0.78,22.08
29.75,8.08,86.7,21.6,608.06,-84.12,0.033,-0.36,-0.15,0.5,23.12
29.68,7.76,87.3,21.6,608.6,-79.16,0.024,-0.01,0.11,-0.09,22.39
29.72,7.88,86.0,21.79,610.33,-82.2,0.03,0.58,0.32,-0.36,22.77
29.85,8.46,88.1,21.83,622.49,-82.39,0.025,0.94,-0.95,-0.0,23.18
29.97,8.0,87.6,22.43,648.25,-83.51,0.021,-1.06,-0.08,-0.29,23.96
29.83,8.16,87.6,22.47,641.68,-80.73,0.001,0.69,0.51,-1.37,23.72
29.98,7.75,86.8,21.95,634.58,-83.11,0.014,0.6,0.94,-0.07,23.79
30.0,8.46,88.4,21.91,651.03,-80.48,0.028,-0.56,-0.49,0.01,24.36
30.07,7.8,89.2,22.13,664.33,-82.8,0.048,0.3,-0.59,-0.43,23.87
30.01,8.47,89.2,22.58,664.61,-80.7,0.06,-0.15,-0.13,-1.03,24.93
29.93,7.88,89.5,22.93,660.98,-81.51,0.013,-0.53,1.92,0.02,24.49
30.01,8.49,89.3,22.98,658.92,-79.9,0.036,-0.08,0.79,0.05,24.5
30.14,8.18,89.8,23.36,677.37,-82.89,0.003,-0.84,0.8,-0.43,23.89
30.35,8.0,89.2,23.28,679.3,-80.12,0.013,0.05,-0.38,0.98,25.16
30.11,8.63,90.3,24.0,689.26,-82.14,0.005,-0.28,0.18,-0.02,25.15
30.3,8.11,90.1,23.77,691.58,-81.5,0.019,-0.16,0.31,-0.43,25.01
30.19,8.0,89.9,23.74,700.61,-79.52,0.031,-0.19,0.28,0.58,25.06
30.28,8.36,91.6,23.36,689.61,-80.19,0.085,-0.11,-0.81,-0.49,26.23
30.48,7.61,90.0,24.16,712.94,-79.56,0.056,-0.44,-1.06,0.47,25.27
30.42,7.27,91.9,24.36,706.49,-78.86,0.005,-1.52,0.63,0.35,25.89
30.21,8.34,92.2,24.09,729.97,-79.61,0.043,1.17,-0.74,-0.57,25.92
30.32,7.71,91.5,24.09,706.96,-79.93,0.026,1.04,-0.1,0.69,26.35
30.56,8.18,93.0,25.02,735.79,-81.1,0.051,0.44,-0.56,-0.15,25.47
30.46,7.9,91.9,24.45,724.92,-76.17,0.019,-0.23,-0.55,-0.25,26.67
30.33,7.49,92.1,25.0,720.86,-78.52,0.007,0.47,-0.31,-0.36,27.2
30.4,7.98,91.8,25.1,726.9,-79.21,0.002,-1.05,-0.43,-0.63,25.96
30.61,7.63,92.9,25.39,732.82,-79.57,0.009,0.55,0.68,0.19,26.5
30.67,7.38,92.4,25.05,744.46,-78.65,0.006,-0.32,0.35,0.12,27.26
30.58,7.34,92.7,25.49,749.55,-78.85,0.028,-0.8,-0.0,-0.5,27.13
30.9,7.08,93.5,25.33,742.6,-77.93,0.031,0.7,-0.21,-0.16,27.61
30.72,7.67,93.7,25.84,752.01,-79.46,0.017,0.3,0.07,-0.83,27.79
30.61,7.21,94.9,26.13,777.49,-75.97,0.018,-0.29,0.27,0.49,27.73
30.57,7.42,94.8,26.41,777.05,-77.34,0.06,-0.03,-0.91,-0.34,28.5
30.57,7.32,94.6,26.76,767.74,-80.97,0.005,-0.56,0.08,-0.35,28.24
30.75,7.03,94.2,26.28,767.25,-77.72,0.003,0.31,0.15,0.23,27.55
30.67,6.79,94.2,26.4,771.45,-76.83,0.002,0.29,-0.17,-0.48,28.5
30.94,7.94,94.6,27.08,779.64,-79.91,0.019,0.22,-0.84,0.48,28.34
30.94,7.1,94.3,26.96,766.41,-76.18,0.046,-1.29,-0.58,0.12,28.71
30.85,7.59,94.4,27.32,777.07,-76.78,0.033,0.14,0.44,-0.09,29.09
30.65,7.33,95.0,27.7,765.84,-79.59,0.003,-0.67,0.04,-0.97,29.4
30.73,6.81,94.5,26.84,789.27,-77.79,0.021,0.54,0.12,1.37,28.91
30.97,6.89,94.6,27.53,794.37,-79.15,0.001,-0.04,-0.4,-1.26,29.34
30.77,6.81,96.1,27.16,785.54,-76.09,0.004,1.31,0.65,-0.62,28.69
30.98,7.25,94.4,28.03,808.46,-78.78,0.007,-0.33,-0.19,0.2,29.05
30.91,6.87,94.7,27.17,782.66,-78.57,0.017,-0.84,-0.64,-0.15,29.12
30.87,6.3,96.6,28.01,782.33,-76.96,0.014,-0.51,0.17,1.0,29.87
30.79,6.58,95.4,27.6,801.14,-73.9,0.034,0.01,-0.79,0.29,30.25
30.87,6.64,96.9,28.09,811.13,-75.09,0.043,-0.65,0.11,-0.48,30.94
30.91,5.97,94.9,28.43,819.12,-78.33,0.071,-1.43,0.41,0.91,30.1
31.01,6.39,95.9,27.85,799.16,-78.62,0.028,0.38,-1.08,0.23,30.3
30.79,6.57,96.5,27.65,815.85,-77.6,0.009,1.25,0.59,0.18,29.24
30.87,5.84,95.2,28.16,805.84,-78.75,0.021,0.83,-1.2,0.19,29.3
30.9,5.8,97.3,28.19,805.5,-75.4,0.031,-0.21,0.49,0.85,29.75
30.98,6.29,95.7,27.95,816.92,-75.53,0.006,-0.34,0.1,0.15,29.67
30.79,5.76,96.4,27.77,815.31,-75.09,0.016,-0.03,0.43,-0.29,30.45
30.74,5.5,95.5,28.96,793.56,-76.33,0.012,0.68,-0.64,-0.05,31.0
30.98,5.99,97.2,29.12,824.47,-76.18,0.031,-0.35,-1.05,-0.47,30.37
30.71,5.82,96.2,28.45,823.73,-77.91,0.003,-0.12,0.38,0.48,30.16
31.04,5.61,97.6,28.61,803.74,-75.85,0.052,1.35,-0.91,-0.97,30.59
30.86,5.84,96.9,29.04,813.87,-74.33,0.003,0.08,0.18,0.64,30.23
30.69,5.79,96.6,29.09,814.6,-76.83,0.053,0.85,0.77,-0.54,30.34
30.81,5.34,95.1,29.47,811.86,-75.54,0.004,0.2,-0.08,-0.2,30.51
30.9,5.89,95.9,29.1,803.19,-76.02,0.045,-0.03,-0.03,-0.45,30.78
30.78,5.71,95.5,28.55,801.26,-76.9,0.06,-0.01,-0.36,-0.5,29.98
30.84,4.57,95.7,29.22,806.84,-75.3,0.026,-0.87,0.64,0.2,29.86
30.91,4.79,95.7,28.72,817.8,-73.33,0.071,0.26,-0.11,0.37,30.34
30.79,4.36,94.8,28.95,810.32,-73.97,0.01,0.3,0.29,0.26,30.9
30.69,4.88,95.3,29.38,799.84,-77.28,0.012,-0.65,-1.11,-1.02,30.19
30.75,4.56,95.2,28.68,809.78,-75.83,0.014,0.69,-0.31,0.33,31.43
30.94,4.62,94.4,28.97,771.93,-74.91,0.098,0.07,-0.17,-0.49,31.03
30.95,5.14,95.7,28.57,810.12,-75.88,0.002,-0.16,-0.38,0.67,30.95
30.49,4.23,95.2,28.65,779.3,-77.93,0.0,0.91,-0.21,0.7,31.01
30.84,4.74,95.5,28.79,791.0,-77.14,0.002,-0.88,-0.04,-0.41,30.82
30.72,4.69,95.1,29.53,781.2,-75.07,0.02,0.27,0.01,-1.23,30.82
30.78,4.58,93.2,28.95,777.09,-73.13,0.007,0.39,-0.62,-0.07,31.09
30.58,4.6,93.8,29.84,799.14,-77.01,0.02,0.17,0.53,-0.15,30.96
30.42,3.85,95.6,29.22,780.22,-77.48,0.023,-0.33,-0.34,0.3,30.63
30.68,4.24,94.8,29.2,785.6,-74.38,0.02,1.31,1.46,0.15,31.24
30.47,4.91,92.7,28.43,778.76,-75.75,0.018,0.43,1.15,0.33,30.45
30.39,4.05,94.2,28.71,780.97,-76.71,0.015,-0.56,0.08,-0.2,30.18
30.37,4.88,92.9,28.32,773.82,-76.45,0.012,-0.38,-0.14,0.69,29.71
30.58,3.93,91.8,28.56,756.95,-76.41,0.012,-1.09,0.19,0.28,29.95
30.5,3.86,94.6,28.45,776.35,-75.1,0.007,-0.1,-0.19,-0.46,30.65
30.54,4.01,93.1,28.53,757.94,-75.93,0.015,1.24,-0.08,0.45,30.08
30.5,4.61,93.0,28.77,743.7,-78.61,0.024,-0.85,0.58,0.32,30.21
30.34,4.09,91.6,28.32,751.26,-76.56,0.084,0.19,-0.6,-0.53,29.96
30.36,4.34,91.5,28.63,766.72,-73.66,0.039,-0.21,-0.23,-0.65,29.36
30.27,4.25,91.0,27.75,756.28,-74.81,0.072,0.19,0.2,-0.25,29.64
30.28,4.2,93.2,28.33,740.27,-74.65,0.007,0.22,-0.43,0.02,29.32
30.16,4.59,90.5,27.94,736.14,-77.84,0.009,0.11,0.05,-0.59,29.38
30.29,4.43,92.9,28.09,732.21,-76.11,0.011,-0.86,-0.33,0.24,29.1
30.34,3.86,90.6,28.21,751.9,-75.29,0.103,-0.5,0.45,0.55,29.54
30.08,4.12,90.1,27.3,730.58,-76.68,0.023,-0.24,-0.22,-0.65,29.56
30.3,4.73,90.8,28.22,726.61,-75.09,0.052,0.07,0.42,-0.34,29.13
30.13,4.31,90.1,27.53,728.1,-78.22,0.05,0.81,-0.52,0.45,28.2
30.11,3.77,90.5,28.15,715.6,-76.7,0.065,1.3,-0.48,0.33,28.33
29.84,3.8,89.5,27.41,705.97,-77.99,0.007,-0.07,0.92,0.32,29.01
29.79,4.51,89.7,27.73,701.89,-74.97,0.022,-0.26,-0.95,-0.05,28.32
29.99,4.47,89.1,27.17,698.38,-77.35,0.027,0.09,-0.34,0.17,28.19
30.04,4.01,90.1,27.12,693.92,-77.67,0.022,0.17,-0.12,0.63,28.38
29.83,4.53,89.6,26.95,696.71,-79.15,0.058,1.11,-1.17,0.62,27.9
30.07,4.81,89.1,26.7,685.06,-76.3,0.083,-0.87,-0.17,-0.22,27.22
29.93,4.8,89.5,26.56,686.95,-76.98,0.007,0.42,-1.24,0.05,27.56
29.7,4.87,88.6,26.6,673.86,-77.77,0.002,0.69,0.09,0.4,27.62
29.77,4.59,88.3,26.58,670.48,-76.94,0.04,-0.55,0.05,0.23,27.41
30.03,4.41,87.8,26.33,644.71,-76.34,0.021,0.78,-1.41,-0.01,27.77
29.55,4.38,87.1,26.3,668.84,-77.75,0.084,-0.6,-0.18,0.38,27.37
29.73,4.54,86.9,25.45,658.12,-77.5,0.037,-0.89,-0.19,-0.14,27.19
29.59,4.32,87.3,26.15,659.61,-77.46,0.011,-0.14,-0.27,0.24,27.49
29.68,4.52,87.7,25.43,615.64,-81.03,0.023,0.46,-0.56,0.05,26.24
29.72,5.06,87.1,24.97,660.47,-77.8,0.069,-1.14,0.3,-0.38,27.34
29.49,4.25,86.9,26.05,633.18,-81.08,0.057,-1.04,-0.72,-0.63,27.21
29.63,4.32,85.3,25.75,640.66,-78.73,0.019,0.64,0.36,1.06,26.34
29.73,5.08,86.4,25.11,614.21,-78.01,0.008,-0.09,0.63,-0.61,26.07
29.44,4.79,85.4,25.34,625.78,-81.72,0.003,0.23,-0.34,0.04,26.6
29.49,4.37,85.6,24.7,604.2,-79.03,0.006,0.35,-0.46,0.08,25.8
29.3,4.99,85.7,24.5,603.61,-79.76,0.018,-0.88,0.04,0.06,25.88
29.34,5.01,84.1,24.3,624.14,-79.73,0.038,-0.35,0.64,0.44,25.69
29.28,5.0,84.9,24.14,598.3,-78.32,0.006,-0.02,-1.04,-0.19,25.61
29.37,5.4,84.7,24.12,597.63,-76.76,0.034,-0.54,-0.22,-0.15,24.81
29.39,4.86,85.1,23.81,599.45,-78.64,0.011,-0.24,-0.09,0.05,25.26
29.2,5.33,83.7,22.91,591.07,-79.84,0.029,0.56,0.3,-0.84,24.57
29.37,5.34,83.8,23.69,583.04,-82.03,0.02,-1.23,-0.03,-0.5,24.52
29.34,5.48,83.8,23.27,580.68,-78.09,0.062,0.1,0.2,0.62,24.97
29.23,5.02,83.0,23.56,596.63,-80.52,0.078,-0.63,0.09,-0.26,24.24
29.04,5.45,82.8,23.23,567.66,-82.94,0.015,-0.17,-0.07,-0.97,24.03
29.0,5.69,82.6,23.38,565.96,-82.28,0.014,-0.15,0.32,-0.78,24.21
28.95,5.92,82.7,23.02,570.26,-82.59,0.028,0.07,-0.01,-0.43,24.51
29.14,6.38,84.1,22.43,566.71,-82.49,0.01,-0.04,0.12,-0.27,24.77
28.86,6.15,82.4,22.28,563.51,-79.44,0.026,0.18,-0.01,-0.24,24.11
29.06,6.12,82.7,22.15,554.11,-80.8,0.016,0.37,-0.26,0.69,23.96
28.83,6.44,82.1,22.14,532.48,-80.42,0.019,-0.94,0.54,0.14,23.35
29.03,6.04,81.7,22.06,556.53,-85.57,0.047,-0.21,0.77,0.59,24.23
28.92,6.67,81.8,22.49,525.13,-80.36,0.004,-0.47,-0.13,0.16,23.14
29.05,6.62,82.3,22.09,536.13,-80.7,0.005,-1.04,-0.68,0.21,22.91
29.01,6.22,81.4,21.24,522.19,-84.47,0.004,-0.59,0.55,-0.16,22.93
29.03,7.01,81.2,21.46,525.84,-83.79,0.029,0.61,-0.54,0.57,22.75
29.01,6.64,81.0,21.62,526.63,-80.36,0.061,-0.15,0.83,-0.53,21.98
28.84,7.24,80.3,21.16,523.55,-83.09,0.07,0.31,0.72,-0.09,22.1
28.67,6.75,81.8,21.41,521.67,-80.82,0.022,0.26,0.03,-0.66,22.4
28.67,6.56,80.5,20.97,530.84,-82.46,0.031,-0.54,-0.51,0.28,21.8
28.53,6.57,81.9,21.1,516.62,-83.38,0.035,0.32,0.07,0.77,22.26
28.64,6.76,80.8,20.83,507.17,-82.95,0.019,-0.66,-0.1,0.23,21.89
28.76,6.77,81.7,20.96,516.91,-85.86,0.032,0.43,-0.23,-1.26,22.14
28.68,7.39,80.3,21.32,516.96,-82.44,0.013,-0.36,0.92,1.13,21.6
28.71,7.07,79.8,21.02,490.73,-84.94,0.03,-0.8,0.27,-0.13,21.74
28.79,6.66,81.1,20.23,507.07,-86.02,0.021,0.08,0.43,0.33,20.71
28.68,7.28,79.8,21.39,506.34,-85.63,0.005,-0.42,-0.77,0.03,20.7
28.58,7.31,81.2,20.83,494.74,-84.9,0.056,0.38,0.84,-0.3,20.92
28.7,7.2,80.6,20.08,510.0,-82.78,0.009,0.43,-0.55,-0.6,21.28
28.6,7.48,81.3,19.93,493.43,-84.99,0.003,-1.79,-0.12,0.28,20.75
28.67,7.45,79.3,20.27,495.03,-82.78,0.053,2.07,0.02,0.48,21.27
28.86,7.71,80.8,20.32,491.03,-82.71,0.06,-0.77,0.42,-0.33,21.06
28.67,7.75,79.4,20.62,492.07,-82.71,0.001,0.43,0.71,-0.7,20.64
28.91,7.74,78.1,20.11,480.25,-81.52,0.083,-0.27,0.25,-0.15,20.85
28.87,7.29,80.7,19.63,476.27,-83.69,0.002,0.2,0.39,0.88,20.52
28.63,8.36,80.0,19.62,506.24,-83.64,0.007,-0.37,-1.37,0.41,20.76
28.57,7.31,80.8,19.96,481.6,-85.59,0.0,0.88,0.64,-0.07,20.37
28.71,7.78,80.1,19.22,480.09,-88.21,0.0,-0.86,0.15,-0.57,20.69
28.86,7.54,80.1,20.16,468.56,-84.37,0.003,0.62,-0.08,0.15,21.03
28.67,8.02,81.3,19.4,483.95,-87.01,0.065,-1.15,0.18,0.66,19.95
28.84,7.98,80.2,19.89,477.52,-87.16,0.002,0.06,0.1,0.09,20.13
28.89,7.93,79.8,19.94,507.73,-86.92,0.041,-0.83,0.33,0.12,20.12
28.66,8.47,80.2,20.56,502.13,-84.3,0.025,0.43,-0.61,0.39,20.48
28.68,8.38,80.5,19.35,486.03,-83.92,0.046,0.21,-0.11,0.01,20.67
28.86,7.97,78.1,19.34,516.46,-85.23,0.054,0.32,-0.6,-0.25,19.62
28.81,8.34,80.9,19.31,504.94,-87.23,0.016,-0.16,0.4,0.2,20.23
28.72,8.59,81.7,19.47,493.21,-86.08,0.005,-0.16,0.32,0.32,20.31
28.78,8.47,80.6,19.18,472.96,-83.63,0.0,-0.08,-0.27,0.26,20.65
28.83,8.11,80.5,19.82,522.5,-86.23,0.066,-0.7,-0.97,-0.54,19.95
28.66,7.69,81.2,19.75,487.48,-86.67,0.024,1.55,-1.18,0.08,20.61
28.96,8.28,82.4,19.32,486.86,-83.97,0.022,-0.48,0.29,-0.92,20.45
28.83,8.39,81.5,19.17,515.62,-82.65,0.041,-0.24,0.38,0.07,21.06
28.57,7.97,81.5,19.28,532.01,-86.64,0.012,0.19,-0.25,-0.01,21.26
28.92,8.21,81.1,19.29,523.82,-88.67,0.151,-0.27,-0.43,0.2,20.73
28.86,8.17,80.7,19.66,518.12,-86.18,0.025,0.17,-1.13,-0.26,20.34
29.17,8.61,81.7,19.58,521.07,-86.86,0.002,-1.11,-1.5,0.27,20.68
28.92,8.75,81.9,19.84,526.42,-84.2,0.006,-0.02,0.8,0.47,20.76
28.89,8.54,80.5,20.11,528.38,-88.4,0.011,-0.56,-0.22,-0.1,20.79
29.1,8.15,81.6,19.74,526.63,-87.92,0.005,0.24,0.28,-0.75,20.81
28.99,8.5,83.3,19.89,528.01,-87.15,0.072,0.92,0.31,0.23,20.91
29.0,8.34,82.4,20.59,529.62,-85.6,0.018,1.14,-0.54,-0.23,21.18
29.18,8.1,80.8,19.99,526.1,-88.28,0.016,-0.27,-0.22,0.15,21.71
29.02,8.73,84.2,19.68,534.33,-85.12,0.042,-1.5,0.84,0.01,20.18
29.0,7.85,82.4,19.89,523.83,-87.51,0.052,0.2,-0.33,-0.83,21.51
29.41,8.23,83.0,19.41,543.5,-89.08,0.009,-0.22,0.03,0.12,21.13
29.31,8.27,84.4,20.25,538.43,-88.12,0.001,-0.56,0.24,0.44,20.84
29.23,7.9,83.2,19.95,541.21,-88.93,0.005,0.15,0.63,-0.27,20.71
29.3,8.12,82.4,19.91,558.07,-88.84,0.059,0.13,0.49,-1.04,21.47
29.39,8.2,84.4,20.01,574.31,-84.04,0.016,0.43,-0.69,0.2,21.46
29.48,7.95,85.1,20.8,573.79,-86.74,0.008,-0.3,0.41,-0.13,21.12
29.3,7.97,84.3,20.4,553.19,-85.37,0.13,-0.36,-0.48,0.91,21.64
29.47,7.82,84.8,20.86,563.37,-87.6,0.007,-0.38,-0.38,-0.6,22.18
29.39,7.98,84.2,20.83,587.12,-86.08,0.049,-0.41,-0.63,1.02,22.51
29.47,7.62,84.6,20.87,572.41,-88.21,0.245,0.41,0.08,0.45,22.05
29.54,7.54,85.3,20.77,584.58,-84.43,0.005,-0.48,-0.14,-0.0,22.18
29.55,7.59,86.4,21.19,596.97,-87.38,0.034,-0.86,1.2,-0.37,22.5
29.68,7.88,86.2,20.98,586.49,-88.26,0.054,0.29,0.89,-0.38,22.85
29.68,6.95,87.1,21.31,601.99,-88.9,0.076,0.27,-0.37,-0.05,22.59
29.48,7.14,87.9,21.76,592.4,-88.7,0.011,1.15,-0.69,0.59,22.79
29.53,8.03,87.5,21.96,604.58,-88.87,0.002,1.49,-0.2,-0.6,22.63
29.68,7.37,85.8,21.47,618.69,-84.36,0.001,0.91,0.25,-0.07,22.86
29.98,7.1,87.1,21.88,604.48,-87.25,0.013,0.4,-0.07,-0.4,22.82
29.69,7.4,88.3,22.08,629.77,-87.34,0.005,-0.01,0.38,-0.19,22.8
29.8,6.86,87.7,22.1,630.15,-81.93,0.014,-0.46,-1.09,0.38,22.88
29.8,6.39,86.8,22.42,640.87,-84.55,0.068,1.33,0.8,-0.04,23.17
29.83,7.06,87.9,22.56,642.59,-88.69,0.008,0.23,1.22,0.23,23.29
29.95,6.66,86.8,23.07,659.02,-84.75,0.026,0.87,-1.06,-0.02,23.94
30.14,6.84,88.6,23.32,651.65,-87.26,0.114,-0.03,0.37,-0.79,24.15
30.06,6.84,88.5,22.65,651.13,-86.88,0.014,0.31,0.08,-1.24,23.96
29.94,6.71,89.0,23.43,661.67,-87.52,0.007,0.12,0.3,-0.35,23.96
30.4,6.08,90.5,23.15,670.89,-86.81,0.088,-0.4,-1.32,0.67,25.31
30.11,6.53,88.7,23.08,670.94,-87.43,0.026,0.33,-1.2,0.62,24.43
30.07,6.58,89.5,23.5,675.83,-86.98,0.002,1.35,-0.01,-0.25,24.54
30.34,5.95,89.4,23.36,673.36,-87.04,0.004,-0.32,-0.39,0.34,24.31
30.14,5.84,91.4,23.57,678.67,-85.64,0.026,-0.13,-0.36,0.4,25.3
30.43,5.9,91.7,23.36,676.16,-85.53,0.02,-1.1,0.21,0.55,25.99
30.16,6.37,91.3,23.92,712.52,-86.01,0.018,0.37,0.73,0.11,25.35
30.47,5.47,91.5,24.37,687.39,-83.92,0.024,0.36,-0.68,-0.41,25.45
30.35,6.24,90.5,24.44,697.65,-84.46,0.014,0.34,0.02,1.1,25.86
30.51,6.04,91.9,24.47,702.09,-84.01,0.054,-0.16,-0.48,0.28,26.04
30.61,5.77,91.0,25.1,722.87,-87.02,0.088,-0.24,0.1,0.01,25.08
30.28,5.33,92.2,25.39,715.54,-87.55,0.011,0.11,-0.16,0.02,26.5
30.6,5.46,92.1,24.97,735.48,-85.31,0.034,0.31,0.36,0.03,27.15
30.3,5.86,92.1,25.5,720.7,-85.02,0.014,-0.01,-0.89,0.47,26.58
30.37,5.93,92.8,25.21,734.59,-87.05,0.005,-0.28,0.4,-0.36,26.68
30.43,5.17,93.5,25.27,727.72,-84.96,0.007,-0.95,-0.5,0.5,27.2
30.61,5.75,94.6,25.72,761.72,-87.94,0.008,0.58,-0.61,-0.16,27.3
30.58,5.55,93.8,25.51,732.5,-85.77,0.02,0.08,-0.28,-0.3,27.26
30.58,5.27,95.3,24.85,751.49,-87.11,0.009,-0.85,0.78,0.26,27.65
30.64,4.99,93.9,25.73,758.64,-84.43,0.022,0.37,0.1,0.94,27.82
30.72,4.97,95.3,25.43,760.25,-83.76,0.0,0.4,0.09,0.54,27.18
30.75,5.63,94.4,25.96,757.97,-87.96,0.011,-0.29,0.57,-0.16,27.33
30.82,5.07,94.4,26.04,762.13,-89.37,0.015,-0.62,-1.72,1.26,27.42
30.93,5.36,94.2,26.18,767.35,-82.23,0.029,0.63,-0.78,0.37,27.48
30.72,4.97,94.8,26.14,768.82,-86.25,0.001,-0.29,-0.1,0.45,28.55
30.68,4.71,95.0,26.22,783.18,-85.2,0.077,-1.41,0.45,-0.08,28.68
30.84,4.97,93.7,26.54,798.78,-85.84,0.011,-0.04,0.22,-0.35,28.67
30.64,5.39,95.5,26.76,774.11,-82.39,0.02,0.09,0.18,-0.23,29.29
30.71,4.49,93.9,26.91,768.87,-82.61,0.036,0.07,0.08,0.29,28.63
30.93,4.91,95.7,27.23,784.43,-84.41,0.014,-0.43,1.11,0.67,28.61
30.81,4.65,95.7,27.5,813.73,-82.75,0.03,0.04,0.72,0.09,29.05
30.69,4.11,96.5,27.01,782.37,-83.22,0.02,0.42,0.05,0.15,29.58
30.67,4.07,94.8,27.17,809.14,-83.06,0.019,-1.28,0.2,0.51,29.0
30.86,4.33,94.8,28.17,811.73,-82.44,0.006,0.33,0.15,-1.16,30.13
31.0,4.54,96.5,27.96,791.47,-83.27,0.015,0.51,-2.14,-1.21,29.43
31.01,4.66,94.8,27.52,804.61,-83.9,0.007,-0.2,-0.58,-0.12,29.77
30.89,3.9,94.8,27.45,816.97,-81.65,0.047,-0.8,-0.09,-0.94,29.73
31.13,4.53,96.0,27.81,798.51,-82.62,0.004,0.54,0.58,-0.56,29.6
30.88,4.28,95.8,27.99,801.73,-82.74,0.001,0.77,0.19,0.02,30.21
30.88,4.29,96.0,28.4,799.26,-82.42,0.015,-0.67,0.35,-0.46,28.55
30.59,4.44,96.4,27.44,796.09,-83.38,0.0,-0.1,-0.55,-0.49,29.88
30.85,4.77,96.4,27.99,800.75,-84.29,0.013,-0.59,-0.26,0.6,30.42
31.0,4.33,95.9,29.03,795.86,-83.13,0.045,-0.37,-1.08,0.15,29.59
31.09,3.81,96.0,28.48,809.13,-81.71,0.048,-0.03,0.4,-1.03,29.96
30.8,4.16,95.9,28.56,801.63,-82.03,0.014,0.56,-0.33,0.53,30.11
30.95,4.46,96.0,28.4,812.05,-83.4,0.029,0.37,-0.57,0.02,30.23
31.02,4.47,94.9,28.94,794.37,-83.74,0.029,0.08,0.19,0.47,30.18
30.89,4.4,96.6,28.08,813.31,-83.31,0.017,1.33,0.7,-0.67,30.06
30.61,4.05,96.8,28.61,818.24,-81.61,0.023,-0.78,0.4,0.11,30.49
30.9,3.8,96.4,28.08,789.72,-78.82,0.029,-0.34,0.06,-0.05,30.88
30.96,4.39,96.3,28.84,812.99,-82.88,0.017,0.06,-0.63,0.27,30.75
30.74,3.86,95.0,28.73,820.96,-79.87,0.087,-0.19,-0.01,-0.05,31.03
30.82,4.44,94.6,28.34,795.87,-82.89,0.06,-0.12,0.19,-0.64,30.57
30.7,4.46,96.3,29.29,823.81,-79.51,0.036,0.52,-0.3,-0.15,31.17
30.52,4.13,95.6,29.2,810.24,-81.55,0.025,-0.53,0.42,0.11,30.17
30.93,4.26,95.6,29.34,797.82,-80.52,0.035,1.07,-0.59,-1.03,31.22
30.8,4.38,95.6,28.46,802.97,-79.2,0.053,-0.55,-0.75,-0.81,31.14
30.97,4.16,95.5,28.65,807.62,-79.99,0.004,-0.44,-0.49,-0.16,30.07
30.87,3.96,95.7,29.42,801.16,-79.62,0.004,0.68,-0.39,0.4,30.88
30.71,4.39,95.0,29.28,804.0,-79.71,0.014,0.73,0.24,-0.2,30.63
30.72,4.46,93.5,29.48,787.47,-76.95,0.086,-0.19,0.8,-0.99,30.63
30.78,4.88,95.4,28.9,796.29,-81.51,0.004,0.75,0.55,-0.14,30.67
30.81,4.28,95.2,28.92,778.23,-79.68,0.022,-0.54,-0.41,-0.08,30.37
30.71,4.88,93.5,29.16,788.89,-79.32,0.008,-1.14,-0.47,-0.37,30.97
30.78,4.26,93.5,28.44,778.46,-80.54,0.005,0.59,-0.43,-0.09,30.56
30.59,4.24,95.0,28.95,777.51,-77.89,0.063,-0.91,-0.31,-0.13,30.06
30.49,4.61,95.0,29.74,794.45,-79.62,0.035,-0.01,0.54,-0.14,30.45
30.57,4.46,91.8,28.69,790.11,-77.62,0.031,1.14,0.76,0.1,30.23
30.58,4.39,94.1,28.21,782.25,-78.59,0.025,-0.57,0.75,-0.41,30.61
30.39,5.44,93.4,28.86,762.09,-79.15,0.038,-0.78,0.36,-0.87,29.78
30.34,4.78,93.5,28.35,766.57,-75.9,0.043,-0.57,0.24,-1.21,31.04
30.53,5.66,93.3,28.57,778.47,-81.12,0.014,-0.74,0.61,0.37,30.22
30.4,4.73,92.4,28.93,764.25,-77.33,0.015,-0.66,-0.0,-0.56,29.6
30.4,4.58,93.4,28.68,782.41,-76.05,0.007,-0.92,-0.05,0.16,29.93
30.35,5.54,92.1,28.24,759.42,-80.27,0.06,0.58,0.11,0.44,29.74
30.55,5.0,93.0,28.63,753.58,-77.97,0.004,-1.01,-0.39,-0.23,29.52
30.49,5.33,93.0,27.67,744.63,-77.12,0.024,0.39,0.39,0.67,29.92
30.16,4.95,91.3,28.24,745.03,-79.03,0.001,-0.99,-0.55,0.63,30.55
30.21,5.41,91.1,27.95,738.05,-76.78,0.021,0.09,-0.14,0.64,30.3
30.34,5.08,91.7,27.17,742.45,-75.39,0.059,0.53,0.99,0.86,29.53
30.28,5.54,92.5,27.48,740.64,-76.34,0.079,-0.02,0.77,0.74,29.03
30.17,5.49,90.6,27.8,718.84,-74.52,0.056,-0.73,0.2,0.52,29.34
30.01,5.78,90.6,27.97,708.94,-78.84,0.043,-0.03,-0.82,-1.04,29.41
30.03,5.97,90.9,27.61,699.37,-77.51,0.005,-0.32,-0.21,-0.09,29.08
30.02,5.93,90.9,27.39,718.23,-79.37,0.027,-0.11,0.54,0.35,29.17
30.08,6.07,90.6,27.66,697.46,-77.71,0.004,-0.77,0.34,-0.05,28.92
30.22,5.97,89.9,27.36,682.26,-76.16,0.003,0.22,-0.11,-0.49,28.73
29.89,5.95,89.4,27.5,702.92,-76.45,0.0,-0.17,0.75,0.34,28.0
29.82,6.3,89.7,27.23,719.15,-77.6,0.008,0.46,-0.02,1.06,28.3
29.9,6.2,86.6,26.66,689.31,-76.9,0.041,0.62,-0.0,0.08,28.98
30.0,6.28,90.4,27.01,692.86,-79.61,0.02,0.21,0.55,-0.25,28.27
29.67,6.5,88.5,26.99,680.37,-76.52,0.005,-0.19,0.1,0.59,28.4
29.98,6.15,88.6,27.01,673.61,-74.19,0.009,-0.46,0.13,0.02,28.59
29.75,6.96,89.9,26.2,678.81,-78.78,0.009,-0.52,-0.55,0.44,27.16
29.65,6.53,87.3,26.12,661.72,-76.45,0.052,0.2,-0.36,-0.95,28.52
29.51,6.72,89.5,26.42,662.29,-74.31,0.01,0.31,-0.01,-0.26,27.72
29.75,6.74,88.0,26.27,657.81,-77.84,0.007,-0.08,1.55,-0.12,27.64
29.61,7.02,87.5,25.66,642.88,-76.56,0.017,-0.01,-0.51,-0.76,26.76
29.62,7.0,87.4,25.46,654.46,-74.48,0.065,-0.83,-0.54,-0.49,27.16
29.46,6.95,86.0,25.4,637.77,-72.29,0.041,0.09,0.04,-0.07,26.39
29.49,7.47,85.1,25.43,626.95,-75.76,0.033,-0.28,1.14,0.08,26.61
29.44,6.14,85.2,24.94,634.88,-75.6,0.076,0.7,0.78,0.13,26.52
29.45,7.54,86.8,25.25,615.55,-77.85,0.048,0.19,-0.38,0.38,26.13
29.35,7.51,85.0,24.35,619.87,-75.52,0.012,-0.18,-0.34,0.71,26.52
29.22,6.75,84.1,24.52,614.58,-76.52,0.002,0.24,0.18,0.34,25.69
29.69,7.64,85.2,24.72,620.64,-75.53,0.003,1.13,-0.28,-0.83,24.93
29.17,7.74,85.5,24.19,609.69,-75.3,0.014,0.52,1.06,-0.07,25.48
29.33,7.65,84.8,24.21,599.89,-76.35,0.013,-0.34,0.3,-0.49,25.91
29.06,7.07,85.0,24.16,603.57,-74.06,0.055,0.31,-0.67,-0.42,26.23
29.0,7.8,85.2,24.8,604.59,-75.18,0.12,1.74,-0.19,0.12,25.61
29.23,7.95,84.5,23.45,591.63,-77.08,0.095,0.53,0.27,0.01,25.35
29.21,7.52,83.7,23.84,581.58,-77.85,0.032,-0.08,0.33,0.46,24.61
29.31,7.88,83.2,23.25,563.85,-73.84,0.016,0.75,0.07,-0.32,25.52
29.18,7.69,84.1,23.09,561.88,-74.35,0.014,-1.08,-0.17,0.4,24.71
29.08,8.1,83.5,23.0,565.12,-75.62,0.001,-0.63,0.51,-0.23,24.57
28.96,7.78,82.4,23.11,557.8,-78.0,0.061,-1.13,0.87,-0.43,24.37
29.23,7.74,83.9,23.52,557.83,-76.52,0.07,-0.95,0.47,0.41,23.5
29.14,7.94,82.9,23.28,556.16,-75.32,0.007,0.01,0.02,1.0,23.96
28.85,7.59,83.0,22.56,556.88,-77.52,0.013,-0.83,-0.65,0.04,23.07
28.98,7.98,82.0,22.49,546.97,-73.33,0.029,-0.6,-0.08,-0.46,23.83
28.97,8.16,83.0,22.65,548.72,-78.0,0.01,-1.03,-0.88,0.3,23.49
28.89,8.34,80.7,22.32,540.79,-78.0,0.013,0.28,0.2,-0.12,22.95
29.01,8.18,83.1,21.94,516.79,-75.94,0.019,-0.74,0.36,0.24,23.51
28.99,7.7,80.1,22.26,523.67,-74.43,0.014,0.52,0.5,0.08,22.77
28.85,8.55,80.4,22.46,528.25,-80.16,0.003,-0.08,0.69,0.75,22.64
28.82,8.59,81.5,22.13,514.34,-77.68,0.039,0.84,0.1,0.51,22.85
29.02,8.21,80.8,22.11,529.3,-80.57,0.005,-0.21,0.66,0.44,22.5
28.93,7.96,80.8,21.46,535.6,-74.56,0.058,0.52,-0.28,0.91,22.47
28.82,8.03,80.5,21.01,529.6,-77.85,0.012,0.12,-0.01,0.37,22.66
28.6,8.14,80.2,20.56,512.53,-74.16,0.009,0.36,0.95,0.24,21.82
28.82,8.28,81.0,20.42,526.96,-79.29,0.037,0.57,0.21,-0.46,21.67
28.85,8.11,80.6,20.96,511.06,-78.39,0.044,0.11,0.48,-0.74,21.78
28.42,7.94,81.2,21.1,503.87,-77.42,0.011,0.23,0.8,0.34,21.74
28.78,8.5,80.5,21.11,498.9,-76.26,0.07,0.34,-0.18,0.81,21.91
28.69,8.26,80.0,20.79,499.96,-76.94,0.033,-0.97,0.26,0.82,22.32
28.7,7.85,80.9,20.35,497.19,-78.08,0.004,0.22,0.99,-0.29,21.42
28.61,8.24,78.8,20.74,501.01,-80.85,0.005,0.5,1.29,-0.6,21.35
28.7,8.18,78.1,19.99,499.3,-77.69,0.008,-0.05,-0.13,-0.11,20.98
28.88,7.9,78.9,19.93,496.26,-77.66,0.046,-0.81,-0.58,-0.89,20.84
28.65,8.45,79.8,20.45,499.28,-78.19,0.082,0.3,0.62,-0.62,21.33
28.82,8.11,80.4,19.72,505.66,-75.54,0.045,-0.84,-0.67,0.01,21.0
28.6,7.97,77.9,19.8,502.25,-78.04,0.001,-1.01,0.46,0.21,21.4
28.79,7.98,80.0,19.66,477.05,-75.58,0.005,0.7,-0.23,-0.1,21.28
28.7,8.11,79.7,19.99,465.67,-77.09,0.023,0.31,-0.01,-0.68,21.11
28.74,7.92,80.1,20.07,500.01,-77.12,0.026,-0.48,0.07,0.69,20.11
28.71,7.87,78.5,20.01,476.62,-76.78,0.055,0.25,0.53,-0.06,20.91
28.79,8.18,82.1,19.54,487.82,-77.62,0.013,-0.12,1.23,0.08,20.2
28.4,7.39,80.1,19.63,478.3,-78.87,0.059,0.48,1.38,-0.41,19.77
28.55,7.39,79.1,19.89,472.07,-77.67,0.005,1.83,-0.2,0.07,20.57
28.78,7.95,80.2,19.41,495.76,-77.2,0.006,-0.53,-0.03,0.77,20.99
28.49,8.4,81.4,19.23,498.34,-77.86,0.01,-0.21,-0.21,-0.26,20.69
28.68,7.88,79.2,19.29,485.55,-80.96,0.008,-0.71,-0.2,0.38,20.02
28.75,8.12,79.1,19.27,466.13,-77.65,0.046,0.63,-0.01,0.27,21.47
28.66,7.38,80.2,19.47,487.46,-77.87,0.012,-0.14,0.08,-0.45,20.66
28.69,7.26,80.4,19.43,497.87,-77.84,0.004,-0.13,-0.68,-0.15,19.98
28.82,7.53,81.1,19.36,480.35,-79.71,0.022,-0.26,0.17,0.56,19.49
28.92,7.61,81.8,19.13,498.31,-80.47,0.004,-0.35,0.11,0.8,20.22
28.7,6.87,81.3,19.08,497.82,-79.55,0.052,-0.31,-0.1,0.69,19.52
28.76,7.14,79.7,19.63,505.41,-78.21,0.012,-0.23,-0.48,0.31,19.89
28.76,7.13,80.0,19.52,502.6,-81.92,0.02,0.47,0.6,-0.2,19.64
28.58,6.86,80.4,19.26,493.61,-79.83,0.065,0.56,0.52,-0.3,20.03
28.9,6.83,81.8,19.4,517.39,-83.0,0.015,0.09,-0.13,0.1,20.14
29.02,7.18,81.8,19.86,506.06,-82.27,0.003,0.86,-0.38,-0.29,20.03
29.05,7.0,82.4,19.43,509.74,-78.65,0.06,0.38,0.12,-0.73,21.33
28.84,7.03,82.0,19.48,503.18,-80.02,0.004,-0.38,-0.56,0.3,20.37
28.82,6.82,81.2,20.05,510.72,-82.23,0.042,0.53,-0.11,0.1,21.02
29.0,6.38,81.7,19.92,509.08,-79.73,0.017,0.56,0.01,-0.08,20.76
29.12,6.69,80.9,19.36,519.1,-81.75,0.044,0.1,-0.88,-0.07,20.5
29.06,6.21,82.7,20.01,540.97,-80.33,0.003,-0.17,-0.45,0.52,20.45
29.1,6.33,81.9,19.62,513.29,-80.44,0.041,-0.81,-0.83,0.69,21.24
29.23,6.03,83.6,19.37,514.15,-80.23,0.028,-0.28,-0.36,0.42,20.35
29.03,6.09,83.2,20.25,548.39,-80.02,0.008,-1.11,-0.2,0.48,20.58
29.12,6.22,84.5,19.61,535.1,-81.81,0.017,-0.21,-0.08,-0.47,20.65
29.37,5.98,83.5,19.74,534.12,-81.99,0.059,0.03,0.57,0.7,21.02
29.18,5.78,83.7,19.86,554.94,-79.77,0.023,0.65,0.55,-0.08,20.71
29.08,6.31,83.4,20.78,542.31,-83.24,0.004,-0.32,0.44,0.53,21.53
29.19,5.86,83.5,19.81,570.56,-81.3,0.042,0.15,-1.14,-0.91,21.68
29.18,5.66,83.8,20.01,563.11,-83.2,0.004,0.69,0.14,0.66,21.06
29.37,5.42,85.0,20.19,555.57,-82.26,0.013,-0.68,-0.35,-0.78,21.66
29.25,5.11,83.4,20.59,586.23,-79.82,0.003,0.34,-0.55,0.94,21.21
29.42,5.53,84.7,20.47,562.9,-84.46,0.015,-1.0,0.39,-0.41,21.73
29.33,5.11,83.6,20.36,580.75,-84.9,0.058,-0.57,0.17,-0.13,22.24
29.2,5.67,85.4,20.91,580.77,-80.76,0.045,-0.52,0.15,-0.64,21.93
29.53,5.4,85.0,21.28,595.31,-82.65,0.072,-0.41,-0.53,-0.53,21.96
29.54,5.79,86.0,20.34,602.5,-84.2,0.023,-0.43,0.73,0.49,23.04
29.62,5.32,85.2,20.78,591.85,-83.47,0.032,0.2,0.92,-0.04,22.4
29.51,4.97,85.9,21.31,588.71,-83.71,0.03,-0.13,-0.72,-0.57,22.05
29.53,4.56,86.8,20.82,605.6,-83.96,0.002,-0.62,-0.33,0.04,22.15
29.71,5.3,86.7,21.32,599.03,-81.63,0.028,-0.91,-0.34,0.22,23.56
29.87,4.61,88.1,21.94,630.8,-85.16,0.019,0.41,-0.14,0.03,22.49
29.73,4.82,86.7,21.84,616.92,-84.25,0.013,0.57,0.14,0.04,22.65
29.81,5.38,86.9,21.93,616.82,-85.65,0.005,-0.01,-0.57,-0.28,23.08
29.76,5.01,88.6,22.14,627.28,-84.48,0.004,-1.68,0.88,-0.37,23.51
29.64,4.89,87.5,22.13,616.94,-85.26,0.021,-0.31,0.73,-1.65,22.87
29.98,5.0,87.7,22.03,625.69,-83.93,0.005,-0.41,-0.44,1.06,23.41
30.01,4.94,88.6,22.62,652.43,-84.73,0.041,-0.31,-0.54,0.71,23.13
30.02,5.1,88.4,22.26,638.87,-83.76,0.044,0.79,0.81,-0.22,23.76
29.95,4.4,88.6,22.51,640.0,-82.73,0.01,0.4,-0.21,-0.81,24.31
30.07,4.42,88.5,22.13,660.86,-86.61,0.029,0.48,-0.57,-0.17,24.03
30.14,4.22,90.4,22.69,672.37,-84.75,0.002,0.64,0.2,-0.44,25.08
30.26,4.45,89.4,23.03,672.71,-87.45,0.071,-0.24,0.51,-0.13,24.11
30.22,4.38,89.4,23.16,680.48,-85.09,0.03,-0.2,-0.48,0.06,24.7
30.14,3.86,89.8,23.62,667.93,-84.45,0.013,0.05,-0.05,-0.42,25.3
30.01,4.16,90.6,23.29,666.23,-85.87,0.024,-0.34,-0.43,-0.28,25.34
30.22,4.76,91.7,23.45,700.38,-84.88,0.013,-0.35,0.92,0.47,26.16
30.26,4.38,90.6,23.55,687.02,-85.09,0.003,0.5,-0.59,1.0,25.39
30.35,4.5,90.3,23.98,692.58,-84.78,0.009,0.35,-0.73,0.21,25.07
30.46,4.22,92.8,24.58,713.17,-87.55,0.0,-1.25,0.03,-0.3,25.62
30.31,3.68,91.6,23.38,710.21,-84.2,0.044,-0.11,-0.28,0.46,25.42
30.61,4.19,91.6,24.17,713.9,-86.4,0.102,0.71,0.4,-0.2,25.96
30.17,4.53,92.0,24.37,735.63,-88.48,0.011,0.47,0.33,0.29,26.57
30.46,3.85,91.1,23.9,712.12,-87.45,0.038,0.07,-1.47,-0.23,26.52
30.35,4.43,92.3,24.75,732.34,-88.04,0.022,0.92,0.83,0.12,26.36
30.24,3.69,93.2,24.82,728.07,-87.03,0.001,-0.24,0.64,0.09,26.29
30.47,4.21,93.7,24.94,734.54,-87.58,0.11,-0.14,0.64,-0.14,26.85
30.35,4.37,92.7,24.85,751.42,-88.65,0.098,-1.24,0.41,-0.66,27.09
30.53,4.11,93.3,25.36,745.4,-88.93,0.066,-0.01,0.2,-0.06,26.53
30.58,4.96,94.3,25.12,749.81,-86.52,0.011,1.12,-0.89,-0.04,26.78
30.73,4.08,93.6,25.38,759.17,-84.41,0.004,-0.01,0.3,0.21,27.23
30.44,4.07,94.3,25.75,748.71,-86.39,0.011,0.13,0.34,0.2,26.96
30.75,4.32,94.2,26.32,747.78,-87.54,0.04,-0.11,0.8,0.61,26.92
30.68,4.05,93.5,26.24,749.43,-88.28,0.019,0.27,0.36,-0.33,27.38
30.81,3.87,93.5,26.45,743.81,-88.65,0.075,-0.4,1.15,0.31,28.09
30.66,4.0,95.2,27.06,787.52,-87.17,0.001,1.07,-0.63,0.03,28.12
30.57,4.58,92.4,26.66,759.3,-87.11,0.098,0.65,1.59,-0.26,28.05
30.6,4.29,94.1,26.27,771.37,-86.02,0.095,0.42,-0.64,0.34,27.99
30.61,4.93,93.7,26.57,773.95,-87.41,0.046,0.7,-0.41,-0.23,28.64
30.84,4.32,95.8,26.59,782.8,-84.82,0.021,-0.02,0.5,-0.27,28.75
30.97,4.7,96.1,26.97,790.76,-88.87,0.013,-0.4,-0.13,-1.72,29.25
30.74,4.68,94.6,26.99,793.95,-88.64,0.093,0.22,1.45,0.97,27.88
30.9,4.43,97.5,26.92,782.13,-86.35,0.035,0.72,0.04,-0.35,28.31
30.65,4.35,96.5,27.69,788.77,-87.71,0.043,-0.17,0.14,0.48,29.5
30.87,4.14,95.6,27.83,795.6,-87.83,0.05,-0.18,0.32,-0.43,29.43
30.94,4.88,96.8,27.65,792.49,-88.17,0.059,0.07,0.05,-0.38,29.72
30.69,5.12,95.1,27.34,813.1,-89.08,0.021,-1.19,0.37,-0.12,29.1
30.85,4.34,95.5,27.84,803.85,-90.15,0.094,-0.62,-0.8,0.38,29.41
30.97,4.76,96.1,27.68,808.05,-88.0,0.01,-0.34,0.97,0.49,29.15
30.53,4.73,95.3,28.44,808.95,-88.69,0.047,0.71,-0.46,0.13,28.82
31.05,5.16,94.8,27.66,815.52,-86.53,0.004,0.24,-0.81,0.28,29.91
30.94,4.95,95.2,28.4,806.9,-87.05,0.014,-0.63,-0.39,0.24,30.5
30.98,5.51,95.8,28.47,793.28,-87.92,0.018,0.2,1.05,0.23,29.95
30.85,5.06,96.3,28.64,811.25,-87.69,0.024,0.06,-0.36,0.08,29.81
30.69,4.87,95.7,28.47,801.59,-85.26,0.002,-0.31,-0.56,-0.27,29.73
30.96,5.17,94.7,28.36,803.51,-88.1,0.015,-0.37,-0.81,-0.06,30.69
30.89,5.27,96.4,29.38,815.2,-85.43,0.011,1.42,-0.58,0.5,30.34
30.9,5.61,97.0,28.3,822.1,-84.78,0.019,-1.07,-0.18,0.22,30.42
31.02,5.41,95.5,28.91,810.15,-86.33,0.039,-0.33,-0.35,0.29,29.84
30.98,5.72,97.3,28.72,813.09,-87.3,0.005,0.49,0.45,0.4,30.11
31.11,5.42,96.6,28.88,826.93,-86.98,0.034,-0.52,-0.16,0.74,30.81
30.89,5.65,95.0,28.93,812.06,-85.48,0.013,-0.33,-0.54,0.29,30.35
30.78,5.57,95.3,28.47,835.26,-87.1,0.011,-0.71,0.75,-0.3,30.33
30.83,5.63,95.5,28.41,814.33,-82.94,0.015,0.15,-0.25,0.26,31.63
30.9,6.34,95.6,28.47,790.35,-87.66,0.058,0.22,0.38,-0.99,30.68
30.96,5.82,93.7,28.78,814.61,-85.36,0.002,-0.65,0.4,0.15,30.6
30.65,6.0,95.0,29.05,809.85,-84.93,0.026,0.87,-0.2,-0.27,30.63
30.81,6.5,95.1,28.74,817.75,-88.74,0.04,-0.58,-0.09,0.19,30.42
30.99,6.48,96.9,28.49,810.24,-85.9,0.029,0.27,-0.01,0.34,30.67
30.75,6.83,95.5,29.32,800.63,-86.6,0.023,-0.77,0.53,-0.25,31.48
30.88,6.55,94.6,28.46,788.13,-86.54,0.029,0.33,-0.54,-0.18,30.86
30.81,6.3,94.7,29.17,796.49,-84.48,0.013,0.31,-0.22,0.5,30.05
30.85,7.17,95.3,28.73,788.14,-86.23,0.017,-0.44,0.87,0.17,30.49
30.62,6.81,94.5,29.41,788.76,-83.66,0.015,0.23,0.17,-0.53,30.69
30.6,6.66,94.2,28.78,798.22,-87.62,0.026,0.21,0.74,0.74,30.02
30.67,6.79,94.1,28.33,806.67,-87.39,0.065,-0.14,-0.71,0.11,30.4
30.47,6.9,94.8,28.9,791.41,-86.01,0.019,0.5,1.01,-0.05,30.17
30.6,6.85,93.2,28.59,772.87,-86.39,0.016,-0.53,0.43,-0.22,30.36
30.64,6.58,93.2,29.13,786.5,-86.59,0.034,0.74,0.5,-0.51,30.5
30.8,7.55,93.2,28.93,791.12,-88.7,0.007,0.33,-0.53,-0.34,30.7
30.6,7.12,92.9,28.55,770.02,-83.59,0.067,-0.76,0.66,-0.57,29.9
30.61,7.25,92.9,28.37,771.63,-84.5,0.042,0.33,-0.83,-0.03,30.27
30.64,7.88,94.1,28.28,769.84,-84.17,0.013,-0.13,0.17,-0.45,30.11
30.36,7.11,94.1,28.4,758.45,-85.99,0.007,-0.35,-0.04,-0.39,30.08
30.43,7.58,93.3,29.02,769.27,-83.9,0.031,0.46,0.51,0.79,29.76
30.71,7.2,93.0,28.43,757.96,-81.35,0.096,0.63,0.17,-0.54,29.99
30.38,7.6,92.1,28.74,759.63,-83.62,0.062,-1.4,0.7,-0.24,30.13
30.5,7.62,90.8,27.82,742.73,-84.37,0.002,-0.03,0.55,0.14,29.29
30.45,7.85,92.3,27.58,743.3,-84.11,0.01,-0.08,0.93,0.22,30.44
30.13,8.03,92.2,27.84,750.87,-82.29,0.035,-0.32,0.11,0.03,30.03
30.31,7.54,91.3,28.32,735.79,-85.74,0.023,0.12,-0.44,-0.26,28.92
30.26,8.19,90.7,27.9,752.58,-84.06,0.006,0.62,0.3,-0.79,30.03
30.25,8.25,90.3,28.21,727.02,-83.72,0.06,-0.78,-0.6,0.02,29.95
30.09,7.78,91.2,28.25,728.89,-83.08,0.101,-0.45,0.41,0.61,29.03
30.01,7.89,90.9,27.37,731.52,-84.61,0.015,-0.44,0.86,-0.79,29.2
30.05,7.78,91.6,27.89,703.49,-86.37,0.027,0.34,-0.69,-0.1,29.03
30.07,7.88,89.8,27.98,695.48,-83.16,0.013,-0.34,0.87,-0.94,28.32
30.19,7.64,89.9,27.74,693.18,-79.57,0.007,0.46,-0.38,0.33,29.16
30.23,8.27,89.9,26.71,716.35,-82.35,0.069,0.55,-0.97,0.32,27.86
30.14,7.45,89.2,26.5,693.45,-84.6,0.016,-0.13,-0.49,-0.35,28.6
30.05,7.88,90.1,26.87,719.74,-83.46,0.001,0.11,1.16,0.01,28.98
29.79,8.1,90.2,26.76,683.66,-82.99,0.012,-0.08,-0.42,0.24,27.53
29.82,8.52,88.0,27.07,686.26,-80.08,0.015,1.22,-1.37,0.2,27.95
29.86,7.99,88.3,26.31,694.91,-82.51,0.006,-0.57,-0.71,0.17,28.38
29.73,8.29,89.5,26.66,694.6,-80.53,0.04,-0.9,0.57,0.08,27.94
29.84,8.15,88.4,26.01,690.17,-81.74,0.006,-1.56,0.53,1.08,27.97
29.82,8.47,88.0,26.37,676.64,-81.78,0.061,0.13,-0.28,0.61,27.21
29.77,8.31,88.0,25.95,669.79,-83.27,0.028,0.14,0.36,0.08,26.95
29.79,8.45,88.0,26.1,660.45,-80.43,0.047,-0.68,0.32,0.01,27.1
29.52,8.03,87.5,25.7,657.28,-82.3,0.034,-0.46,-0.26,0.19,27.13
29.71,7.89,87.1,24.92,638.96,-79.66,0.043,0.59,0.73,0.79,27.1
29.48,8.3,86.7,25.72,631.27,-81.17,0.016,0.49,-0.27,0.37,26.88
29.42,8.04,87.5,25.81,634.41,-81.21,0.027,-0.14,0.0,0.89,26.94
29.56,8.19,86.0,24.96,627.74,-82.05,0.014,-0.27,-0.71,0.41,26.43
29.61,8.26,85.9,25.39,619.94,-81.5,0.038,-0.3,0.17,0.1,25.81
29.49,8.52,86.9,24.74,626.49,-81.35,0.011,0.21,0.55,-0.39,25.52
29.4,8.36,85.7,24.34,624.16,-80.46,0.012,0.22,-0.21,0.6,26.2
29.4,7.9,85.2,24.44,610.6,-78.01,0.053,0.48,-0.18,-0.32,26.14
29.35,7.74,85.5,24.44,619.65,-82.42,0.006,0.41,-1.35,0.94,26.36
29.17,8.57,84.9,23.89,588.66,-79.92,0.015,-0.47,0.58,-0.64,26.38
29.12,7.55,83.9,24.68,593.39,-77.32,0.026,0.07,-0.33,-0.66,25.64
29.23,7.86,84.5,23.52,583.46,-81.62,0.004,0.29,-0.46,0.1,25.23
29.22,8.15,83.4,23.72,567.33,-80.34,0.028,-0.32,-0.37,0.12,24.75
29.19,8.42,85.3,23.43,580.59,-78.3,0.014,-0.01,-0.96,0.7,24.41
29.24,7.83,83.8,24.08,575.69,-81.27,0.007,-0.39,-0.16,0.58,24.62
29.1,7.85,82.7,22.93,587.61,-77.06,0.002,-0.51,-0.71,0.29,24.4
29.17,7.54,82.9,23.6,574.42,-77.32,0.025,-0.75,-0.24,0.18,25.04
29.06,7.79,83.6,23.23,553.6,-78.68,0.107,-0.69,0.24,0.08,24.35
29.27,7.36,82.0,22.58,578.19,-83.39,0.045,-0.24,-0.3,0.27,23.87
29.03,7.43,84.8,22.74,567.75,-79.56,0.015,-0.37,-0.33,0.01,23.45
29.28,7.83,81.3,22.66,557.35,-77.23,0.006,0.53,1.17,-0.58,23.87
29.02,7.41,83.0,22.78,545.35,-79.15,0.042,-0.44,-0.76,-1.1,23.56
28.93,7.76,81.7,22.21,534.21,-78.47,0.06,-0.09,-0.2,0.0,23.17
28.83,7.38,81.3,22.52,536.38,-75.33,0.013,0.12,0.31,-0.16,22.93
28.74,6.96,82.2,22.18,547.39,-77.78,0.002,-0.51,0.53,-1.12,23.28
28.77,7.66,81.3,22.18,551.86,-77.8,0.029,-0.23,-0.75,0.82,22.75
28.77,6.85,82.8,21.58,545.08,-78.6,0.003,-1.62,0.25,-0.4,22.65
28.9,7.0,80.2,21.68,521.5,-75.57,0.006,0.64,-0.24,-0.09,22.44
28.77,7.05,81.7,21.67,512.07,-76.28,0.0,0.18,0.87,-0.3,23.64
28.84,7.35,80.9,21.54,521.67,-78.44,0.009,1.68,0.22,-0.08,22.43
28.96,6.82,81.2,21.37,499.7,-78.71,0.043,-0.08,0.14,0.47,21.91
28.78,6.63,81.3,21.99,517.86,-78.75,0.052,0.39,1.0,0.05,21.09
29.03,6.88,79.3,21.35,510.54,-78.13,0.089,0.58,-0.0,0.73,21.34
28.63,6.7,80.8,21.28,504.88,-78.51,0.052,0.11,-0.48,-0.07,21.76
28.74,6.55,81.4,21.0,491.26,-77.07,0.007,-0.89,-0.8,-0.75,22.44
28.68,6.68,80.8,21.0,510.15,-75.89,0.022,1.28,-0.41,-0.35,22.56
28.85,6.18,80.1,20.77,497.63,-78.27,0.027,-0.13,0.7,-0.79,21.44
28.46,5.95,79.2,21.24,489.35,-78.06,0.004,-0.21,-0.51,-0.08,21.58
28.55,7.03,80.6,20.48,470.56,-77.83,0.017,0.09,0.04,-0.28,21.27
28.7,6.35,81.7,20.7,497.4,-76.35,0.011,1.0,-0.32,0.1,21.42
28.9,6.29,80.7,21.05,513.93,-78.29,0.042,0.51,0.17,-0.13,21.05
28.73,5.93,81.0,20.46,511.51,-78.93,0.002,0.54,-0.19,-0.9,20.84
28.54,6.36,80.8,20.05,489.17,-77.01,0.01,-0.13,-0.47,0.14,20.72
28.56,5.86,79.7,19.81,486.72,-76.46,0.003,0.91,-0.49,-0.14,21.18
28.9,5.11,80.1,19.82,496.58,-76.72,0.019,-0.14,0.5,-0.09,21.35
28.63,5.7,80.7,20.06,481.21,-76.63,0.006,-0.82,-0.08,-0.28,20.58
28.59,5.71,78.7,20.48,493.68,-75.15,0.003,-0.04,0.47,0.53,20.98
28.88,5.67,80.5,20.01,497.94,-74.59,0.032,-0.0,-0.45,-0.64,20.7
28.83,5.59,81.0,19.6,502.33,-76.4,0.056,-0.59,0.36,0.2,20.42
28.87,5.38,80.0,19.58,489.0,-76.08,0.007,-0.36,-0.51,-0.45,20.8
28.6,5.28,80.7,19.58,488.06,-73.47,0.004,-0.42,-1.06,0.97,21.02
28.54,5.34,79.7,19.12,481.57,-76.57,0.032,0.75,-0.13,0.6,20.11
28.75,4.87,80.2,19.39,482.49,-76.78,0.001,-0.26,0.55,0.3,20.28
28.78,4.71,80.0,19.34,489.06,-78.14,0.008,0.38,0.41,0.57,20.96
28.8,5.26,80.6,20.46,495.73,-75.07,0.011,0.45,-0.44,0.68,20.33
28.94,5.2,80.3,19.78,502.07,-78.23,0.076,0.55,0.22,-0.61,20.01
28.57,5.36,79.1,19.06,485.94,-77.0,0.013,0.4,0.12,0.25,20.38
28.89,4.96,79.9,18.87,510.08,-77.55,0.023,0.19,-0.25,-0.19,20.31
28.67,4.62,82.1,18.95,493.79,-77.94,0.044,-1.44,-0.05,0.72,20.72
28.92,4.34,81.1,19.9,497.78,-73.74,0.056,-1.07,0.62,-0.58,20.28
28.78,4.6,79.1,18.93,492.16,-75.8,0.003,-0.51,-0.21,0.28,20.3
28.75,4.93,81.9,19.97,477.19,-78.39,0.042,-0.35,-0.47,-0.41,20.3
28.8,5.19,80.1,19.49,512.21,-75.53,0.042,-0.4,0.15,0.83,20.4
28.71,4.72,81.9,19.33,512.82,-74.49,0.063,0.09,-0.7,-0.07,20.96
28.91,4.29,82.3,19.04,504.86,-75.3,0.044,0.08,-0.11,0.21,20.67
28.84,4.34,81.5,19.9,510.71,-74.32,0.004,-0.89,0.26,0.34,19.99
29.04,4.31,80.8,19.68,517.71,-75.19,0.011,0.51,0.09,-0.54,20.56
29.05,4.4,81.2,19.83,499.56,-74.87,0.017,0.19,-0.17,0.14,20.62
29.2,4.82,82.4,19.45,512.67,-76.22,0.004,-0.17,0.11,0.71,20.68
29.06,4.8,81.1,19.82,528.81,-73.84,0.004,0.01,0.44,0.24,19.99
29.11,4.36,81.8,20.15,511.36,-74.91,0.047,0.71,0.69,-0.62,20.7
29.24,4.43,82.8,19.89,529.99,-75.74,0.006,0.06,-1.16,-0.31,20.47
29.02,4.11,82.1,19.37,516.77,-77.46,0.071,0.34,-0.7,0.88,20.17
28.94,3.81,83.9,19.97,538.39,-74.65,0.007,-0.81,-0.43,0.54,21.32
29.17,4.83,82.1,20.12,536.88,-74.49,0.02,-0.07,0.79,0.47,20.8
29.01,3.58,80.5,20.51,524.71,-73.1,0.007,-0.27,0.04,-0.38,20.88
29.5,3.7,82.7,20.2,556.23,-76.44,0.085,-0.34,-0.28,-0.01,21.42
29.41,4.78,83.8,20.45,541.07,-75.81,0.023,-0.11,-0.32,-0.24,21.57
29.53,4.23,84.5,20.36,544.25,-75.89,0.025,0.16,-0.22,-0.44,21.15
29.3,3.88,83.7,19.75,558.39,-79.45,0.061,0.12,-0.15,0.45,21.36
29.39,4.41,84.0,20.6,571.99,-75.3,0.005,0.2,-0.1,-0.32,21.04
29.3,4.43,84.4,20.45,554.56,-75.93,0.003,-1.44,-0.17,-0.48,21.17
29.5,3.8,86.1,21.2,569.63,-77.38,0.11,0.2,0.2,0.55,22.18
29.28,4.04,85.2,20.09,577.67,-78.01,0.075,0.34,0.22,0.92,21.79
29.15,4.47,84.7,20.3,584.77,-78.57,0.009,-0.7,-0.86,0.03,22.28
29.39,3.97,87.0,21.06,584.12,-75.98,0.027,0.37,0.55,-0.68,21.94
29.35,4.3,85.6,21.44,583.27,-78.04,0.035,0.63,0.35,-0.01,22.3
29.73,4.66,84.2,20.98,583.32,-76.32,0.078,0.1,-0.23,-0.55,21.56
29.81,3.53,85.0,21.1,597.16,-77.29,0.007,-0.14,-0.16,-0.22,22.73
29.46,4.16,86.8,21.33,590.34,-76.85,0.047,-0.0,-0.04,0.03,22.51
29.81,4.36,85.2,21.2,576.66,-75.38,0.006,-0.59,0.8,0.41,22.46
29.81,3.77,87.2,21.84,615.09,-76.66,0.025,-0.25,0.15,0.09,23.04
29.54,4.18,86.4,21.45,624.66,-76.89,0.007,0.19,1.11,-0.37,23.33
29.71,4.68,88.3,22.0,596.91,-78.45,0.011,0.85,-0.31,0.77,22.91
29.73,4.18,87.7,21.42,615.4,-76.98,0.023,0.49,-0.29,0.34,22.74
29.92,3.98,86.5,22.62,636.67,-77.88,0.012,-1.13,0.02,0.8,24.03
29.72,4.8,88.8,21.41,656.05,-79.9,0.176,-0.59,-0.51,0.01,23.43
29.89,4.64,89.4,21.92,640.7,-78.29,0.031,-0.33,-0.15,0.23,22.9
29.85,4.52,87.6,23.22,638.23,-76.34,0.054,0.27,-0.41,-0.63,23.66
30.02,4.56,88.2,22.6,648.71,-79.6,0.007,0.03,0.8,0.41,24.16
29.98,4.94,89.5,22.48,669.31,-77.87,0.004,1.71,0.17,-0.52,24.1
29.97,4.77,89.9,22.41,654.12,-78.66,0.01,0.39,-0.8,-0.27,24.24
30.04,4.92,91.5,22.85,657.6,-78.59,0.051,0.28,-0.53,-0.22,24.31
30.35,4.57,90.5,23.25,665.76,-79.04,0.007,0.34,0.07,0.14,24.45
30.09,4.26,92.0,23.47,666.03,-78.45,0.008,0.11,-0.42,-0.5,24.27
30.04,5.08,90.3,23.56,681.74,-80.51,0.041,0.71,0.26,1.23,24.42
30.27,5.28,90.8,22.97,701.68,-78.27,0.048,-0.14,0.18,-0.58,25.25
30.22,4.94,90.3,23.79,693.54,-79.89,0.024,-0.67,-0.87,-1.0,25.76
30.09,5.34,90.6,24.01,692.63,-79.09,0.005,0.27,-0.05,-0.04,25.32
30.56,5.03,91.4,24.17,697.04,-79.13,0.054,0.64,0.33,0.18,26.15
30.28,5.17,91.0,24.21,689.07,-79.22,0.026,0.1,0.5,0.68,26.19
30.31,5.79,89.6,23.92,718.23,-80.09,0.081,-0.2,-0.23,0.51,25.86
30.41,5.25,91.4,24.17,713.26,-81.76,0.007,1.55,0.15,0.45,26.34
30.62,5.3,93.0,25.07,716.81,-80.83,0.005,-0.73,-0.18,0.39,26.44
30.24,4.91,92.4,24.53,755.05,-80.68,0.008,0.0,-0.01,0.37,26.2
30.5,5.75,92.6,24.69,730.54,-82.87,0.006,0.42,-0.01,0.05,25.7
30.75,5.4,92.2,24.99,724.39,-81.22,0.049,-0.06,0.44,-0.56,26.78
30.54,5.73,93.2,24.82,731.93,-78.89,0.003,0.06,0.16,-0.56,27.16
30.4,5.66,94.5,25.61,751.87,-82.24,0.05,-0.17,-0.57,-0.15,26.82
30.5,5.7,94.5,25.09,745.62,-79.68,0.031,0.36,-0.31,-0.06,28.0
30.62,5.87,93.8,26.06,734.11,-81.78,0.075,0.13,0.32,0.57,27.76
30.78,5.97,93.0,25.35,761.6,-81.98,0.019,0.21,-0.44,0.08,26.91
30.6,6.41,95.3,25.86,749.54,-81.52,0.009,-0.4,0.21,-0.21,27.57
30.77,6.59,94.9,26.22,778.66,-80.91,0.07,0.29,0.78,1.26,27.46
30.52,6.4,93.0,26.52,774.32,-82.17,0.0,-1.0,0.61,0.39,27.79
30.53,6.67,93.0,26.3,762.53,-82.44,0.075,0.36,0.42,-0.34,28.35
30.67,6.62,93.4,26.26,783.19,-79.72,0.029,1.58,0.1,-0.2,28.12
30.92,6.58,94.3,27.14,774.31,-81.74,0.005,0.29,-0.57,-1.23,28.13
30.77,6.95,95.5,26.83,785.29,-84.17,0.01,-0.02,-1.76,0.93,28.54
30.81,6.19,95.6,26.83,784.61,-85.37,0.027,0.37,-0.16,0.53,28.93
30.83,6.45,95.3,26.38,774.18,-80.18,0.003,0.04,-0.63,0.46,29.06
30.94,6.48,95.0,27.21,778.95,-81.09,0.002,1.01,-0.48,-0.26,29.13
30.75,6.71,97.2,27.25,798.3,-82.34,0.022,0.74,-0.75,0.85,29.55
30.92,7.08,95.4,26.9,787.12,-82.53,0.001,-0.11,1.22,0.14,29.09
30.75,6.61,95.4,27.21,788.77,-82.9,0.044,-0.56,0.09,-0.95,29.1
31.09,7.16,95.1,27.62,785.45,-82.87,0.036,0.13,-0.14,-0.08,29.29
30.77,6.91,97.4,27.86,801.29,-82.83,0.079,0.13,-0.03,-0.31,29.14
30.77,7.04,96.3,27.44,819.59,-81.71,0.052,0.25,-0.44,-0.3,29.23
30.95,7.27,94.9,27.54,790.05,-81.99,0.002,0.66,-0.15,-0.89,29.96
30.9,7.78,94.9,28.03,802.58,-83.24,0.007,1.1,-0.13,0.15,30.09
30.93,7.13,94.5,27.79,817.92,-83.34,0.007,-0.22,-0.15,-0.64,28.79
30.92,7.38,95.8,28.1,804.31,-82.53,0.018,-0.82,0.11,0.56,30.31
30.77,7.14,94.7,28.87,810.79,-83.04,0.024,-0.62,0.25,-0.52,29.86
31.09,7.3,95.0,28.31,796.64,-84.17,0.019,-0.41,-0.47,-0.48,29.85
31.01,7.25,96.8,28.76,812.4,-88.37,0.008,0.64,0.38,-0.59,30.04
31.06,7.7,96.7,28.04,806.94,-83.24,0.074,-1.09,-0.03,0.49,29.74
30.83,7.81,97.2,28.27,819.2,-82.73,0.001,0.09,0.91,-0.01,30.24
30.95,7.94,94.8,28.33,821.59,-84.91,0.001,-0.73,-0.22,-0.05,31.13
30.92,7.55,95.2,28.27,835.83,-86.3,0.043,-0.11,0.56,-0.07,29.8
31.02,7.98,95.5,28.1,815.8,-83.34,0.01,-0.29,0.2,0.5,30.72
31.02,7.9,97.2,28.83,813.16,-83.43,0.041,-1.05,0.41,0.75,30.91
30.9,7.89,95.9,28.94,811.59,-86.25,0.011,0.36,0.9,-0.14,30.79
30.68,7.57,97.3,28.52,805.71,-84.36,0.025,-0.57,-0.89,-0.79,31.21
31.07,8.03,96.3,28.62,812.05,-85.86,0.06,0.16,-0.56,0.31,31.02
30.91,8.07,95.6,28.94,804.99,-84.76,0.006,1.12,0.14,0.24,30.92
30.76,8.07,96.1,28.95,808.75,-83.28,0.038,-0.57,1.07,-0.55,31.08
30.87,8.19,94.2,29.32,819.2,-84.76,0.05,0.35,0.19,-1.35,31.08
30.63,8.31,93.9,29.38,794.77,-86.5,0.109,-0.44,0.17,-0.43,30.56
30.92,7.79,95.6,28.76,814.89,-86.47,0.006,-0.94,-0.66,0.98,30.95
30.61,8.07,95.3,28.97,815.17,-82.78,0.021,0.97,0.02,-0.68,30.59
30.74,8.31,96.8,28.65,799.17,-83.92,0.01,0.11,-0.17,0.1,30.16
30.78,8.09,94.0,29.52,777.34,-86.57,0.017,0.23,-0.84,0.7,31.42
30.86,8.47,95.3,29.08,790.54,-86.16,0.002,-0.84,0.23,-0.55,30.45
30.72,8.22,95.4,29.33,807.5,-86.59,0.067,-0.42,1.11,-0.09,31.08
30.77,7.61,95.0,28.84,792.08,-85.87,0.012,-0.28,0.46,0.06,30.83
30.67,8.45,95.5,29.3,779.95,-85.04,0.135,-0.04,-0.58,0.45,30.23
30.65,8.16,93.9,29.18,782.39,-85.52,0.017,0.52,0.0,-0.38,30.24
30.64,7.67,94.9,29.33,793.2,-85.31,0.013,0.29,-0.38,-0.73,30.67
30.58,8.12,94.6,28.38,787.49,-87.48,0.021,-0.27,0.84,0.62,30.63
30.38,7.8,94.9,28.84,776.72,-86.31,0.005,-0.47,0.48,-0.02,30.27
30.46,8.4,93.4,29.15,772.41,-85.27,0.056,-0.23,0.85,-0.64,29.73
30.56,8.15,92.7,28.39,769.01,-84.32,0.049,-0.11,0.2,0.37,30.62
30.47,7.86,92.9,28.85,760.42,-89.86,0.052,-0.28,-0.08,0.27,29.07
30.46,8.36,92.4,28.81,782.4,-85.99,0.016,-0.13,-0.74,0.91,30.3
30.41,8.24,92.6,28.79,759.52,-84.91,0.013,0.69,0.27,-0.62,30.54
30.32,8.0,92.6,28.6,771.29,-89.79,0.096,-0.33,-0.46,-0.34,29.27
30.33,7.67,91.9,28.62,770.6,-84.76,0.025,-0.52,-0.5,0.18,29.99
30.33,7.76,92.4,28.49,761.54,-83.53,0.066,0.21,0.32,0.74,29.69
30.33,7.73,91.3,28.67,743.3,-86.6,0.009,-0.45,0.56,0.77,29.83
30.35,8.17,91.9,27.92,747.63,-86.09,0.024,-0.13,-0.03,0.48,30.04
30.25,7.41,91.4,28.2,739.22,-88.38,0.034,-0.77,-0.56,-0.35,29.01
30.12,7.86,91.5,28.42,726.22,-83.88,0.003,0.05,0.1,-0.35,29.36
30.04,7.75,91.7,27.63,734.2,-86.54,0.065,-0.16,1.2,0.15,29.27
30.49,8.09,90.8,27.56,714.8,-90.82,0.017,-0.54,-0.18,-1.06,28.45
30.01,7.81,90.3,27.89,734.01,-85.54,0.048,-0.34,-0.16,0.81,29.34
30.05,7.85,90.1,28.08,712.97,-88.36,0.048,-0.19,-0.05,0.35,29.64
30.14,7.48,91.2,27.44,715.04,-87.76,0.034,1.12,-0.32,0.89,29.14
30.09,7.21,91.2,27.41,711.21,-86.57,0.014,-0.29,0.26,-0.49,28.8
30.07,7.43,89.5,27.39,701.08,-86.96,0.025,1.11,0.55,-0.43,28.97
29.92,7.7,89.5,26.97,704.77,-86.49,0.049,0.18,-0.28,0.8,28.24
29.97,7.64,88.1,27.79,689.35,-86.31,0.003,-0.7,-0.84,-0.13,27.99
29.91,7.22,89.0,26.58,697.95,-84.94,0.051,0.13,1.03,0.36,28.41
29.84,7.03,87.8,26.81,670.89,-88.97,0.01,0.17,0.82,-1.07,28.16
29.87,6.9,88.3,26.68,680.69,-86.12,0.014,0.68,0.75,-0.23,28.05
29.93,7.12,89.3,25.75,693.86,-86.65,0.01,-0.18,0.64,-0.06,27.43
29.77,7.13,87.0,26.09,659.49,-87.21,0.121,0.64,-0.36,0.28,27.03
29.73,7.46,87.2,25.77,657.71,-88.73,0.037,0.57,-0.47,0.17,27.06
29.83,6.99,87.0,26.36,664.62,-86.21,0.187,-0.68,0.79,0.14,26.99
29.78,7.07,86.1,25.38,656.25,-88.2,0.003,-0.66,-0.47,0.17,26.36
29.82,6.58,87.9,26.16,652.94,-89.26,0.104,-1.03,-1.18,0.15,27.21
29.39,6.75,87.1,25.27,649.3,-86.97,0.008,0.55,0.29,-0.31,26.35
29.67,6.71,88.1,25.88,645.73,-85.74,0.001,-0.78,0.24,-0.23,26.17
29.6,6.55,85.6,24.91,645.47,-87.66,0.007,0.7,1.26,0.58,26.44
29.39,6.51,84.8,25.4,633.48,-89.31,0.006,0.82,-0.54,-0.04,26.02
29.49,6.48,86.7,25.43,621.99,-86.51,0.041,1.3,-0.22,-0.37,25.59
29.56,6.51,85.4,25.16,626.18,-84.61,0.033,0.38,-0.24,0.52,25.47
29.3,6.64,85.1,24.38,633.54,-87.43,0.013,0.46,-0.5,-0.2,26.11
29.42,5.54,86.4,25.05,608.33,-88.33,0.006,-0.02,0.47,0.39,25.6
29.44,6.48,85.1,24.7,595.07,-88.61,0.013,-0.89,-0.1,-0.35,24.97
29.18,5.55,85.5,23.53,611.08,-87.2,0.101,-0.69,-0.97,-0.81,25.99
29.26,6.08,84.0,24.24,594.06,-86.02,0.011,-0.33,-1.13,-0.18,24.96
29.28,6.62,83.7,25.05,568.84,-86.69,0.035,0.35,-1.15,-0.42,25.29
29.12,5.83,83.8,24.29,594.4,-85.52,0.012,-0.27,1.18,-0.13,24.88
29.08,5.82,84.4,23.58,576.0,-85.65,0.049,-0.33,0.71,-0.17,24.8
29.14,5.6,83.7,23.79,575.94,-84.23,0.026,1.04,-0.22,0.16,24.6
29.23,5.82,83.8,23.32,575.74,-85.84,0.033,-0.44,0.89,-0.11,23.88
29.18,5.66,81.2,23.66,569.96,-84.62,0.001,-0.71,0.88,0.01,25.17
28.97,5.28,81.5,22.87,570.88,-85.39,0.04,0.58,-0.77,-0.83,23.81
29.13,5.38,81.1,23.43,555.24,-85.08,0.009,0.6,-1.03,0.88,24.29
28.92,5.01,82.4,23.19,560.62,-85.0,0.031,0.62,-0.26,0.8,23.49
28.81,5.24,81.4,22.95,548.88,-86.69,0.016,-0.36,0.04,0.37,23.21
28.93,5.08,83.6,23.3,554.96,-85.17,0.012,-0.34,-1.22,0.23,24.05
29.09,5.18,82.1,22.79,549.91,-85.89,0.013,0.9,-0.88,0.07,23.97
29.01,4.87,82.1,22.65,530.7,-86.08,0.004,-0.2,0.4,-0.87,23.38
28.91,4.95,80.9,22.55,547.31,-84.13,0.004,0.12,0.43,1.03,23.38
28.84,4.96,80.7,22.27,527.61,-83.87,0.004,0.92,0.68,-0.51,22.41
28.83,4.92,82.7,22.05,537.68,-85.44,0.034,-0.41,-0.98,-0.27,23.04
28.87,4.93,82.8,21.52,530.02,-83.33,0.01,-0.39,-0.74,0.35,22.9
28.71,4.74,81.5,21.4,541.6,-84.93,0.096,-0.17,0.42,1.02,22.68
28.78,4.5,79.5,21.66,517.98,-82.79,0.052,0.2,-0.28,0.37,23.03
28.78,4.71,80.6,21.59,513.85,-80.73,0.013,-0.69,0.05,0.09,21.33
28.63,4.58,81.1,21.27,514.4,-83.17,0.022,-0.72,0.2,-0.18,22.04
28.68,4.9,80.5,20.97,508.95,-83.93,0.046,-0.27,0.26,0.4,22.59
28.82,4.89,78.9,20.98,517.51,-84.67,0.005,0.41,0.37,-0.12,21.43
28.76,4.1,82.0,20.9,491.01,-83.21,0.006,0.26,-0.94,-0.43,22.02
28.71,4.65,79.8,20.9,494.44,-84.85,0.014,-0.21,-0.59,-0.8,21.45
28.63,4.68,79.3,20.63,492.25,-83.61,0.022,0.33,0.48,0.31,21.57
28.92,3.99,80.3,21.01,510.53,-84.46,0.004,-0.71,-0.29,0.48,21.01
28.62,4.54,81.2,20.47,516.37,-81.72,0.019,0.04,1.45,-0.33,22.24
28.74,4.61,80.6,20.18,496.61,-83.65,0.007,-0.01,0.46,0.45,20.78
28.65,4.03,79.1,20.29,494.5,-82.77,0.063,0.79,0.19,0.54,21.1
28.71,4.22,78.9,19.85,495.58,-85.17,0.082,0.23,-0.49,-1.12,20.96
28.76,4.32,78.3,20.85,505.35,-82.96,0.04,-1.2,-0.1,-0.85,21.41
28.54,4.42,79.8,20.3,483.45,-82.86,0.004,-0.76,0.05,-0.0,20.93
28.7,3.94,79.6,19.99,494.26,-83.55,0.035,0.23,0.06,-0.17,20.19
28.84,4.57,80.4,20.42,500.94,-82.48,0.023,-1.16,0.74,0.02,20.5
28.91,3.6,79.5,19.79,495.67,-85.63,0.057,-0.03,0.11,-0.19,19.83
28.69,4.6,80.8,19.78,492.18,-83.49,0.014,-0.32,0.16,0.01,20.66
28.71,4.37,80.5,19.49,500.07,-84.13,0.118,-0.03,0.7,-0.09,21.29
28.98,4.01,79.5,19.36,462.97,-80.34,0.048,-0.4,-0.03,0.07,20.45
28.85,4.46,80.4,19.71,496.88,-81.39,0.007,0.54,-0.12,-0.05,20.62
28.65,3.89,81.2,19.96,483.81,-85.07,0.033,-0.23,0.03,-0.13,20.88
28.66,4.25,79.4,19.24,472.46,-79.58,0.022,0.28,-0.57,0.94,20.13
28.86,4.3,80.0,19.43,496.45,-80.29,0.04,0.26,-0.75,-0.74,20.82
28.63,4.31,80.1,19.41,505.8,-80.96,0.014,-0.73,-0.22,1.14,21.12
28.89,4.0,80.1,19.73,491.57,-80.15,0.0,0.17,0.17,-0.44,19.62
28.82,4.12,81.1,19.29,503.51,-80.72,0.015,-0.34,0.81,-0.19,20.77
28.85,4.33,81.2,19.69,511.3,-80.92,0.032,0.24,-0.38,-0.2,19.71
28.77,4.1,80.9,19.66,509.67,-80.13,0.004,-0.65,0.76,0.73,19.99
28.74,4.43,81.0,19.17,514.41,-80.03,0.084,-0.19,-0.98,0.24,20.75
29.01,4.19,80.3,19.3,507.08,-81.21,0.012,0.23,-0.03,0.35,20.44
28.82,4.71,81.2,19.43,502.21,-78.74,0.027,0.19,0.37,0.75,20.13
28.82,4.91,80.0,19.26,487.38,-80.91,0.004,-0.55,-0.53,-0.46,21.23
28.88,4.39,83.1,19.11,503.02,-80.04,0.001,0.17,0.54,0.11,20.22
28.93,4.79,82.4,19.96,499.28,-78.19,0.022,0.25,-0.7,0.99,20.82
28.8,4.49,82.2,18.83,531.79,-77.71,0.019,-0.85,-0.56,-0.49,20.29
28.88,4.32,81.9,19.57,510.82,-77.79,0.183,-1.01,-0.47,0.55,20.63
28.9,4.52,82.1,19.99,516.46,-81.62,0.052,0.36,0.68,-0.23,20.68
29.1,4.72,80.5,19.27,523.52,-79.24,0.036,-0.71,0.52,-0.05,20.57
28.91,4.21,81.0,19.6,521.34,-80.58,0.031,0.06,0.07,0.31,20.02
28.83,4.99,81.3,19.95,540.89,-80.29,0.087,-0.1,0.44,-0.4,20.75
28.83,4.88,82.4,18.62,520.87,-79.56,0.067,-0.31,0.34,0.29,20.47
28.92,5.21,82.4,19.72,532.32,-78.92,0.003,0.94,0.14,0.25,20.58
29.29,5.15,83.4,19.24,526.35,-79.2,0.011,-0.62,-0.36,0.3,21.07
29.15,5.07,82.2,20.19,524.08,-82.22,0.007,-0.49,-0.55,-0.03,21.12
29.24,4.99,84.0,19.64,534.79,-77.76,0.033,0.39,-0.21,-0.47,20.69
29.27,5.61,82.7,20.62,544.27,-78.17,0.058,0.19,0.16,0.1,21.16
29.24,5.87,83.2,19.73,544.18,-76.08,0.089,0.08,0.05,0.13,21.17
29.26,5.19,84.5,20.3,545.48,-77.96,0.164,0.17,-0.45,0.71,20.91
29.42,5.67,84.4,19.92,542.37,-80.56,0.06,-0.34,1.28,0.7,21.03
29.35,5.21,83.2,20.23,559.73,-79.67,0.012,-0.64,0.53,-0.31,21.14
29.53,5.32,85.3,20.4,549.73,-80.08,0.007,0.94,-0.18,0.6,21.55
29.47,5.45,84.7,20.51,576.67,-77.84,0.01,-0.68,0.11,0.14,21.54
29.35,5.84,83.2,21.18,574.27,-74.96,0.036,-1.19,-0.31,0.61,21.86
29.4,5.39,84.5,21.2,563.32,-76.5,0.031,-0.44,1.56,0.4,21.54
29.4,6.25,85.0,20.54,579.33,-76.95,0.055,0.48,-0.45,0.6,21.94
29.67,6.14,84.7,20.93,579.48,-78.73,0.009,-1.21,-0.15,-0.21,22.09
29.51,6.13,86.9,20.62,594.85,-76.36,0.025,-0.51,-0.32,-0.04,22.39
29.49,5.92,85.8,20.65,609.77,-77.36,0.071,0.55,0.02,0.08,22.97
29.66,6.33,86.7,21.02,582.38,-76.45,0.002,-0.76,-0.19,-0.03,22.95
29.65,5.28,86.7,21.97,607.09,-76.01,0.013,0.11,0.36,0.59,22.62
29.73,6.37,87.4,20.91,609.19,-77.41,0.003,0.0,-0.34,0.12,22.15
29.95,6.36,88.4,21.83,622.4,-76.22,0.042,0.04,-0.04,0.57,22.73
29.87,5.82,87.9,21.91,622.74,-73.81,0.002,0.37,0.01,0.34,23.45
29.8,6.58,89.0,21.62,618.05,-74.62,0.088,-0.76,0.97,-0.2,23.2
29.66,6.71,88.4,22.24,627.35,-75.1,0.054,0.55,0.62,0.55,22.87
29.81,6.05,88.2,22.38,627.58,-72.83,0.002,-0.72,0.61,-0.61,23.44
29.99,6.33,88.6,22.28,651.32,-73.42,0.051,-0.29,1.02,0.15,23.48
29.79,7.37,86.5,22.38,645.79,-74.03,0.003,-0.21,0.05,0.19,24.33
30.23,6.77,88.5,22.49,669.62,-77.83,0.036,0.25,0.2,0.28,23.75
30.0,7.19,89.0,22.42,655.02,-78.0,0.036,-0.94,-0.13,0.21,24.3
30.04,7.31,89.7,22.92,653.57,-78.09,0.1,0.97,0.36,0.31,24.57
29.99,7.16,89.6,22.83,650.52,-74.87,0.018,-0.17,1.05,0.44,23.96
30.16,7.41,90.1,23.21,652.62,-74.99,0.042,0.47,-1.34,-0.17,24.32
30.0,6.54,89.0,23.08,659.79,-75.41,0.025,-0.74,0.62,0.31,24.61
30.43,7.17,89.0,23.22,683.25,-77.66,0.118,-0.32,1.01,0.03,25.0
30.36,6.38,89.6,23.4,690.58,-74.6,0.021,-1.36,0.78,-0.63,24.87
30.35,6.84,92.0,24.19,674.57,-76.48,0.085,0.5,-0.8,-0.09,24.72
30.1,7.26,90.0,23.41,704.17,-76.34,0.016,-0.61,-0.91,0.9,25.03
30.32,7.28,90.6,24.67,695.19,-74.94,0.006,-0.7,0.24,-0.78,25.97
30.47,7.55,91.6,24.47,706.24,-76.25,0.014,0.32,-0.88,0.19,26.59
30.43,7.59,90.4,23.8,725.59,-76.14,0.018,-1.88,-1.86,0.39,26.04
30.27,7.69,91.2,24.3,723.07,-78.13,0.032,-0.13,0.42,-0.28,26.51
30.34,7.75,92.7,24.08,715.99,-78.28,0.029,1.07,0.96,-0.16,26.39
30.39,7.85,92.0,25.03,714.27,-74.48,0.006,-0.6,0.71,-0.85,26.68
30.4,7.51,93.9,25.39,706.1,-75.54,0.004,-0.53,0.78,0.68,26.86
30.68,7.62,91.4,25.18,724.78,-77.42,0.022,0.56,-0.26,0.16,27.0
30.29,7.87,92.7,25.67,734.13,-75.53,0.002,-0.71,-0.1,0.73,27.03
30.63,7.91,92.8,25.46,730.57,-76.04,0.029,0.85,-0.44,0.04,27.1
30.42,7.63,93.3,25.88,743.23,-77.93,0.029,0.66,-0.65,-0.71,27.03
30.48,8.32,92.6,25.78,749.32,-76.29,0.007,0.31,0.18,0.3,27.56
30.38,8.24,93.2,25.83,750.21,-75.75,0.087,-0.58,0.35,0.56,27.62
30.58,7.8,94.5,26.24,749.77,-78.72,0.026,-0.06,-0.79,-0.11,27.29
30.85,8.02,93.8,26.05,761.66,-74.9,0.278,-0.16,-0.87,0.87,28.27
30.72,8.71,93.4,26.75,767.99,-75.96,0.001,0.05,0.11,-0.04,28.34
30.56,8.17,96.0,26.27,756.15,-73.77,0.042,0.19,0.8,0.16,28.16
30.85,8.26,94.6,26.71,784.53,-74.46,0.009,-0.32,-0.22,0.65,28.7
30.89,7.98,95.2,26.39,772.69,-74.0,0.022,-0.32,0.89,-0.28,28.66
30.77,8.08,95.4,26.22,776.99,-77.53,0.003,0.43,0.14,0.04,28.32
31.02,8.64,94.9,27.02,786.88,-75.64,0.005,1.39,-0.25,-0.85,27.91
30.89,8.23,94.4,26.39,785.01,-76.48,0.011,-0.73,-0.15,0.11,28.02
30.89,8.18,95.3,27.89,794.95,-74.34,0.045,0.45,-0.25,-0.08,29.39
30.73,8.2,94.7,27.13,790.9,-74.67,0.052,0.32,-0.12,-0.04,29.0
30.91,8.96,95.7,27.34,784.38,-74.27,0.006,0.28,0.69,0.35,28.98
30.87,8.21,95.3,27.38,796.45,-77.23,0.004,0.14,-0.9,-0.49,28.98
30.92,7.94,96.4,27.64,783.6,-78.78,0.088,-0.33,-0.58,-0.08,29.38
30.78,7.98,94.7,27.82,798.17,-78.37,0.038,0.09,-0.33,0.49,29.83
30.89,8.4,96.3,27.5,798.66,-76.48,0.004,-0.18,-0.1,0.72,29.24
30.78,7.72,96.3,27.0,798.67,-79.02,0.003,0.33,-0.39,-0.2,29.7
30.63,8.27,95.6,27.61,801.07,-76.96,0.015,0.28,0.05,0.9,30.82
31.01,7.9,96.5,27.91,785.0,-77.67,0.004,-1.45,0.15,0.85,30.58
30.71,7.53,96.2,28.27,799.64,-80.88,0.037,0.11,0.34,-0.3,29.05
30.91,7.77,96.5,28.32,807.21,-77.16,0.006,0.14,0.68,0.08,29.3
30.94,8.05,96.5,28.59,808.88,-76.63,0.02,0.63,0.43,0.32,30.82
30.94,8.42,96.0,27.83,797.85,-75.94,0.014,0.01,1.03,-0.5,30.53
30.87,8.25,95.5,28.16,821.47,-78.67,0.029,-0.25,0.74,-0.57,30.26
30.93,7.85,95.5,28.39,800.69,-79.53,0.078,0.56,1.49,0.15,30.52
30.95,8.19,95.8,29.14,819.42,-78.65,0.016,-0.45,0.91,0.25,30.24
30.98,7.75,96.7,29.61,814.21,-79.98,0.02,-0.92,-0.87,-0.09,30.16
31.1,7.37,96.5,28.24,803.54,-77.46,0.06,0.37,0.32,-0.5,30.77
30.91,7.77,96.7,29.15,827.65,-78.23,0.03,0.78,0.69,0.35,30.48
30.88,7.27,96.8,28.84,797.71,-80.31,0.002,-0.21,-0.38,-0.09,30.9
30.76,7.91,95.7,29.04,818.42,-79.26,0.001,-0.45,-0.53,0.06,30.37
30.91,7.86,97.4,28.42,818.67,-76.4,0.081,0.72,-0.32,-0.54,30.91
30.93,7.3,95.6,29.39,801.23,-78.96,0.007,0.31,0.15,0.23,30.77
30.81,7.55,95.3,28.16,820.97,-80.08,0.073,-0.16,0.89,0.05,30.14
30.89,7.49,95.9,28.5,803.51,-79.9,0.017,0.15,0.97,-0.21,31.27
30.78,7.65,95.9,28.88,807.7,-78.97,0.018,-0.59,-0.21,-0.89,30.13
30.88,6.95,94.8,28.78,806.08,-76.63,0.146,0.2,-0.42,0.86,31.23
30.89,7.44,95.2,29.01,800.63,-81.07,0.022,-1.19,0.37,-0.42,30.88
30.87,6.8,94.8,28.76,808.44,-77.48,0.109,-0.52,-0.47,1.04,30.95
30.76,7.37,95.2,28.87,806.47,-80.21,0.03,-0.1,-0.93,-0.11,30.49
30.61,7.38,95.6,28.93,779.11,-77.95,0.044,0.1,-0.12,0.47,30.52
30.64,6.8,94.6,28.9,807.55,-81.75,0.002,-0.24,-1.01,0.37,30.65
30.76,7.29,95.2,29.01,775.65,-77.82,0.0,0.58,0.64,-0.59,30.1
30.97,6.38,93.5,29.25,800.23,-77.61,0.038,0.11,-0.03,0.85,30.82
30.61,7.11,95.1,28.65,798.67,-77.62,0.021,-0.29,-0.36,-0.1,30.41
30.68,7.14,93.9,29.36,773.85,-80.56,0.048,-0.13,0.46,0.45,29.66
30.54,6.74,93.7,28.87,777.87,-80.69,0.006,0.39,0.01,-1.1,31.22
30.46,6.51,94.3,29.25,768.02,-81.94,0.051,0.23,-0.97,-0.25,30.52
30.47,6.58,94.1,28.65,773.89,-82.43,0.033,-0.19,-0.23,-0.06,30.49
30.28,6.24,93.5,28.41,769.8,-79.75,0.009,0.87,-0.85,0.41,30.02
30.67,7.13,92.7,28.69,777.4,-81.22,0.072,-0.56,0.09,-0.02,30.37
30.21,6.09,92.8,29.5,779.31,-80.66,0.105,0.91,0.22,0.88,30.46
30.42,6.59,93.1,28.07,776.65,-80.88,0.018,-0.86,0.96,-0.88,29.51
30.28,5.89,93.2,28.71,753.45,-83.6,0.018,-0.74,0.07,-0.47,30.25
30.29,6.52,92.0,28.47,753.25,-83.62,0.025,-0.68,-0.57,-0.39,29.5
30.53,6.57,91.9,28.47,734.67,-80.75,0.038,0.72,-0.53,-0.59,29.32
30.36,6.01,92.4,27.83,739.51,-81.42,0.036,-0.35,-0.37,-0.12,29.4
30.19,5.9,91.9,28.33,753.18,-82.39,0.023,-0.18,0.31,-0.88,30.49
30.2,5.46,91.9,28.19,755.57,-81.74,0.075,-0.83,0.29,-0.68,29.86
30.15,5.35,89.5,27.47,722.86,-80.31,0.005,-0.31,-0.43,-0.99,29.44
30.2,5.69,91.1,27.95,724.98,-81.23,0.007,-0.15,0.95,0.37,30.02
30.2,5.96,91.8,27.72,726.26,-82.36,0.038,0.35,0.78,-0.42,28.86
30.37,5.29,90.4,27.58,724.88,-82.21,0.041,0.21,0.46,-0.11,28.7
29.88,6.05,91.0,27.58,709.46,-80.81,0.015,-0.4,-0.31,0.18,28.62
30.07,5.13,89.4,27.87,717.2,-83.77,0.011,-0.81,-1.12,-0.2,29.62
30.01,5.32,88.9,27.54,703.57,-82.94,0.001,-0.15,-0.56,-0.99,29.09
30.12,5.25,90.2,26.9,703.46,-83.45,0.015,1.08,0.07,0.35,28.29
30.02,5.09,89.6,27.32,704.3,-84.49,0.009,0.19,-0.43,-0.18,28.2
30.01,4.44,89.2,27.01,694.09,-83.97,0.054,-0.67,-0.01,0.93,28.46
29.95,4.81,89.9,26.68,684.81,-85.32,0.02,-0.93,-0.13,-0.01,27.75
29.76,5.0,88.7,26.34,683.19,-82.33,0.025,-0.6,0.07,0.08,27.99
29.98,4.85,88.2,26.93,678.47,-84.7,0.041,-0.18,-0.51,-0.25,27.52
29.9,5.01,87.8,26.31,670.7,-83.85,0.011,0.73,0.84,0.06,27.75
29.88,5.0,87.4,26.7,666.83,-82.72,0.066,-1.59,0.89,0.49,27.95
29.89,4.65,88.3,25.87,680.41,-82.33,0.015,0.17,0.5,0.75,28.18
29.75,4.38,87.4,26.81,665.02,-84.43,0.003,-0.58,0.51,0.51,26.7
29.84,5.09,88.3,26.89,651.43,-84.78,0.058,0.42,0.9,-1.19,27.41
29.68,4.17,84.8,26.02,656.33,-83.69,0.077,0.14,-0.99,-0.3,27.29
29.57,4.35,87.7,26.14,641.0,-84.24,0.007,1.28,-1.33,-0.52,26.77
29.56,4.24,87.0,25.38,651.05,-86.68,0.032,0.08,0.44,0.28,26.46
29.53,4.68,86.4,25.2,638.0,-82.6,0.035,0.95,1.07,-0.49,26.3
29.43,4.81,85.1,25.67,628.24,-84.82,0.008,-0.51,-0.18,0.03,25.64
29.66,4.33,84.6,25.15,628.82,-84.05,0.017,-0.18,0.11,-0.52,26.53
29.47,4.42,86.3,24.47,603.68,-84.85,0.015,-1.18,-0.28,0.37,25.75
29.41,4.46,85.6,24.83,603.21,-84.7,0.03,0.09,0.09,0.3,25.23
29.41,4.84,85.4,24.23,597.65,-85.82,0.02,-0.15,0.27,-0.02,25.86
29.69,3.75,84.9,24.44,606.18,-84.61,0.034,0.25,0.82,0.42,25.69
29.17,4.48,85.4,24.72,617.27,-84.73,0.003,-0.1,0.8,0.54,25.74
29.17,4.36,84.1,24.71,617.51,-84.56,0.01,0.85,0.07,0.02,25.97
29.08,4.12,84.0,24.15,596.89,-87.97,0.002,-0.15,-0.43,0.48,25.1
29.19,4.32,83.9,24.37,590.88,-87.83,0.024,0.32,-0.15,0.73,24.8
29.21,4.43,83.7,23.59,563.28,-85.89,0.016,0.98,-0.09,0.22,24.6
29.1,4.38,84.7,24.2,571.36,-86.75,0.103,1.06,0.84,-0.09,24.48
29.06,4.85,82.4,23.2,564.48,-84.37,0.011,0.24,-0.05,0.47,24.14
29.12,4.24,81.7,23.02,561.79,-87.61,0.01,0.09,0.56,0.32,24.1
29.01,4.21,81.9,22.99,562.04,-85.02,0.013,0.25,1.01,-0.54,23.83
29.09,4.15,83.4,22.75,554.81,-88.93,0.02,0.98,0.13,-0.3,23.54
29.16,4.38,82.6,23.04,535.64,-88.76,0.028,0.06,0.32,0.67,24.5
29.08,4.22,81.2,23.16,558.91,-86.58,0.013,0.09,-0.2,0.09,24.2
29.08,4.25,82.4,22.58,536.79,-86.06,0.033,-0.5,0.36,0.22,22.75
29.08,4.26,81.9,22.54,546.1,-85.68,0.038,-0.47,0.45,-0.09,23.48
28.97,4.24,82.4,21.81,560.74,-85.23,0.041,0.34,0.25,0.75,23.17
28.89,4.12,82.4,22.19,527.21,-86.26,0.056,-0.54,-0.79,-0.42,23.11
28.8,4.45,83.6,22.64,507.62,-86.9,0.005,0.19,0.51,0.45,22.33
28.83,4.27,80.5,22.38,526.7,-88.01,0.041,-0.17,0.99,0.49,22.03
28.79,4.57,79.8,21.38,537.32,-89.5,0.011,-0.38,-0.02,0.68,22.61
28.93,4.45,81.7,21.48,542.76,-85.85,0.039,-0.51,-0.89,0.06,22.35
28.86,4.34,81.9,22.7,507.88,-88.23,0.001,1.45,0.59,0.47,22.15
28.89,4.96,79.9,21.53,522.27,-86.71,0.007,0.33,1.45,0.4,22.16
28.65,4.5,79.8,21.79,509.91,-85.65,0.02,-0.82,0.29,-0.12,22.35
28.95,4.76,81.0,21.7,510.89,-82.45,0.027,1.5,-1.34,0.32,22.34
28.71,4.41,82.0,20.64,535.92,-87.09,0.088,0.09,1.03,0.14,21.48
28.62,4.06,79.8,21.17,492.12,-88.66,0.008,-0.43,-0.43,0.76,21.4
28.69,4.54,80.5,20.87,507.49,-86.77,0.022,-0.12,0.09,-0.05,21.71
29.03,4.12,78.8,21.31,507.58,-89.73,0.02,0.96,0.63,0.41,22.03
28.68,4.75,80.1,21.29,511.86,-87.25,0.035,-0.43,0.73,0.36,21.35
28.68,5.32,80.1,20.21,500.22,-86.96,0.008,-0.25,0.34,-0.42,21.39
28.69,4.66,81.3,21.61,500.71,-86.76,0.079,0.34,0.36,-0.27,20.69
28.69,4.36,79.6,20.38,492.26,-85.16,0.157,-0.14,0.31,-0.48,20.27
28.61,5.5,80.6,20.45,497.56,-85.89,0.065,0.82,-0.56,0.21,21.98
28.72,4.97,79.4,19.22,490.28,-87.98,0.037,-0.46,-0.45,0.46,21.09
28.83,5.17,80.1,20.42,498.93,-84.9,0.034,-0.41,0.4,0.27,20.49
28.74,5.48,81.7,19.24,488.17,-84.98,0.042,-0.22,0.48,0.45,19.97
28.57,5.47,81.4,19.87,494.95,-88.14,0.025,-0.16,-0.2,0.25,21.33
28.66,5.61,81.6,19.66,490.36,-89.31,0.008,0.21,-0.19,-0.68,20.31
28.64,5.72,80.3,19.96,501.54,-90.11,0.066,-0.12,-0.18,0.09,20.25
28.71,5.0,79.9,19.8,489.55,-85.85,0.032,-0.43,-0.32,0.25,20.29
28.87,5.17,80.3,19.89,472.27,-85.19,0.002,0.3,0.43,0.53,20.58
28.7,6.01,80.4,20.07,502.72,-87.29,0.021,-0.47,0.24,0.24,20.74
28.72,5.5,80.4,19.24,481.3,-86.67,0.018,0.5,-0.72,0.46,20.32
28.95,5.61,79.6,19.48,484.24,-85.76,0.003,-1.15,-0.32,0.31,19.99
28.85,5.51,79.6,19.22,485.39,-86.07,0.014,0.15,-0.36,0.12,21.29
28.82,5.84,79.8,19.16,505.82,-85.91,0.007,-0.04,-0.2,-0.93,20.15
29.0,5.93,81.2,20.14,471.6,-83.24,0.001,0.23,-0.59,0.17,20.33
28.83,5.83,81.4,18.99,525.38,-86.58,0.001,0.3,-0.12,0.45,19.71
28.55,5.87,83.0,19.13,505.75,-86.0,0.01,0.02,-1.0,-0.61,20.54
28.9,6.36,80.9,20.18,498.77,-87.06,0.003,1.25,-0.2,-0.47,20.74
28.63,6.09,80.1,19.36,497.49,-84.49,0.055,0.39,0.4,0.38,19.96
28.89,6.23,80.4,19.38,502.54,-83.77,0.112,1.1,0.17,0.53,19.57
28.65,5.83,80.8,19.54,506.69,-85.62,0.019,0.18,-0.45,-0.71,20.16
28.81,7.14,82.2,18.99,509.87,-85.31,0.027,-0.36,-0.03,-0.02,21.09
28.84,6.92,81.7,19.1,511.07,-83.74,0.09,-1.24,0.24,0.33,20.1
28.82,6.56,80.2,19.22,508.63,-86.31,0.042,0.22,-0.53,-0.18,21.39
28.89,6.51,81.4,19.82,508.14,-85.17,0.021,0.38,-0.16,0.1,20.19
29.07,6.85,80.4,19.72,511.11,-87.96,0.017,-0.75,0.91,-1.07,19.72
28.89,6.92,82.2,19.29,513.31,-85.25,0.041,0.02,0.43,0.53,20.28
29.06,6.61,81.3,19.5,529.38,-85.66,0.012,-0.84,0.14,-0.33,19.79
28.9,6.3,81.6,19.86,526.88,-83.45,0.042,0.5,0.17,0.24,20.3
29.02,6.97,80.7,18.8,494.58,-85.41,0.002,0.4,-0.01,-0.22,20.79
29.11,6.73,83.0,19.79,533.7,-85.52,0.022,-1.1,0.61,-1.06,20.52
28.98,7.31,83.5,20.0,532.37,-82.53,0.006,-0.88,-0.77,-0.85,21.21
28.97,7.38,82.2,19.47,533.63,-85.13,0.04,-1.23,0.13,-0.06,20.62
29.21,7.09,82.8,20.08,533.45,-83.76,0.105,0.22,-0.49,0.09,20.31
29.31,7.28,82.8,19.93,552.2,-82.47,0.032,0.23,-0.63,0.25,21.05
29.2,8.03,83.2,20.63,554.16,-85.36,0.039,0.52,-0.03,-0.15,21.01
29.18,7.79,82.9,19.88,540.8,-83.08,0.005,-0.66,-0.53,-0.88,21.15
29.29,7.48,82.9,20.35,556.53,-85.37,0.024,-0.27,0.97,-0.68,20.74
29.3,8.35,85.1,19.71,546.78,-83.16,0.045,-0.46,0.08,-0.31,21.46
29.36,7.36,82.1,20.34,546.82,-82.71,0.058,-0.55,-0.71,-0.08,22.01
29.06,7.52,84.8,20.69,558.56,-84.71,0.111,-0.57,-0.43,0.32,21.03
29.26,7.78,84.9,20.32,577.75,-87.16,0.041,-0.77,0.62,-0.11,20.9
29.32,7.39,86.2,20.99,583.03,-85.22,0.026,0.23,0.39,-0.46,21.16
29.48,8.43,84.9,21.02,583.09,-83.27,0.051,0.87,0.41,-0.53,21.88
29.51,7.99,85.1,20.86,589.73,-84.98,0.009,0.53,0.86,0.14,21.37
29.6,7.73,85.0,20.82,592.23,-83.86,0.062,-0.24,0.24,0.13,22.26
29.59,8.14,86.1,19.95,585.31,-82.35,0.046,-0.07,0.53,-0.2,22.4
29.43,8.08,85.5,20.91,600.75,-83.41,0.005,0.24,0.72,-0.28,22.54
29.8,7.97,85.4,21.64,609.2,-82.73,0.057,0.09,0.71,-0.12,23.56
29.81,7.73,86.0,21.28,613.55,-83.71,0.053,-0.54,0.46,0.9,21.91
29.54,7.68,86.1,21.66,622.75,-79.76,0.078,0.27,-0.39,-0.45,22.11
29.77,8.79,86.3,21.46,622.83,-83.53,0.069,0.31,-0.51,-0.81,23.45
29.69,7.75,87.4,21.26,624.19,-82.38,0.012,-0.57,-0.22,-0.21,23.29
29.81,8.68,87.4,22.15,636.33,-81.36,0.021,0.07,-0.19,0.15,23.68
29.96,7.93,88.3,21.59,630.35,-83.6,0.049,-0.13,0.06,-0.35,22.56
30.12,8.43,88.2,22.06,626.79,-81.87,0.044,0.28,-0.18,0.44,22.98
29.99,8.33,87.4,22.42,638.99,-82.07,0.049,-0.4,-0.75,-0.75,24.07
29.97,8.4,86.9,22.19,638.19,-80.46,0.008,1.16,0.13,-0.13,23.76
29.93,8.42,88.0,23.12,643.92,-81.42,0.047,-0.84,-0.38,-0.05,24.51
30.02,7.71,89.7,23.41,654.25,-82.22,0.003,1.09,-0.2,0.11,23.97
30.2,7.99,89.9,22.58,652.79,-80.76,0.02,-0.5,0.58,-0.03,24.21
30.07,7.78,90.4,22.74,662.65,-79.38,0.002,0.33,0.21,-0.16,25.38
30.0,8.23,90.5,23.0,651.78,-81.38,0.018,-0.65,-0.36,-0.44,24.2
29.94,7.77,90.9,23.7,677.83,-80.7,0.008,-0.45,0.33,0.04,25.08
30.23,7.55,90.6,23.62,680.65,-80.77,0.022,-0.54,0.01,-0.69,24.32
30.23,8.06,92.0,23.86,677.39,-79.92,0.037,-0.31,-0.3,-0.72,24.76
30.16,7.44,91.0,24.21,697.03,-81.52,0.001,-0.57,-0.85,-0.51,25.56
30.39,8.16,92.6,23.58,704.66,-77.45,0.009,1.3,0.23,-0.35,24.87
30.25,7.68,90.7,24.22,684.01,-78.07,0.005,0.62,0.04,0.04,25.95
30.31,7.77,91.0,24.22,697.2,-80.49,0.006,-0.17,-1.15,0.84,25.67
30.36,7.31,91.5,24.5,701.83,-76.68,0.026,0.6,0.39,-0.0,25.53
30.34,8.45,91.9,24.9,704.76,-83.36,0.002,1.36,-0.03,0.07,26.04
30.44,7.48,91.9,24.6,727.03,-78.29,0.037,0.63,0.47,-0.19,26.01
30.58,7.77,92.8,24.56,721.3,-73.92,0.008,0.91,-0.12,0.2,26.12
30.33,7.3,92.5,24.58,725.03,-79.7,0.097,0.75,0.4,-0.21,26.37
30.56,7.55,92.3,25.71,711.99,-77.87,0.082,0.87,-0.15,-0.5,26.17
30.55,8.28,92.6,25.23,742.66,-77.74,0.039,0.59,0.59,-0.32,26.18
30.57,7.79,94.1,24.91,728.1,-79.28,0.046,-0.62,-0.19,-0.24,26.19
30.68,7.43,93.6,26.02,745.19,-77.99,0.038,0.92,-0.3,0.58,27.4
30.61,7.59,92.2,25.08,751.37,-76.16,0.039,0.03,0.49,0.09,27.52
30.68,7.37,94.9,25.28,766.12,-79.88,0.006,0.19,1.83,0.62,27.19
30.73,7.46,94.2,25.86,743.23,-77.7,0.078,-1.24,0.26,-0.17,27.6
30.61,7.65,94.6,25.91,729.83,-76.91,0.049,-0.46,0.0,0.23,28.35
30.72,7.27,95.0,26.35,765.45,-79.26,0.026,0.75,0.37,0.11,27.7
30.68,7.37,95.2,25.7,785.1,-77.95,0.005,0.6,0.79,-0.62,27.98
30.71,7.31,93.8,26.63,782.86,-77.24,0.045,0.48,0.69,0.22,29.0
30.71,7.08,93.8,27.09,775.81,-78.94,0.072,-0.86,1.07,-0.25,28.52
30.82,6.89,96.7,26.43,771.92,-75.57,0.019,0.14,0.72,0.26,28.86
30.79,6.88,94.4,26.76,787.91,-77.26,0.003,-0.03,-0.11,0.86,28.92
30.84,7.18,95.4,26.74,772.98,-78.63,0.103,0.44,0.53,-0.27,28.96
30.81,7.14,96.5,27.25,790.22,-79.18,0.006,-0.08,-0.71,-0.17,28.6
30.63,6.49,94.9,26.88,793.12,-77.78,0.047,-0.46,0.47,0.31,28.62
30.84,6.68,95.1,26.95,801.14,-77.75,0.124,-0.37,-0.69,0.17,29.4
30.85,6.46,96.2,27.43,820.47,-76.6,0.01,-1.53,1.02,-0.53,29.45
30.88,6.85,95.7,27.71,798.99,-78.89,0.003,-0.17,-0.93,0.8,29.45
30.79,6.4,96.0,27.75,792.02,-77.98,0.05,-0.1,-0.93,-0.61,29.58
30.73,7.13,95.6,27.65,798.76,-74.67,0.002,-0.84,-0.19,-0.01,29.26
30.95,6.46,95.3,28.13,783.08,-79.18,0.023,-0.3,0.08,0.61,29.2
30.85,6.67,95.6,28.07,795.43,-77.7,0.039,1.59,-0.42,-0.23,29.47
30.91,5.94,96.8,27.67,799.74,-78.55,0.031,-0.49,-0.11,0.45,29.75
30.86,6.17,95.7,27.23,799.9,-76.33,0.025,0.61,-0.22,-0.38,29.7
30.9,6.27,96.3,28.43,807.82,-75.52,0.009,0.02,-0.54,-0.07,30.65
30.85,5.7,95.2,28.24,799.07,-71.18,0.011,0.13,0.25,-0.34,30.69
30.78,5.95,97.6,28.02,819.35,-75.01,0.013,0.54,1.37,0.52,30.52
30.96,6.18,96.3,29.05,808.82,-78.24,0.032,-1.41,-0.25,0.21,30.73
30.83,5.69,96.3,29.11,809.26,-75.53,0.034,0.35,-0.0,-0.22,29.79
30.92,5.46,96.7,29.05,806.45,-76.48,0.006,-0.61,-0.71,-0.2,30.66
30.94,6.19,95.6,28.74,811.49,-76.98,0.001,0.41,0.89,0.51,30.41
30.82,5.22,96.9,27.61,818.25,-76.23,0.002,0.22,-0.37,0.4,30.29
30.74,5.55,94.7,29.18,801.23,-74.88,0.034,-1.01,1.0,-0.62,30.41
31.17,5.22,95.4,28.49,803.06,-74.93,0.003,0.92,-0.27,0.04,30.45
30.8,5.08,95.2,28.65,806.19,-78.18,0.011,0.44,0.31,-0.94,30.44
30.93,5.52,94.3,29.2,795.19,-76.06,0.024,0.08,0.37,0.63,30.38
31.08,5.17,95.3,29.63,799.73,-77.59,0.024,1.36,0.17,0.77,30.11
30.93,5.28,95.6,29.48,802.27,-75.83,0.023,-0.47,-1.13,-0.48,30.04
30.79,4.42,94.7,29.02,814.74,-76.71,0.076,-0.13,-0.93,0.71,30.85
30.8,5.19,94.5,29.24,807.43,-74.8,0.018,0.64,0.54,-0.61,29.57
30.7,4.76,95.4,28.6,805.39,-76.43,0.005,0.54,0.23,0.07,31.48
30.89,4.35,95.2,28.43,810.46,-77.06,0.002,0.3,-0.23,0.15,30.45
30.83,5.43,95.0,29.38,798.93,-75.91,0.022,-0.52,1.08,-0.61,29.97
30.69,4.99,94.1,29.11,802.41,-76.03,0.028,0.21,0.71,-0.22,30.89
30.61,4.82,94.7,28.48,795.53,-76.24,0.026,1.77,-0.08,0.19,30.61
30.55,5.08,94.3,28.96,797.13,-76.67,0.006,0.71,-0.72,-0.98,30.27
30.81,4.73,94.8,29.18,786.42,-79.7,0.001,0.44,-0.05,0.94,30.39
30.69,4.37,94.1,29.26,765.49,-73.11,0.063,2.03,0.65,0.03,30.55
30.68,4.51,94.4,29.13,786.02,-78.05,0.018,0.68,-0.29,-0.68,30.99
30.53,4.32,93.2,28.76,798.95,-75.69,0.003,0.37,0.0,-0.55,29.45
30.43,4.33,93.0,28.55,791.2,-75.51,0.032,-0.17,-0.28,0.5,30.59
30.7,4.07,94.4,28.85,788.69,-72.83,0.032,-0.28,-0.63,0.34,31.07
30.56,4.12,94.4,29.05,788.36,-72.66,0.028,-0.72,-0.97,0.22,30.03
30.64,4.64,93.3,29.03,773.72,-75.55,0.008,-0.04,0.57,-0.38,30.6
30.46,4.45,93.4,29.22,771.53,-77.73,0.057,-0.34,-0.53,0.03,30.5
30.45,4.17,92.9,28.62,759.98,-77.72,0.003,-0.09,-0.1,0.02,30.92
30.53,3.99,93.9,28.15,759.48,-77.21,0.004,0.15,0.29,0.12,30.18
30.51,4.15,92.7,28.86,765.18,-76.36,0.015,-0.33,1.12,0.62,30.29
30.49,3.75,92.2,28.44,767.33,-77.07,0.069,0.57,-0.24,0.65,30.35
30.33,4.28,93.2,27.88,750.06,-77.87,0.052,-0.11,1.43,-0.46,30.09
30.41,4.51,91.6,28.47,743.01,-76.34,0.072,-0.29,-1.07,-0.18,29.39
30.44,4.92,92.1,28.66,743.49,-77.8,0.036,0.45,1.2,0.43,29.36
30.26,3.88,90.9,28.22,745.37,-74.52,0.029,0.06,0.51,0.18,29.66
30.18,4.47,92.1,28.49,720.7,-77.91,0.046,-0.66,-0.67,1.65,29.79
30.37,3.99,92.0,27.73,707.88,-77.75,0.007,-0.89,-0.15,0.28,29.47
30.1,3.86,90.1,27.55,720.96,-76.63,0.004,-0.24,0.61,0.34,28.81
30.22,3.87,89.7,28.0,709.81,-78.83,0.08,0.96,-0.18,0.41,29.01
30.1,4.25,90.9,27.47,712.41,-77.5,0.055,0.3,0.36,-0.28,28.43
29.86,3.94,91.9,27.91,711.42,-79.28,0.016,0.37,-1.04,0.04,29.1
30.18,4.05,90.9,27.43,703.72,-77.19,0.045,-0.12,0.14,-0.37,29.53
29.68,4.12,89.7,27.69,718.06,-78.43,0.021,0.22,-0.29,1.46,28.82
29.74,4.04,89.0,27.36,702.04,-78.02,0.0,0.49,-0.71,-0.91,27.7
30.0,4.04,88.4,26.71,696.97,-77.16,0.0,-0.1,-0.24,-0.05,28.38
29.97,3.58,89.7,26.2,695.33,-78.06,0.019,-0.84,-0.31,1.04,28.2
29.8,4.36,89.7,27.05,672.83,-76.45,0.026,-0.48,-0.17,-0.44,27.85
29.86,4.38,88.2,26.84,689.68,-79.13,0.052,-0.48,0.38,0.89,27.1
29.5,4.16,88.2,26.16,673.58,-78.46,0.027,1.5,-0.46,-0.45,27.97
29.85,4.54,88.2,26.66,676.06,-78.34,0.027,0.19,-0.47,-0.62,28.01
29.76,4.88,89.4,26.73,653.64,-76.74,0.172,-0.15,-0.36,0.81,27.12
29.69,4.51,87.7,25.86,643.81,-76.48,0.0,-0.81,-0.35,-0.19,26.97
29.67,4.94,86.6,25.29,662.5,-79.63,0.013,0.49,0.77,-0.36,27.04
29.69,5.26,86.2,26.17,653.06,-78.89,0.08,0.28,0.31,-0.65,27.71
29.59,5.39,86.2,26.13,635.25,-81.3,0.014,0.08,-0.03,0.93,26.74
29.34,4.33,87.7,25.28,630.55,-78.51,0.008,0.27,-0.87,0.65,26.39
29.79,4.38,86.8,25.66,645.5,-78.56,0.017,-0.68,0.47,-0.26,26.38
29.64,4.65,85.9,25.36,617.35,-76.62,0.044,-0.0,-0.03,0.37,26.61
29.31,4.88,83.6,25.06,640.7,-79.13,0.043,0.07,-0.86,-0.19,25.41
29.39,5.37,85.0,25.15,610.32,-79.17,0.012,0.46,-0.3,-0.46,25.96
29.37,5.14,85.7,24.63,620.79,-79.78,0.004,0.59,0.26,0.34,25.75
29.5,4.65,85.5,24.27,606.24,-78.45,0.1,-1.64,1.22,-0.16,25.69
29.08,4.89,85.3,24.64,610.72,-78.98,0.008,-0.14,0.18,-0.04,25.29
29.24,5.12,83.7,24.44,594.44,-78.85,0.079,0.54,0.18,0.55,24.87
29.06,4.76,84.7,23.31,593.51,-76.41,0.015,1.01,-0.3,0.03,25.61
29.21,5.27,83.5,23.64,590.85,-81.99,0.132,-0.63,0.27,-0.49,24.34
29.16,4.98,84.1,23.66,575.79,-83.99,0.009,-0.03,0.48,0.09,25.54
29.19,4.91,83.2,23.93,588.64,-78.95,0.033,0.4,-0.25,-1.09,24.89
29.08,5.19,84.5,23.07,571.6,-80.22,0.051,0.37,-0.37,0.03,24.86
29.04,5.67,83.7,23.34,570.01,-81.15,0.016,-0.74,0.09,0.1,24.46
29.18,5.74,83.1,23.98,558.0,-78.9,0.005,-0.66,-0.07,-0.48,24.74
29.13,5.72,84.1,23.18,538.05,-80.3,0.003,-1.28,0.19,0.37,24.33
29.12,6.06,82.5,23.05,557.57,-81.3,0.008,-0.27,1.29,-0.32,24.48
29.0,6.1,81.5,22.84,579.51,-79.49,0.002,-0.5,0.95,-0.03,24.14
28.93,5.97,83.3,23.06,559.22,-79.84,0.061,-1.29,0.06,-0.15,24.1
28.96,6.0,82.5,22.59,547.27,-80.13,0.037,0.26,-0.88,0.61,23.21
29.01,6.1,81.9,22.36,541.03,-83.15,0.032,-0.16,-0.28,-0.72,23.19
28.67,6.09,81.4,22.35,540.18,-82.61,0.036,0.35,0.56,-0.06,23.21
28.96,5.56,82.2,22.62,541.83,-81.08,0.03,0.22,0.2,-0.34,23.05
28.93,6.63,82.3,22.16,521.07,-80.95,0.001,0.49,-1.32,0.89,23.14
28.88,6.48,80.9,21.91,540.66,-79.69,0.026,-0.19,-0.27,-0.02,22.47
28.84,6.07,81.8,22.17,533.42,-82.8,0.016,-0.01,0.51,-0.58,22.63
28.53,6.94,81.4,21.45,530.32,-82.08,0.005,-0.11,-0.21,-0.24,22.75
28.77,6.41,80.4,20.38,524.52,-80.45,0.033,0.57,-0.35,0.59,21.6
29.02,6.63,81.0,21.54,517.46,-82.55,0.017,0.43,0.03,0.22,22.66
28.79,7.04,80.4,21.41,521.25,-82.23,0.009,0.29,-0.76,-0.39,22.93
28.74,6.87,81.7,20.92,517.84,-82.68,0.04,-0.81,-0.43,-0.28,21.62
28.77,7.28,80.1,20.93,505.91,-81.9,0.002,1.2,-0.92,0.54,22.46
28.8,6.84,81.7,21.35,501.38,-82.13,0.014,-0.28,-1.02,-0.77,21.85
28.82,7.52,80.6,20.96,505.94,-85.43,0.01,-0.18,0.83,0.34,21.29
28.71,6.85,79.0,21.22,518.37,-82.18,0.004,1.0,0.84,0.07,21.87
28.78,7.55,78.6,20.69,488.58,-80.77,0.004,0.06,0.37,-0.49,22.21
28.92,6.54,80.1,20.45,484.54,-85.49,0.007,-0.22,0.22,0.2,21.17
28.83,6.95,81.2,20.65,499.26,-83.03,0.001,0.44,-1.04,-0.44,20.81
28.99,7.43,81.1,20.45,496.66,-82.8,0.027,-0.61,0.23,-0.81,20.25
28.63,7.28,80.2,20.38,496.58,-85.78,0.021,-1.02,-0.88,-0.13,21.0
28.9,7.44,79.5,20.07,496.14,-85.07,0.058,-0.44,-1.13,-0.16,21.04
28.61,7.53,79.7,19.87,490.47,-85.07,0.048,1.06,-1.29,0.77,21.62
28.74,7.22,80.2,19.81,506.76,-83.84,0.114,-0.53,-0.71,-0.56,21.57
28.79,7.3,80.9,20.1,475.16,-86.33,0.001,-0.21,-0.56,-0.95,20.49
28.64,7.75,80.5,20.08,482.36,-85.43,0.021,0.1,0.29,-0.74,21.01
28.72,7.53,80.8,18.87,489.24,-83.98,0.006,0.34,-0.37,-0.01,20.17
28.82,8.18,80.5,19.48,473.63,-83.34,0.019,0.22,-0.15,-0.5,20.6
28.63,7.77,80.8,19.13,488.24,-84.7,0.006,-0.55,0.31,-0.64,20.47
28.92,8.08,78.3,19.46,506.72,-86.44,0.002,0.94,-1.49,-0.15,20.13
28.56,8.04,79.4,19.38,490.57,-85.38,0.053,-0.07,-0.58,-0.26,20.39
28.97,7.77,79.3,19.6,493.09,-84.77,0.017,0.71,-0.06,0.41,20.74
28.86,7.39,79.3,19.58,478.75,-82.89,0.035,-0.69,-0.65,0.41,20.81
28.74,8.37,80.3,20.23,485.92,-84.64,0.004,0.27,0.57,-0.24,20.29
28.72,7.75,79.2,19.59,489.22,-82.25,0.026,0.36,-0.6,-0.08,20.29
28.72,7.95,79.7,19.66,490.84,-84.23,0.053,-0.47,0.3,1.06,19.58
28.77,8.05,80.4,18.92,508.02,-83.75,0.067,0.43,0.24,1.31,20.41
28.8,8.1,79.3,19.29,502.13,-86.64,0.011,-0.85,-0.1,1.31,20.19
28.97,8.43,80.3,19.02,486.94,-84.61,0.073,-0.61,0.75,0.08,20.26
29.07,8.16,81.3,19.61,502.17,-85.57,0.02,0.42,-0.04,-0.16,20.11
28.88,8.13,79.9,19.42,506.49,-82.25,0.008,-0.88,0.21,-0.66,19.94
28.77,8.49,81.7,19.29,514.85,-86.52,0.024,0.43,0.46,0.5,19.98
28.82,8.37,80.5,19.76,521.34,-83.41,0.035,-0.65,0.05,0.2,20.08
28.89,7.98,81.5,19.34,497.62,-83.58,0.003,0.46,-0.01,-0.32,19.85
28.81,7.86,80.5,19.93,502.03,-87.09,0.035,-1.06,-0.08,0.18,20.53
28.81,7.95,81.9,19.95,500.08,-85.83,0.042,-0.18,0.34,-0.28,20.67
29.22,8.18,81.5,19.29,512.96,-88.51,0.017,0.32,0.33,-0.39,20.43
29.03,7.82,82.3,19.94,522.74,-83.71,0.068,1.13,-0.34,0.23,20.61
28.92,8.21,81.6,19.63,530.86,-89.71,0.008,-0.47,0.66,0.78,20.49
29.14,8.13,82.7,19.5,523.26,-88.96,0.006,-1.09,0.84,0.72,21.1
28.93,7.39,83.1,19.82,523.98,-86.83,0.03,-0.69,-0.33,-1.06,20.72
28.97,7.72,82.7,19.18,531.98,-88.06,0.018,0.37,0.37,0.22,20.88
29.03,7.26,82.4,19.61,525.51,-88.19,0.016,1.17,1.17,0.02,21.16
29.35,8.0,82.8,20.0,558.27,-87.25,0.03,-0.4,-0.16,0.01,20.9
29.15,8.4,82.2,19.82,524.93,-85.34,0.014,0.57,-0.0,0.02,21.55
28.92,7.48,83.5,20.37,546.59,-85.32,0.095,0.05,-1.11,-0.14,20.81
29.38,7.62,84.1,19.93,568.81,-86.16,0.069,0.27,0.33,-1.21,21.85
29.23,7.93,85.0,20.19,552.58,-86.13,0.011,-0.14,-0.83,0.29,21.18
29.08,7.63,85.0,20.19,554.65,-86.85,0.006,-0.65,-0.12,0.41,21.09
29.29,7.59,83.4,19.78,557.1,-85.37,0.006,0.77,-0.12,0.25,20.82
29.42,8.03,84.6,20.55,563.08,-86.76,0.045,-0.27,-0.53,-0.09,21.9
29.44,7.68,84.6,20.61,582.91,-88.14,0.028,-0.47,0.98,-0.72,21.52
29.64,7.34,85.9,19.92,551.44,-87.39,0.023,0.12,-0.23,0.08,21.83
29.36,7.11,84.6,19.84,593.35,-86.63,0.032,-0.08,0.54,-0.12,22.0
29.5,8.35,86.1,20.65,568.3,-85.71,0.04,1.23,-0.73,1.17,21.82
29.44,7.97,84.8,21.35,584.46,-86.51,0.008,0.06,-0.36,-0.26,22.56
29.37,7.44,85.8,21.98,587.49,-88.84,0.117,0.0,-0.63,0.77,22.44
29.7,7.55,85.4,20.5,602.38,-85.73,0.013,0.61,-1.17,-0.09,22.05
29.68,7.32,84.8,21.83,585.27,-87.54,0.002,0.02,-0.35,-0.68,21.99
29.69,7.56,85.9,21.79,610.69,-86.19,0.054,0.39,0.71,-0.13,22.97
29.74,7.09,86.6,21.3,631.16,-89.32,0.023,0.21,0.27,0.01,22.7
29.65,7.12,88.2,22.29,602.18,-86.08,0.001,0.59,0.16,-0.22,23.22
29.64,7.36,86.5,21.92,622.64,-85.47,0.028,0.64,0.62,-0.15,22.98
29.8,7.59,87.1,21.81,619.08,-87.67,0.029,-0.52,1.05,0.15,23.31
29.97,7.31,86.7,21.4,634.94,-86.27,0.034,-0.65,-0.74,-0.03,23.7
30.06,7.39,89.0,22.19,635.87,-86.54,0.027,-0.69,-1.23,0.37,22.92
30.0,6.86,88.0,22.31,634.27,-87.86,0.009,0.23,-0.36,0.37,24.35
29.94,6.69,88.3,23.22,650.59,-85.34,0.208,0.88,1.3,-0.15,23.98
30.0,6.23,88.6,22.24,668.78,-87.04,0.019,-1.06,-0.01,-0.63,23.17
30.0,6.76,87.5,22.41,653.85,-87.27,0.015,1.12,0.18,0.03,24.68
29.91,6.78,88.2,22.68,667.98,-85.73,0.0,0.54,-0.17,0.31,24.7
30.07,6.5,88.8,23.94,652.86,-86.27,0.025,-0.71,0.29,-0.32,24.39
29.94,6.28,90.3,22.75,661.22,-85.52,0.02,-0.22,0.09,-0.25,25.18
30.12,6.81,88.1,23.76,680.48,-86.23,0.088,-0.55,0.03,0.24,24.53
30.37,6.55,90.7,22.9,695.55,-85.78,0.012,0.74,-0.03,0.6,24.89
30.3,6.68,90.8,23.75,689.18,-86.44,0.034,0.45,0.09,1.29,26.05
30.12,5.93,89.3,23.78,687.38,-87.27,0.03,-0.2,-0.62,0.23,25.48
30.26,5.93,90.8,23.65,695.34,-87.28,0.047,-0.01,-0.24,0.08,25.87
30.2,6.42,92.2,24.3,687.64,-87.13,0.048,0.48,-0.12,-0.32,25.92
30.32,5.97,90.6,23.92,710.94,-86.83,0.0,-0.16,-0.21,1.08,25.21
30.48,5.74,91.3,23.79,718.41,-81.36,0.061,-0.49,1.36,1.08,26.04
30.47,5.69,94.1,24.39,709.7,-85.07,0.004,-0.07,0.16,0.16,26.17
30.71,5.76,92.4,24.33,714.09,-86.88,0.002,0.18,0.13,-0.46,26.72
30.59,5.99,92.2,24.89,725.96,-84.2,0.049,-0.63,-0.44,-0.98,27.01
30.5,5.57,92.2,24.85,723.36,-82.81,0.003,-0.18,-0.48,-0.07,27.09
30.58,5.78,93.1,25.65,731.42,-86.32,0.001,-0.03,-0.13,-0.46,26.54
30.5,5.62,93.5,25.14,757.36,-86.13,0.008,0.01,-0.59,0.82,26.31
30.42,5.14,91.4,25.49,738.08,-88.05,0.022,0.76,-0.76,-0.19,27.24
30.73,5.07,91.6,25.13,741.06,-85.67,0.061,0.34,-0.71,0.38,27.16
30.72,5.14,92.7,25.53,742.18,-83.94,0.075,0.29,1.04,0.3,26.93
30.59,4.8,93.6,25.51,760.0,-85.55,0.018,-0.67,-0.87,-0.89,27.23
30.68,4.99,93.9,26.38,754.56,-86.49,0.027,-0.3,0.44,0.02,27.63
30.82,5.53,92.7,25.84,753.58,-87.06,0.077,0.16,0.26,0.2,27.91
30.79,5.01,94.1,26.02,776.88,-84.25,0.045,-0.04,0.57,0.46,27.73
30.53,4.73,94.3,26.48,781.34,-85.54,0.029,0.52,1.21,-1.13,28.08
30.76,5.47,93.8,26.26,764.51,-81.45,0.008,0.39,0.44,1.26,28.2
30.73,4.56,94.2,27.14,755.09,-84.29,0.019,-1.24,0.02,-0.28,28.48
30.9,4.5,94.2,27.46,786.96,-85.42,0.059,0.15,-0.53,-0.89,28.11
30.9,5.1,95.3,26.58,773.03,-82.81,0.011,0.29,0.11,0.03,28.36
30.95,4.88,95.1,27.32,790.66,-80.95,0.005,-1.24,0.6,-0.04,29.3
30.67,4.6,94.3,26.85,765.79,-81.18,0.005,0.21,0.54,-0.21,28.79
30.73,4.84,96.0,27.14,797.02,-85.14,0.044,1.65,-1.01,-0.01,29.2
30.97,4.64,94.3,27.62,778.46,-85.53,0.005,-0.31,0.71,0.74,28.64
30.77,4.15,94.1,27.54,800.21,-85.45,0.001,-0.28,-0.05,-0.56,29.72
30.67,3.75,95.4,27.65,795.23,-82.33,0.058,0.13,0.94,0.96,29.82
30.93,4.26,95.4,28.08,787.6,-83.68,0.081,0.62,0.54,0.53,29.58
30.81,4.72,95.8,28.18,794.97,-84.14,0.129,0.55,1.23,0.38,29.32
31.09,4.24,94.8,27.92,807.66,-81.74,0.014,-0.49,-0.13,-0.42,29.09
30.92,4.47,96.5,27.77,803.46,-84.17,0.072,0.2,0.57,0.21,30.67
30.91,4.37,97.2,28.08,809.7,-81.19,0.005,-0.22,0.03,0.97,29.69
30.85,3.78,95.9,27.82,824.92,-84.08,0.148,-0.35,0.23,0.36,29.37
31.09,4.14,96.2,28.53,790.67,-82.96,0.001,0.52,-0.94,-0.62,29.79
30.94,4.36,94.3,28.27,823.48,-80.23,0.013,1.45,0.54,-0.79,30.26
30.85,4.0,95.6,28.02,809.19,-81.98,0.041,-0.13,-1.34,-0.8,29.68
30.8,4.11,95.4,28.95,799.84,-83.58,0.028,-0.36,-0.27,0.67,30.01
30.89,4.33,95.3,28.54,796.06,-79.62,0.015,-0.66,0.04,-0.53,29.73
30.78,4.23,95.5,28.34,807.84,-80.05,0.002,0.68,0.55,0.07,30.95
31.02,4.52,95.5,29.06,819.16,-79.46,0.091,1.3,0.32,0.52,30.39
30.67,4.32,94.8,29.16,808.72,-84.04,0.058,-0.9,0.23,0.18,29.89
30.86,3.92,95.5,28.11,825.01,-80.89,0.002,-0.2,-0.64,-0.89,30.16
30.95,4.06,95.1,29.2,795.12,-82.26,0.042,-1.32,0.1,-0.33,30.3
30.91,4.22,96.5,28.9,809.1,-81.97,0.005,0.38,0.44,0.15,30.6
30.77,4.63,96.1,29.22,796.12,-79.96,0.099,-0.4,-0.39,-0.15,30.26
30.93,4.1,96.0,28.89,811.55,-83.42,0.002,-0.58,-0.58,0.73,30.5
30.73,3.73,96.4,29.07,815.89,-80.42,0.006,-0.37,0.12,-0.17,30.42
30.82,4.4,94.9,28.86,801.77,-78.22,0.044,-0.81,-1.31,0.27,30.11
30.89,4.07,95.7,29.33,778.74,-80.16,0.001,0.73,-0.6,0.27,30.33
30.85,3.93,96.3,28.76,805.42,-78.61,0.063,0.48,0.28,-0.11,30.39
30.7,4.35,94.6,29.36,806.3,-79.93,0.009,0.81,1.23,-0.02,30.21
30.91,4.67,93.6,29.06,804.33,-81.26,0.059,-0.32,0.43,-0.13,30.12
30.76,4.23,94.5,29.26,810.84,-76.95,0.019,0.23,-0.29,0.95,30.44
30.82,4.59,95.7,28.64,785.83,-80.0,0.002,0.27,-1.47,0.54,31.01
30.89,4.68,94.1,29.13,801.25,-81.47,0.023,0.3,0.45,1.14,30.59
30.83,4.76,94.3,29.15,804.14,-81.54,0.038,-0.29,0.35,-0.06,29.35
30.81,4.34,93.9,29.59,772.06,-79.61,0.023,0.36,-0.95,-0.91,30.99
30.67,4.27,94.3,29.16,790.53,-77.89,0.069,0.52,-0.35,-1.11,30.28
30.72,4.35,93.4,28.68,779.64,-79.09,0.042,0.14,-0.3,-0.66,31.09
30.63,4.94,92.9,28.63,781.09,-81.2,0.004,0.15,2.03,0.28,30.79
30.43,4.95,93.6,29.08,782.47,-78.71,0.001,1.08,-1.03,0.41,30.29
30.59,4.52,93.6,28.58,771.08,-77.08,0.013,0.47,0.7,0.39,30.28
30.56,5.5,94.5,28.53,766.04,-78.78,0.037,-0.48,0.17,1.37,29.84
30.57,4.59,93.5,28.36,769.85,-76.29,0.058,-0.19,0.77,-0.62,30.49
30.46,5.27,92.3,28.65,755.24,-79.62,0.059,0.99,-0.95,-0.07,30.81
30.36,5.49,92.4,28.62,751.74,-76.9,0.002,1.6,0.22,0.49,29.8
30.5,5.13,93.4,28.36,765.76,-77.41,0.049,-0.34,0.54,0.01,29.77
30.23,4.93,92.3,29.0,743.75,-77.24,0.01,0.33,-0.01,-0.67,30.71
30.54,5.0,91.6,28.53,758.06,-77.26,0.075,0.24,-0.59,0.41,29.87
30.3,5.21,92.3,28.87,752.09,-78.31,0.021,0.28,0.08,-0.12,29.14
30.33,5.68,91.4,28.21,726.17,-77.27,0.005,-0.48,-0.82,-0.12,29.1
30.34,5.07,92.2,27.83,732.52,-78.26,0.148,0.35,0.06,-0.28,30.23
30.31,4.95,91.8,27.64,747.03,-77.11,0.007,-0.48,0.04,-0.36,29.63
30.04,5.68,90.4,27.85,720.98,-76.99,0.01,-1.05,0.52,0.37,28.91
30.27,5.82,92.5,28.06,721.76,-77.69,0.023,0.5,-0.07,0.62,29.36
30.18,6.3,90.8,27.59,726.58,-77.46,0.001,1.1,0.04,1.13,28.77
30.03,5.37,88.5,27.89,725.26,-79.31,0.053,-0.24,0.98,-0.28,28.22
29.99,5.82,90.7,27.98,710.32,-77.0,0.018,0.01,-0.96,0.18,28.73
30.0,6.28,88.1,27.09,702.21,-76.11,0.013,-0.55,0.41,0.47,28.73
29.85,6.05,90.7,26.87,717.7,-76.56,0.017,0.11,0.02,0.76,27.98
30.18,6.03,89.7,27.47,716.1,-76.63,0.104,-0.07,-0.7,-0.46,27.97
30.12,6.4,89.3,27.11,703.69,-78.93,0.02,-0.51,-0.01,-0.09,27.94
29.96,6.06,89.1,27.01,689.9,-76.13,0.042,-0.36,1.39,-0.01,28.12
29.84,6.57,89.3,27.01,676.07,-78.48,0.0,-1.19,0.15,-0.34,28.11
29.81,6.01,88.2,26.11,670.92,-77.7,0.042,-1.03,0.87,-0.26,27.34
29.89,6.01,88.3,26.67,679.49,-78.24,0.003,-1.19,0.41,-0.57,27.54
29.98,6.45,88.2,26.44,673.47,-78.0,0.047,-0.42,-0.36,0.59,27.44
29.66,5.84,85.5,26.4,678.31,-76.19,0.075,-0.19,0.1,-0.12,26.78
29.56,6.71,88.1,25.77,665.78,-78.38,0.008,0.21,0.27,-0.28,27.41
29.85,6.24,88.0,25.99,639.22,-78.15,0.01,0.59,0.01,-0.51,27.41
29.42,6.91,87.5,25.65,659.75,-73.89,0.05,-0.87,0.92,0.17,27.14
29.48,6.96,87.2,26.05,634.22,-73.42,0.046,0.6,-0.17,0.86,26.33
29.53,6.95,87.9,25.51,635.34,-74.69,0.047,-0.19,0.3,-0.08,26.94
29.34,7.17,86.3,25.18,636.68,-76.6,0.05,0.39,-0.07,0.07,26.5
29.63,7.17,86.1,24.9,649.14,-74.41,0.013,0.39,0.72,0.19,26.77
29.57,7.09,85.3,25.4,655.31,-75.29,0.09,0.14,-0.26,-0.0,26.41
29.36,7.79,84.1,25.29,625.33,-78.99,0.069,0.24,-0.3,-0.81,26.18
29.55,7.42,85.7,25.47,612.51,-74.31,0.004,0.42,0.24,-0.11,25.78
29.54,7.6,84.7,24.54,614.81,-77.91,0.001,1.51,0.28,-0.25,26.11
29.32,7.75,83.4,24.14,613.5,-76.79,0.075,1.69,0.48,0.32,25.11
29.25,7.68,84.6,24.3,596.61,-75.56,0.007,-0.2,-0.31,0.22,24.9
29.54,8.16,84.4,23.95,613.03,-75.56,0.041,0.85,-0.41,-0.07,26.33
29.33,7.65,84.0,23.83,592.68,-75.43,0.033,0.04,1.02,0.22,24.3
29.24,7.65,84.1,24.06,590.72,-74.2,0.039,0.38,0.53,-0.03,24.44
29.35,7.5,82.5,24.13,587.83,-75.6,0.029,-0.42,-0.86,-0.53,25.07
29.19,7.67,84.4,23.74,580.89,-75.77,0.01,0.71,-0.67,-0.3,23.94
29.07,7.58,83.7,23.49,580.63,-73.72,0.027,0.36,-0.52,0.15,24.72
29.11,8.04,84.2,23.59,561.71,-76.16,0.023,0.74,0.69,-0.32,24.76
29.2,7.61,82.5,23.07,558.03,-76.23,0.011,-0.4,0.06,0.7,24.65
28.81,7.94,83.1,23.51,548.42,-75.4,0.013,-1.62,-0.53,-0.21,23.98
28.99,8.13,81.1,23.91,559.72,-73.1,0.031,1.21,0.26,-0.51,23.33
29.17,8.04,81.7,22.49,559.11,-77.16,0.054,-0.4,0.8,0.9,23.28
28.92,7.76,81.1,23.0,551.99,-78.74,0.027,-0.06,0.59,0.2,24.0
29.14,8.26,82.3,22.85,560.35,-76.21,0.017,1.14,0.43,0.9,22.6
29.1,8.06,81.0,22.48,539.85,-74.14,0.004,-0.61,-1.05,0.2,23.53
28.9,7.24,81.4,22.6,543.0,-75.4,0.001,0.35,-0.28,-0.34,22.41
28.82,7.83,81.6,22.14,521.92,-77.09,0.003,1.25,0.36,-0.02,22.87
28.84,8.57,81.1,22.11,525.6,-76.36,0.002,0.19,-0.68,-0.23,22.52
29.17,8.61,80.2,21.78,533.18,-77.89,0.005,1.27,0.75,0.6,22.45
29.06,8.33,82.4,21.68,531.59,-79.15,0.07,0.06,-0.27,0.09,23.03
28.84,8.42,81.1,21.72,517.16,-76.96,0.005,0.64,-0.13,1.51,22.15
28.73,7.96,82.2,21.52,516.51,-78.09,0.006,-0.07,0.93,0.13,22.65
28.81,8.12,79.9,20.89,499.31,-77.13,0.028,-0.46,-0.49,1.34,21.82
28.81,8.57,80.4,21.32,508.31,-78.96,0.023,0.13,-0.13,-0.21,22.09
28.62,8.33,80.6,20.94,518.32,-74.21,0.054,-1.35,-0.96,-0.45,21.82
28.76,8.21,81.7,20.72,512.84,-75.45,0.008,-0.57,0.57,0.22,21.2
28.9,8.13,81.7,21.14,509.9,-77.74,0.02,-0.11,1.86,-0.23,21.1
28.52,8.53,80.0,20.37,503.35,-76.95,0.003,0.23,-0.93,0.65,21.43
28.83,8.5,79.6,20.5,501.02,-75.51,0.027,1.06,-1.36,0.28,21.27
28.88,8.35,80.2,20.13,492.59,-76.73,0.028,-0.16,0.44,-0.4,21.6
28.65,8.15,81.1,20.27,504.58,-77.8,0.056,-0.44,-0.49,0.05,20.49
28.91,8.01,80.2,21.15,500.35,-76.66,0.012,0.17,-0.14,0.87,20.81
28.62,8.3,80.3,19.96,499.75,-77.85,0.011,-0.39,0.75,0.51,21.23
28.76,7.73,80.9,20.09,488.42,-77.77,0.091,-0.99,-0.33,-0.69,20.87
28.66,7.77,80.8,20.55,471.16,-75.03,0.018,-0.41,-0.34,0.88,20.31
28.66,7.57,80.8,20.15,502.82,-77.11,0.01,-0.66,-1.16,0.57,20.97
28.63,8.34,80.5,19.87,486.38,-77.97,0.028,0.46,0.93,0.3,21.09
28.79,7.72,81.1,19.61,482.01,-79.45,0.005,-0.43,-0.16,0.72,20.29
28.81,8.02,79.0,20.03,497.2,-77.25,0.015,0.45,-0.65,0.15,21.02
28.7,7.82,81.8,19.62,486.14,-76.62,0.018,-0.41,-0.26,-0.29,20.34
28.55,8.68,80.9,20.44,500.6,-76.55,0.064,0.2,-1.27,0.77,20.38
28.77,7.9,79.9,19.54,496.28,-74.55,0.039,0.34,-1.08,-0.57,20.27
28.78,7.16,81.0,20.18,497.2,-79.98,0.015,-0.41,-0.22,-0.37,20.85
28.71,8.02,79.9,19.86,477.13,-81.63,0.019,-0.6,-0.09,0.99,20.34
28.97,7.5,80.6,19.82,503.48,-77.25,0.086,0.46,0.5,-0.4,20.68
28.57,7.5,80.7,19.43,494.71,-80.67,0.054,-0.52,0.44,0.24,20.16
28.5,7.3,81.0,19.3,489.29,-80.73,0.004,-0.86,-0.06,0.17,20.47
28.69,7.5,80.1,19.35,495.46,-78.28,0.013,-0.51,0.39,-0.65,19.88
28.87,7.44,81.2,19.79,477.46,-78.77,0.019,-0.4,-0.18,-0.22,20.71
28.68,7.13,80.2,19.59,500.66,-80.33,0.007,0.64,-0.66,-0.64,20.18
28.7,7.11,81.3,18.75,487.78,-80.73,0.004,-1.16,0.51,0.08,20.8
28.95,7.23,80.8,18.95,486.2,-79.58,0.011,0.88,-1.33,-0.31,20.29
28.91,6.43,79.5,19.36,486.31,-80.48,0.033,-0.48,-0.29,0.47,20.36
28.92,6.63,80.4,19.6,514.6,-79.7,0.096,0.15,-0.66,1.07,21.25
28.98,7.5,81.8,19.34,499.27,-81.52,0.111,0.49,0.64,-0.17,20.65
28.86,7.02,81.0,19.26,523.14,-81.47,0.063,-0.14,0.13,0.45,20.46
28.88,6.7,82.4,19.12,504.82,-82.61,0.037,-0.59,-1.17,-1.9,19.92
29.05,6.27,80.6,19.81,495.61,-79.87,0.002,1.06,0.33,0.31,20.15
28.81,6.69,82.3,19.55,504.17,-81.53,0.0,-0.17,0.03,0.63,20.8
28.74,6.93,81.9,20.14,530.47,-79.6,0.001,-0.24,-0.54,-0.18,20.4
28.97,7.35,81.9,19.14,519.47,-84.13,0.003,1.21,-0.39,-0.99,20.5
29.16,7.06,81.3,19.88,518.58,-83.05,0.019,-0.27,0.37,0.3,20.21
29.1,6.15,82.6,19.88,528.83,-81.37,0.001,-1.26,0.53,0.19,20.86
29.2,6.19,81.8,20.03,535.53,-82.26,0.013,0.96,-0.21,0.35,20.81
28.88,5.82,82.3,20.09,545.09,-83.0,0.091,-0.65,0.32,0.09,21.12
29.19,5.94,82.9,19.68,551.91,-81.94,0.025,1.18,-0.52,0.14,21.41
29.26,6.05,82.9,19.86,537.46,-82.09,0.028,0.12,1.03,-0.6,21.17
29.05,5.93,84.2,20.05,531.53,-80.49,0.02,-0.03,1.25,0.37,20.61
29.34,6.58,81.5,19.72,544.49,-81.54,0.12,-0.79,-0.86,0.86,20.56
29.25,5.49,83.6,20.51,555.17,-80.38,0.005,0.34,0.85,-0.58,21.55
29.67,5.8,83.7,19.37,546.96,-79.91,0.111,-0.61,0.81,-0.04,21.4
29.07,5.12,84.2,19.91,551.16,-83.3,0.019,0.33,0.4,-0.36,22.15
29.53,5.77,84.0,19.82,568.38,-80.83,0.078,0.07,-1.6,-0.25,21.57
29.35,5.19,85.5,20.89,568.76,-81.31,0.031,0.8,0.72,0.12,20.98
29.23,5.85,84.7,20.68,573.95,-82.82,0.007,-0.52,0.08,0.15,21.27
29.39,5.37,85.2,20.52,570.49,-82.1,0.048,-0.77,0.22,-0.2,21.59
29.52,4.96,86.1,20.84,580.3,-82.73,0.004,-0.37,-0.17,0.73,22.71
29.65,4.68,85.7,21.01,577.95,-83.24,0.05,0.21,-0.28,0.42,22.6
29.76,4.95,84.8,20.59,600.75,-82.9,0.001,0.87,-0.46,0.3,22.05
29.76,5.25,85.8,21.19,606.91,-82.93,0.005,-0.29,-0.01,0.93,22.31
29.51,5.24,86.2,21.75,582.86,-82.01,0.013,-0.13,-0.22,-0.04,21.98
29.8,4.91,85.3,21.93,596.84,-85.24,0.002,0.09,0.76,-0.26,22.1
29.74,5.27,86.3,21.8,596.02,-82.66,0.051,-0.53,0.69,0.34,23.25
29.65,4.59,87.0,21.72,609.38,-85.65,0.018,-0.79,-0.12,-0.14,23.32
29.74,4.0,88.9,22.08,619.97,-84.17,0.029,-0.05,-0.4,0.79,22.97
29.71,4.91,87.9,22.14,611.27,-83.78,0.003,0.51,0.36,-0.07,23.97
29.84,5.16,88.0,21.63,621.52,-88.06,0.0,-0.18,0.87,0.47,23.55
29.78,5.11,89.4,21.84,625.7,-84.84,0.119,0.53,-1.08,-0.46,23.61
29.78,4.28,88.8,22.52,642.83,-83.86,0.005,-0.95,-0.46,-0.44,23.77
29.99,4.46,89.2,22.2,646.47,-84.8,0.053,-0.06,-0.52,-0.26,23.41
30.05,4.79,88.5,22.22,643.59,-86.13,0.031,-1.31,1.52,0.13,24.37
29.98,4.34,88.1,23.17,657.6,-83.77,0.049,0.2,0.27,0.51,24.53
30.2,4.52,89.5,22.89,655.38,-86.16,0.028,-0.57,0.25,0.87,24.4
30.04,4.24,91.0,22.99,663.14,-84.76,0.015,0.47,-0.07,-0.14,24.02
30.07,4.09,91.0,22.73,687.59,-85.35,0.023,-1.87,-0.28,0.02,25.06
30.22,4.12,90.6,23.15,689.23,-85.41,0.023,0.63,-0.58,-0.13,24.07
30.15,4.64,89.8,23.33,667.78,-85.13,0.006,-0.88,0.36,-0.02,24.64
30.21,4.33,89.3,23.28,693.99,-86.41,0.031,-0.34,0.79,-0.27,25.34
29.93,4.68,90.1,23.33,698.69,-84.21,0.006,-0.57,-0.2,-0.64,25.11
30.27,4.44,91.2,24.51,683.93,-86.88,0.023,0.43,-0.36,0.02,25.04
30.08,4.74,90.9,24.55,708.4,-84.5,0.033,0.13,-1.81,-0.21,26.15
30.18,4.49,92.3,24.17,720.34,-86.4,0.05,0.5,-0.28,0.39,26.22
30.2,4.46,90.5,23.89,698.43,-88.9,0.024,0.23,-0.45,-0.3,26.35
30.26,4.18,91.8,23.9,705.11,-87.17,0.029,-0.29,-0.38,-0.33,26.22
30.35,5.11,91.5,24.5,729.03,-84.12,0.039,-0.59,-0.06,0.11,26.26
30.39,4.24,93.2,24.02,726.07,-84.42,0.014,0.34,-0.26,-0.45,27.11
30.55,3.61,93.0,24.8,733.3,-89.16,0.001,0.32,0.1,0.26,27.15
30.53,4.28,92.1,24.39,735.55,-87.41,0.011,-0.42,0.35,0.47,26.7
30.3,3.91,93.7,25.22,740.32,-89.28,0.004,-0.58,-0.98,-0.28,27.97
30.56,4.51,91.9,25.47,727.34,-86.28,0.043,0.19,0.0,-0.89,27.0
30.61,4.44,91.9,25.48,755.17,-87.5,0.05,0.78,-0.5,0.33,27.36
30.56,4.17,92.8,26.45,760.4,-86.01,0.104,0.01,-0.71,-0.13,27.91
30.62,3.98,92.1,25.76,750.32,-85.58,0.028,-0.14,0.13,-0.61,27.66
30.67,4.3,93.8,26.58,755.98,-84.38,0.019,-0.16,-0.31,-0.76,27.55
30.76,4.09,94.0,26.21,744.81,-84.11,0.085,-0.87,0.22,0.22,27.96
30.5,4.54,93.9,26.95,768.85,-83.85,0.076,0.71,-0.11,-0.51,27.95
30.68,4.49,94.8,25.77,772.91,-85.38,0.031,-0.14,0.62,1.11,27.24
30.91,5.24,93.9,26.14,769.93,-87.04,0.045,-0.52,-0.31,-0.5,28.63
30.92,4.25,93.6,26.55,785.04,-89.58,0.007,-1.01,0.27,0.18,28.12
30.86,4.33,94.2,27.34,773.58,-88.07,0.022,0.45,-0.09,0.08,28.04
30.84,4.41,94.0,26.82,785.57,-88.94,0.012,0.49,-0.3,-0.7,29.12
30.99,4.46,94.6,26.79,772.59,-86.24,0.052,0.1,0.32,0.77,28.92
31.04,4.84,95.6,27.36,785.29,-83.82,0.066,0.37,0.13,-0.48,29.16
30.81,4.49,93.9,27.58,786.39,-88.31,0.015,-0.08,-0.81,1.26,28.96
30.72,5.21,95.1,27.11,792.85,-89.21,0.02,-0.72,-0.16,-0.52,29.22
30.81,4.84,96.2,27.25,789.23,-88.53,0.008,0.76,0.58,0.82,29.13
31.23,4.57,96.4,28.19,793.8,-84.35,0.063,0.52,0.45,-0.33,29.01
30.68,4.55,95.1,28.14,805.42,-85.11,0.004,-0.53,0.71,0.59,29.74
30.82,5.13,97.5,28.33,794.7,-85.4,0.075,0.55,-0.76,0.22,29.66
30.71,4.89,94.9,28.23,784.75,-89.01,0.029,0.67,0.06,-0.88,30.36
30.9,4.94,95.6,27.7,819.92,-85.6,0.008,0.06,0.3,0.94,28.87
30.75,4.81,94.9,28.07,817.69,-86.89,0.017,-0.29,-0.73,-0.63,30.33
30.88,5.04,96.3,27.8,792.25,-85.68,0.003,0.26,0.06,0.0,29.79
30.66,4.93,98.2,28.6,813.22,-88.54,0.027,0.05,0.63,-0.43,29.83
30.97,5.59,97.4,28.14,802.29,-86.96,0.049,-0.37,-0.46,0.04,30.34
31.05,5.46,96.7,27.81,810.79,-87.78,0.032,0.74,-0.04,0.38,29.82
30.85,5.26,95.5,28.52,811.78,-85.84,0.005,0.49,-1.74,-0.15,30.07
30.88,5.33,95.9,28.94,807.02,-83.54,0.024,0.17,-0.77,-0.67,30.55
30.88,5.48,96.9,28.12,801.9,-88.76,0.053,-0.16,0.73,-0.31,30.16
30.91,5.52,96.6,28.62,803.04,-87.08,0.059,0.78,-0.5,0.06,30.14
30.88,5.31,96.0,28.52,800.84,-85.17,0.041,-0.38,0.43,-0.48,30.19
30.97,5.1,96.0,29.11,801.57,-87.29,0.014,0.32,0.81,0.39,30.66
31.02,5.5,96.7,28.09,808.96,-87.87,0.117,-0.35,-0.28,-0.53,30.08
30.77,5.77,96.9,29.25,802.05,-86.44,0.051,0.89,-0.51,0.29,30.9
30.82,5.67,94.6,28.64,815.45,-87.13,0.055,-0.28,0.95,-0.31,31.47
30.96,6.21,95.9,28.86,822.77,-83.84,0.057,-0.19,-0.04,1.21,30.65
30.67,5.97,96.1,29.24,801.21,-85.93,0.04,-0.13,0.31,0.29,30.84
30.59,6.67,95.2,29.48,808.36,-85.59,0.021,-0.52,-0.27,0.47,30.79
30.84,6.02,96.5,29.0,809.76,-87.57,0.018,1.12,0.29,-0.21,30.32
30.86,6.3,95.2,28.74,808.14,-86.0,0.043,0.39,0.73,0.44,30.83
30.69,6.25,96.4,28.81,802.67,-86.23,0.02,0.07,-0.64,-0.0,30.79
30.7,6.54,94.9,29.41,807.69,-85.03,0.069,-0.32,0.4,-0.09,31.4
30.66,6.81,95.3,28.69,803.28,-84.98,0.008,0.34,0.57,0.24,30.78
30.63,6.74,95.2,29.11,784.13,-86.74,0.045,-0.65,-0.64,-0.65,31.16
30.79,6.03,96.2,28.98,803.11,-85.62,0.008,-0.78,-0.02,-0.25,30.82
30.55,6.86,95.3,29.23,801.06,-84.26,0.019,-0.47,-0.42,-0.34,30.42
30.64,6.48,94.2,28.95,782.18,-86.56,0.003,0.48,-1.22,1.0,30.11
30.54,6.76,94.2,28.76,787.68,-82.68,0.021,0.51,-0.11,0.71,30.68
30.45,7.13,94.0,28.71,791.48,-87.21,0.022,0.06,0.4,-0.35,30.81
30.71,6.66,94.1,28.67,779.77,-85.73,0.006,-0.12,-0.06,0.37,30.43
30.52,7.41,93.2,28.33,789.68,-86.6,0.012,-0.02,-0.17,-0.19,30.16
30.58,7.02,93.7,28.94,799.55,-84.38,0.007,0.4,0.25,0.37,30.92
30.35,7.85,94.7,28.79,764.89,-85.02,0.017,-1.24,0.03,0.5,30.12
30.41,7.28,94.5,28.15,755.66,-86.95,0.03,0.25,0.31,-0.12,29.77
30.57,7.84,92.0,28.46,769.1,-81.7,0.005,0.46,-0.04,-0.39,30.14
30.76,7.74,91.7,28.45,769.76,-85.59,0.015,0.46,-0.52,0.08,30.12
30.18,7.26,92.4,28.27,756.61,-87.56,0.024,0.19,0.3,-0.03,29.71
30.37,7.11,91.2,28.36,769.72,-84.13,0.048,0.34,-0.07,0.12,29.89
30.41,7.59,91.4,28.29,737.96,-84.18,0.029,0.95,0.6,0.32,29.16
30.26,7.44,92.5,28.56,754.34,-85.2,0.052,-0.39,0.42,0.14,29.91
30.4,8.14,92.0,28.17,737.31,-85.39,0.002,-0.03,-0.59,0.35,29.23
30.17,7.64,90.4,28.29,756.44,-84.04,0.006,-0.11,0.97,-0.13,29.39
30.26,7.67,92.5,27.5,754.95,-85.46,0.078,0.71,-0.06,0.06,29.17
30.14,7.39,91.0,27.52,723.06,-82.48,0.033,-0.2,-0.68,-0.38,29.89
30.32,7.98,90.7,27.32,720.85,-82.47,0.016,-0.53,-0.36,-0.23,29.1
30.06,7.54,91.7,27.56,730.49,-83.4,0.014,-0.42,-0.11,0.42,28.77
30.07,8.07,91.0,27.61,713.5,-85.11,0.041,-0.92,0.57,-1.03,29.82
30.19,8.14,90.4,28.07,712.32,-84.93,0.065,-0.13,-1.29,0.62,29.58
29.92,7.78,89.8,27.08,708.38,-82.57,0.023,-0.06,-0.91,0.1,29.07
30.02,8.32,90.4,27.55,684.22,-82.35,0.004,-0.78,-0.56,-0.54,28.83
29.76,7.98,89.3,26.85,698.51,-82.81,0.061,-0.36,0.94,0.37,28.13
29.81,7.65,89.2,27.03,686.94,-81.92,0.015,-0.22,0.59,0.15,28.77
29.95,8.58,88.2,26.84,684.05,-81.78,0.067,0.51,-0.49,0.26,28.35
29.75,7.86,89.8,26.45,698.52,-82.41,0.044,-0.51,-0.42,0.09,27.81
29.77,8.3,89.9,26.34,666.59,-82.18,0.012,-0.69,0.54,-0.33,27.97
29.86,8.29,88.6,27.07,682.34,-84.61,0.004,-0.19,0.14,-0.12,27.58
29.7,8.3,87.8,26.19,666.43,-81.98,0.021,0.45,-0.14,0.05,27.01
29.83,8.3,88.7,26.59,661.43,-82.13,0.003,-0.12,-0.36,0.3,28.02
29.72,7.9,88.1,26.34,667.11,-82.97,0.053,0.27,-0.29,-0.28,26.59
29.72,8.71,87.1,25.75,657.59,-80.73,0.002,-0.44,-0.16,-0.27,28.03
29.78,8.49,88.1,25.82,654.87,-81.57,0.086,0.2,1.03,0.65,26.93
29.63,8.34,86.6,25.72,653.82,-80.9,0.021,0.32,1.04,0.12,27.03
29.75,7.79,85.6,25.71,635.8,-84.17,0.02,-0.55,0.54,0.1,26.91
29.64,7.89,86.4,25.25,627.99,-81.33,0.055,-0.46,-0.04,1.06,26.14
29.43,8.37,87.0,24.72,618.26,-79.96,0.024,-1.22,1.42,0.38,26.29
29.62,7.56,86.0,24.85,615.89,-81.36,0.016,0.3,1.01,0.87,26.17
29.46,8.25,84.7,25.35,648.69,-80.91,0.007,-0.47,0.04,0.3,25.81
29.35,7.73,85.1,24.79,626.72,-80.16,0.039,-0.15,-0.8,0.23,26.3
29.4,7.85,86.2,24.5,595.89,-80.39,0.021,-0.11,0.94,1.07,25.24
29.47,7.66,85.2,23.98,591.33,-78.27,0.021,0.29,0.55,-0.35,25.64
29.36,8.13,84.7,24.78,604.58,-79.31,0.009,-0.34,-0.7,-0.54,24.71
29.49,8.36,84.4,24.12,600.48,-79.28,0.005,-0.1,0.58,0.5,25.33
29.37,8.1,85.2,24.43,595.81,-79.36,0.011,0.73,1.56,-0.16,25.14
29.28,8.1,84.9,24.13,583.13,-77.84,0.049,0.95,0.51,0.18,25.67
29.06,7.97,82.7,24.02,579.86,-78.93,0.03,0.33,-0.28,0.12,24.5
29.13,8.09,84.4,24.18,579.89,-81.09,0.013,0.74,0.51,-0.19,24.52
29.14,7.98,83.8,23.49,573.04,-77.77,0.011,0.2,0.27,-0.24,24.33
29.18,6.98,84.5,23.25,545.64,-80.36,0.0,-0.12,-0.56,0.08,24.94
29.15,8.02,83.0,23.7,561.26,-78.22,0.001,0.42,1.02,-0.24,23.88
29.07,7.94,83.7,23.29,550.86,-80.69,0.02,-0.33,-0.15,0.27,24.04
29.04,7.54,83.0,22.61,557.02,-81.32,0.009,-0.58,-0.67,0.11,23.68
29.09,7.0,81.6,23.08,581.12,-79.12,0.083,-0.52,0.01,0.68,23.58
28.87,7.61,83.1,23.1,551.04,-76.09,0.024,-0.63,0.13,-0.02,23.5
29.16,7.58,82.8,21.62,540.42,-79.97,0.07,0.14,0.43,0.38,23.78
28.69,7.29,81.4,21.85,549.08,-80.0,0.007,0.05,-0.03,0.33,23.78
29.09,7.42,82.0,21.87,541.09,-79.32,0.004,-1.41,-0.29,0.45,22.49
28.89,7.62,83.3,22.27,536.99,-81.04,0.054,-0.15,0.24,0.4,23.22
28.99,7.96,81.1,22.16,535.49,-76.04,0.028,0.52,-0.16,-0.11,23.27
28.9,7.22,81.9,21.93,546.75,-75.11,0.037,0.93,-1.54,-0.44,22.76
28.88,7.21,80.3,21.93,511.75,-78.08,0.024,0.6,-1.05,0.08,22.97
28.89,6.79,80.6,21.11,524.8,-78.86,0.013,-0.84,-0.15,0.35,21.86
28.9,6.82,81.6,20.95,507.93,-78.34,0.01,0.13,-0.06,-0.5,22.44
28.75,6.86,81.0,21.69,520.01,-79.04,0.003,-0.09,0.27,0.35,22.61
28.9,7.18,80.6,21.17,502.66,-77.28,0.002,0.8,-1.03,-0.13,21.73
28.64,7.0,82.0,21.45,505.21,-76.01,0.018,-0.78,-0.24,0.48,21.35
28.75,7.26,79.8,20.67,504.1,-74.69,0.01,0.23,-0.09,0.15,22.21
28.84,6.16,80.3,20.43,514.63,-78.33,0.026,0.77,0.17,0.68,21.47
28.85,6.14,80.8,20.25,512.01,-78.42,0.037,-1.14,0.87,0.86,21.3
28.78,6.79,79.6,20.88,488.47,-76.1,0.032,-0.21,0.14,-0.47,20.68
28.67,6.82,80.6,20.9,499.72,-77.32,0.064,-0.66,-0.81,-0.38,21.12
28.82,6.32,81.0,20.59,490.47,-76.94,0.04,0.39,0.64,0.29,20.95
28.63,4.9,80.0,20.15,483.53,-77.2,0.015,0.17,0.77,0.37,20.42
28.92,5.94,79.5,20.45,492.65,-76.29,0.013,0.51,-0.61,-0.07,20.82
28.69,6.19,79.8,20.36,490.58,-75.86,0.002,-0.48,0.25,0.04,21.45
28.52,5.74,77.9,19.36,516.94,-76.59,0.024,-0.13,1.42,-0.48,21.03
28.56,5.99,80.8,19.87,496.17,-77.59,0.034,-0.16,0.79,-0.38,20.17
28.71,6.43,80.2,20.02,477.38,-74.9,0.011,0.2,-0.33,-0.05,20.91
28.72,6.22,79.9,20.24,484.98,-76.64,0.056,0.17,1.18,0.79,20.98
28.94,5.96,78.7,19.76,500.48,-74.22,0.013,-0.75,-0.06,-0.35,20.67
28.58,5.62,80.9,19.79,510.94,-77.88,0.013,0.09,0.35,0.43,20.56
28.72,5.42,79.7,19.66,474.14,-77.0,0.011,-1.11,1.66,0.04,20.21
28.59,5.73,80.5,19.73,471.31,-78.31,0.003,0.33,0.23,0.97,20.65
28.67,5.44,80.1,19.11,509.08,-75.12,0.151,-0.95,0.84,-0.12,20.67
28.94,5.38,78.9,19.34,494.69,-75.53,0.02,0.38,0.09,0.2,20.52
28.61,4.83,81.2,18.73,482.69,-75.29,0.084,-0.44,-0.57,-0.13,21.07
28.82,5.01,81.1,19.33,497.45,-76.64,0.026,0.32,-0.79,0.08,20.27
28.81,5.39,81.0,19.63,466.64,-74.91,0.061,0.56,-1.32,0.58,19.81
28.77,4.77,80.7,19.16,494.08,-75.22,0.028,-0.59,-0.01,-1.04,20.98
28.85,5.11,79.5,19.33,498.52,-76.85,0.031,0.74,0.26,0.77,19.55
28.66,5.1,81.3,19.55,505.84,-73.15,0.09,-0.63,-0.67,-0.17,20.14
29.02,5.06,82.5,20.36,487.96,-75.96,0.043,0.08,-0.07,-0.43,19.93
29.07,5.03,80.9,19.37,500.61,-75.71,0.006,-0.49,0.31,1.2,20.27
28.86,4.99,81.0,19.65,492.3,-74.68,0.032,-1.02,-0.49,0.0,20.26
29.16,4.56,80.2,19.34,506.06,-77.14,0.012,0.15,-0.02,0.4,19.95
28.84,4.26,79.5,19.55,496.64,-76.02,0.016,0.57,0.02,0.07,20.78
28.96,4.39,81.0,19.43,503.75,-77.04,0.061,-0.25,-1.41,0.15,20.33
29.1,4.82,82.6,19.31,500.25,-77.85,0.058,0.45,-1.04,-0.25,20.9
28.9,4.2,82.7,19.41,519.23,-75.23,0.013,-0.64,0.77,0.62,19.98
28.81,4.21,81.7,19.95,523.96,-79.97,0.071,0.34,-0.19,1.17,20.06
28.8,4.16,82.2,19.65,515.81,-78.38,0.019,-1.78,-0.07,-0.31,20.09
29.27,3.89,81.1,19.17,521.45,-74.97,0.01,0.74,-0.06,0.97,20.79
28.98,4.06,82.3,19.49,509.62,-78.41,0.001,-0.34,-0.86,0.3,21.34
29.05,4.67,82.0,19.37,524.27,-77.07,0.011,-0.71,0.23,-0.5,20.58
28.96,4.13,82.6,20.06,530.05,-75.81,0.044,-0.34,0.26,-0.7,19.84
29.24,3.79,82.6,19.53,560.17,-75.48,0.02,1.13,-1.02,0.52,21.03
29.06,4.14,82.7,20.16,526.36,-75.51,0.007,0.27,0.28,-0.28,21.18
29.12,4.43,84.0,20.27,555.75,-75.31,0.019,-0.13,-0.12,0.22,20.58
29.24,3.7,84.9,20.05,554.81,-77.96,0.072,1.57,-0.03,0.36,21.3
29.11,4.52,83.4,20.26,551.49,-75.66,0.01,0.41,0.28,0.75,21.49
29.25,3.79,84.9,19.97,570.21,-77.19,0.035,0.2,0.2,-0.17,20.44
29.47,4.1,83.0,20.53,560.38,-80.55,0.004,0.66,0.22,-0.13,21.8
29.38,4.08,84.2,19.89,564.67,-74.13,0.062,0.74,-0.22,0.48,21.93
29.38,4.03,83.4,20.25,564.47,-77.33,0.021,-0.38,0.21,0.18,21.44
29.42,4.18,84.4,20.4,581.54,-76.72,0.01,-0.64,0.09,0.17,21.93
29.38,4.43,85.5,20.95,584.64,-78.0,0.057,-0.59,0.47,0.09,22.57
29.7,4.19,86.0,21.3,571.88,-76.08,0.005,0.04,-0.51,-0.17,21.63
29.39,4.03,84.8,20.65,569.47,-77.57,0.013,-0.05,0.25,0.46,22.48
29.55,4.36,86.0,20.88,585.22,-78.17,0.006,-0.37,0.05,0.37,22.24
29.57,4.3,86.8,20.62,583.91,-73.32,0.062,-0.56,-0.13,0.94,21.81
29.71,4.05,87.0,21.11,595.98,-81.43,0.017,0.74,1.16,-0.45,21.67
29.76,4.28,86.5,21.65,613.76,-78.07,0.01,-0.35,0.37,0.48,22.82
29.66,4.06,86.1,20.75,601.62,-77.08,0.058,-0.68,-0.34,0.08,22.14
29.73,4.05,86.3,21.51,610.62,-79.26,0.07,-0.21,-0.12,1.07,23.19
29.77,4.58,86.4,21.88,616.53,-78.69,0.003,-0.54,-0.43,0.05,22.07
29.49,4.5,87.3,21.78,629.36,-77.29,0.028,-0.48,0.0,0.18,23.14
29.61,4.63,86.9,21.83,603.36,-81.57,0.024,-0.01,0.25,-0.38,23.1
29.76,4.62,88.4,22.33,624.74,-75.64,0.054,0.34,1.05,-0.05,24.05
29.8,4.2,88.3,21.88,637.92,-77.69,0.021,1.79,0.14,0.77,23.62
29.76,4.81,88.5,22.03,652.82,-77.85,0.003,1.06,-0.07,-0.11,23.93
30.03,4.46,87.1,21.79,640.93,-78.22,0.108,-0.77,-0.03,0.09,23.66
29.97,4.87,88.9,22.69,632.11,-79.18,0.024,-0.12,0.38,0.14,23.92
29.98,4.6,88.7,22.8,662.09,-78.87,0.03,0.29,-0.39,-0.01,24.57
29.89,4.78,91.1,22.66,654.56,-78.36,0.002,0.24,-0.54,0.28,24.31
30.07,4.84,88.6,22.7,654.03,-79.47,0.048,-0.36,-0.19,0.5,24.1
29.79,5.03,89.7,23.14,664.68,-79.33,0.07,0.51,0.21,0.58,25.08
30.12,4.35,90.4,23.34,674.05,-78.26,0.01,-0.56,1.36,0.16,25.46
30.18,4.42,89.5,23.03,674.79,-81.14,0.01,-0.35,-0.91,-0.18,25.55
30.23,5.16,92.1,22.92,663.7,-78.28,0.007,-0.21,-0.18,-0.0,25.63
30.05,5.12,92.4,23.15,699.61,-75.71,0.024,-0.39,0.23,0.89,25.16
30.29,4.84,90.3,23.39,708.23,-76.35,0.001,0.87,0.96,-0.56,25.05
30.17,5.25,90.8,23.63,706.79,-79.06,0.004,0.28,0.12,0.39,25.13
30.23,4.78,93.2,24.18,693.64,-81.5,0.028,0.3,-0.95,-0.16,25.24
30.44,6.25,92.8,24.39,707.7,-77.68,0.02,-0.34,-0.7,-0.61,25.89
30.63,5.73,91.6,24.45,714.28,-80.17,0.041,1.56,0.06,-0.43,26.8
30.42,5.59,92.5,24.78,724.9,-77.89,0.041,-0.78,-0.33,0.03,25.59
30.35,5.5,91.3,24.95,730.1,-81.3,0.017,0.52,0.63,0.45,26.42
30.5,5.36,94.3,25.07,720.51,-81.17,0.034,1.17,-0.25,0.49,26.45
30.61,5.23,92.8,25.14,733.02,-79.7,0.059,0.25,-0.34,1.03,26.26
30.6,5.66,93.4,24.88,741.04,-81.59,0.027,0.12,0.04,-0.75,26.79
30.88,5.51,92.4,24.93,755.22,-77.88,0.104,-0.19,0.26,0.35,27.56
30.49,5.6,92.4,25.35,751.8,-79.99,0.152,0.38,0.01,-1.05,27.29
30.63,5.49,93.9,26.09,756.65,-78.31,0.022,-0.02,-0.24,0.2,27.61
30.81,6.06,95.3,26.65,753.5,-82.81,0.009,0.99,-0.83,0.66,27.94
30.82,5.95,93.5,26.17,770.57,-82.56,0.047,-0.34,-0.99,0.64,27.81
30.43,6.3,93.3,26.24,764.26,-77.3,0.006,-0.44,-0.14,-0.56,27.66
30.69,6.35,94.5,26.62,755.15,-83.94,0.045,-0.57,-0.68,-1.03,27.99
30.89,6.36,95.7,26.91,781.27,-79.62,0.018,0.95,0.2,-0.68,27.66
31.07,7.16,94.0,26.19,777.58,-81.5,0.045,0.31,-0.39,-0.67,28.26
30.83,6.69,94.5,27.66,769.41,-82.58,0.011,0.85,-0.09,-0.32,28.42
30.72,6.14,95.5,27.33,772.17,-80.58,0.018,-0.19,0.43,0.49,29.03
30.66,6.73,95.7,26.42,782.92,-79.77,0.054,-0.85,0.03,-0.17,28.51
31.06,6.65,94.8,26.68,787.46,-82.24,0.012,0.63,0.25,-0.05,28.64
30.9,6.33,96.0,28.13,787.54,-82.06,0.016,0.54,0.18,0.37,28.29
30.72,6.38,95.7,27.63,791.28,-82.37,0.026,-0.41,-0.35,-0.02,29.27
30.81,7.01,95.4,27.17,807.63,-82.87,0.031,-0.59,-0.4,0.46,28.55
30.88,7.16,96.2,27.52,803.68,-85.39,0.006,-0.41,0.91,-0.08,29.05
30.92,6.7,96.2,27.86,797.05,-84.33,0.028,-0.13,0.4,-0.4,29.08
30.76,7.38,94.8,28.01,806.6,-81.29,0.02,0.07,-0.27,0.04,29.82
30.8,7.24,96.9,28.28,788.76,-84.07,0.047,0.29,-0.23,0.04,29.77
30.68,7.58,96.0,27.99,804.82,-84.97,0.032,-0.24,0.77,0.32,29.95
31.01,7.61,96.9,28.09,820.53,-84.08,0.021,1.24,0.13,0.07,30.14
30.85,7.3,95.9,27.96,801.71,-84.05,0.059,1.22,-0.03,-0.33,29.6
30.95,7.9,96.1,27.85,796.71,-85.95,0.028,0.18,-1.0,-0.6,29.6
31.07,7.13,96.3,27.91,799.82,-84.17,0.019,0.2,-0.43,0.2,29.35
30.93,8.24,96.4,28.28,796.43,-83.91,0.007,-0.36,0.58,-0.38,30.16
30.89,7.32,97.2,28.53,800.32,-85.25,0.007,0.71,0.16,0.12,29.87
30.92,7.62,96.4,27.97,805.14,-83.81,0.005,0.13,0.52,0.15,30.43
30.91,7.51,96.0,29.26,795.32,-80.23,0.052,-0.83,0.16,0.71,30.78
31.04,7.62,96.8,28.36,809.89,-84.99,0.001,-0.36,0.11,0.14,30.74
30.93,8.66,96.3,28.36,818.97,-86.48,0.104,0.04,0.09,0.0,30.47
30.82,7.69,98.3,28.71,800.92,-83.17,0.027,0.67,0.3,-0.22,30.51
31.01,8.12,96.2,27.94,825.08,-83.41,0.004,-1.43,0.82,0.26,30.52
31.02,7.84,96.9,28.94,814.73,-83.24,0.05,0.22,-0.1,-0.09,31.41
30.71,8.23,96.5,28.5,819.51,-84.55,0.063,-0.01,-0.31,-0.46,30.36
31.04,7.82,94.1,28.21,802.05,-86.06,0.014,-0.31,0.67,-0.59,30.66
30.89,8.09,95.1,28.97,816.43,-85.05,0.014,-0.26,0.26,-0.4,30.58
30.87,8.23,95.3,28.99,796.08,-86.24,0.056,0.61,-0.95,-0.44,30.36
30.94,7.86,94.4,29.64,814.85,-83.46,0.02,-0.0,0.78,0.3,30.53
30.74,8.93,95.2,29.04,806.47,-84.07,0.022,-1.47,1.14,0.05,30.71
30.91,8.33,94.3,29.05,808.93,-88.04,0.067,-0.04,1.08,-0.37,30.23
30.74,8.07,94.4,29.01,790.14,-86.42,0.004,0.33,0.11,-1.08,31.36
30.59,7.95,95.4,28.1,791.29,-84.58,0.065,-0.4,-0.59,-0.42,30.98
30.63,8.2,96.6,29.02,804.41,-87.76,0.078,-1.05,-0.68,0.02,31.12
30.8,7.82,93.9,28.97,787.0,-85.96,0.0,0.71,0.43,0.22,30.6
30.6,8.73,93.9,28.93,799.02,-88.72,0.034,-0.28,0.01,-0.54,30.52
30.88,8.33,94.3,28.67,778.48,-86.76,0.01,0.13,-0.29,0.22,30.53
30.81,8.17,94.4,29.14,798.26,-86.28,0.025,-1.16,-0.12,0.09,30.31
30.81,8.51,93.2,28.57,774.94,-88.06,0.031,0.71,-0.22,-0.06,31.07
30.64,7.98,93.7,29.13,790.13,-86.17,0.026,-0.75,-0.38,0.19,31.07
30.63,7.84,93.5,28.98,788.08,-85.64,0.034,0.8,-0.01,0.47,30.68
30.44,8.14,94.2,29.3,771.95,-87.88,0.024,-0.39,-0.14,0.17,31.09
30.67,8.21,94.1,28.6,781.69,-85.46,0.041,0.24,0.41,-0.28,31.32
30.57,8.32,93.5,29.18,775.31,-85.06,0.023,0.51,1.34,-0.54,31.03
30.57,7.7,93.1,28.74,764.04,-86.94,0.007,-0.75,-0.98,0.57,30.04
30.68,7.98,92.7,28.58,755.93,-89.37,0.007,0.35,-0.89,0.11,29.19
30.38,7.17,93.1,28.24,742.88,-87.7,0.032,0.41,0.04,0.28,30.38
30.4,7.72,92.1,28.61,762.37,-86.36,0.021,-1.1,-0.17,0.05,30.18
30.43,8.26,93.9,28.24,739.49,-88.55,0.013,-0.28,-0.19,0.3,29.97
30.25,8.3,91.2,28.32,752.25,-87.09,0.025,-0.86,0.86,0.13,29.74
30.31,7.64,91.7,28.52,744.72,-88.17,0.13,-1.27,-0.52,0.48,30.28
30.36,7.85,92.7,28.16,750.11,-86.93,0.03,-0.14,0.63,-0.82,29.03
30.23,7.92,91.5,28.19,736.17,-87.27,0.035,-0.18,0.97,0.27,30.16
30.4,8.19,92.1,28.52,731.68,-87.02,0.033,-0.42,0.3,-0.75,30.13
30.03,8.28,92.7,28.09,737.99,-86.24,0.036,-0.52,-0.33,0.32,29.39
30.31,7.83,91.8,27.56,729.64,-87.39,0.007,-0.98,0.39,-0.14,29.33
30.22,7.65,89.9,27.55,725.0,-84.5,0.004,0.0,0.63,-0.24,28.63
30.04,7.25,89.7,27.64,722.0,-84.88,0.045,0.36,0.63,-0.03,29.39
29.96,7.66,90.2,28.22,697.36,-86.33,0.008,0.21,0.29,0.45,29.37
29.79,8.2,90.5,26.9,715.63,-86.28,0.0,-1.0,-1.53,-0.11,29.04
29.91,7.91,90.9,27.32,709.47,-87.82,0.011,0.45,0.36,-0.24,28.11
30.1,7.52,89.0,27.61,688.42,-86.43,0.019,0.62,0.7,0.98,27.83
29.93,7.5,89.0,27.23,691.33,-86.17,0.009,1.42,0.6,-0.77,28.24
30.04,7.14,89.0,26.85,688.52,-86.12,0.003,-0.44,0.13,-0.05,28.23
29.8,7.17,88.7,26.17,682.68,-85.37,0.009,0.38,0.05,0.04,28.46
29.92,7.26,89.9,27.17,682.43,-86.32,0.003,0.96,0.06,-0.06,27.82
29.72,7.2,88.3,26.34,688.45,-86.42,0.023,0.36,0.2,-0.15,28.19
29.65,7.39,88.3,26.04,679.97,-84.96,0.035,1.83,0.45,-0.73,28.07
29.72,7.31,88.6,26.33,651.04,-86.69,0.037,-0.16,-0.53,0.35,27.66
29.62,7.1,88.9,26.6,665.36,-87.7,0.047,-0.27,0.62,0.02,27.67
29.48,6.58,87.4,26.1,667.41,-85.91,0.002,-1.1,-0.37,-0.85,27.0
29.61,6.52,88.2,25.69,652.96,-85.73,0.041,-0.03,-0.61,-1.01,26.55
29.61,6.47,88.4,25.76,654.98,-87.24,0.041,0.03,-0.45,-0.15,26.62
29.71,6.73,86.6,25.57,659.17,-87.19,0.021,0.18,-0.16,-0.47,26.36
29.64,5.98,86.0,25.22,644.28,-86.38,0.028,0.32,0.07,-0.71,27.02
29.64,6.51,87.9,25.26,631.54,-84.61,0.034,-0.11,2.22,0.09,26.72
29.55,6.86,86.8,24.81,634.53,-87.21,0.021,0.19,-0.03,0.16,25.4
29.47,6.56,85.7,24.6,620.58,-88.49,0.143,-0.16,0.48,-0.25,26.12
29.25,6.18,86.0,24.99,614.45,-88.55,0.001,0.35,0.66,-0.06,25.17
29.38,6.0,84.4,24.51,605.82,-88.22,0.004,-0.81,-0.83,-0.14,25.29
29.4,6.38,85.9,24.49,620.12,-87.98,0.01,-0.42,0.53,-0.06,25.89
29.48,6.15,83.3,24.07,591.51,-86.92,0.026,0.2,1.19,0.48,24.71
29.35,5.91,85.4,24.0,610.27,-86.83,0.077,0.44,-0.82,-0.21,24.69
29.39,5.73,83.7,23.87,595.25,-85.23,0.099,-0.09,0.56,-0.07,24.66
29.09,5.86,82.7,23.69,571.63,-84.0,0.098,-0.21,-0.15,-0.15,24.27
29.14,5.67,82.2,23.6,584.73,-84.48,0.092,-0.13,0.01,-0.09,24.18
29.21,5.92,83.3,23.66,555.55,-86.79,0.059,-0.52,0.53,-0.25,24.56
29.27,5.99,84.0,23.93,578.38,-86.53,0.023,-0.14,-0.19,0.18,23.75
29.08,5.14,82.1,23.56,576.62,-81.82,0.034,0.63,-0.28,-1.21,24.17
29.06,5.11,82.0,23.03,557.58,-87.71,0.001,-0.06,-0.48,0.92,24.11
29.13,5.81,82.4,22.78,560.55,-83.98,0.001,-0.17,0.86,0.35,24.25
28.89,5.39,83.3,22.23,574.76,-86.53,0.062,-0.11,0.47,-0.83,24.17
29.19,4.93,83.2,22.48,546.16,-83.97,0.014,1.09,-1.2,0.32,23.09
28.87,5.5,82.4,22.18,536.72,-83.26,0.014,0.52,1.21,0.49,22.96
28.72,5.24,82.9,22.45,558.32,-84.64,0.006,0.52,0.75,0.18,22.79
28.93,5.74,82.5,22.87,559.43,-83.21,0.009,0.32,-1.08,0.39,23.51
29.11,4.94,81.4,22.01,536.26,-79.74,0.037,0.34,0.44,-0.22,23.19
28.96,5.29,82.4,21.51,542.86,-86.62,0.059,0.52,-1.27,0.83,22.76
28.96,4.46,80.4,21.81,542.79,-82.87,0.014,1.05,-0.01,0.37,22.29
28.86,5.26,81.7,21.6,518.71,-82.61,0.033,0.12,-0.14,0.35,22.69
28.82,5.07,80.3,22.06,518.16,-86.4,0.039,0.13,0.37,0.28,23.04
28.64,5.21,81.2,20.84,532.33,-83.57,0.022,0.83,0.85,-0.38,22.88
28.53,5.02,81.9,21.03,534.0,-84.23,0.015,0.09,0.08,-0.47,21.64
28.81,4.6,81.0,21.52,520.05,-82.9,0.028,0.62,0.27,-0.4,22.53
28.94,4.24,80.7,20.59,503.02,-83.4,0.025,-0.21,0.17,0.24,21.39
28.81,4.36,80.8,21.22,529.22,-82.34,0.012,-0.82,-0.72,-0.06,21.7
28.83,3.98,81.1,20.68,501.72,-84.8,0.012,-0.78,-0.32,0.35,21.54
28.93,4.19,82.1,21.16,501.49,-80.11,0.007,1.03,1.1,-0.8,21.75
28.77,4.56,80.9,20.68,506.22,-82.91,0.025,1.7,-0.39,0.04,21.13
28.71,4.38,79.9,20.54,516.44,-80.64,0.083,0.03,0.52,-0.11,21.47
28.62,4.3,80.1,20.71,507.69,-82.27,0.012,-0.32,-0.69,-0.21,20.9
28.96,4.1,79.5,20.41,501.7,-80.84,0.033,0.21,-0.48,0.14,21.3
28.77,3.78,79.1,19.88,500.73,-82.64,0.052,-0.4,0.05,0.41,20.61
28.59,4.34,78.1,20.04,495.24,-80.72,0.101,1.2,0.14,-0.29,20.9
28.56,4.38,79.7,19.57,499.24,-83.91,0.049,-0.46,-0.57,-0.01,20.97
28.85,3.95,78.9,19.76,467.37,-80.75,0.003,-0.78,-1.27,-0.33,20.79
28.58,4.07,80.1,19.24,488.86,-83.24,0.002,0.08,0.81,-0.28,21.16
28.92,4.68,79.6,20.74,493.56,-82.27,0.038,0.41,-0.5,0.5,19.85
28.37,4.56,79.1,19.84,479.12,-83.5,0.039,-0.02,0.13,0.22,20.76
28.88,3.76,78.3,19.98,494.12,-82.72,0.063,0.85,-0.22,-1.04,20.3
28.77,4.18,79.7,19.44,488.01,-82.05,0.047,0.05,-0.4,0.38,20.81
28.73,4.64,78.6,19.87,507.56,-80.55,0.027,-0.22,-0.32,0.01,20.54
28.7,4.14,80.6,19.9,505.84,-80.79,0.036,1.6,0.4,-0.22,20.91
28.95,4.13,80.3,19.92,485.72,-81.76,0.028,0.24,0.31,0.1,20.35
28.82,4.54,80.0,19.52,489.29,-80.17,0.07,-0.39,0.95,-0.07,20.9
28.63,4.52,81.4,19.87,490.64,-80.2,0.018,-0.63,-0.5,-0.17,20.44
28.55,4.52,80.3,19.27,487.6,-81.29,0.006,-0.68,-0.21,0.26,19.83
28.79,4.18,80.7,19.59,494.96,-81.23,0.006,-1.77,-0.28,0.75,20.0
28.78,4.47,81.0,19.45,486.47,-81.02,0.001,0.75,1.0,-0.24,20.08
28.61,4.74,80.1,19.01,483.95,-77.32,0.051,-0.08,-0.64,1.04,20.35
28.8,4.3,80.2,18.77,502.84,-81.19,0.026,0.45,1.28,-0.31,20.66
28.75,4.22,80.7,19.3,504.41,-78.45,0.019,0.13,-0.2,-0.09,20.55
28.84,4.74,79.7,19.3,491.73,-81.1,0.041,-1.44,0.09,0.41,20.57
28.94,5.02,82.3,19.31,510.53,-80.48,0.011,-0.14,-0.2,0.27,20.02
29.05,5.08,81.2,19.78,497.21,-78.99,0.039,-0.09,0.81,0.64,20.69
29.0,4.37,81.0,19.9,508.16,-78.56,0.058,0.86,-0.86,-1.08,20.4
28.82,4.44,83.0,19.67,516.07,-78.94,0.029,0.57,0.4,-0.18,20.7
28.97,4.25,80.6,19.67,509.9,-78.26,0.106,-0.1,-0.5,-0.11,19.82
28.96,4.64,82.8,19.46,517.3,-78.23,0.04,-0.02,-0.75,0.89,20.63
28.81,4.33,82.4,19.58,510.24,-78.13,0.017,-0.45,0.23,0.26,20.25
29.04,4.54,82.8,19.7,516.23,-79.73,0.029,-0.54,0.27,-0.79,20.03
29.24,4.96,81.9,19.64,519.05,-79.29,0.004,-0.45,0.11,0.27,20.85
29.05,4.92,82.3,19.84,516.68,-78.7,0.073,-0.12,1.03,0.59,20.47
28.88,4.32,82.1,19.7,525.54,-76.9,0.032,0.07,0.83,-0.12,20.92
29.1,5.39,83.4,19.57,515.11,-77.44,0.016,-0.17,-0.46,-0.39,20.38
28.98,4.65,83.1,19.89,529.09,-78.2,0.058,0.2,0.68,0.09,21.65
29.26,4.75,82.5,19.78,534.67,-77.97,0.002,-0.26,-0.41,-0.27,20.87
29.24,4.73,82.8,20.43,538.59,-79.73,0.023,0.42,0.22,0.16,20.81
29.19,4.96,83.4,19.85,542.47,-78.39,0.041,1.18,-0.62,0.13,21.47
29.2,4.96,83.3,21.07,548.11,-78.67,0.037,0.75,0.08,0.42,21.13
29.24,5.03,84.9,20.72,557.47,-76.49,0.001,-0.62,-0.54,-0.08,22.52
29.3,4.62,84.7,19.84,565.45,-77.4,0.008,-0.35,1.02,-0.98,21.82
29.24,5.47,84.9,20.76,554.34,-75.77,0.059,0.76,-0.74,0.14,21.27
29.2,5.57,84.6,20.37,553.02,-74.04,0.009,-0.98,0.34,-0.04,21.59
29.53,6.24,84.0,20.7,558.94,-76.17,0.02,-0.18,-1.22,0.08,21.7
29.38,5.79,85.5,21.16,568.87,-78.74,0.132,0.03,-0.55,-0.15,21.36
29.48,5.57,83.5,20.43,574.68,-77.53,0.027,-0.16,0.76,-0.03,22.41
29.53,5.43,85.5,20.65,575.02,-79.6,0.024,-0.13,0.41,-0.42,21.85
29.56,5.83,85.0,21.18,574.35,-74.4,0.026,0.19,-0.6,-0.19,22.04
29.42,6.07,85.1,20.9,587.41,-73.56,0.006,0.03,0.09,0.15,22.35
29.39,5.86,85.7,20.37,598.5,-78.32,0.035,-0.49,-0.11,-0.39,22.03
29.56,6.11,86.3,21.6,607.4,-77.46,0.001,1.05,-0.68,1.04,22.61
29.71,6.73,86.6,21.51,600.69,-77.62,0.012,-0.01,0.11,-0.79,22.46
29.61,6.12,87.5,21.5,606.99,-77.97,0.011,0.22,-1.29,-0.38,22.61
29.69,5.75,87.0,21.68,606.74,-78.83,0.002,-0.18,-0.3,-0.25,22.88
30.02,6.65,87.3,22.55,620.62,-75.29,0.012,0.02,1.21,-1.3,22.79
29.58,6.56,86.5,22.25,617.41,-78.12,0.028,-0.45,-0.42,0.37,22.61
29.74,6.03,86.8,21.73,636.61,-76.46,0.014,-0.75,-0.19,0.13,23.45
30.1,6.74,88.3,22.21,618.02,-77.57,0.001,0.41,0.45,0.68,22.61
29.9,6.39,88.8,22.72,637.29,-78.91,0.029,-0.55,0.17,-1.11,22.78
29.85,6.89,88.4,22.85,648.92,-77.24,0.011,-0.17,-1.14,-0.4,23.85
30.11,7.4,89.6,22.05,652.78,-78.41,0.194,1.07,-0.66,-0.66,23.92
30.01,6.85,88.0,22.55,682.89,-76.22,0.069,0.77,0.13,0.54,24.25
30.0,7.3,89.7,22.47,664.48,-75.28,0.02,-0.46,-0.89,0.14,24.57
30.1,6.67,88.9,23.24,655.95,-75.28,0.014,0.26,0.93,-0.32,23.68
30.03,6.65,89.1,22.84,670.03,-75.74,0.002,-0.86,0.07,-0.11,24.38
30.02,7.78,89.5,23.85,658.2,-75.12,0.0,0.77,-0.11,0.45,24.61
30.16,7.33,90.3,23.91,680.1,-77.48,0.048,0.05,0.64,-0.37,25.08
30.08,7.5,90.9,23.52,677.49,-76.52,0.02,0.7,0.25,-0.94,25.21
30.24,7.71,91.1,23.31,699.86,-76.5,0.012,0.17,0.37,-0.47,25.12
30.31,7.27,90.8,23.63,690.05,-78.2,0.025,-0.25,-1.07,-0.3,25.46
30.4,7.73,91.8,24.21,699.17,-77.23,0.011,-0.17,0.28,-0.68,25.49
30.46,7.74,92.8,24.51,698.73,-77.66,0.015,-0.23,0.14,0.21,25.4
30.31,7.21,91.6,24.34,727.16,-76.22,0.002,0.27,-0.23,1.35,25.95
30.45,8.1,92.0,23.61,711.2,-75.15,0.018,-0.46,-0.75,0.18,25.24
30.48,8.09,91.7,24.9,737.3,-76.64,0.005,0.01,0.43,0.39,26.35
30.48,7.36,92.1,24.1,731.62,-77.45,0.017,0.07,-0.91,-0.06,26.98
30.42,7.86,93.6,24.22,732.73,-75.86,0.045,-0.95,0.63,-0.23,26.44
30.38,7.77,93.8,25.46,735.95,-76.68,0.008,-0.67,-0.05,0.47,27.56
30.59,8.31,92.8,24.84,740.47,-77.08,0.008,-1.01,-0.06,0.16,27.14
30.35,7.5,93.6,25.49,721.44,-73.73,0.037,-0.18,-0.3,-0.58,27.63
30.54,9.04,94.1,25.58,742.02,-74.53,0.023,-0.05,-0.52,0.36,27.36
30.29,7.94,93.2,25.41,757.26,-75.91,0.016,0.44,-0.52,0.13,27.58
30.46,8.25,92.7,25.9,752.23,-76.92,0.002,-0.52,-0.96,0.67,27.57
30.54,8.47,94.4,25.78,742.47,-76.86,0.019,-0.8,0.12,0.09,27.03
30.8,8.02,94.8,26.13,759.69,-77.48,0.016,-0.32,-0.67,-0.26,27.02
30.77,8.07,94.8,26.12,780.85,-77.35,0.005,0.23,0.04,-0.11,27.86
30.64,7.98,94.1,26.21,779.75,-76.48,0.08,1.03,-0.73,0.03,27.86
30.82,7.88,95.7,26.29,770.02,-80.08,0.016,0.06,-0.01,-0.33,28.01
30.85,8.24,94.9,26.34,783.4,-74.32,0.0,-0.62,0.1,-0.6,27.87
30.74,8.14,93.9,27.08,773.34,-75.88,0.104,0.24,-0.25,-0.65,28.95
30.61,8.03,93.7,26.75,762.96,-77.83,0.019,0.06,1.42,-0.61,28.23
30.77,8.06,94.8,26.63,773.62,-74.44,0.029,0.02,-0.76,0.08,28.33
30.8,8.37,95.3,27.0,801.23,-75.71,0.015,-0.8,-0.14,0.13,28.91
30.67,7.96,95.0,27.08,785.46,-75.57,0.046,0.24,-0.66,0.21,29.45
30.88,8.12,97.0,27.24,788.23,-77.31,0.011,-0.28,0.01,-0.03,29.47
30.88,8.46,95.8,27.74,789.99,-76.08,0.018,-0.29,-0.65,0.16,28.99
30.91,8.26,94.8,27.38,814.22,-79.46,0.017,0.54,0.14,0.09,29.28
30.9,7.86,93.8,27.57,813.48,-76.55,0.017,0.35,-0.03,0.45,30.13
30.96,8.16,95.9,28.03,821.3,-77.63,0.03,-0.68,0.93,-0.01,30.01
30.86,8.28,96.6,28.06,799.27,-75.76,0.046,0.9,0.85,0.22,30.02
30.91,8.43,97.3,27.76,805.42,-77.85,0.015,0.63,0.67,0.93,29.92
30.84,7.89,95.7,28.43,788.74,-78.21,0.03,-0.51,0.11,-0.02,29.9
30.82,7.92,97.3,28.49,819.98,-75.69,0.002,-1.31,0.07,0.82,30.75
31.06,7.85,94.9,28.55,794.67,-75.88,0.002,0.21,0.04,0.42,30.48
30.65,7.84,95.7,28.44,809.51,-76.48,0.003,0.16,-0.7,0.64,30.16
31.01,8.13,95.2,28.35,797.2,-77.09,0.008,-0.56,0.52,0.42,30.47
30.83,8.15,96.6,28.1,802.97,-76.83,0.006,1.09,0.91,-0.72,30.15
30.81,8.25,95.0,28.06,801.0,-78.33,0.02,-0.07,0.23,-0.21,29.67
30.93,7.87,96.3,28.58,803.66,-79.37,0.009,-0.02,-0.91,-0.45,29.96
30.71,7.43,95.0,28.67,804.56,-77.69,0.035,0.2,-0.19,-0.04,30.24
30.79,8.01,97.4,28.63,804.51,-80.88,0.045,0.74,-0.52,-0.72,30.27
30.78,7.81,95.6,28.73,818.22,-76.41,0.016,0.17,-0.19,1.0,30.23
30.85,7.73,96.2,29.29,798.57,-78.66,0.065,0.05,0.03,0.61,30.29
30.77,7.28,94.4,29.42,811.4,-78.88,0.026,-0.87,0.75,-1.12,31.12
31.05,7.55,94.6,28.5,820.8,-80.16,0.063,-0.01,-1.07,0.02,31.36
31.06,7.2,95.1,29.02,802.75,-76.91,0.019,0.81,-0.73,0.64,31.18
30.59,7.65,96.3,28.96,799.8,-77.93,0.013,-0.4,-0.7,1.01,29.81
30.89,7.32,96.1,29.2,803.63,-78.74,0.023,0.08,-0.66,-0.45,31.12
30.91,7.23,96.4,29.59,816.53,-78.42,0.015,-1.85,-0.03,-0.16,30.99
30.86,6.86,94.2,29.76,805.32,-79.21,0.012,0.85,0.39,0.42,30.68
30.7,7.57,95.7,29.25,796.56,-78.25,0.003,-0.06,-0.04,0.03,30.5
30.74,7.12,94.8,29.01,805.05,-80.15,0.019,-0.1,-0.52,-0.16,30.57
30.66,7.15,94.4,28.87,787.39,-79.73,0.031,0.31,0.34,0.08,31.08
30.68,6.84,94.5,29.86,803.27,-79.07,0.048,0.18,0.97,-0.28,30.82
30.57,6.5,94.7,28.71,798.45,-82.13,0.061,0.25,-0.24,-0.84,31.13
30.68,6.76,95.2,29.25,789.04,-82.09,0.006,-0.7,0.65,0.38,30.94
30.49,6.74,95.5,28.85,781.36,-77.53,0.015,0.8,0.2,-0.08,31.16
30.62,6.87,94.8,28.45,778.36,-81.73,0.028,0.7,0.45,-0.27,30.8
30.48,6.6,94.8,29.48,789.92,-78.27,0.03,0.2,0.97,-0.07,30.05
30.63,6.42,95.6,28.24,794.08,-81.23,0.061,0.93,0.19,-0.37,29.82
30.5,6.11,94.5,28.06,772.5,-82.48,0.022,0.02,-0.11,-0.44,30.67
30.59,6.5,93.6,29.01,780.42,-79.18,0.024,-0.28,-0.18,-1.1,30.6
30.66,6.17,94.1,28.61,751.8,-80.2,0.013,0.17,0.84,-0.08,30.05
30.69,6.73,94.8,28.81,763.53,-80.17,0.094,0.72,-0.93,-0.38,30.33
30.17,6.31,92.5,28.6,765.66,-83.17,0.007,-0.25,-0.06,-0.42,29.98
30.35,6.35,92.7,28.75,753.36,-80.86,0.039,-0.29,0.38,0.57,29.89
30.38,6.04,94.0,28.37,749.46,-86.23,0.022,-0.63,0.43,-0.81,29.43
30.45,6.1,92.4,28.72,748.41,-81.21,0.009,-0.01,-1.29,0.02,29.94
30.16,5.69,93.0,28.65,754.16,-83.28,0.007,0.13,0.01,-0.0,29.63
30.21,5.53,93.2,28.79,745.43,-79.93,0.026,-0.62,-0.35,0.08,29.89
30.32,5.82,91.0,28.61,720.88,-80.81,0.001,-1.19,0.76,1.35,28.94
30.28,5.91,91.4,28.04,717.93,-82.08,0.094,-0.22,0.02,-1.0,29.78
30.28,5.08,92.5,28.23,728.85,-80.87,0.013,0.16,0.1,0.17,29.23
30.26,5.44,91.2,28.04,735.19,-79.03,0.196,1.02,-0.42,0.07,28.9
30.21,6.07,89.5,27.94,698.76,-82.83,0.025,0.47,-0.19,0.31,29.04
30.16,5.59,90.4,27.23,716.78,-82.38,0.011,1.44,0.73,-0.35,28.46
30.11,5.84,91.3,27.85,711.99,-84.9,0.008,-0.29,1.18,0.51,28.87
30.15,5.12,91.4,27.69,726.54,-84.46,0.044,0.28,0.44,-0.1,28.91
29.77,5.11,90.2,28.01,704.15,-84.66,0.002,-0.06,-0.04,0.24,28.76
30.19,5.47,90.3,27.66,707.12,-83.34,0.045,1.5,-0.43,0.58,28.79
29.71,5.3,89.4,27.19,699.93,-82.99,0.03,0.36,0.11,-0.35,28.24
29.81,5.03,90.1,26.98,672.4,-84.69,0.013,-1.41,-0.07,0.25,28.65
29.88,4.61,90.3,26.54,696.53,-83.38,0.025,-0.37,-0.43,-0.05,28.3
29.95,5.28,89.5,27.4,686.11,-82.43,0.065,-0.9,-0.42,0.3,28.38
29.48,5.63,88.6,26.26,684.11,-83.78,0.089,0.78,1.27,-0.19,28.58
29.8,4.35,88.8,25.85,713.33,-82.54,0.082,-0.48,0.83,0.01,27.15
29.86,5.19,88.9,26.69,648.25,-86.92,0.022,0.26,0.7,0.41,27.47
29.85,4.57,87.9,26.27,681.34,-86.78,0.027,-0.09,0.01,-0.97,27.16
29.61,4.57,88.3,26.19,656.2,-83.58,0.006,-0.24,0.12,1.0,28.17
29.63,4.7,87.7,26.02,656.93,-84.27,0.075,-0.58,0.91,-0.17,27.4
29.56,4.21,88.3,25.45,648.57,-84.63,0.002,-0.29,-0.12,0.57,27.12
29.55,4.52,87.5,25.8,639.76,-84.69,0.02,0.03,-0.71,0.48,27.33
29.44,4.01,86.3,25.42,633.28,-86.67,0.007,-0.2,-0.58,0.02,26.7
29.42,4.6,87.5,25.22,637.27,-87.64,0.017,0.31,0.28,-0.39,26.72
29.55,5.09,86.5,25.74,613.81,-83.79,0.035,-1.04,1.16,0.1,26.19
29.48,4.19,85.8,25.37,631.52,-83.64,0.016,-0.87,1.31,1.06,25.66
29.49,4.3,84.6,24.14,614.9,-86.41,0.078,0.45,0.69,-1.15,26.41
29.42,4.29,85.6,24.87,602.85,-88.65,0.031,-0.62,0.26,0.55,25.5
29.45,4.6,86.7,25.02,604.77,-85.78,0.025,-0.94,0.97,-0.26,26.02
29.44,4.4,82.8,24.06,617.0,-86.68,0.017,0.17,0.14,-1.4,25.99
29.09,4.54,82.6,24.04,594.28,-84.51,0.013,-0.11,0.5,-0.92,24.5
29.17,4.09,85.1,24.54,598.47,-87.28,0.068,0.51,1.88,-0.5,25.65
29.21,4.36,84.5,23.88,582.88,-84.85,0.016,-1.58,-0.42,-0.59,25.17
29.21,3.21,84.6,23.2,593.14,-85.85,0.026,-1.04,-0.34,-0.1,24.52
29.1,4.41,83.4,24.16,587.85,-84.13,0.02,0.31,-0.63,0.08,24.05
29.26,3.84,81.9,23.53,594.98,-85.32,0.028,0.32,0.33,0.37,24.55
29.36,4.1,82.8,23.57,570.31,-86.82,0.007,0.46,0.48,0.45,24.35
29.12,4.42,84.5,23.28,574.4,-85.74,0.122,0.37,-0.27,-0.27,24.7
29.08,3.74,82.7,23.54,564.42,-86.35,0.014,0.04,0.31,0.78,24.13
29.15,4.54,82.5,22.61,572.22,-88.71,0.009,-0.36,0.29,0.39,23.51
28.8,4.18,80.5,23.09,547.98,-85.57,0.001,-1.12,0.57,0.88,23.17
29.0,4.67,81.0,23.17,558.61,-86.61,0.056,1.16,-0.32,0.32,23.7
29.09,3.97,83.2,22.09,545.31,-89.79,0.032,-0.58,-0.01,-0.33,23.49
28.88,3.72,81.9,22.17,542.82,-88.81,0.011,0.7,0.21,-0.35,23.87
28.78,4.27,82.7,22.86,540.68,-87.54,0.014,-0.37,-0.32,-0.65,22.99
28.89,4.48,81.2,22.53,538.69,-85.42,0.019,-0.14,-0.42,-0.43,23.21
28.88,4.53,80.4,21.73,531.53,-87.73,0.016,-0.49,0.57,-0.02,22.85
28.76,4.01,81.3,21.46,531.48,-85.69,0.017,0.04,-0.29,-0.35,21.68
29.11,3.9,80.9,21.85,541.88,-85.66,0.029,0.29,0.26,-0.15,22.91
28.78,4.33,80.5,21.74,532.83,-87.15,0.057,-1.03,-1.02,0.26,22.32
28.68,4.61,80.4,21.47,528.67,-85.76,0.014,0.3,0.29,-0.18,22.62
28.79,4.63,80.8,22.19,512.56,-87.0,0.006,0.99,0.07,1.59,22.3
28.9,5.0,80.4,21.48,505.49,-88.07,0.001,0.31,-0.34,-0.16,21.71
28.78,4.46,80.0,20.84,521.34,-87.3,0.018,0.48,0.89,1.2,21.91
28.82,4.07,82.1,21.39,518.08,-88.15,0.007,-0.11,0.14,-0.37,21.85
28.65,5.03,80.9,20.93,521.72,-85.77,0.007,-0.31,-0.31,-0.37,21.82
28.92,4.78,80.6,20.56,498.77,-86.29,0.003,0.15,-0.24,0.96,21.84
28.8,4.85,80.3,21.01,500.48,-84.68,0.005,-0.65,-0.43,0.5,21.54
28.85,5.05,80.8,21.11,484.48,-87.09,0.018,-0.17,-0.23,-0.07,22.13
28.76,5.26,80.7,20.57,495.2,-86.4,0.035,-1.01,-0.26,-0.45,21.66
28.81,4.93,79.3,20.06,507.5,-86.53,0.018,-0.69,-0.56,0.52,21.63
28.6,5.35,78.9,20.35,491.42,-86.16,0.038,0.71,-0.13,0.07,21.47
28.65,5.22,78.3,19.89,501.19,-86.29,0.044,-1.49,-0.06,0.73,21.08
28.86,4.92,81.5,20.22,491.74,-88.07,0.032,0.45,-0.51,-0.51,21.26
28.89,5.11,79.7,20.33,495.89,-86.71,0.001,1.21,0.88,-0.12,21.39
28.56,5.43,80.5,19.3,480.34,-86.84,0.024,0.15,-0.36,0.33,20.87
28.73,5.1,80.2,20.17,491.99,-83.54,0.01,-0.58,0.06,0.24,21.17
28.65,5.65,80.7,19.72,460.71,-89.41,0.06,0.37,0.96,-0.4,20.17
28.62,5.5,80.0,19.59,488.39,-85.61,0.07,-0.86,-0.08,0.17,21.07
28.74,5.64,79.0,19.27,473.75,-84.45,0.016,-0.48,-0.6,0.03,20.26
28.85,6.03,79.2,19.31,502.06,-88.08,0.042,-0.8,0.03,-0.57,20.0
28.77,5.78,79.8,20.25,497.89,-83.42,0.014,-0.8,0.41,0.69,20.37
28.69,5.76,78.8,19.89,495.05,-86.34,0.02,0.53,-0.74,-1.06,20.52
28.8,5.79,79.5,20.0,506.02,-86.86,0.122,-0.11,-0.28,-0.28,20.54
28.7,5.85,79.3,19.21,481.9,-86.35,0.006,0.37,-0.03,0.44,20.89
28.8,6.06,80.0,20.11,509.6,-86.15,0.028,0.14,0.08,0.36,20.13
28.93,6.45,79.9,19.43,502.34,-86.0,0.03,-0.92,-0.46,-0.1,20.99
28.53,5.93,80.5,19.16,491.71,-88.07,0.056,-0.17,-0.86,-0.75,20.97
28.89,5.98,81.2,19.04,506.63,-85.56,0.005,-0.57,-0.35,-0.49,20.39
28.62,6.65,80.4,19.04,485.57,-88.76,0.071,-0.29,0.1,-0.54,19.97
28.97,6.17,79.5,19.14,489.9,-86.73,0.034,-0.05,0.61,-0.92,21.3
28.76,6.48,79.2,19.09,493.71,-86.54,0.151,-0.18,-1.18,0.8,21.0
28.71,6.31,81.0,19.72,496.31,-85.86,0.023,0.12,-0.08,1.02,20.39
28.95,6.06,80.5,20.32,492.99,-85.98,0.03,0.08,0.99,-0.37,19.79
28.93,6.7,81.0,19.34,517.88,-85.38,0.006,-0.6,1.65,-0.96,20.6
28.79,7.05,81.6,19.36,505.3,-87.7,0.015,0.06,-1.32,0.08,20.15
28.78,6.77,82.6,18.81,513.8,-85.57,0.046,1.04,0.31,0.02,20.76
28.93,6.41,80.2,19.16,507.09,-86.86,0.011,-0.33,-0.28,0.47,20.54
28.83,6.96,80.9,18.95,497.24,-84.96,0.087,-0.88,-0.38,0.12,19.85
28.87,6.77,81.8,19.84,520.93,-82.7,0.042,-0.15,0.47,0.07,20.07
29.04,6.28,81.2,20.27,502.02,-85.07,0.008,0.48,-0.24,-0.53,20.28
28.93,7.11,81.0,19.26,523.5,-82.78,0.075,0.39,1.02,-0.09,21.3
29.12,7.35,83.5,19.62,513.67,-84.64,0.008,0.22,0.02,0.53,20.45
29.28,7.62,81.8,19.65,550.52,-85.9,0.023,0.95,0.33,0.85,19.86
29.11,7.85,81.7,20.04,543.16,-84.47,0.027,0.87,-0.12,0.08,20.76
29.17,7.58,82.1,19.9,538.63,-87.78,0.015,0.68,1.2,0.21,20.81
29.42,7.73,84.0,20.67,553.84,-84.21,0.009,-0.16,-0.84,-0.11,21.63
29.07,7.12,82.8,19.74,536.48,-82.57,0.002,1.69,0.05,0.25,21.68
29.38,8.05,82.5,20.39,554.22,-85.86,0.058,-0.4,-0.5,-0.79,20.64
29.4,8.0,83.1,19.94,554.72,-82.61,0.005,0.54,-0.75,0.44,21.42
29.4,7.56,84.0,19.67,559.4,-85.48,0.009,-0.39,-0.38,0.93,21.67
29.49,7.92,84.9,20.82,573.62,-84.2,0.053,0.46,-0.17,-0.07,21.41
29.4,7.94,85.1,21.07,572.44,-85.46,0.012,0.35,-0.26,0.18,21.63
29.32,8.25,84.1,20.65,572.3,-83.73,0.031,-0.2,0.12,-0.53,22.11
29.56,7.81,84.5,20.38,557.25,-79.16,0.026,-1.25,-1.33,0.66,21.9
29.6,7.67,86.8,20.31,568.65,-84.37,0.047,1.31,0.7,-0.17,22.17
29.62,7.79,86.2,21.01,581.55,-83.6,0.031,0.97,1.19,-0.42,22.58
29.53,8.24,85.4,20.18,588.31,-83.2,0.015,0.89,-0.12,0.11,21.96
29.47,7.43,84.0,21.34,580.73,-83.31,0.056,-0.87,0.45,-0.25,22.59
29.62,7.14,85.7,21.0,620.86,-81.26,0.031,0.6,0.11,-0.35,22.22
29.74,8.33,85.3,21.11,616.68,-83.77,0.018,-0.09,-1.22,-0.43,22.96
29.78,8.17,85.9,21.01,612.35,-82.21,0.014,-0.25,-0.55,-0.95,22.42
29.64,8.12,86.1,21.01,611.9,-83.15,0.028,-0.5,-0.83,-0.58,22.98
29.77,7.74,86.9,21.62,613.95,-80.02,0.001,0.87,-0.21,0.7,22.85
29.61,7.64,87.4,21.83,611.49,-81.91,0.042,0.19,1.24,0.46,23.32
29.92,7.98,87.0,21.86,626.74,-81.94,0.04,0.01,-0.53,-0.05,22.9
29.74,8.29,86.8,22.41,633.52,-80.94,0.019,0.22,-0.32,-0.03,23.27
29.96,8.01,88.0,22.19,623.53,-79.7,0.015,0.12,0.15,-0.69,23.51
29.76,8.47,87.9,22.55,644.3,-80.21,0.049,0.6,-0.26,0.52,23.26
30.06,7.91,87.1,21.93,644.43,-80.29,0.005,-1.25,0.43,-0.29,23.6
30.01,8.04,89.3,22.43,631.93,-79.58,0.04,-0.24,0.58,0.35,23.34
29.91,8.41,88.5,23.24,647.43,-81.32,0.001,-0.84,0.38,-0.2,24.3
30.12,8.08,89.1,23.21,656.91,-78.1,0.072,0.15,-0.93,-0.37,24.63
30.0,8.09,89.4,23.13,684.94,-79.78,0.091,-0.94,-0.3,0.84,23.91
30.2,7.98,89.8,23.03,676.62,-80.06,0.038,-0.74,-0.19,-0.04,24.16
30.11,7.91,90.2,22.98,662.67,-80.93,0.041,0.19,-0.58,0.42,24.41
29.97,8.25,89.3,23.27,685.83,-82.88,0.014,-0.18,0.19,0.21,24.44
30.09,8.27,90.8,23.83,670.41,-80.39,0.063,0.21,0.58,-0.38,25.28
30.18,8.17,90.5,23.06,701.59,-81.66,0.011,-0.72,0.19,0.57,25.0
30.43,7.9,91.9,24.54,690.89,-80.9,0.025,-0.14,-0.59,-0.52,25.54
30.41,7.99,91.9,24.49,699.46,-79.9,0.04,-0.03,0.35,-0.3,25.31
30.52,8.5,92.6,24.63,718.4,-77.94,0.026,-0.82,0.44,-0.53,25.63
30.56,7.57,91.0,24.57,696.97,-80.01,0.02,-0.42,0.27,-0.08,26.35
30.32,8.52,93.0,24.55,700.5,-81.17,0.008,0.11,0.48,0.03,25.63
30.39,7.95,92.2,24.79,713.2,-81.73,0.032,-0.22,0.08,-0.59,26.03
30.4,7.83,92.9,24.68,733.92,-81.06,0.042,-0.51,1.11,-0.4,26.59
30.39,8.12,93.1,25.7,712.77,-76.1,0.025,0.14,-0.2,-0.08,26.45
30.28,7.17,93.1,25.06,703.99,-80.04,0.051,-0.3,-0.87,0.54,26.81
30.53,8.16,92.1,25.09,732.07,-81.74,0.027,0.17,-0.63,-0.47,26.9
30.4,8.26,93.9,25.31,746.29,-78.5,0.041,0.33,1.0,0.4,26.45
30.57,7.97,93.6,25.29,756.87,-79.73,0.081,0.36,0.59,-0.39,27.77
30.86,6.96,92.4,25.98,744.23,-78.73,0.01,0.08,-0.31,0.24,27.32
30.56,7.77,93.3,25.65,748.65,-77.26,0.018,-0.11,0.35,0.61,28.15
30.67,7.98,92.9,25.93,768.11,-76.62,0.071,-0.03,-0.34,0.57,27.8
30.78,7.89,92.9,26.58,741.57,-78.5,0.02,0.79,-0.8,0.01,28.34
30.72,6.94,94.9,26.63,759.97,-77.73,0.0,-0.42,0.39,0.02,28.36
30.74,7.61,93.2,26.03,769.23,-76.16,0.001,0.82,0.45,-0.85,28.59
30.68,7.78,93.5,26.93,775.18,-79.19,0.003,-0.3,0.26,0.6,28.15
30.72,7.18,96.3,26.16,768.83,-79.81,0.016,0.29,-0.55,-0.41,29.09
30.65,6.67,94.4,26.25,777.39,-77.08,0.014,0.12,-0.59,-0.25,28.32
30.88,7.29,95.5,26.79,755.15,-79.25,0.029,0.41,0.12,0.27,28.79
30.59,7.28,96.0,27.13,776.32,-78.27,0.007,-1.69,-0.25,-0.7,29.12
30.93,6.86,95.8,27.07,790.17,-77.51,0.016,0.34,0.09,0.05,30.16
30.65,6.47,95.4,27.42,778.41,-77.12,0.035,-0.11,1.5,0.86,29.46
30.95,7.05,95.4,27.25,791.29,-77.76,0.138,0.38,0.97,0.57,28.93
30.8,6.45,95.9,26.77,797.49,-75.75,0.019,0.17,0.38,-0.2,29.36
30.71,6.73,95.4,27.53,791.78,-77.27,0.0,0.56,0.47,0.65,28.82
30.93,7.0,96.2,27.17,798.95,-79.53,0.029,-0.59,0.1,0.16,30.06
30.98,5.96,95.5,27.81,789.51,-76.65,0.022,-1.09,0.37,0.75,28.32
30.83,6.66,95.7,27.47,798.82,-76.69,0.013,-0.97,-0.79,-0.67,29.6
30.97,6.25,97.3,28.18,808.58,-77.28,0.012,-0.3,0.21,0.6,30.65
30.62,6.18,95.5,28.56,805.5,-77.13,0.039,-0.49,-0.14,0.45,30.16
30.74,6.31,95.9,27.57,799.36,-77.44,0.012,0.31,0.18,0.07,30.14
31.05,5.85,96.3,27.54,808.61,-77.92,0.109,0.74,0.28,-0.15,29.55
30.87,5.66,96.4,28.23,814.5,-74.31,0.003,0.43,-0.7,-0.85,30.64
30.68,5.4,96.2,28.81,787.69,-75.57,0.003,-0.36,-0.76,0.28,29.81
30.82,6.23,95.0,28.54,820.45,-75.44,0.077,-0.06,-0.22,0.58,29.89
30.79,5.67,96.1,28.4,806.02,-76.73,0.017,0.36,-0.0,-0.72,30.85
30.88,5.88,96.2,28.23,814.0,-77.69,0.02,0.82,-0.4,0.43,29.99
30.85,5.49,96.9,28.92,821.92,-80.85,0.003,0.64,1.72,0.01,29.84
30.91,5.22,96.5,29.26,796.28,-74.55,0.013,0.64,0.68,0.04,30.09
30.87,5.69,96.9,28.11,802.79,-73.12,0.025,0.24,-0.74,0.19,30.6
31.04,5.52,95.1,28.91,806.73,-78.21,0.003,0.67,-0.03,0.96,30.36
30.92,5.29,95.0,29.74,801.35,-79.1,0.036,0.48,-0.07,0.0,31.32
30.91,5.38,96.0,28.67,825.96,-75.14,0.031,-0.93,0.31,0.1,30.64
30.99,4.93,96.6,28.85,799.3,-73.4,0.026,0.19,-0.6,-0.07,30.16
30.79,5.48,95.5,28.93,801.42,-77.2,0.014,-0.51,-0.08,-0.52,29.92
30.67,5.48,95.0,28.82,807.96,-73.11,0.014,-0.51,-0.97,-0.34,31.05
30.95,5.26,94.2,29.36,792.69,-75.29,0.061,0.09,-0.29,-0.08,30.82
30.81,4.86,95.7,29.62,799.4,-79.76,0.001,-0.0,-0.46,0.16,30.94
30.8,4.93,95.2,28.4,805.02,-74.28,0.043,-0.14,-0.11,1.17,30.53
30.69,5.33,94.8,28.67,796.86,-76.37,0.006,-0.77,0.93,-0.38,30.75
30.67,5.19,95.8,29.43,797.45,-76.19,0.044,-0.1,0.46,0.39,31.16
30.83,5.35,94.9,29.2,791.14,-76.41,0.02,-0.71,-0.31,0.57,30.67
30.83,4.46,94.8,29.13,779.19,-75.88,0.013,0.19,-0.14,0.29,30.19
30.78,4.39,95.4,29.2,795.31,-77.3,0.01,-0.02,-0.47,0.65,30.91
30.76,4.64,96.3,28.97,807.26,-77.78,0.02,0.38,0.42,0.09,30.45
30.72,4.68,94.1,29.08,787.38,-75.13,0.037,-0.6,-0.71,0.0,30.94
30.64,4.47,93.6,28.77,786.79,-77.89,0.024,0.71,0.57,0.71,30.52
30.58,4.36,93.3,28.77,788.68,-77.68,0.031,0.12,0.79,-0.4,30.81
30.72,4.82,94.3,28.77,766.14,-79.07,0.082,2.03,-0.33,0.56,30.61
30.51,4.38,92.9,28.62,792.82,-74.73,0.029,-0.51,-0.19,0.31,30.87
30.57,4.01,93.3,28.88,774.65,-72.6,0.027,0.98,0.25,0.84,30.68
30.41,4.01,93.2,28.76,785.65,-78.2,0.014,-0.46,-0.76,-0.32,29.71
30.4,4.39,94.5,27.95,758.6,-77.33,0.012,0.62,-0.2,-0.25,29.41
30.42,5.19,94.0,28.47,780.59,-76.3,0.023,0.3,0.17,0.13,30.05
30.32,3.98,91.6,28.48,766.53,-75.09,0.0,-0.9,-0.78,-0.37,30.24
30.49,4.16,93.9,28.94,760.56,-76.48,0.026,-0.17,-0.46,-0.4,29.63
30.2,4.96,91.4,28.23,753.53,-73.95,0.012,0.57,-0.01,0.82,30.01
30.34,4.08,92.3,28.28,744.76,-77.6,0.045,-0.13,-0.8,0.24,29.9
30.32,4.35,91.3,28.14,755.21,-76.53,0.004,0.6,1.1,0.28,29.61
30.05,4.77,91.5,28.54,740.48,-76.54,0.038,0.34,-0.48,-0.64,29.29
30.18,3.92,90.8,27.57,715.19,-79.29,0.018,0.66,0.47,-0.06,29.03
30.24,4.11,92.7,27.62,719.38,-76.92,0.016,0.31,-0.0,0.59,30.32
30.22,4.06,91.0,27.5,724.31,-76.33,0.001,-0.56,-0.27,0.49,28.37
30.12,3.75,91.0,27.7,724.82,-79.13,0.013,0.04,0.5,0.44,28.6
30.19,4.68,89.8,27.06,716.62,-78.06,0.081,0.11,0.78,1.06,30.02
30.06,4.05,89.2,27.99,724.78,-74.3,0.0,0.0,0.79,-0.79,28.44
30.04,3.97,89.8,27.51,688.43,-78.23,0.005,-0.44,0.91,0.42,28.51
30.04,4.12,90.3,27.46,704.66,-77.0,0.046,-0.14,1.0,0.14,28.87
30.08,4.55,89.6,27.87,680.28,-77.74,0.016,0.35,-1.17,-0.46,28.66
29.86,4.32,90.2,26.89,701.24,-78.3,0.005,0.03,0.88,-0.18,28.51
29.85,4.07,89.3,27.19,687.84,-79.26,0.006,-1.42,-0.35,0.19,28.79
29.79,4.46,88.9,26.97,688.09,-77.01,0.004,0.78,0.44,-0.38,27.67
29.8,4.61,89.1,27.17,670.32,-79.05,0.001,-0.27,-0.07,0.65,27.98
29.97,4.39,88.5,26.75,686.8,-78.37,0.144,-0.98,-0.18,0.17,27.74
29.83,4.36,88.9,26.19,679.44,-76.01,0.02,0.0,0.45,0.2,27.26
29.6,4.77,88.3,26.38,669.86,-79.29,0.009,-0.37,0.1,-0.79,27.51
29.63,4.45,88.4,25.87,657.71,-76.35,0.022,-0.53,-0.45,0.15,27.54
29.71,5.03,88.0,25.79,659.79,-78.86,0.014,0.11,0.78,-0.3,27.39
29.52,4.36,88.2,25.81,641.89,-78.6,0.051,0.84,0.04,-0.4,27.43
29.51,4.4,87.6,25.61,652.49,-77.71,0.028,0.28,-0.01,0.04,26.83
29.72,4.41,88.0,25.22,655.41,-80.63,0.053,-0.82,0.67,0.19,26.29
29.45,4.66,86.0,24.59,644.61,-77.55,0.008,-0.16,-0.15,0.75,25.98
29.61,4.79,86.8,25.34,621.62,-80.25,0.023,-0.26,-0.48,0.15,26.18
29.61,4.44,84.8,25.22,627.56,-78.61,0.009,0.32,-0.77,0.71,25.67
29.34,4.93,86.4,25.07,606.07,-80.76,0.009,-1.15,0.57,-0.59,25.76
29.29,5.13,85.5,25.46,619.81,-78.57,0.006,0.35,-0.55,0.18,25.41
29.33,4.58,85.9,24.1,613.71,-81.34,0.015,-0.56,1.38,0.28,25.46
29.2,4.92,86.3,25.04,585.66,-80.22,0.036,-0.34,0.85,-0.21,26.27
29.32,5.31,85.4,25.21,587.95,-80.33,0.021,0.55,0.42,-0.67,25.34
29.25,4.88,84.2,24.81,591.99,-78.87,0.108,0.2,-1.14,0.35,25.86
29.28,5.18,83.4,23.92,587.12,-77.6,0.009,0.33,-0.28,0.5,25.23
29.38,5.67,84.5,24.05,573.41,-80.59,0.035,0.58,-0.12,0.21,24.65
29.28,5.95,83.6,23.47,584.82,-80.55,0.014,-0.17,-0.76,-0.05,24.69
29.21,5.61,84.2,23.35,578.95,-81.24,0.013,-0.6,0.28,-0.3,23.92
28.89,5.5,83.0,24.04,570.06,-77.95,0.017,0.16,-0.3,0.11,24.29
29.15,5.47,82.5,23.54,560.1,-80.85,0.008,0.5,1.16,0.62,23.74
29.28,5.97,82.8,23.41,573.87,-79.87,0.081,0.04,-0.56,0.01,24.34
28.69,6.11,83.2,22.6,575.76,-80.14,0.014,0.79,1.18,-0.0,23.77
29.11,5.49,82.7,22.34,550.27,-82.06,0.009,-0.2,-0.66,0.18,23.67
28.98,6.19,81.8,23.08,544.99,-80.16,0.027,-0.12,-0.52,-0.88,23.47
28.87,5.81,83.7,22.71,552.12,-79.26,0.005,-0.68,0.64,-0.03,23.85
29.05,5.81,82.0,22.32,539.83,-81.92,0.039,-0.57,0.59,0.23,22.98
29.14,6.09,80.1,22.89,538.32,-79.95,0.016,0.13,-0.16,-0.16,22.81
29.0,6.51,82.5,22.35,543.52,-81.1,0.022,-0.77,-0.14,0.49,23.18
28.85,6.38,81.6,21.71,513.56,-83.45,0.054,-0.03,-0.39,-0.24,23.34
28.76,6.45,81.3,21.2,542.47,-79.48,0.005,-0.02,-0.3,-0.4,22.89
28.87,6.55,81.2,21.96,526.78,-80.81,0.027,0.35,0.63,0.16,23.5
28.94,6.66,81.0,21.46,518.82,-84.0,0.001,0.58,0.74,1.18,22.12
28.77,6.56,82.4,21.44,519.05,-83.63,0.015,0.3,0.73,-0.16,21.49
28.77,6.85,81.3,21.29,516.7,-80.42,0.058,1.3,0.56,-0.25,22.42
29.13,6.54,81.0,21.75,497.04,-83.97,0.039,0.07,0.52,-0.34,22.04
28.91,7.0,80.5,21.43,526.7,-84.64,0.046,1.04,0.43,-0.65,22.17
28.9,7.14,82.0,20.98,509.7,-85.12,0.016,-1.45,-1.02,-0.57,22.21
28.58,7.16,81.2,20.86,511.4,-83.9,0.019,0.21,-0.75,-0.05,21.14
28.66,7.25,81.2,20.9,514.3,-81.97,0.055,-0.23,-0.47,-0.82,21.52
28.74,7.23,80.6,21.16,492.53,-82.78,0.021,0.21,-0.44,0.41,21.76
28.61,7.51,81.1,20.62,505.59,-85.19,0.027,0.2,1.61,0.89,21.53
28.91,6.54,80.5,20.29,496.43,-83.85,0.055,0.5,1.54,0.75,21.26
28.88,7.54,79.9,19.98,505.98,-82.61,0.051,0.44,-0.07,-0.12,21.53
28.64,7.94,80.4,20.28,474.79,-84.97,0.008,0.11,-0.92,0.22,21.54
28.92,7.22,81.8,19.8,493.78,-84.07,0.027,-0.7,-1.26,-0.23,20.23
28.7,7.25,80.2,20.26,487.6,-81.34,0.007,0.36,0.38,-1.33,21.6
29.01,7.91,81.0,20.22,496.96,-83.95,0.001,-0.73,0.47,0.26,20.4
28.72,7.3,81.0,20.41,496.51,-81.76,0.003,-0.52,0.42,-0.33,21.06
28.77,7.43,80.5,19.85,484.06,-85.47,0.019,0.29,0.26,1.2,20.62
28.87,7.74,81.3,20.21,483.49,-85.05,0.066,0.11,-0.64,-0.34,21.19
28.86,7.5,78.3,20.35,489.15,-82.64,0.019,-0.59,0.15,0.28,20.91
28.77,8.04,78.6,19.76,481.08,-84.55,0.004,-0.78,0.94,0.44,20.81
28.7,7.59,81.4,20.46,498.42,-86.6,0.005,0.07,-1.3,0.31,20.61
28.78,7.98,79.6,20.13,486.42,-81.82,0.029,-0.13,-0.77,-0.13,20.26
28.63,8.0,80.2,19.42,461.32,-84.56,0.059,-0.33,-0.29,0.41,20.04
28.75,8.45,81.6,20.58,487.06,-82.26,0.012,0.39,0.64,0.29,19.85
28.61,8.33,80.4,19.49,481.01,-86.2,0.024,-0.02,-0.6,0.0,20.12
28.54,7.86,81.6,19.97,475.83,-85.55,0.067,0.61,0.98,-0.7,20.71
28.77,7.67,80.0,19.68,480.66,-84.37,0.004,0.35,0.25,0.26,19.93
28.93,8.33,80.9,19.54,495.18,-83.38,0.005,-0.93,-0.49,0.66,20.8
28.9,7.9,80.6,19.88,508.58,-84.02,0.014,-1.1,0.03,0.51,19.89
28.79,8.02,81.8,19.46,499.78,-89.28,0.018,0.5,0.23,0.54,20.23
29.03,7.82,80.5,19.38,492.1,-86.81,0.008,0.68,0.06,-0.43,20.48
28.77,8.36,80.0,19.38,504.38,-85.62,0.024,0.36,0.55,0.53,20.72
28.62,7.98,80.5,19.0,497.04,-84.78,0.069,-0.51,0.3,-1.24,20.17
28.61,8.17,80.7,19.78,496.64,-86.54,0.065,0.86,-1.46,0.07,20.53
28.75,8.19,80.6,19.19,494.14,-86.68,0.002,0.32,0.31,0.37,20.44
29.01,8.25,80.7,19.51,490.41,-85.83,0.028,0.62,-0.29,0.01,20.28
28.85,8.4,82.3,19.47,506.41,-87.53,0.007,0.42,0.17,-1.01,20.0
29.01,8.13,82.7,19.7,514.41,-87.28,0.033,-0.25,0.21,-0.12,20.63
29.17,7.97,82.1,19.51,514.51,-86.13,0.025,0.04,-0.54,0.4,20.5
28.87,7.63,81.4,19.46,514.11,-86.49,0.008,-0.12,-0.44,0.49,20.41
29.08,8.21,81.6,19.74,511.73,-88.23,0.085,1.19,0.09,0.66,20.63
29.11,8.12,80.6,19.75,530.31,-86.15,0.019,0.22,-0.2,-0.21,20.87
28.97,7.94,82.7,19.32,514.23,-85.98,0.015,0.34,0.5,0.58,20.03
29.26,8.16,82.1,19.7,538.45,-84.58,0.047,0.02,0.94,0.68,20.55
29.09,8.38,84.0,20.24,524.07,-86.76,0.011,-0.75,0.5,-0.4,20.45
29.11,8.43,81.9,20.72,530.09,-85.04,0.027,-0.55,0.55,0.39,20.56
29.43,7.61,82.7,19.33,526.58,-89.82,0.007,-0.03,-0.46,0.1,20.68
29.27,7.94,83.3,20.29,539.98,-86.9,0.002,-1.08,0.36,-0.09,21.52
29.35,8.3,84.0,20.11,558.59,-87.6,0.021,-0.36,1.17,0.08,21.3
29.43,8.46,85.2,19.95,557.94,-87.62,0.005,0.14,-0.6,0.38,20.82
29.22,7.7,82.9,20.09,566.6,-86.27,0.013,-0.13,-0.78,0.68,21.43
29.48,8.32,84.0,19.99,566.17,-89.67,0.019,0.23,0.3,-0.05,21.63
29.3,7.46,83.3,19.94,554.13,-89.49,0.0,0.44,1.61,-0.54,21.42
29.33,8.17,85.3,20.64,566.17,-86.08,0.013,-0.71,-0.9,0.7,21.16
29.39,7.69,84.4,21.23,566.05,-86.7,0.018,0.06,-0.5,-0.06,21.35
29.39,8.2,85.1,20.83,591.62,-88.09,0.024,-0.24,-0.67,-0.27,21.27
29.59,7.54,85.2,20.87,570.88,-85.05,0.055,-0.5,-0.1,0.44,22.88
29.56,7.54,85.7,20.7,596.37,-85.46,0.012,-0.39,1.42,0.27,21.45
29.5,7.54,85.7,20.71,601.02,-86.48,0.077,0.3,0.35,0.06,21.77
29.67,7.06,85.3,21.16,615.1,-89.09,0.012,-0.88,-0.26,-0.3,22.39
29.59,6.93,86.4,20.91,597.48,-84.98,0.025,-0.5,0.07,-0.13,21.8
29.62,7.56,86.0,21.78,613.51,-89.82,0.002,-0.23,0.01,0.24,22.2
29.7,7.64,87.5,21.31,634.06,-88.63,0.015,0.34,1.01,-0.17,22.85
29.79,7.46,87.1,21.34,609.97,-85.73,0.045,-0.33,-1.27,-0.12,23.03
29.81,6.84,86.5,22.55,605.72,-89.16,0.011,-0.48,-0.18,-0.4,23.25
29.76,7.29,89.5,22.35,607.23,-84.83,0.0,-0.24,-0.42,0.41,23.52
29.94,6.79,89.2,21.61,638.14,-83.98,0.079,0.85,0.16,-0.26,23.37
29.84,7.14,90.1,21.86,617.18,-85.88,0.0,1.16,0.32,0.24,23.26
29.82,7.28,88.1,22.24,637.3,-87.91,0.009,0.12,0.09,0.01,23.87
29.76,6.98,87.9,22.39,650.42,-88.71,0.07,-1.52,-0.19,-0.28,24.4
30.09,7.24,89.5,22.42,652.92,-89.01,0.004,0.52,0.77,0.94,24.24
30.01,6.69,90.0,23.19,660.35,-86.22,0.059,-0.64,-0.1,0.06,23.81
30.06,6.59,89.5,22.95,663.34,-86.47,0.094,0.25,0.07,-0.59,24.56
30.2,6.6,87.9,23.0,678.91,-86.27,0.029,-0.85,0.01,0.99,24.7
30.05,6.11,89.1,22.95,661.59,-84.42,0.012,-0.68,0.69,0.58,24.14
29.97,6.31,90.4,22.94,669.32,-85.29,0.011,-0.04,-0.55,-0.24,24.7
30.18,6.27,89.8,23.24,673.31,-85.95,0.004,0.24,-0.06,0.05,25.18
30.24,6.2,89.5,23.3,694.25,-86.19,0.07,-1.49,-1.24,0.43,25.58
30.2,6.29,90.6,23.32,699.83,-87.8,0.047,-0.57,0.06,0.26,25.02
30.44,5.69,88.4,24.29,700.18,-85.46,0.008,0.52,0.67,0.48,24.86
30.0,5.71,90.8,24.39,712.3,-85.77,0.033,-0.48,0.77,0.06,25.81
30.46,6.32,91.2,24.08,693.43,-84.42,0.027,-0.66,0.35,-0.2,25.67
30.45,5.31,92.0,24.82,726.57,-85.57,0.005,-0.25,0.42,0.07,26.03
30.44,6.02,92.4,24.72,729.76,-82.31,0.008,0.97,0.33,-0.53,26.17
30.02,5.65,92.5,24.28,726.45,-84.02,0.004,0.51,0.78,-0.13,26.32
30.6,5.74,93.1,24.3,741.41,-88.49,0.023,0.21,1.35,0.02,26.26
30.35,6.08,92.4,25.07,711.46,-85.27,0.006,-0.09,-0.09,0.2,26.94
30.44,5.5,91.6,25.28,727.13,-83.63,0.123,0.42,-0.64,0.86,26.4
30.51,5.66,93.0,24.81,729.29,-86.36,0.01,0.45,-0.57,-0.49,27.0
30.6,5.42,92.5,25.22,748.04,-86.31,0.038,-0.38,-0.68,0.79,27.21
30.65,5.3,92.3,25.85,734.42,-82.72,0.012,-0.48,0.46,0.22,27.13
30.71,5.2,94.0,26.24,756.49,-86.61,0.013,-0.15,1.44,-1.19,27.68
30.72,5.41,92.6,25.87,766.52,-84.15,0.011,0.56,0.44,0.63,27.33
30.68,4.92,94.4,26.0,763.57,-85.09,0.003,0.53,-0.41,-0.05,28.58
30.72,4.73,93.0,25.96,763.15,-83.77,0.079,-0.22,0.49,0.77,27.91
30.56,5.03,94.0,26.77,754.02,-85.57,0.045,-0.44,-0.13,-0.3,28.45
30.62,5.01,93.9,26.58,758.9,-85.59,0.008,0.5,0.86,-0.19,28.46
30.84,4.35,95.4,26.23,783.23,-82.81,0.011,-0.18,-0.05,0.39,28.81
30.85,4.83,95.1,26.93,781.76,-81.98,0.017,0.62,0.21,-0.84,28.41
30.85,4.42,94.1,26.54,776.69,-84.51,0.045,0.02,-0.96,-0.35,28.96
30.72,4.92,94.8,26.57,775.9,-83.47,0.063,0.34,-0.08,-0.76,29.23
30.9,4.14,96.1,26.87,762.68,-82.73,0.044,-0.38,-1.24,-0.49,28.89
30.67,5.21,96.4,26.85,774.96,-83.58,0.09,0.89,-0.07,0.82,28.62
30.95,4.49,94.2,26.95,807.38,-82.71,0.043,-0.66,-0.44,-0.49,29.75
30.8,4.28,96.4,26.89,777.92,-81.05,0.008,0.41,1.1,-0.37,29.15
31.05,4.42,96.5,27.25,794.94,-85.47,0.014,-0.56,0.54,-1.41,29.28
30.67,4.63,95.7,27.42,805.31,-81.86,0.041,0.82,-0.18,-0.32,29.47
31.08,4.69,95.6,27.23,784.72,-80.03,0.004,-0.75,0.01,-1.54,29.16
30.83,4.31,95.3,28.0,801.01,-81.5,0.008,1.1,0.83,0.15,29.71
30.83,3.93,94.8,27.29,810.28,-84.83,0.121,1.07,-1.21,0.39,29.81
30.91,3.97,96.1,27.87,802.63,-80.36,0.033,0.53,0.14,0.22,29.77
30.81,4.39,95.7,28.32,832.63,-82.73,0.006,0.47,-0.62,-0.76,29.83
30.89,4.58,96.3,28.57,788.55,-81.67,0.003,0.42,0.79,-0.03,29.86
30.81,4.6,96.3,28.06,816.97,-80.87,0.098,-0.36,-0.29,0.22,29.88
30.82,4.3,98.0,28.69,805.64,-80.1,0.021,-0.28,0.06,-0.19,30.4
30.96,4.52,96.9,28.28,815.92,-83.39,0.016,0.29,0.41,-0.65,30.3
30.79,4.79,96.4,29.27,813.28,-81.93,0.048,0.81,0.83,0.47,30.62
30.81,4.57,94.3,28.04,802.06,-81.45,0.033,0.44,0.35,-0.6,30.11
30.73,4.48,96.3,28.26,812.04,-83.05,0.024,-1.02,1.27,0.24,30.83
30.83,3.96,97.2,28.72,791.37,-80.43,0.008,0.45,-0.39,0.01,30.79
31.04,4.49,95.6,28.28,816.03,-81.86,0.024,-0.3,0.11,0.74,30.38
30.78,4.34,97.7,28.52,812.86,-81.2,0.023,0.43,0.02,1.15,30.26
30.79,4.4,96.3,28.97,816.0,-81.93,0.003,-0.35,-1.07,-0.28,30.8
30.89,4.59,96.1,28.92,819.76,-80.18,0.021,0.56,-0.34,-0.59,29.96
30.81,4.33,95.0,28.87,812.27,-81.8,0.028,0.43,0.1,0.07,30.46
31.11,4.21,96.9,28.91,809.34,-80.84,0.039,-0.05,-1.84,0.02,30.76
30.82,3.93,95.0,28.08,798.15,-80.63,0.024,-0.65,-0.71,0.31,30.61
30.86,4.18,95.1,29.02,798.78,-81.31,0.025,0.75,0.02,-0.38,30.26
30.92,4.36,94.0,28.76,816.57,-83.1,0.025,0.13,-0.44,-0.38,30.73
30.91,4.4,96.1,28.86,817.7,-79.21,0.009,-0.07,-0.02,-0.05,30.3
30.81,4.42,95.8,28.44,799.45,-80.15,0.063,0.12,1.2,0.15,30.8
30.74,4.66,95.2,29.24,800.63,-80.49,0.029,-0.73,-0.29,-0.57,30.54
30.99,4.67,95.7,29.19,789.31,-79.88,0.034,0.41,-0.15,-0.06,30.63
30.72,4.42,95.5,28.58,808.13,-78.45,0.021,-0.17,-0.56,-0.04,30.34
30.66,4.23,94.5,29.04,800.96,-76.34,0.005,0.01,1.09,0.33,30.95
30.61,4.64,94.1,29.54,811.47,-82.02,0.005,0.14,-0.25,-0.04,30.56
30.46,5.24,93.2,28.99,780.9,-78.68,0.018,-1.02,0.5,0.58,30.29
30.75,4.7,94.3,28.21,783.38,-79.9,0.061,-1.2,-0.23,0.33,30.5
30.34,4.56,93.2,28.68,786.82,-76.92,0.004,-1.0,0.08,-0.89,31.2
30.6,4.86,94.2,28.89,788.18,-80.92,0.021,-0.46,0.52,-0.12,30.6
30.55,4.93,93.8,29.55,776.64,-78.68,0.001,-0.14,-0.55,0.58,30.84
30.82,4.98,93.4,28.34,767.02,-78.94,0.062,-1.0,0.04,-0.47,29.71
30.31,5.27,94.4,28.66,781.39,-80.26,0.009,-0.82,-0.01,0.13,30.21
30.39,5.03,92.6,28.29,776.5,-79.44,0.013,0.06,-0.43,0.19,29.83
30.46,5.37,91.7,28.91,756.72,-78.82,0.005,-0.71,0.04,0.07,29.95
30.42,5.11,92.8,28.41,775.91,-78.02,0.011,-0.41,1.23,-0.19,29.78
30.35,5.55,92.2,27.52,770.43,-81.72,0.015,0.69,0.54,0.02,30.52
30.38,5.53,92.7,28.26,756.33,-78.45,0.005,0.19,-0.43,-0.28,30.21
30.21,5.51,91.7,28.29,751.93,-76.77,0.01,-0.97,0.46,-0.36,29.53
30.37,5.53,92.5,28.38,752.74,-75.83,0.035,0.06,0.43,0.46,29.55
30.02,6.05,91.2,28.23,734.54,-77.24,0.061,0.25,-0.58,-0.15,29.79
30.27,5.76,91.0,28.31,739.32,-76.79,0.031,0.55,0.01,1.18,29.9
30.17,5.25,92.0,27.94,713.28,-79.41,0.099,0.37,-0.05,-0.73,29.85
30.33,5.65,91.3,27.92,739.26,-77.93,0.008,0.3,-0.24,0.06,29.58
30.38,5.57,90.1,27.8,710.5,-79.2,0.013,0.03,0.73,-0.41,29.94
30.1,6.34,90.1,27.55,736.69,-77.52,0.012,0.28,-0.83,0.39,29.27
30.27,6.17,90.3,27.78,713.83,-73.71,0.023,0.55,-1.12,-0.57,28.8
30.04,6.48,89.5,27.77,710.41,-74.88,0.037,-0.08,0.75,0.56,28.53
29.92,5.71,89.9,27.35,701.6,-75.81,0.007,-0.44,-0.49,0.37,28.3
30.22,6.35,89.7,27.08,700.28,-76.44,0.052,-0.09,0.82,-0.53,28.12
30.03,5.68,88.9,26.75,712.58,-77.22,0.012,-0.25,-0.28,-0.18,28.74
29.94,5.69,89.9,27.14,668.7,-75.79,0.019,-0.08,-0.36,0.22,28.97
29.99,6.12,88.3,26.54,701.49,-77.6,0.054,-1.19,0.56,0.48,28.24
29.9,6.77,89.9,26.82,687.21,-73.38,0.012,0.63,0.52,0.3,28.78
29.83,6.09,88.5,26.68,666.83,-75.32,0.033,0.13,-0.18,-0.11,27.92
29.64,6.46,87.9,26.88,663.19,-75.06,0.019,0.67,0.66,1.05,28.01
29.73,6.9,88.6,26.85,685.72,-77.19,0.01,-0.59,-0.19,0.6,26.98
29.81,6.87,87.9,25.17,654.5,-77.09,0.018,0.3,0.55,-0.48,27.79
29.68,7.35,88.3,26.02,647.41,-77.46,0.043,-0.12,0.02,0.02,27.06
29.77,6.76,85.8,25.22,665.29,-78.18,0.033,0.07,0.21,1.03,27.49
29.67,6.7,87.6,26.22,652.28,-74.17,0.042,0.37,0.14,0.2,27.52
29.49,6.58,86.5,25.66,634.49,-75.19,0.011,0.49,-0.82,0.02,26.97
29.4,6.86,86.7,25.93,641.02,-76.8,0.044,-0.31,-0.19,-0.2,26.86
29.51,6.71,86.3,25.47,623.58,-77.05,0.016,-0.31,-0.35,-0.55,26.57
29.43,6.57,87.2,24.76,639.86,-73.93,0.023,0.2,0.85,-0.04,26.62
29.5,7.77,84.4,24.75,634.49,-75.31,0.063,-1.86,-0.68,-0.07,26.95
29.34,7.26,87.0,24.89,624.25,-76.7,0.038,0.47,0.21,-0.75,26.05
29.32,8.08,86.0,24.99,617.63,-74.31,0.038,0.19,-0.61,-0.43,25.95
29.49,7.12,85.3,24.66,626.75,-73.18,0.021,0.12,-0.79,0.48,25.01
29.35,7.3,83.8,24.55,604.29,-76.89,0.026,0.11,0.55,-0.59,25.72
29.22,7.26,83.4,24.21,587.68,-76.64,0.042,-1.02,0.15,-0.1,25.08
29.27,7.35,84.1,24.58,599.25,-76.34,0.0,-0.14,-0.23,0.23,25.15
29.41,7.86,84.8,24.09,610.93,-75.55,0.016,0.15,-0.22,0.26,25.26
29.25,7.82,84.1,23.9,575.29,-76.05,0.011,0.12,0.04,0.78,24.26
29.25,7.97,84.3,23.84,577.26,-78.19,0.009,1.28,0.55,-0.16,24.93
29.06,8.15,82.5,23.44,580.54,-77.39,0.053,-0.29,-0.85,0.01,24.68
29.25,8.13,83.5,23.31,571.41,-75.83,0.019,0.26,0.4,0.87,24.7
29.38,7.54,84.1,23.46,557.78,-73.77,0.002,-0.88,0.53,-0.32,24.0
28.98,7.73,84.2,23.41,574.55,-75.73,0.112,-0.63,0.78,-0.01,24.55
28.91,7.96,81.8,23.3,582.35,-74.69,0.005,0.86,-0.14,0.06,24.07
29.04,9.08,82.4,22.78,557.02,-75.59,0.017,-0.23,-0.46,-0.07,23.5
29.1,8.23,82.2,22.75,542.02,-76.37,0.03,0.06,0.7,0.5,23.09
28.96,8.06,81.8,22.35,531.67,-77.48,0.025,0.17,0.76,-1.19,23.27
28.83,8.26,82.8,22.7,545.94,-75.64,0.017,0.86,-0.73,-0.24,23.68
28.92,7.9,84.2,21.95,550.7,-74.39,0.011,-0.04,0.97,0.36,23.37
28.98,8.19,80.9,22.22,540.83,-78.18,0.025,-0.38,-0.51,-0.45,22.18
28.84,8.41,82.0,22.32,532.58,-75.47,0.058,-0.44,0.72,-0.4,22.77
28.94,8.14,81.7,21.92,523.36,-77.21,0.008,0.11,0.19,-0.2,22.81
28.99,7.94,81.6,21.85,515.09,-75.9,0.002,0.48,0.1,0.74,23.39
28.86,8.15,82.3,21.52,531.24,-77.59,0.013,-0.39,-0.57,0.11,23.0
28.82,8.09,81.4,20.84,529.04,-76.32,0.041,-0.46,0.4,-0.07,22.28
28.9,7.79,79.2,21.13,501.59,-78.02,0.142,0.45,0.5,-0.58,22.3
28.69,8.03,79.7,21.26,530.21,-75.21,0.032,0.62,-0.14,0.11,21.56
28.66,7.78,79.9,20.89,517.46,-76.65,0.021,0.91,-0.69,-0.7,20.93
28.73,7.83,80.0,21.19,523.25,-74.12,0.002,0.08,-1.11,-1.07,21.7
28.69,7.85,80.4,20.39,493.51,-76.42,0.013,0.26,0.54,-0.2,22.15
28.65,8.47,80.3,20.12,491.1,-78.45,0.002,0.24,-0.75,-1.18,21.71
28.95,8.63,78.9,20.94,501.23,-79.41,0.016,-1.28,-0.82,-0.15,21.23
28.99,7.71,79.0,20.48,505.86,-74.98,0.02,0.71,-0.52,0.55,21.79
28.68,8.62,78.5,20.61,517.05,-78.09,0.01,0.5,0.26,0.78,22.04
28.72,7.79,78.9,20.22,504.55,-78.76,0.002,0.21,1.15,0.43,20.63
28.69,8.34,80.9,20.51,493.62,-75.36,0.017,0.17,-0.18,0.5,21.12
28.84,8.17,79.9,20.7,484.49,-78.12,0.106,0.08,-0.5,-0.16,20.84
28.86,8.25,79.3,20.64,505.91,-76.19,0.012,1.27,0.35,-0.38,20.99
28.49,7.68,78.5,19.84,482.98,-77.13,0.011,-1.09,-0.82,0.25,20.71
28.76,7.46,79.2,19.84,508.08,-80.63,0.005,-0.27,-0.62,0.4,21.93
28.54,7.73,80.5,19.98,488.28,-76.9,0.024,0.02,0.07,0.2,20.7
28.91,8.06,80.4,20.51,506.51,-79.42,0.023,0.72,0.97,-0.0,20.81
28.76,8.48,79.8,19.39,497.04,-79.92,0.015,0.22,0.53,-0.65,20.69
28.61,7.54,79.8,19.33,488.68,-81.51,0.067,-0.41,1.42,-1.01,20.07
28.68,7.78,78.6,19.98,484.81,-80.03,0.003,-0.51,-0.35,0.01,20.6
28.68,7.54,79.5,19.4,486.71,-78.94,0.076,0.12,0.17,0.61,19.89
28.79,7.71,80.6,19.82,494.67,-78.4,0.016,-0.21,-1.37,-0.56,21.16
28.86,7.08,79.6,19.34,491.59,-78.41,0.004,1.25,-0.01,0.18,20.76
28.61,8.06,81.5,19.64,485.47,-77.43,0.025,0.14,-0.16,0.26,20.14
28.97,7.56,81.2,19.3,490.49,-81.43,0.034,-0.42,0.68,0.2,20.28
28.96,7.78,80.0,19.11,493.83,-82.12,0.01,1.12,-0.09,-0.48,20.74
28.67,7.37,80.2,19.49,472.82,-75.4,0.054,-0.57,0.27,-0.86,20.42
28.8,7.44,82.3,19.0,499.89,-79.33,0.0,0.05,-0.38,-0.47,19.64
29.01,7.66,81.3,19.57,486.87,-78.57,0.013,-0.38,0.73,0.05,20.37
28.97,7.3,80.8,19.32,486.65,-81.66,0.063,-0.42,0.3,-0.37,20.74
28.8,7.24,81.0,18.92,482.97,-78.61,0.034,0.2,0.42,-0.1,19.37
28.95,6.89,81.0,19.51,483.72,-78.19,0.008,0.57,0.01,-0.12,20.37
29.23,6.9,81.0,19.51,490.06,-82.76,0.018,0.4,-0.34,-0.17,20.0
28.9,6.69,80.3,18.6,498.62,-79.3,0.009,-0.49,0.24,0.08,20.86
28.83,6.7,81.0,19.42,527.49,-79.46,0.019,0.74,-0.27,-0.5,20.2
28.95,7.23,80.3,19.46,505.08,-84.04,0.055,0.29,-0.15,0.29,20.19
28.98,7.32,82.2,19.52,514.64,-80.16,0.002,-1.44,0.3,-0.5,20.78
28.91,6.33,81.6,18.88,519.52,-81.55,0.008,0.46,1.22,0.1,20.13
29.05,6.75,82.5,19.68,519.62,-80.01,0.001,0.7,0.13,-0.29,20.57
28.87,6.46,81.0,19.77,520.45,-79.79,0.143,0.09,-0.1,-0.33,20.7
28.97,6.9,83.4,19.31,512.32,-80.28,0.005,0.34,0.64,-0.03,20.57
29.16,6.45,83.5,19.2,541.95,-81.58,0.01,1.14,-0.3,-0.11,20.19
28.89,6.33,81.3,19.4,548.8,-81.9,0.058,-1.54,0.23,0.1,20.42
29.23,6.03,82.4,19.84,517.32,-81.08,0.021,0.35,1.08,0.16,20.79
28.91,5.72,82.7,19.43,527.43,-81.92,0.087,-0.55,0.25,-0.99,20.16
28.97,6.34,82.0,19.46,538.5,-83.89,0.027,0.69,0.73,0.19,21.03
29.15,6.14,83.2,20.73,535.4,-81.52,0.038,-0.18,-0.13,0.19,20.98
29.27,6.07,84.0,20.07,553.95,-82.22,0.029,0.23,-0.25,0.01,21.4
29.43,5.7,83.4,20.05,545.55,-82.36,0.04,-0.96,0.08,0.38,21.52
29.31,5.76,82.6,20.0,578.52,-82.76,0.009,0.48,-0.08,0.16,20.91
29.3,5.97,84.9,20.18,572.91,-82.65,0.012,-0.73,-0.03,-0.63,21.25
29.43,5.96,83.8,21.05,567.35,-83.47,0.028,-0.2,-0.42,0.78,21.19
29.29,5.24,84.1,20.8,579.8,-81.34,0.059,0.74,-0.29,0.22,21.46
29.44,5.33,86.3,21.44,584.97,-83.42,0.008,0.42,-0.23,-0.64,21.69
29.32,5.03,85.5,20.85,572.73,-82.78,0.094,-0.17,0.45,-0.29,22.35
29.5,5.44,84.7,20.48,574.74,-84.09,0.018,-0.88,0.39,-0.24,21.78
29.51,5.58,84.7,21.02,588.28,-84.81,0.004,-0.1,-0.21,0.21,22.5
29.46,5.16,86.6,21.23,600.77,-83.47,0.062,-0.31,-0.83,0.39,22.38
29.61,4.98,86.8,21.37,598.26,-82.41,0.079,-0.32,0.22,0.07,22.96
29.65,5.01,85.9,21.11,585.87,-82.0,0.052,-0.45,-0.33,0.25,22.39
29.8,5.74,85.6,22.02,598.43,-82.61,0.017,-0.23,-0.17,0.2,22.34
29.5,5.35,87.2,21.07,610.57,-85.22,0.086,-0.15,-0.61,-1.13,22.87
29.72,5.15,87.6,21.76,615.45,-83.85,0.012,1.16,0.3,-0.48,22.31
29.67,4.97,87.1,21.67,640.86,-84.18,0.003,-0.67,1.14,-1.21,23.16
29.9,4.81,86.7,21.63,612.23,-83.09,0.013,0.69,-0.51,-0.39,23.46
29.93,4.49,87.9,22.12,636.13,-83.53,0.014,0.74,-1.09,-0.12,23.83
29.93,4.39,88.5,22.61,650.97,-85.35,0.048,-1.37,-1.28,-0.65,23.7
29.82,4.49,88.0,22.45,663.8,-84.01,0.038,-0.49,0.79,-0.19,23.63
30.04,4.33,88.8,22.54,642.07,-83.79,0.029,-0.07,-1.0,0.19,24.62
29.79,4.39,89.1,21.88,656.05,-84.26,0.006,0.09,1.13,0.1,23.99
29.8,4.5,90.0,23.05,661.86,-84.92,0.048,-0.91,-0.62,-0.25,23.73
29.89,4.48,89.0,22.73,663.14,-85.96,0.001,-0.13,0.08,-0.54,24.3
30.07,4.27,88.7,23.21,665.2,-85.69,0.007,0.25,0.52,0.33,23.94
30.19,4.56,89.8,23.49,675.54,-81.94,0.024,-0.9,0.09,0.34,24.14
29.78,4.33,91.4,23.38,650.83,-87.06,0.019,-0.04,-0.09,0.63,24.89
30.33,4.42,88.9,22.76,687.92,-82.56,0.035,-0.55,-0.47,-0.38,24.43
30.22,4.1,88.7,24.11,687.28,-82.67,0.047,-0.13,0.34,-0.92,24.87
30.05,4.51,90.7,24.39,688.67,-87.53,0.06,-0.49,0.45,0.21,24.82
30.28,4.12,90.7,24.2,716.2,-86.6,0.1,-0.23,0.14,-0.95,25.5
30.43,4.74,91.1,23.81,693.78,-86.22,0.024,-0.24,-0.06,-0.02,25.33
30.4,4.17,91.3,24.64,701.24,-86.77,0.026,1.0,-0.09,-0.57,25.99
30.49,4.2,92.5,24.27,729.88,-86.84,0.025,1.26,-1.37,-0.08,26.12
30.23,4.39,91.9,24.49,706.27,-84.96,0.068,1.25,0.27,-0.72,25.58
30.37,4.45,92.8,25.08,713.66,-85.7,0.044,-1.39,0.59,-0.32,26.63
30.34,4.48,90.4,25.04,722.19,-85.34,0.021,0.38,-0.33,-0.38,26.35
30.68,4.73,92.2,24.14,736.49,-86.46,0.035,-0.17,0.57,0.07,26.09
30.58,4.4,92.1,25.19,734.51,-86.64,0.011,-0.64,-0.5,0.65,26.89
30.87,4.18,91.2,25.67,723.77,-87.49,0.005,0.87,0.6,0.17,27.6
30.5,4.05,93.3,24.93,735.56,-85.71,0.001,-0.08,-0.91,-0.22,26.98
30.49,4.18,93.3,25.89,738.9,-84.96,0.016,0.55,-0.29,0.55,26.55
30.58,4.67,93.2,25.11,748.2,-88.27,0.014,0.61,0.36,0.18,27.73
30.79,3.83,93.6,25.76,757.13,-85.42,0.043,0.4,-0.35,-1.21,28.15
30.6,4.02,94.0,26.17,760.85,-86.24,0.021,-0.2,-1.65,-0.3,27.23
30.68,4.22,94.9,26.03,742.6,-88.43,0.006,-0.19,0.6,-0.28,27.5
30.7,4.05,94.7,26.67,774.59,-88.9,0.003,0.06,-0.21,-0.2,27.97
30.71,4.21,94.6,25.9,769.94,-87.2,0.002,0.87,-0.13,-0.16,27.33
30.65,4.9,96.4,26.81,784.62,-87.59,0.001,0.62,0.42,-0.15,29.07
30.73,4.3,94.1,26.67,778.45,-85.29,0.002,-0.15,0.13,0.47,28.36
30.74,4.54,93.7,26.48,788.14,-87.47,0.042,-0.05,0.22,0.83,28.53
30.78,3.96,95.9,27.06,784.78,-87.72,0.045,1.07,-0.47,-0.02,28.79
30.91,4.16,96.6,27.01,796.44,-87.6,0.013,-0.74,1.19,0.01,28.67
31.02,4.81,94.7,27.67,790.93,-87.3,0.001,-1.12,0.35,0.63,28.69
30.72,5.08,96.4,27.47,787.32,-86.55,0.004,-0.52,0.84,-0.85,28.64
30.79,4.69,95.0,27.53,813.48,-85.38,0.021,1.27,-0.35,-0.47,28.67
30.75,4.58,95.9,27.26,801.97,-88.84,0.113,-0.72,-0.18,-0.08,29.42
30.88,4.87,96.1,27.65,801.0,-86.4,0.004,-0.56,-0.28,-0.1,29.91
30.8,3.99,95.1,27.51,784.53,-89.01,0.005,0.18,-0.43,0.31,29.85
30.9,4.89,97.2,27.79,786.3,-85.43,0.016,0.11,-0.46,-0.23,29.46
31.01,4.57,97.3,28.34,803.85,-89.33,0.029,0.7,0.64,0.1,29.6
30.58,5.18,95.0,27.9,803.98,-85.15,0.015,0.76,-0.25,0.84,30.42
30.95,4.34,96.0,27.58,797.82,-85.56,0.03,-0.25,0.32,0.37,29.54
30.84,4.87,96.6,28.35,806.67,-88.14,0.002,0.23,-0.68,1.24,29.28
30.95,5.11,94.4,28.54,822.28,-87.74,0.006,0.13,-0.47,-0.16,30.13
30.79,4.96,96.0,28.89,814.33,-89.77,0.002,-0.47,0.84,-0.06,30.45
31.04,5.14,94.7,28.72,796.8,-89.54,0.062,0.33,0.38,0.29,29.19
31.01,5.59,96.5,28.39,807.76,-87.32,0.048,0.08,-0.04,0.01,30.41
30.97,5.38,96.1,28.64,801.34,-86.55,0.009,0.2,-0.31,-0.1,29.86
30.99,5.18,95.7,28.75,805.88,-85.24,0.042,-0.37,-0.53,-0.31,29.81
30.8,5.81,94.7,28.82,805.82,-87.19,0.05,0.75,0.25,0.11,30.31
30.81,5.67,95.5,27.85,805.22,-86.92,0.057,-0.63,-0.94,-0.25,30.02
30.97,5.76,96.3,28.57,797.33,-88.56,0.017,-0.5,0.73,0.09,29.82
30.78,5.48,95.9,28.98,808.33,-86.85,0.104,1.22,0.85,-0.31,30.61
31.04,5.05,96.8,29.24,803.57,-86.43,0.067,-0.25,-0.1,0.31,30.58
30.82,5.62,96.7,28.67,779.29,-85.64,0.037,0.05,-0.03,-0.34,29.94
30.91,5.66,96.6,28.77,828.37,-86.53,0.001,-0.11,0.31,-0.29,30.09
31.09,5.86,95.2,28.86,817.83,-84.99,0.04,-0.69,0.16,-0.71,30.86
30.74,5.86,95.8,28.92,802.13,-86.31,0.03,-0.8,0.41,0.66,30.9
30.82,6.23,94.7,29.28,804.87,-86.47,0.087,-0.29,-0.44,-0.18,29.64
30.92,6.53,94.4,28.73,791.6,-85.0,0.018,-0.21,0.68,0.15,30.19
30.89,6.67,96.2,29.3,818.76,-84.92,0.027,-0.51,0.62,-0.85,30.67
30.72,6.67,94.2,29.5,819.12,-86.53,0.025,0.26,0.52,0.34,30.86
30.68,6.22,94.0,28.86,799.9,-83.27,0.001,0.55,-0.61,-1.16,30.85
30.7,6.58,95.0,28.84,806.61,-85.5,0.007,0.19,-0.76,0.79,30.91
30.88,7.11,94.6,29.03,796.03,-85.63,0.006,-0.25,0.08,-0.23,30.36
30.66,6.24,94.6,28.76,778.66,-86.19,0.013,0.61,0.46,0.05,30.69
30.68,7.19,96.4,28.91,785.53,-84.96,0.01,0.36,-0.25,-0.12,30.43
30.6,6.56,93.6,28.4,788.44,-84.23,0.012,0.92,-0.28,-0.0,30.33
30.71,7.02,94.7,29.18,779.92,-85.3,0.002,-0.38,1.2,-0.17,29.9
30.62,7.12,94.2,29.43,779.49,-85.02,0.005,-0.49,-0.05,0.2,30.58
30.46,7.12,94.7,28.57,777.84,-86.92,0.021,0.48,-0.34,1.22,29.75
30.44,7.8,93.1,28.18,774.9,-86.4,0.021,-0.01,-1.28,-0.07,29.89
30.29,7.11,93.4,29.03,773.06,-86.19,0.003,0.13,0.69,0.99,30.57
30.4,6.77,93.5,28.51,758.64,-84.56,0.028,1.39,0.92,0.53,30.16
30.57,7.44,92.1,28.37,758.66,-86.52,0.115,-0.59,-0.87,0.21,30.58
30.61,7.34,91.6,28.49,749.46,-87.72,0.015,0.25,-0.75,0.53,29.95
30.5,7.62,92.8,28.04,768.45,-86.69,0.005,0.11,1.28,0.95,29.78
30.46,7.77,93.7,28.57,733.88,-83.68,0.162,0.74,0.7,-0.95,30.38
30.34,7.55,92.1,27.88,762.62,-81.85,0.022,-1.25,-0.76,-0.09,29.67
30.42,7.75,92.0,27.83,761.0,-82.82,0.008,-0.26,0.2,0.83,29.85
30.33,7.71,92.9,27.74,740.08,-85.74,0.063,0.35,0.19,-0.09,29.58
30.48,8.26,91.6,28.13,712.93,-85.28,0.004,0.03,-0.64,-0.18,29.59
30.22,7.66,92.2,27.35,731.13,-84.82,0.006,0.08,0.72,-0.24,29.35
30.37,7.61,93.4,28.62,729.8,-86.07,0.042,-0.41,0.72,-0.12,29.68
30.28,8.12,90.6,27.66,715.95,-83.93,0.073,0.36,-0.8,-0.26,29.24
30.23,7.62,90.7,26.95,716.44,-82.81,0.017,0.72,0.31,0.05,28.96
29.87,8.05,90.9,27.21,732.37,-84.84,0.002,1.01,-0.4,-0.72,29.08
30.18,7.92,91.6,27.69,719.12,-85.03,0.029,0.07,-0.17,-0.13,28.24
30.02,7.98,90.0,27.84,698.57,-81.94,0.043,-0.02,-0.21,-0.07,29.13
29.95,8.77,90.5,27.31,687.12,-84.33,0.022,0.16,-0.2,-0.89,28.0
29.79,8.44,89.9,27.16,695.06,-84.02,0.015,-0.49,0.73,-0.1,28.2
29.94,8.4,89.3,26.47,691.38,-86.3,0.034,-0.18,0.55,0.38,28.15
29.91,8.27,88.8,27.41,693.62,-81.19,0.019,-0.52,0.64,-0.2,28.29
29.71,7.93,88.4,26.95,678.41,-80.46,0.046,0.24,0.25,-0.36,28.7
29.66,8.23,91.1,26.74,683.95,-82.78,0.0,-0.42,-0.17,-0.02,28.32
29.86,8.34,87.2,26.51,693.22,-82.26,0.028,0.05,0.75,0.49,27.17
29.87,8.24,87.0,26.55,677.05,-81.3,0.056,0.05,0.64,0.17,27.26
29.75,8.22,88.1,25.95,663.41,-80.89,0.034,-0.11,-1.04,0.45,26.9
29.83,8.08,87.8,26.42,657.04,-81.86,0.025,0.94,0.62,-0.17,26.79
29.65,8.28,87.7,26.24,650.29,-82.49,0.008,0.52,-0.01,0.01,26.92
29.62,8.04,86.4,25.78,660.63,-81.71,0.024,0.36,0.05,0.29,27.52
29.48,8.41,86.1,25.57,637.53,-81.91,0.051,0.54,-0.47,0.07,26.74
29.37,7.59,86.4,24.77,639.23,-80.84,0.059,-0.32,-0.47,-0.62,26.64
29.75,8.59,87.1,24.77,634.29,-82.68,0.03,-0.45,0.77,-0.26,26.62
29.63,7.78,85.3,25.42,623.76,-79.17,0.125,0.35,-0.78,-0.82,25.99
29.29,7.84,86.0,25.4,610.09,-77.82,0.004,-0.53,0.26,0.16,26.17
29.45,8.27,85.3,25.31,622.1,-81.73,0.035,-0.39,-0.44,0.39,26.14
29.38,8.29,84.2,24.32,613.34,-81.68,0.001,-0.09,0.53,0.37,26.86
29.33,8.73,84.2,25.44,614.07,-81.65,0.058,-1.74,-0.86,-0.27,26.08
29.28,8.17,85.7,24.84,598.9,-80.95,0.045,-0.45,-0.59,-0.43,26.21
29.35,8.04,84.2,24.14,611.65,-77.49,0.051,0.5,-0.22,0.1,25.4
29.37,8.08,85.5,24.24,585.93,-80.83,0.013,0.08,0.47,-0.08,25.44
29.29,8.47,84.2,23.44,607.13,-79.64,0.007,0.36,-0.52,0.77,25.17
29.2,8.68,83.0,23.67,567.9,-80.41,0.007,0.43,0.25,-0.55,24.18
29.16,7.86,84.2,23.92,585.16,-82.65,0.072,-0.54,0.66,-0.07,23.75
29.27,8.04,83.0,23.61,581.07,-80.28,0.022,-1.22,0.09,-0.49,24.13
29.18,7.81,83.1,24.05,563.93,-79.39,0.006,0.05,-0.1,-0.34,24.91
29.11,7.76,84.1,22.77,571.79,-76.91,0.002,-0.16,0.4,0.35,24.1
29.07,8.31,82.0,23.1,576.07,-81.69,0.016,-0.38,-0.48,0.08,24.41
29.09,7.42,82.5,22.59,536.93,-77.53,0.004,-0.35,-0.44,-0.24,24.46
28.97,6.95,81.8,23.38,560.03,-78.48,0.013,0.65,-0.77,0.97,23.27
29.1,7.69,81.5,22.8,526.07,-78.85,0.004,-0.51,0.95,-0.09,24.22
28.85,7.9,81.9,22.56,537.45,-80.15,0.023,0.29,0.35,0.23,23.02
28.9,7.55,81.4,22.37,559.6,-76.63,0.002,0.43,-0.81,-0.78,23.25
29.0,7.57,81.7,21.97,533.8,-77.86,0.002,0.64,-0.38,-0.38,22.75
28.77,7.59,82.3,22.56,524.29,-78.31,0.051,-0.79,0.12,-0.37,23.13
28.7,7.33,81.0,22.07,530.58,-78.29,0.003,-0.15,-0.02,1.0,22.83
28.88,7.4,80.3,21.96,549.88,-76.63,0.104,1.5,0.25,-0.52,23.08
28.65,7.33,81.8,21.95,507.65,-79.21,0.026,1.6,-0.35,0.29,23.02
28.68,6.52,80.6,21.31,512.34,-75.68,0.01,1.19,0.64,0.27,23.12
28.91,7.07,82.5,22.19,534.84,-74.43,0.01,0.43,-0.62,0.61,22.65
28.78,6.49,80.6,21.92,535.58,-78.08,0.033,0.18,0.78,-0.23,22.55
28.94,6.88,80.7,21.23,513.24,-75.58,0.06,-0.46,0.02,0.47,21.92
28.63,6.68,78.9,21.02,499.29,-78.31,0.022,-1.01,-0.85,-0.59,21.91
28.75,7.06,79.7,21.24,530.18,-79.04,0.043,0.56,0.04,0.08,21.99
28.8,6.75,78.7,21.3,522.85,-78.12,0.082,-0.25,-0.51,0.65,21.25
28.6,6.75,80.7,21.41,511.52,-76.55,0.028,-0.86,0.34,-0.48,22.08
28.86,6.48,80.3,20.92,494.57,-77.44,0.016,0.29,0.84,-0.03,21.47
28.79,6.77,80.8,20.64,500.31,-76.4,0.004,1.77,-1.04,0.57,21.5
28.53,5.9,80.9,20.54,497.46,-76.53,0.035,0.28,0.37,-0.29,20.72
28.71,6.04,80.9,19.74,500.78,-77.49,0.057,-0.26,-0.03,0.47,21.08
28.75,6.62,79.9,20.16,510.54,-78.62,0.001,0.4,-0.5,0.22,21.48
28.63,6.03,80.2,20.35,503.53,-76.76,0.031,-0.41,0.62,-0.36,21.22
28.52,5.44,80.5,19.35,482.82,-78.71,0.002,-0.26,0.13,-0.31,21.3
28.73,6.44,79.4,20.12,506.38,-76.48,0.086,0.28,0.18,-1.06,20.76
28.97,6.25,79.3,19.7,494.92,-76.02,0.016,-0.95,0.44,0.04,20.87
28.65,6.07,81.2,20.47,497.99,-79.96,0.006,0.17,0.25,-0.07,20.71
28.89,5.81,78.6,19.75,505.27,-74.51,0.007,-0.09,1.47,0.66,20.95
28.61,6.21,80.4,19.7,479.13,-76.87,0.003,-0.06,0.85,-0.1,20.73
28.73,6.01,80.3,19.68,489.69,-75.55,0.032,-0.34,-1.06,-0.22,20.42
28.81,6.03,79.1,19.68,484.69,-77.25,0.063,0.92,0.75,-0.21,19.5
28.72,5.7,79.5,19.91,474.44,-76.84,0.014,-0.63,-0.14,-0.46,20.54
28.69,5.46,79.8,19.47,493.86,-73.78,0.023,-0.25,-0.37,0.68,19.77
28.82,5.24,80.3,19.56,515.94,-78.19,0.009,0.22,-0.71,0.84,20.68
28.97,4.91,80.5,19.79,473.01,-76.89,0.045,0.9,0.88,-0.38,20.71
28.79,5.37,80.3,19.49,491.84,-76.02,0.031,-0.75,-0.75,-0.3,19.43
28.7,5.33,80.5,19.69,499.47,-79.78,0.19,0.28,0.03,-0.23,20.45
28.75,4.99,81.0,19.28,495.35,-77.45,0.057,-0.15,0.67,-0.32,20.42
29.09,5.21,81.0,19.54,494.2,-74.82,0.005,1.33,0.16,0.19,20.45
28.82,4.87,81.8,19.87,483.7,-77.95,0.056,0.39,-0.5,0.34,19.81
28.75,5.17,81.5,19.61,500.53,-75.78,0.002,-0.14,-0.15,-0.84,20.49
28.7,4.59,80.8,18.75,492.3,-75.5,0.005,-0.78,-0.25,0.94,19.8
28.63,4.48,81.4,19.6,479.78,-75.25,0.015,0.0,-0.38,0.17,20.59
28.92,4.67,81.4,19.01,515.58,-77.59,0.006,-0.07,0.61,-0.48,20.51
28.97,4.94,81.3,19.1,515.32,-75.77,0.01,-1.47,-0.61,-0.48,20.22
28.86,4.3,80.6,19.61,508.5,-77.78,0.037,-0.06,0.14,-0.34,20.55
28.93,4.92,81.6,19.12,512.66,-76.47,0.025,0.89,0.56,0.08,20.04
28.81,4.06,79.9,19.1,523.64,-74.74,0.015,0.34,-0.66,1.25,20.23
28.99,4.44,82.6,19.52,517.8,-77.34,0.031,-0.03,-0.07,0.8,20.96
29.06,4.05,82.2,19.34,527.38,-75.28,0.0,-0.05,-0.18,0.07,20.99
28.96,3.66,81.9,19.02,518.29,-76.22,0.063,-0.28,0.42,0.04,20.15
29.25,4.51,81.9,19.83,537.43,-75.0,0.015,-0.41,-0.84,-0.53,20.4
28.97,4.32,82.9,20.03,530.69,-79.12,0.02,0.24,0.95,-0.02,20.49
29.13,3.92,84.1,20.06,532.72,-74.44,0.004,-0.28,0.42,0.19,20.8
29.23,4.16,83.1,19.49,521.49,-78.94,0.042,0.12,-0.86,-0.34,20.79
29.14,4.42,84.5,20.01,540.58,-78.12,0.159,0.43,-0.38,-0.62,21.44
29.16,4.16,83.8,19.76,533.03,-74.61,0.044,-0.98,0.37,0.19,21.61
29.04,4.19,82.7,19.56,538.71,-76.49,0.005,-0.87,0.66,-0.16,21.8
29.4,4.12,84.0,19.81,540.79,-77.09,0.08,-0.44,-0.46,0.07,22.03
29.25,4.05,84.1,19.17,542.22,-75.07,0.026,-0.26,-0.38,0.55,20.63
29.37,4.03,83.4,19.87,578.18,-76.73,0.06,-0.52,0.34,-0.23,21.28
29.41,4.02,83.9,19.81,574.38,-78.09,0.016,-0.48,-0.3,-0.97,21.18
29.29,3.98,84.1,20.49,584.49,-74.79,0.01,-0.51,-0.45,0.19,21.21
29.37,3.89,84.8,20.61,557.36,-76.34,0.001,-0.44,0.43,0.59,22.24
29.59,4.09,84.7,20.02,574.69,-78.72,0.089,0.38,0.14,-0.24,21.96
29.33,4.01,85.4,21.0,565.5,-78.03,0.005,-0.33,1.55,0.15,21.27
29.75,3.89,85.7,20.6,576.01,-78.46,0.046,0.55,-0.7,-0.67,23.06
29.44,4.45,86.6,20.55,578.38,-78.81,0.01,0.68,-0.97,-1.06,21.42
29.42,4.6,86.3,20.41,604.62,-77.31,0.025,0.32,-0.45,0.42,22.13
29.61,4.25,85.6,20.87,592.97,-77.31,0.052,-0.86,0.94,-0.58,22.44
29.89,4.29,88.0,21.22,612.39,-76.65,0.013,-0.47,0.23,-0.33,22.08
29.43,4.08,86.0,21.74,612.56,-76.53,0.017,0.41,0.26,0.1,22.89
29.68,4.63,86.5,21.48,634.41,-76.2,0.005,0.98,0.34,0.2,22.56
29.79,4.86,87.6,21.53,601.48,-76.03,0.016,-1.11,-0.49,-0.05,23.28
29.77,4.32,89.7,21.97,633.8,-76.93,0.052,0.51,0.22,0.42,23.25
29.85,4.24,87.9,21.95,637.63,-77.22,0.064,-0.55,0.25,-0.82,22.24
29.75,4.53,87.3,21.51,621.41,-76.41,0.03,-1.03,0.63,0.01,22.77
29.8,4.51,86.8,22.02,646.21,-77.35,0.019,0.42,0.01,0.0,23.88
29.89,4.36,87.0,22.11,644.52,-79.5,0.007,-0.82,-0.42,0.34,23.85
29.8,4.69,88.6,22.39,643.91,-80.27,0.018,-0.84,-0.26,-0.39,23.43
29.97,4.87,89.3,22.42,642.97,-79.83,0.049,1.48,0.44,0.12,23.73
29.96,4.4,88.0,22.45,649.04,-77.93,0.011,-1.01,-0.98,0.24,24.12
29.98,5.45,89.5,23.39,681.75,-78.98,0.048,-0.72,-0.17,0.43,23.51
30.11,4.28,88.6,23.0,666.27,-78.3,0.0,-0.04,0.9,0.98,25.38
29.89,4.53,89.1,23.33,679.07,-79.15,0.013,-0.43,-0.09,-0.48,24.24
30.11,4.91,90.6,23.27,668.31,-80.26,0.139,0.18,1.04,-0.19,24.81
30.45,5.57,89.7,23.75,673.37,-82.89,0.073,0.28,0.74,-0.99,25.63
30.08,4.79,91.6,23.58,696.9,-80.96,0.031,-0.61,0.33,-0.96,25.05
30.39,4.7,90.3,24.1,677.46,-76.63,0.02,1.28,0.06,0.23,25.42
30.28,5.25,91.9,22.91,691.65,-77.93,0.037,-0.94,0.77,0.17,25.07
30.23,5.07,93.1,24.1,700.93,-80.63,0.119,-0.18,-0.04,0.73,25.39
30.17,5.41,90.9,24.31,706.45,-80.44,0.001,-0.09,-0.77,0.79,25.41
30.38,5.25,93.7,24.47,708.23,-80.52,0.01,0.02,0.31,-0.74,26.45
30.56,5.08,92.0,24.14,718.61,-78.26,0.16,0.43,0.11,-0.34,25.83
30.37,6.12,91.7,24.41,726.15,-78.67,0.028,0.44,0.36,0.26,25.97
30.44,4.59,92.1,24.45,731.06,-78.72,0.039,-0.04,0.51,0.43,26.08
30.6,6.1,92.3,25.14,718.28,-81.82,0.042,0.65,0.37,-0.52,26.74
30.54,5.9,93.9,25.43,729.65,-77.76,0.015,-0.85,-0.18,-0.67,26.98
30.34,5.47,94.0,24.69,748.7,-81.01,0.085,0.12,-0.57,-0.03,26.1
30.57,6.33,94.2,25.48,749.88,-79.45,0.005,0.55,-0.01,-0.65,27.09
30.76,5.43,92.3,25.25,731.3,-80.41,0.05,-0.0,-0.81,0.14,27.33
30.6,6.22,93.7,26.31,752.54,-83.55,0.024,-0.17,-0.98,0.12,27.93
30.3,5.37,92.5,26.04,733.14,-81.89,0.01,-0.06,-0.61,-0.24,27.03
30.69,5.72,94.7,25.86,757.19,-81.32,0.02,0.12,-0.2,-0.78,27.22
30.65,5.8,93.7,26.07,779.39,-82.63,0.023,0.12,1.0,-0.05,28.07
30.47,5.99,94.6,26.71,754.51,-83.75,0.014,0.46,0.69,0.45,27.94
30.51,6.3,94.0,26.41,759.12,-82.36,0.011,0.44,-0.16,-0.16,28.66
30.85,6.12,93.1,25.9,778.46,-79.85,0.018,-0.14,0.28,-0.3,28.68
30.66,5.83,95.4,27.19,758.63,-81.12,0.054,0.13,-0.6,-0.62,28.49
30.66,6.66,95.6,27.07,770.84,-82.92,0.037,-0.23,0.23,-0.01,28.49
30.78,6.61,95.1,26.72,786.12,-81.89,0.003,-1.03,0.36,-0.65,28.58
30.72,6.79,93.4,27.24,776.67,-84.4,0.044,0.8,-0.99,0.55,28.76
30.82,6.79,95.8,26.94,783.38,-82.53,0.079,0.95,0.3,-0.03,28.93
30.8,7.1,94.7,27.05,795.78,-85.55,0.095,0.13,0.22,-0.04,29.59
30.69,6.86,95.8,27.34,795.01,-84.55,0.016,-0.21,-0.65,-0.13,28.33
30.78,7.26,95.1,27.71,795.78,-81.71,0.075,-0.33,1.01,-0.37,29.09
30.91,6.79,95.3,27.77,791.9,-83.94,0.006,0.86,0.34,0.23,29.45
30.87,6.88,96.0,28.04,801.02,-83.87,0.015,-0.44,-0.29,0.14,29.23
30.86,7.57,95.1,27.98,797.97,-83.47,0.021,-0.47,0.01,1.01,29.46
31.11,7.63,95.6,28.42,805.53,-81.13,0.006,-1.32,-0.41,0.14,29.5
30.97,7.46,96.2,28.61,797.57,-89.09,0.035,0.38,-0.53,0.88,30.29
30.99,7.08,97.6,28.2,802.16,-85.1,0.016,0.92,-0.3,-0.5,29.69
30.88,7.12,95.9,28.06,795.37,-80.27,0.004,0.3,1.13,-0.21,29.66
30.92,7.87,96.6,28.2,806.06,-82.23,0.022,-0.32,-0.8,0.35,30.34
30.85,7.91,95.0,27.67,799.28,-83.31,0.01,-1.12,-0.1,0.79,29.9
30.99,7.56,97.3,28.42,797.08,-83.83,0.085,0.28,-0.52,-0.24,30.12
30.89,8.34,95.4,28.27,811.47,-84.71,0.052,0.19,-0.12,-0.47,29.81
30.92,7.83,95.9,28.3,811.53,-86.52,0.051,-0.38,0.54,0.76,30.15
30.91,7.4,96.4,28.6,817.59,-85.21,0.031,-0.08,0.2,0.79,30.36
30.89,7.7,95.4,27.93,805.64,-84.87,0.003,0.39,0.16,-0.89,29.92
31.24,7.83,96.8,28.66,814.08,-83.09,0.018,0.46,-0.14,0.47,30.44
30.8,7.9,95.4,28.84,815.39,-84.39,0.031,0.37,-0.07,0.08,30.73
30.79,8.29,96.5,28.28,814.05,-84.93,0.007,0.8,0.32,-0.35,29.77
30.95,7.66,96.7,29.33,800.91,-86.11,0.015,0.15,0.21,-0.16,30.34
30.78,7.59,96.2,29.04,810.07,-85.94,0.02,0.4,0.53,-0.36,31.65
30.81,8.2,96.3,29.37,811.48,-87.95,0.054,-0.22,0.18,-0.06,30.57
30.7,7.9,97.7,29.1,807.0,-85.09,0.014,-0.59,-0.25,0.48,31.13
30.88,8.8,95.9,29.09,785.01,-87.39,0.013,0.31,0.77,0.63,30.68
30.87,8.38,95.6,29.51,806.27,-86.15,0.039,0.26,-1.4,0.9,30.56
30.76,7.96,95.7,29.45,825.43,-84.18,0.012,-0.31,0.05,-0.13,31.07
30.87,8.51,96.3,29.68,798.19,-85.41,0.003,0.59,1.28,0.31,31.18
30.54,8.38,97.1,28.96,792.84,-85.39,0.046,-0.14,0.16,0.11,30.34
30.66,8.36,94.9,28.72,802.04,-84.13,0.014,-1.17,0.55,0.07,30.24
30.71,8.15,94.2,28.58,799.47,-85.03,0.13,0.09,-1.0,0.52,30.12
30.57,8.32,95.8,28.64,806.17,-86.33,0.021,-0.82,0.86,0.48,30.29
30.48,7.57,93.6,29.2,779.42,-89.2,0.002,-1.89,1.11,0.06,31.07
30.63,8.59,94.8,29.89,796.93,-86.9,0.043,-0.15,0.32,-0.23,30.6
30.73,7.17,94.7,29.44,792.99,-86.47,0.014,0.38,0.07,0.05,31.02
30.78,8.06,94.2,28.82,783.01,-86.4,0.004,-0.25,-0.48,-0.25,30.09
30.54,7.71,94.1,29.11,785.02,-88.9,0.024,0.07,0.05,0.06,30.06
30.67,8.03,92.6,28.61,789.01,-86.25,0.009,-0.21,0.15,-0.19,30.25
30.63,8.15,93.1,28.59,784.39,-85.48,0.084,-0.19,-0.28,0.74,30.47
30.67,7.8,94.3,28.35,761.06,-87.2,0.036,-1.0,0.2,0.26,30.24
30.46,7.31,91.8,28.32,777.4,-86.02,0.016,-1.43,0.5,0.39,30.51
30.26,8.18,93.1,28.79,765.14,-87.74,0.044,0.09,0.35,-0.26,30.32
30.45,8.72,92.8,29.06,762.99,-86.42,0.019,-0.35,-0.19,0.17,30.28
30.3,7.97,91.2,28.83,759.36,-84.01,0.076,-0.83,0.19,0.08,30.27
30.3,8.33,94.0,28.91,753.38,-87.48,0.037,-0.17,-0.32,-0.01,30.36
30.32,8.46,91.6,28.6,762.95,-88.62,0.116,-0.82,0.82,-0.56,28.84
30.29,7.41,92.6,28.23,746.25,-85.81,0.012,-0.07,-0.17,0.89,29.73
30.32,7.81,91.6,27.98,731.85,-87.36,0.053,-1.62,0.37,0.46,29.98
30.35,7.52,91.1,28.28,734.98,-88.15,0.01,0.73,-0.88,0.26,30.55
30.19,7.62,91.3,27.4,736.47,-88.12,0.012,0.59,-0.29,-0.19,29.39
30.25,8.33,91.0,27.68,742.67,-86.65,0.008,-0.57,-0.74,0.49,28.45
30.17,7.84,90.9,27.51,732.03,-86.96,0.055,0.25,0.15,0.49,29.78
30.25,7.97,90.2,28.12,713.03,-85.11,0.069,-0.38,-0.36,-0.32,28.61
30.08,7.67,89.8,27.1,741.86,-86.41,0.007,1.35,0.54,-0.14,29.16
30.06,7.26,91.2,27.8,715.06,-85.6,0.06,-0.91,0.74,-0.34,29.07
29.99,7.78,90.1,27.5,720.5,-87.01,0.1,0.67,0.42,-0.05,28.78
29.99,7.89,89.8,27.39,701.52,-86.3,0.023,0.55,-0.53,-0.54,27.74
29.88,7.56,88.9,26.97,703.6,-87.1,0.008,-0.7,0.13,-0.27,28.32
29.83,7.55,90.7,26.5,701.84,-84.3,0.08,0.66,-0.58,-0.73,27.7
30.0,6.97,89.1,27.06,700.77,-86.3,0.077,-0.27,-0.66,-0.03,28.37
29.74,7.49,87.4,27.07,694.27,-89.16,0.004,-0.48,-0.61,0.19,27.69
29.8,7.62,88.9,26.8,687.49,-87.25,0.095,0.16,-0.15,-0.43,27.06
29.92,7.27,87.8,26.45,670.65,-86.59,0.011,-0.14,-0.27,0.09,28.04
29.72,6.54,88.9,25.97,663.11,-86.93,0.018,0.07,-0.29,-0.67,27.1
29.83,7.5,88.7,26.01,667.15,-85.63,0.024,-0.42,-0.07,-0.52,27.51
29.62,6.66,88.4,26.25,668.14,-87.56,0.012,0.0,1.0,0.28,27.01
29.54,6.99,87.0,25.68,651.56,-86.76,0.002,0.61,0.81,-0.09,27.5
29.44,7.09,87.0,25.47,659.41,-85.38,0.038,-0.63,0.66,0.61,27.33
29.75,7.05,87.1,25.16,658.26,-88.8,0.044,0.2,-0.31,-0.02,26.94
29.42,6.11,87.4,25.71,629.55,-88.09,0.023,-0.39,-0.53,0.06,26.64
29.62,6.62,85.6,25.56,625.34,-83.71,0.017,-0.41,0.71,0.21,26.35
29.37,6.52,86.2,25.64,627.31,-87.09,0.039,1.45,-0.69,0.06,25.88
29.62,6.86,87.4,24.33,626.82,-85.21,0.156,0.92,-0.3,0.01,25.97
29.69,6.49,85.2,25.35,613.55,-84.79,0.081,-0.37,0.43,-0.17,26.23
29.19,6.72,85.4,25.18,627.41,-88.28,0.025,-0.34,-0.21,-1.09,26.66
29.23,6.37,87.3,25.06,613.25,-87.56,0.051,-0.49,0.6,-0.03,25.94
29.42,6.11,84.8,24.53,604.56,-86.19,0.007,0.49,-0.45,-0.5,25.84
29.36,6.11,83.5,24.41,585.02,-87.14,0.014,-0.81,-0.26,0.14,25.34
29.36,6.44,84.5,24.26,581.48,-85.45,0.097,0.23,-0.99,0.48,25.43
29.17,5.52,85.6,23.71,592.76,-85.18,0.024,1.43,0.2,-0.78,24.2
29.45,6.1,84.9,23.58,563.99,-85.58,0.023,0.11,-1.53,0.45,24.61
29.2,5.57,83.1,23.81,590.88,-85.88,0.008,0.62,-0.71,0.04,25.02
29.01,5.43,84.0,23.5,574.67,-84.85,0.02,0.54,0.39,-0.23,24.86
29.09,5.92,83.3,23.68,604.26,-83.84,0.006,-0.28,0.39,0.3,24.2
28.95,5.28,83.9,23.16,590.56,-83.58,0.04,-0.83,-0.19,-0.09,23.73
29.26,5.58,82.5,22.62,561.4,-85.03,0.062,0.61,-0.38,-0.2,24.07
28.97,5.25,83.2,22.49,557.98,-86.66,0.045,0.61,-0.52,-0.76,23.77
29.08,4.62,84.2,22.58,564.9,-85.5,0.004,1.16,-0.51,-0.09,24.16
28.94,5.41,80.4,22.96,567.98,-84.12,0.025,0.01,0.41,0.35,23.91
28.9,5.24,82.7,22.38,530.67,-83.38,0.014,-0.61,-1.07,-0.36,24.1
28.72,4.56,83.1,22.52,525.39,-83.33,0.012,0.07,0.24,0.18,23.77
29.0,4.86,80.7,21.69,533.35,-85.08,0.048,-0.44,0.71,-0.66,23.07
29.07,4.47,81.2,22.2,541.81,-84.37,0.02,0.51,-0.21,-0.47,23.18
28.78,5.17,81.3,22.02,537.48,-83.81,0.057,0.45,0.46,-0.38,23.71
28.69,5.31,80.9,22.29,539.86,-82.28,0.016,0.39,0.16,-0.81,22.6
28.95,5.09,80.7,21.8,513.93,-85.49,0.024,-0.4,0.69,-0.09,22.69
28.64,5.08,80.9,21.88,499.65,-83.55,0.012,-0.1,1.32,0.34,22.48
28.97,4.57,81.7,22.17,528.41,-84.89,0.015,-0.99,0.6,0.28,22.36
28.7,4.84,82.1,21.38,508.69,-82.24,0.035,-0.57,-1.39,-0.04,21.87
28.66,4.63,81.9,21.78,494.06,-83.92,0.01,-0.39,-1.12,-0.12,22.62
28.81,4.64,81.5,21.17,513.1,-83.39,0.18,-0.68,-0.0,-0.4,21.61
28.64,4.83,82.1,20.83,517.12,-84.88,0.051,-0.3,-0.88,0.99,22.6
28.67,4.85,82.1,20.86,505.65,-84.13,0.004,0.11,0.19,-0.27,22.4
28.79,4.35,80.6,20.62,500.12,-80.39,0.008,-0.68,-0.09,0.05,21.73
28.44,4.0,81.5,20.53,501.07,-82.31,0.033,-0.62,0.89,-0.01,21.53
28.92,4.34,80.6,20.39,497.07,-82.82,0.006,0.12,0.41,-0.41,21.11
28.72,4.3,80.1,20.38,485.56,-80.91,0.0,-0.09,-0.51,-0.46,21.35
28.56,4.42,80.1,20.65,490.3,-80.57,0.031,0.24,0.4,0.7,21.66
28.59,4.56,80.9,19.71,501.22,-82.76,0.008,0.56,0.26,0.68,20.86
28.82,3.71,81.3,20.32,497.94,-83.71,0.006,0.37,-0.01,0.12,21.64
28.77,4.06,80.5,20.18,495.27,-82.66,0.034,0.54,-0.32,-0.33,21.38
28.87,3.96,79.7,20.54,482.65,-82.83,0.016,0.32,0.47,0.28,20.85
28.62,4.61,79.6,19.86,489.96,-82.0,0.085,-1.86,-0.07,-0.01,21.13
28.74,4.16,78.5,20.31,469.34,-81.61,0.009,-0.52,0.48,-0.48,20.38
28.75,4.06,80.3,19.55,492.38,-78.1,0.008,-0.86,-0.12,0.22,20.64
28.79,4.37,80.2,19.63,504.53,-83.3,0.025,-0.04,-0.17,1.08,21.51
28.84,4.02,79.2,19.88,475.3,-83.57,0.02,-0.23,0.98,-0.44,21.05
28.63,4.2,80.4,19.89,484.15,-82.35,0.003,0.52,0.6,0.33,20.72
28.71,4.75,80.4,19.54,493.41,-85.88,0.028,-1.03,0.26,0.3,20.5
28.65,4.74,78.9,19.66,502.93,-84.03,0.04,-0.83,0.78,0.84,20.41
28.73,4.09,79.9,19.49,486.35,-83.04,0.007,-0.33,-0.2,-0.8,20.39
28.83,4.17,81.3,19.79,484.5,-79.21,0.009,0.3,1.19,-0.42,20.06
28.56,4.05,79.8,19.43,472.48,-82.8,0.002,-0.23,0.68,-0.08,20.61
28.9,3.68,80.4,19.38,494.11,-83.19,0.006,0.38,-1.02,0.64,20.75
28.64,4.59,80.6,19.78,514.55,-81.77,0.015,-0.11,-0.27,-0.46,20.21
28.75,5.02,80.5,19.49,498.12,-79.77,0.033,0.01,-0.44,-0.36,20.49
28.95,4.19,81.2,19.64,496.49,-81.0,0.021,0.12,-0.09,-0.08,20.01
28.86,4.1,81.5,20.28,501.45,-80.61,0.006,-1.31,0.7,-0.53,20.27
28.88,4.3,81.8,18.71,499.78,-80.83,0.004,0.3,-0.5,-0.11,19.97
28.71,4.44,80.7,19.04,493.57,-81.82,0.021,-0.18,0.05,-0.24,20.23
28.75,4.1,81.5,19.09,511.9,-81.09,0.094,0.35,0.94,-0.58,20.38
29.0,4.34,81.8,19.12,508.03,-80.8,0.011,1.05,-0.45,0.26,20.6
28.84,4.83,81.2,19.94,508.19,-78.49,0.005,0.77,-0.57,0.59,20.14
28.87,4.6,80.9,18.53,500.65,-81.0,0.053,-0.06,-0.2,0.01,20.61
29.07,4.99,81.7,19.66,525.96,-77.66,0.01,0.38,-1.34,-1.1,20.07
28.85,4.76,81.3,18.98,522.24,-78.04,0.003,-0.46,-0.63,0.19,20.62
29.03,4.38,81.3,19.56,512.85,-81.29,0.14,-0.82,-0.57,-0.57,21.42
29.03,4.58,82.2,19.69,531.32,-78.24,0.007,-0.61,-1.34,-0.34,20.44
29.05,4.88,82.1,19.96,519.38,-78.62,0.013,0.45,-0.18,0.13,20.11
29.01,4.53,82.6,19.6,519.71,-76.54,0.006,-0.37,0.05,0.1,21.07
29.03,4.54,81.4,19.68,523.23,-79.69,0.091,-0.0,-0.31,-0.17,20.89
29.0,4.62,82.7,19.08,516.52,-77.37,0.034,-0.04,-0.03,-0.66,21.03
29.21,5.19,81.2,20.66,542.48,-77.05,0.04,1.48,-0.91,-0.95,21.43
29.1,4.99,82.3,20.04,523.09,-80.75,0.003,-0.91,1.21,0.24,20.72
29.33,5.52,83.3,20.16,532.86,-76.06,0.033,-0.11,-0.17,0.12,20.81
29.21,4.96,84.6,20.45,528.24,-79.02,0.022,0.33,0.48,0.66,21.39
29.14,4.56,84.2,20.13,552.08,-77.11,0.019,0.17,0.62,-0.29,21.68
29.27,5.33,84.1,20.39,555.48,-78.04,0.021,-0.19,-0.25,-0.23,21.46
29.28,5.93,83.9,20.58,557.85,-77.9,0.03,-0.34,-0.09,-0.72,21.43
29.49,5.52,84.3,19.9,554.91,-78.72,0.003,0.59,0.53,-0.09,21.7
29.35,5.16,85.7,20.7,557.92,-78.31,0.027,-0.69,-0.35,0.27,21.97
29.4,5.16,84.0,21.34,578.68,-76.65,0.02,0.11,1.07,-0.12,21.21
29.63,6.08,84.6,21.32,572.99,-75.11,0.014,-0.49,-0.35,0.06,21.51
29.56,5.55,86.2,21.35,586.19,-78.98,0.024,-0.44,0.91,0.69,21.99
29.73,6.33,85.4,21.6,578.77,-77.87,0.014,-0.31,0.62,-0.04,22.42
29.71,6.14,87.4,20.6,594.09,-76.6,0.004,-0.1,0.34,0.35,23.14
29.49,5.79,86.7,20.97,610.03,-76.6,0.002,-0.27,0.23,-0.19,22.36
29.75,6.44,87.3,20.95,607.63,-76.09,0.004,0.06,0.54,-0.05,22.64
29.85,5.89,85.3,22.62,602.46,-75.02,0.032,0.39,0.02,-0.24,22.41
29.88,5.81,87.7,21.6,614.01,-79.27,0.041,0.29,-0.41,0.81,23.07
29.85,6.06,86.4,21.15,613.93,-77.49,0.033,0.05,-0.99,0.62,22.51
29.88,6.63,87.9,21.39,621.35,-75.0,0.0,0.01,-0.32,0.05,23.09
29.76,6.81,87.3,21.94,622.97,-76.78,0.023,0.08,0.47,0.25,22.86
29.74,6.43,88.0,21.56,629.57,-78.18,0.0,0.01,-0.3,0.51,22.55
29.83,6.06,87.2,22.83,638.33,-78.3,0.002,0.15,-1.21,0.85,24.62
29.7,6.22,87.0,22.59,631.29,-76.37,0.002,-0.93,-0.21,-0.44,24.01
30.1,6.44,88.7,22.56,636.09,-76.92,0.003,-0.82,0.44,-0.19,24.17
29.94,6.45,88.6,22.22,637.39,-73.02,0.001,0.05,-0.77,0.8,24.37
30.16,6.99,88.4,22.27,640.3,-76.45,0.002,0.22,0.16,0.04,24.73
29.89,7.56,88.0,23.0,649.14,-77.33,0.039,-1.11,-0.3,0.06,24.38
30.2,7.28,87.5,23.07,667.92,-74.28,0.02,0.21,0.18,-0.03,24.83
30.05,6.78,90.3,22.72,662.39,-76.24,0.093,-0.49,0.57,0.27,24.44
29.99,6.97,89.9,23.3,681.42,-74.93,0.025,0.27,0.8,0.09,24.73
30.37,7.1,89.9,23.45,681.58,-73.24,0.105,-0.69,1.01,-0.35,24.35
30.34,7.43,90.7,23.87,666.46,-73.83,0.011,1.18,0.51,-0.31,25.21
30.26,7.84,91.6,24.5,697.57,-75.47,0.017,0.2,0.38,0.26,25.08
30.27,7.29,91.3,23.19,703.97,-74.93,0.03,0.63,-0.89,-0.06,25.4
30.35,7.95,90.9,24.35,690.72,-73.99,0.029,-0.16,-0.54,0.34,25.95
30.35,8.18,93.2,23.97,709.6,-77.44,0.0,0.46,1.24,0.29,25.9
30.27,7.5,91.2,24.52,701.52,-77.96,0.021,0.32,0.04,0.05,26.35
30.34,7.54,90.8,24.56,715.69,-72.98,0.018,-0.35,-0.19,0.33,25.87
30.65,7.6,92.2,24.84,706.63,-77.88,0.007,-0.17,-0.62,0.14,26.42
30.77,7.77,92.2,24.38,705.84,-72.61,0.04,0.9,0.43,0.11,26.17
30.66,7.69,93.3,25.31,724.37,-77.07,0.046,0.69,0.05,-0.69,26.52
30.56,8.11,92.4,25.13,731.31,-77.39,0.028,-0.85,-0.58,-0.17,26.62
30.49,7.42,92.9,25.75,732.83,-74.87,0.016,0.61,-0.31,-0.31,26.5
30.46,7.76,92.5,25.97,729.15,-78.49,0.013,-0.18,0.1,0.09,26.9
30.49,8.06,94.0,25.64,741.08,-72.25,0.005,-0.15,0.56,0.56,27.45
30.54,8.26,93.7,26.05,751.77,-73.25,0.03,-0.21,-0.39,0.32,27.0
30.88,8.69,93.5,26.16,752.52,-73.85,0.044,0.52,0.78,-0.14,27.26
30.86,7.67,93.8,26.45,758.59,-78.49,0.004,0.73,0.25,0.61,28.17
30.76,7.89,94.1,26.57,753.76,-74.3,0.014,0.46,-0.06,-0.1,28.38
30.58,7.43,93.1,25.85,775.76,-74.5,0.016,-0.05,-0.45,-0.09,28.3
30.82,7.8,95.3,26.49,755.75,-76.08,0.038,0.05,0.59,0.4,28.79
30.7,7.62,95.4,26.04,775.74,-75.11,0.003,-0.19,0.61,-0.2,28.79
30.49,8.01,94.7,26.48,785.91,-75.5,0.009,-0.75,0.4,-0.13,28.35
30.8,8.11,94.8,26.62,782.02,-78.3,0.031,0.13,0.2,0.28,29.31
30.68,8.33,94.1,27.12,778.17,-77.19,0.1,0.75,-0.45,-0.19,29.27
30.7,8.1,96.4,26.95,777.77,-77.05,0.042,0.59,-0.28,0.65,28.75
30.78,8.34,96.4,27.1,796.14,-78.94,0.039,-0.22,-0.27,0.52,29.0
30.76,8.23,95.6,27.62,774.14,-75.6,0.008,-0.12,-0.79,-0.39,28.76
30.83,7.89,96.0,27.7,781.12,-75.11,0.012,0.04,0.24,-0.53,29.1
30.84,7.69,96.5,27.6,789.16,-76.2,0.01,-0.03,-0.05,-0.26,28.64
30.63,8.36,96.4,27.87,807.69,-74.14,0.041,-0.3,0.12,1.07,29.13
31.05,8.67,95.0,27.94,801.14,-76.51,0.001,0.25,0.78,0.3,29.79
30.76,8.93,95.5,28.5,789.55,-77.08,0.016,-0.48,-1.07,-0.47,29.17
30.77,8.43,96.1,27.84,797.87,-78.03,0.044,0.21,-0.09,0.77,29.55
30.85,8.57,96.0,27.74,796.42,-76.87,0.005,0.81,-0.2,0.99,30.0
30.88,8.25,96.5,28.16,796.9,-81.42,0.086,-0.36,0.59,0.21,29.75
31.07,8.18,96.4,27.85,815.08,-74.82,0.072,0.08,-0.75,-0.96,30.41
30.93,8.09,96.1,28.13,792.71,-76.97,0.106,0.16,-0.01,0.05,30.51
30.97,8.0,93.9,28.5,823.49,-75.96,0.024,0.42,-0.1,0.21,29.86
30.93,8.18,96.9,28.24,816.51,-76.04,0.005,-0.41,-0.38,0.96,30.01
30.93,7.81,96.7,28.4,819.8,-76.76,0.043,-0.96,0.19,0.24,30.27
30.93,7.89,97.7,28.46,804.78,-79.5,0.056,1.18,-0.06,0.17,30.05
30.66,7.54,95.6,28.46,808.26,-83.12,0.002,0.43,-0.55,0.29,31.03
30.86,7.99,94.5,28.29,795.62,-74.91,0.018,-0.51,-0.6,0.82,30.27
31.03,7.52,95.8,29.08,804.75,-78.27,0.028,-1.02,-0.77,-0.18,30.84
31.35,7.77,96.3,29.25,814.81,-78.92,0.033,-0.32,0.03,0.3,29.93
30.73,7.86,95.5,29.15,822.56,-78.92,0.02,0.22,0.08,0.15,30.25
30.92,7.84,96.9,29.18,798.09,-79.33,0.002,-0.59,-0.69,-0.44,30.16
30.79,7.84,95.3,28.74,804.92,-78.78,0.027,0.19,0.58,-0.52,30.13
31.09,7.49,95.6,28.98,806.31,-78.99,0.003,0.04,-0.73,0.12,30.45
30.67,7.64,95.5,28.67,792.96,-78.83,0.002,0.13,-0.42,-0.08,30.82
30.9,7.29,97.8,28.92,811.77,-79.49,0.003,1.09,0.26,-0.48,31.3
30.64,6.79,94.8,28.96,797.41,-77.92,0.087,0.78,0.69,0.1,30.61
30.76,7.48,95.9,28.51,801.33,-78.29,0.035,-0.56,0.71,0.45,30.73
30.78,7.34,94.3,29.04,797.24,-80.31,0.029,-0.69,0.39,-0.35,30.83
30.89,7.49,95.5,28.81,792.2,-79.35,0.04,-0.54,-1.21,-0.32,30.4
30.62,7.12,94.3,29.09,798.21,-81.51,0.008,-0.37,-0.09,-0.7,30.67
30.81,6.58,95.8,28.91,794.17,-78.96,0.011,0.53,-0.7,0.02,31.5
30.71,6.96,95.6,29.1,790.5,-77.5,0.07,-0.18,0.15,0.43,30.8
30.72,7.18,94.9,29.2,784.68,-78.84,0.032,-0.2,-1.26,-0.42,31.45
30.78,6.99,93.4,28.5,792.78,-80.42,0.054,0.84,-0.35,-0.01,30.59
30.49,6.73,94.4,28.8,803.59,-81.89,0.087,0.13,-0.53,-0.59,30.3
30.72,6.2,94.0,28.65,785.79,-79.55,0.018,0.31,0.15,0.42,30.92
30.53,6.32,94.8,29.26,791.56,-81.6,0.026,-0.84,0.02,-0.48,30.97
30.71,6.7,93.2,29.4,764.77,-80.8,0.011,-0.03,-1.22,-0.47,30.21
30.59,5.98,94.7,28.77,777.2,-79.83,0.054,-0.29,-0.39,0.48,30.5
30.5,6.31,94.4,28.85,761.48,-82.33,0.018,-0.76,0.32,0.42,30.27
30.43,6.34,92.3,28.14,754.39,-81.1,0.038,-0.18,-0.6,0.87,29.67
30.57,6.6,93.0,28.7,758.35,-82.95,0.025,-0.44,0.88,1.31,29.63
30.6,6.36,93.0,28.45,774.13,-82.02,0.023,0.38,1.09,-0.51,30.0
30.35,6.39,93.6,28.94,768.08,-82.34,0.005,-0.01,-0.38,0.7,30.46
30.25,6.12,92.1,28.32,757.26,-79.97,0.039,-0.04,0.05,-1.38,30.26
30.44,5.7,92.6,28.04,735.66,-81.62,0.002,-0.9,1.15,-0.29,29.46
30.16,5.7,93.1,27.77,745.07,-83.08,0.045,0.5,0.28,-0.44,29.29
30.14,5.53,92.2,28.22,746.01,-82.84,0.077,-1.02,0.31,-0.17,29.29
30.14,5.91,90.3,27.88,740.61,-80.82,0.048,-0.37,-0.61,0.14,29.15
30.19,5.45,91.1,28.41,716.19,-84.84,0.006,-0.19,0.33,-0.52,29.08
30.04,5.47,92.0,28.11,721.42,-83.84,0.011,0.28,-0.37,0.16,28.51
29.94,5.52,91.7,27.75,725.3,-84.33,0.007,-0.19,0.48,0.24,28.23
30.0,5.94,89.0,27.91,726.84,-82.64,0.008,-0.55,-0.26,0.79,28.07
30.18,5.57,90.8,28.19,694.98,-82.83,0.05,0.53,-0.09,-0.17,28.35
29.92,5.08,91.1,27.07,710.72,-83.38,0.002,-1.03,-0.44,0.18,29.32
30.0,5.29,90.6,27.14,709.12,-83.4,0.019,0.42,-0.96,0.07,30.17
30.24,5.67,90.4,27.93,711.47,-85.43,0.027,0.29,0.16,0.3,29.4
29.97,5.3,91.3,26.86,705.13,-84.95,0.089,-0.13,-0.35,-1.0,28.56
29.98,4.57,89.4,27.24,699.21,-82.8,0.032,0.03,-0.13,0.68,28.02
29.79,4.71,89.4,27.3,680.53,-85.99,0.037,-0.25,0.58,-0.68,28.02
30.13,4.63,88.1,26.75,664.55,-84.32,0.024,-0.6,-0.71,-0.19,28.1
29.77,5.3,88.1,26.87,674.77,-82.61,0.014,-0.72,0.06,0.07,28.73
29.77,5.19,88.1,26.39,683.76,-83.85,0.013,-0.64,1.31,0.62,27.36
29.92,4.58,88.8,27.0,682.69,-85.31,0.036,-0.76,-0.6,-0.08,27.61
29.71,4.52,87.3,26.07,670.86,-83.33,0.014,0.56,-1.58,-0.29,27.5
29.7,4.68,88.6,25.76,663.04,-85.61,0.033,0.39,1.15,0.41,27.27
29.63,4.64,86.5,26.26,657.52,-84.56,0.024,-0.15,0.22,0.95,26.35
29.59,4.28,87.6,26.06,643.13,-85.92,0.024,-1.44,0.36,-0.13,26.89
29.64,4.45,87.3,25.72,642.37,-87.09,0.012,-0.37,0.21,-0.49,26.3
29.63,4.05,86.8,25.53,655.34,-85.15,0.007,0.35,-0.7,-0.75,27.6
29.45,4.83,87.2,25.2,624.22,-83.27,0.001,-0.01,-0.32,-0.73,26.75
29.4,3.89,85.6,24.97,644.8,-83.47,0.009,-0.58,-0.03,0.14,26.81
29.39,3.85,85.5,24.87,620.46,-84.18,0.025,-0.25,-1.38,-0.14,25.84
29.26,4.48,84.9,25.04,631.99,-84.31,0.053,0.46,0.73,0.39,25.86
29.2,3.95,85.4,24.71,599.75,-84.34,0.049,1.16,0.1,-0.18,26.69
29.4,4.15,85.1,24.11,614.8,-85.88,0.044,0.65,0.28,-1.0,26.12
29.44,4.3,85.6,24.34,596.74,-87.54,0.006,-0.19,-0.45,-0.15,25.72
29.4,4.46,85.0,24.26,585.16,-85.51,0.034,-0.62,-1.04,-0.18,25.92
28.98,4.18,85.0,24.36,596.76,-84.43,0.008,-0.38,1.36,0.08,26.01
29.21,4.76,84.1,24.13,599.98,-84.63,0.012,0.75,0.08,-0.22,25.66
29.08,4.22,84.4,24.49,576.81,-85.66,0.041,-0.08,0.61,-0.11,25.31
29.2,4.57,85.3,23.39,565.7,-85.58,0.011,-1.44,0.31,-0.39,25.19
29.1,4.29,82.5,23.77,575.28,-88.26,0.03,-1.18,0.37,-0.88,24.44
29.2,4.84,81.9,23.65,570.9,-83.89,0.034,-0.62,0.68,0.53,24.49
29.1,4.52,83.7,23.38,572.91,-86.47,0.101,-1.74,-0.83,-0.6,24.52
28.84,4.22,82.3,23.03,572.66,-89.53,0.005,0.52,-0.79,-0.49,24.22
28.93,4.4,81.7,22.75,558.39,-86.64,0.006,1.36,-1.04,1.07,24.14
29.02,4.14,83.1,22.83,573.45,-86.37,0.018,0.55,-0.19,-0.26,23.73
29.01,4.15,81.6,22.07,553.14,-85.74,0.022,0.61,0.46,-0.42,22.54
28.81,3.85,83.5,22.23,543.54,-86.71,0.015,0.57,-0.43,0.55,23.75
28.77,4.02,82.2,22.07,527.09,-87.52,0.03,-0.75,0.12,-0.99,23.37
28.94,4.9,81.8,22.45,536.89,-87.49,0.027,-0.11,0.55,-1.36,23.23
28.74,3.94,81.1,22.36,532.57,-86.74,0.032,0.02,-1.88,-0.23,23.92
28.69,4.13,81.8,21.63,542.07,-87.06,0.07,1.04,0.16,0.19,23.04
28.82,4.33,80.2,21.41,533.74,-83.83,0.005,-0.41,1.42,0.84,22.43
28.79,4.37,79.3,21.23,514.09,-87.34,0.051,0.41,-0.27,0.37,22.89
28.73,4.54,79.9,21.95,524.5,-88.04,0.028,-0.45,-0.22,0.57,22.52
28.73,4.32,82.0,21.81,526.5,-85.28,0.064,-0.72,-0.64,0.34,22.8
28.81,4.63,80.2,21.59,532.21,-86.93,0.0,-0.68,0.22,-0.0,21.98
28.7,4.88,79.7,21.77,523.08,-85.59,0.053,-0.99,0.78,0.13,21.77
28.79,4.96,80.6,21.75,519.22,-87.1,0.007,-0.07,-0.2,0.01,21.76
28.72,4.54,82.4,20.66,509.76,-85.91,0.09,0.46,-0.77,0.85,21.16
28.77,4.86,81.4,20.76,510.73,-85.1,0.012,1.53,0.62,-0.07,21.57
28.85,4.38,79.8,21.07,517.17,-84.86,0.038,0.45,-0.41,-1.41,22.27
28.83,4.56,79.7,19.72,489.31,-85.86,0.05,-0.51,0.03,-0.76,21.23
28.88,4.47,79.7,20.5,497.26,-90.11,0.077,0.63,1.01,0.29,20.88
28.82,4.87,79.5,20.83,491.29,-89.26,0.007,0.5,0.1,-0.65,21.11
28.74,4.68,80.6,20.27,501.22,-86.53,0.029,-0.1,0.62,-0.0,21.31
28.66,4.54,79.9,20.56,508.29,-89.16,0.001,-0.62,0.52,0.19,20.84
28.66,4.95,79.2,19.52,488.73,-88.59,0.002,-1.04,-0.37,0.38,21.08
28.6,4.61,79.0,20.24,469.67,-85.59,0.016,-0.5,-1.36,0.14,21.07
28.7,5.59,81.9,19.9,488.47,-87.92,0.036,0.05,0.97,-0.34,20.89
28.78,5.09,80.6,19.91,500.9,-87.75,0.032,0.83,-0.39,-1.42,20.78
28.61,5.62,79.3,19.58,496.48,-87.46,0.019,-0.48,0.62,-0.52,21.45
28.7,5.24,81.0,20.41,494.87,-85.02,0.028,0.08,0.28,-0.55,20.75
28.62,5.1,79.1,19.81,487.44,-84.91,0.029,0.31,0.37,0.08,20.31
28.73,5.88,79.9,19.78,477.25,-83.26,0.055,-0.42,-0.52,-0.88,20.87
28.65,5.63,79.8,20.4,495.16,-85.44,0.066,-0.75,-0.68,-0.01,20.5
28.63,6.24,80.2,19.31,481.78,-84.31,0.014,-0.01,-0.7,0.52,20.5
28.65,5.61,79.4,19.63,512.25,-87.68,0.002,-0.64,0.31,-0.05,20.84
28.8,5.69,80.3,19.31,496.55,-88.69,0.008,-0.93,-0.58,0.4,20.94
28.73,6.2,78.8,19.26,485.63,-85.61,0.003,0.91,0.99,-0.51,19.92
28.7,6.27,80.0,19.59,486.07,-86.75,0.047,-0.36,1.37,0.26,21.04
28.8,6.09,81.4,19.36,492.16,-83.9,0.002,0.29,-0.21,-0.14,20.3
28.73,7.12,81.2,20.13,491.75,-86.91,0.019,0.16,-0.34,0.04,20.29
28.93,6.11,80.0,20.04,506.53,-87.19,0.023,-0.74,1.08,-0.63,19.9
28.69,5.89,79.4,19.35,498.59,-86.64,0.053,0.15,-0.73,0.62,20.6
28.8,6.04,79.0,18.86,490.93,-86.19,0.036,0.19,0.29,-0.42,19.73
28.67,6.34,81.3,19.3,518.82,-86.0,0.027,0.08,1.65,0.09,20.52
28.81,6.95,81.1,19.77,502.22,-85.74,0.026,0.01,0.21,1.04,20.98
28.67,6.51,81.4,19.1,511.38,-83.87,0.019,0.31,0.1,-0.28,20.21
28.98,7.11,82.5,19.98,499.72,-87.53,0.069,0.27,0.07,-0.18,20.79
29.0,6.85,81.4,19.64,511.68,-84.39,0.006,0.37,0.49,-0.4,20.42
29.03,7.11,81.6,19.05,513.55,-84.58,0.099,-0.73,-0.87,0.52,19.86
28.96,6.98,80.5,19.26,494.07,-85.05,0.028,-1.05,0.56,0.46,20.5
28.87,7.05,83.0,19.34,535.78,-84.76,0.008,-0.33,-0.73,0.64,20.42
28.9,7.23,81.8,19.27,531.33,-86.01,0.039,-0.06,-0.63,0.85,20.9
29.21,6.9,81.4,19.19,517.37,-87.33,0.014,0.47,-0.51,-0.71,20.45
29.22,6.97,82.4,19.44,513.37,-84.56,0.003,1.18,-0.12,-0.02,20.85
29.09,7.31,84.0,19.56,531.05,-85.75,0.003,-0.45,-0.63,-0.17,20.29
29.04,7.85,84.3,20.2,531.73,-84.05,0.025,0.7,-0.11,-0.48,20.95
29.29,6.87,82.0,19.96,537.84,-85.29,0.031,0.04,0.1,0.35,20.86
29.07,6.78,83.9,20.04,539.72,-83.42,0.012,-0.38,0.76,-0.31,20.87
29.21,7.37,83.5,20.05,546.51,-83.0,0.035,0.23,-0.48,0.79,21.01
29.37,7.82,84.2,19.72,559.67,-83.09,0.009,0.22,0.42,0.37,20.97
29.14,7.58,83.8,20.48,554.72,-82.48,0.013,0.16,-0.37,-0.51,21.23
29.37,7.27,84.3,20.01,542.5,-84.26,0.008,0.83,-0.13,-0.0,21.19
29.36,7.7,85.1,20.12,570.66,-82.62,0.03,-0.35,0.2,0.29,20.97
29.33,7.2,82.8,20.46,577.58,-84.55,0.02,0.21,0.55,0.69,20.95
29.25,7.96,84.8,21.29,596.92,-84.69,0.005,-1.04,0.17,-0.75,21.37
29.31,7.72,83.8,20.32,558.47,-83.62,0.109,-0.92,-0.04,0.38,21.55
29.46,7.83,84.6,20.04,576.52,-81.65,0.068,-0.06,-0.35,0.44,20.59
29.29,8.03,85.2,20.82,557.73,-83.79,0.046,-0.48,-0.63,0.08,21.91
29.51,8.0,84.6,21.06,588.62,-82.01,0.003,0.74,1.22,0.64,22.91
29.59,7.81,85.2,20.78,582.2,-84.73,0.017,0.49,0.13,-0.91,22.43
29.68,8.32,84.8,20.83,611.58,-85.91,0.022,0.27,0.74,-0.15,22.21
29.43,8.28,85.6,20.71,589.32,-83.69,0.087,-0.08,0.12,-0.47,22.08
29.79,7.53,86.8,21.39,584.94,-82.91,0.013,-0.62,-0.92,-0.01,21.86
29.87,8.02,87.3,22.07,601.93,-81.2,0.033,-1.8,0.98,0.06,23.03
29.75,7.79,86.2,22.12,591.75,-82.91,0.024,-0.49,-0.64,0.08,22.98
29.61,7.76,88.2,21.75,623.92,-80.0,0.05,0.21,0.21,-0.78,22.46
29.73,8.31,87.8,21.63,600.68,-81.54,0.004,-0.69,-2.01,0.63,23.48
29.8,8.04,88.8,22.04,626.58,-82.5,0.052,0.85,0.53,0.12,23.58
29.87,8.14,86.4,21.92,610.5,-81.67,0.032,0.07,0.12,-0.11,23.12
29.87,7.99,88.4,21.95,633.07,-83.46,0.004,0.4,-0.36,-0.54,23.43
29.94,8.31,88.9,22.37,657.72,-82.08,0.041,0.84,0.6,0.62,23.8
29.93,8.4,87.2,22.9,649.92,-81.87,0.012,-0.59,-0.04,1.07,24.07
30.01,8.85,90.8,22.53,642.71,-81.17,0.002,-0.17,-0.19,1.07,23.57
29.95,8.14,88.6,22.66,656.05,-81.76,0.017,0.37,0.32,0.12,24.39
30.0,7.76,89.8,22.79,661.56,-80.49,0.006,-0.93,-0.42,0.53,24.34
30.01,8.03,90.4,23.3,671.12,-83.46,0.01,0.22,-0.43,0.26,24.92
30.34,8.43,89.9,23.47,657.72,-79.25,0.187,0.71,0.1,-0.42,24.95
30.32,7.93,91.2,22.94,682.28,-80.81,0.005,0.35,-0.25,0.33,24.83
30.24,7.7,91.9,23.41,654.25,-79.49,0.014,0.17,0.52,0.59,25.33
30.37,7.9,89.7,24.0,679.91,-78.94,0.033,-0.87,0.57,-0.89,24.52
30.33,7.94,90.9,23.65,686.21,-80.09,0.111,-0.06,1.02,-0.48,25.14
30.29,7.75,91.8,24.41,702.26,-78.93,0.014,-0.79,0.1,-0.44,25.06
30.12,8.12,90.0,24.31,700.95,-79.56,0.007,-0.05,0.04,0.31,25.4
30.3,8.0,92.4,24.83,691.41,-79.49,0.016,0.02,-0.81,-0.7,25.55
30.32,8.23,93.1,24.26,700.3,-80.56,0.005,-0.46,-0.03,-0.15,25.44
30.25,7.82,93.0,24.77,716.76,-77.89,0.129,0.78,-1.31,0.02,26.49
30.24,8.09,92.5,24.93,718.55,-79.41,0.019,-0.83,0.26,-0.38,26.57
30.51,7.73,93.6,25.2,718.04,-77.35,0.032,1.45,-0.69,0.25,26.19
30.51,7.5,92.9,25.09,723.45,-80.99,0.013,0.43,-1.3,0.44,25.66
30.36,7.63,91.7,25.51,739.56,-80.08,0.009,0.5,-0.18,-0.97,26.55
30.44,7.26,92.6,25.05,731.69,-80.72,0.003,0.05,-0.03,-0.33,26.89
30.69,8.23,93.0,25.39,740.16,-77.31,0.046,-0.97,-0.76,0.19,27.61
30.47,7.69,93.3,25.04,766.83,-77.92,0.025,-0.41,0.46,0.76,26.99
30.62,7.35,93.5,25.61,734.89,-81.0,0.007,-0.21,-1.59,0.19,27.76
30.6,7.42,93.5,25.55,734.5,-79.85,0.033,-0.12,1.38,-0.01,27.32
30.71,6.74,94.1,26.1,764.65,-80.16,0.008,-0.44,0.25,-0.61,27.9
30.57,7.85,95.3,26.47,753.72,-76.81,0.007,0.97,-0.69,0.22,28.14
30.7,7.76,94.4,26.46,760.9,-76.43,0.062,-0.59,-0.56,0.12,28.2
30.73,7.33,94.9,26.67,759.74,-78.83,0.02,-0.19,-0.07,0.59,27.72
30.76,7.33,92.8,26.56,768.31,-81.12,0.023,-0.61,-0.22,0.34,28.1
30.76,6.79,94.8,26.61,790.12,-80.88,0.044,-0.13,-0.36,-0.28,28.62
30.81,6.74,95.7,26.38,785.27,-75.84,0.02,-1.19,0.33,0.91,27.89
31.04,6.52,95.9,26.24,788.85,-75.85,0.008,-0.32,0.79,-0.01,28.97
31.1,6.92,96.0,26.51,768.93,-75.27,0.039,0.62,-0.66,-0.06,28.29
30.73,7.21,95.4,26.93,774.3,-77.7,0.057,0.05,-0.47,0.54,28.36
30.55,6.71,95.6,27.59,760.01,-80.5,0.03,-0.92,-0.21,0.08,28.81
30.91,6.85,94.8,26.96,782.76,-76.59,0.049,0.15,0.5,-0.03,28.87
30.87,6.97,96.2,27.21,802.74,-77.97,0.001,0.29,0.08,-0.15,29.33
30.98,6.12,95.0,27.44,800.51,-74.5,0.02,0.16,0.17,-0.46,29.48
30.9,7.08,96.2,28.16,795.16,-76.04,0.016,0.19,0.21,0.19,29.51
30.88,6.8,95.7,27.8,799.03,-76.69,0.002,0.92,-0.24,-0.29,29.19
31.02,6.53,95.8,27.96,794.11,-77.51,0.007,0.7,1.14,-0.4,30.16
31.04,6.58,96.6,28.15,804.63,-74.82,0.017,-0.46,0.52,0.09,29.8
30.73,6.52,96.3,28.58,811.68,-77.84,0.034,-0.35,-1.01,-0.11,30.24
30.8,6.24,96.1,28.21,789.15,-78.78,0.015,-0.49,1.17,0.54,29.03
30.89,6.51,95.6,27.65,809.43,-76.51,0.039,0.08,-0.71,0.88,30.25
30.91,5.87,97.3,28.39,816.74,-74.93,0.034,0.38,0.32,-0.44,29.88
30.87,6.07,96.3,28.92,804.09,-74.05,0.098,-0.86,-0.3,-0.12,30.49
30.95,6.25,96.6,28.71,815.91,-78.81,0.005,0.15,1.54,-0.15,30.97
31.02,4.97,96.1,28.63,837.56,-74.49,0.109,-0.46,0.14,-0.17,29.85
31.1,5.84,95.4,28.74,808.72,-76.44,0.003,-0.67,-0.39,-0.1,30.72
30.96,5.85,96.3,28.03,813.89,-75.09,0.05,0.06,0.45,0.05,30.19
30.78,5.05,95.5,28.03,802.61,-78.4,0.011,1.11,-0.53,-0.07,29.73
30.86,5.58,96.3,29.08,811.69,-76.79,0.016,-0.0,-0.2,-0.73,30.9
30.86,5.18,93.3,29.26,814.2,-75.21,0.01,0.59,1.19,-0.52,31.29
30.93,5.47,95.5,28.63,811.1,-76.15,0.051,0.1,-0.38,0.2,31.44
30.9,5.26,95.8,28.96,798.37,-76.3,0.019,-0.09,1.01,-0.29,30.75
31.09,4.93,95.0,29.14,809.88,-76.6,0.033,0.29,-0.33,-0.3,30.08
30.78,5.49,95.9,29.52,821.53,-76.06,0.091,-0.36,0.28,0.14,30.59
30.87,4.96,95.2,28.94,810.33,-76.01,0.014,-0.91,0.05,0.29,30.64
31.09,5.11,95.5,29.24,814.25,-77.73,0.02,-0.81,-0.13,1.32,31.13
30.72,5.36,95.0,29.69,800.89,-76.85,0.002,-0.1,1.13,-0.21,30.69
30.8,4.63,96.1,28.9,809.24,-75.12,0.027,0.21,-0.82,0.73,29.87
30.65,4.86,95.6,29.02,802.87,-76.2,0.011,0.12,-0.14,0.55,30.94
30.76,4.65,95.3,28.61,788.75,-75.26,0.028,-0.4,-0.64,-0.93,30.71
30.63,4.66,95.0,28.62,799.48,-76.25,0.011,-0.02,-0.71,0.71,31.03
30.83,5.34,96.9,29.28,784.27,-76.86,0.003,-0.34,-0.49,-0.07,30.74
30.71,4.78,94.6,29.38,785.61,-74.48,0.011,-0.77,0.44,-0.73,30.89
30.56,4.69,94.0,29.35,791.44,-75.06,0.052,-1.11,-0.99,0.4,30.59
30.75,4.71,93.5,28.55,789.99,-76.2,0.006,-0.22,0.26,1.12,30.66
30.65,4.64,95.0,28.81,772.46,-74.89,0.006,0.45,-0.39,-0.43,30.14
30.72,3.93,95.4,29.01,792.1,-75.15,0.052,-0.07,0.76,0.07,30.6
30.44,5.13,93.2,28.01,784.36,-76.96,0.009,-0.88,-0.19,0.33,30.33
30.6,3.96,93.5,28.92,768.54,-75.88,0.012,0.64,-0.06,-0.57,30.55
30.62,4.89,93.3,29.37,757.03,-75.6,0.023,-0.47,0.09,-0.5,29.82
30.45,4.53,93.3,29.05,767.66,-75.47,0.017,-1.42,-0.18,0.42,30.78
30.32,4.37,91.8,27.75,761.24,-73.6,0.052,-0.09,-0.69,0.22,30.25
30.44,4.2,93.7,28.67,763.3,-75.31,0.026,0.63,0.15,0.7,30.4
30.56,5.05,93.8,28.54,754.9,-75.34,0.038,0.08,0.02,0.58,30.0
30.52,4.43,91.1,28.49,734.71,-78.0,0.037,-0.68,0.37,0.07,30.16
30.31,4.24,93.8,28.36,747.05,-72.45,0.002,-0.62,-0.22,0.06,28.93
30.17,4.06,93.5,28.13,743.93,-78.41,0.11,0.64,-0.71,0.25,29.69
30.25,4.02,89.5,27.34,749.27,-77.37,0.002,-0.41,-0.65,-0.51,29.32
30.21,4.22,90.0,28.18,731.82,-77.37,0.089,-0.81,0.01,-0.36,29.39
30.29,3.92,91.4,28.2,751.36,-77.14,0.132,-0.73,-0.52,-0.5,29.83
30.19,4.4,92.4,27.69,711.15,-78.05,0.009,-0.24,-0.0,-0.74,28.68
30.08,4.01,91.3,28.23,738.99,-79.23,0.031,0.76,0.78,-0.15,29.5
30.27,4.51,90.9,27.11,719.17,-75.11,0.002,0.38,-0.8,0.43,29.28
30.12,4.51,91.1,26.98,725.48,-77.73,0.034,0.04,-0.45,-0.87,29.48
30.12,4.21,89.7,27.5,713.08,-80.21,0.006,1.44,0.57,0.01,28.02
29.83,4.41,91.1,27.12,719.02,-77.54,0.085,0.3,-1.26,0.27,28.96
29.71,4.44,89.8,27.58,699.03,-76.53,0.032,1.63,0.27,-0.01,28.69
29.8,3.83,88.3,26.98,687.15,-79.68,0.043,-0.28,0.86,0.25,28.44
29.88,4.81,88.7,27.48,707.53,-76.45,0.087,-0.02,0.43,-0.81,28.9
29.97,4.24,89.4,26.63,687.33,-77.0,0.059,-0.47,-0.4,-0.07,27.34
29.59,4.55,88.7,26.81,685.78,-78.87,0.019,0.05,0.52,-0.16,28.09
30.02,4.58,88.3,25.93,690.98,-77.23,0.006,-0.14,-0.02,0.11,28.31
29.82,3.65,88.6,26.48,663.35,-75.32,0.012,1.84,0.23,0.18,27.1
29.93,4.24,88.4,26.39,674.65,-77.78,0.027,-0.16,1.23,-0.08,27.84
29.62,4.72,86.9,26.65,657.79,-78.72,0.041,0.65,0.7,0.35,27.59
29.76,4.53,88.6,25.56,657.35,-79.31,0.009,-0.03,-1.49,0.18,26.45
29.67,4.76,87.3,25.85,654.38,-75.46,0.018,0.37,0.19,0.39,27.59
29.72,4.62,87.5,26.32,633.62,-78.61,0.013,0.19,-0.35,0.32,26.64
29.56,5.01,87.0,26.22,635.81,-78.77,0.019,0.25,-0.72,0.19,27.47
29.62,4.72,86.3,25.23,652.09,-77.21,0.012,-0.01,-0.39,-0.75,26.91
29.66,5.17,87.1,25.13,642.44,-77.79,0.005,-1.03,0.45,0.91,26.64
29.41,4.5,86.2,24.63,627.96,-80.83,0.02,0.53,0.16,-0.35,26.76
29.49,4.81,86.0,24.34,626.04,-78.58,0.09,-1.14,0.11,-0.67,26.55
29.2,4.72,83.7,24.79,615.73,-79.74,0.003,0.86,1.52,0.34,25.25
29.48,5.08,86.1,24.56,627.32,-77.36,0.054,0.31,-0.08,-0.15,25.19
29.6,4.94,85.0,25.35,606.87,-80.98,0.04,0.15,0.02,0.39,25.65
29.18,5.01,85.6,24.6,606.36,-78.19,0.012,0.01,-1.08,-0.44,25.12
29.29,4.93,86.0,24.26,610.71,-82.45,0.004,0.78,0.32,0.07,26.05
29.37,5.07,85.1,24.41,586.73,-78.67,0.081,0.79,0.32,-0.06,24.82
29.24,5.27,84.3,24.39,605.41,-78.61,0.014,-0.93,0.66,0.51,25.09
29.23,4.74,83.8,24.3,569.89,-81.25,0.017,-1.42,-0.66,-0.19,25.13
29.13,4.72,85.8,23.82,596.93,-78.74,0.012,0.35,-0.23,0.4,25.71
29.1,5.5,84.0,23.57,572.41,-80.36,0.057,-0.01,-0.29,-0.6,25.03
29.11,4.72,83.6,23.48,569.29,-83.58,0.008,-0.37,0.26,0.62,24.15
29.1,5.57,83.1,23.26,548.47,-79.99,0.043,0.07,0.15,0.71,24.46
28.93,5.59,82.3,22.95,558.56,-81.78,0.008,-0.6,-0.05,0.37,24.37
29.04,5.93,81.3,23.35,548.53,-79.32,0.013,0.29,-0.09,-0.01,24.18
29.21,5.64,83.8,22.77,548.76,-78.88,0.078,-0.51,-0.19,1.03,23.39
28.95,6.39,81.8,22.34,549.47,-81.6,0.029,-0.1,0.04,-0.24,24.44
28.83,6.25,82.1,22.56,556.53,-82.76,0.035,0.28,-0.51,0.59,22.99
28.93,5.62,82.0,22.67,545.23,-81.3,0.03,-0.38,-0.56,0.69,23.6
28.84,6.06,83.1,21.77,542.55,-80.3,0.006,-0.28,0.07,-0.62,22.83
28.75,6.68,81.2,22.04,524.93,-82.45,0.033,-0.08,-0.11,0.36,23.19
28.91,6.09,81.8,21.72,523.62,-80.99,0.023,0.15,0.23,0.36,22.81
28.79,6.36,81.9,22.63,547.06,-80.47,0.053,0.81,-0.87,-1.25,22.23
28.78,6.87,80.2,21.77,518.49,-80.27,0.133,-0.27,0.07,-1.29,21.62
28.85,6.36,80.0,22.15,539.29,-81.52,0.029,0.43,-0.36,-0.59,22.83
28.64,6.93,80.5,21.57,517.32,-84.81,0.012,0.33,0.67,-0.14,22.12
28.59,6.4,81.1,21.48,516.92,-82.81,0.059,0.16,-0.76,0.29,22.28
28.87,5.88,80.9,21.22,524.87,-82.82,0.056,0.52,0.05,0.1,22.81
28.54,7.18,80.6,21.05,524.3,-82.5,0.058,0.93,0.31,0.34,22.22
28.65,7.02,81.1,20.98,508.02,-86.63,0.013,0.04,-0.65,0.06,20.7
28.54,7.11,79.8,20.67,502.93,-84.1,0.016,0.41,0.43,-0.45,21.25
28.68,6.7,80.3,20.79,504.08,-83.31,0.044,-0.34,-0.09,0.27,20.89
28.79,6.79,80.3,20.12,505.99,-82.51,0.016,-0.21,0.62,-0.02,21.19
28.74,7.5,79.6,20.65,509.64,-79.91,0.02,-0.62,0.45,0.27,21.31
29.01,7.3,82.1,20.07,499.04,-82.44,0.0,-0.19,-0.94,0.02,22.34
28.84,7.25,78.4,20.43,503.6,-85.06,0.066,0.16,-0.21,0.5,21.63
28.6,7.42,81.1,20.42,512.36,-84.93,0.019,-0.01,0.69,0.53,21.28
28.56,7.86,80.7,20.71,498.5,-84.83,0.07,-0.14,0.36,-0.29,21.22
29.03,7.69,80.7,20.25,496.67,-84.53,0.107,-0.15,0.14,-0.16,21.15
28.83,7.39,80.1,19.96,477.39,-83.72,0.005,-0.08,-0.24,-0.65,20.19
28.77,7.16,81.1,19.76,465.45,-85.6,0.003,-0.08,0.59,1.17,20.25
28.71,7.81,79.6,20.16,494.98,-84.63,0.033,0.93,-0.69,-0.23,20.93
28.74,7.41,80.3,19.81,489.64,-84.72,0.009,-0.02,0.25,-0.22,20.68
28.53,7.38,80.1,19.52,485.09,-84.03,0.017,-0.62,-0.17,-0.25,20.74
28.73,8.18,79.8,19.78,492.48,-85.26,0.0,1.11,0.39,-0.45,21.21
28.72,8.09,80.1,19.03,489.4,-85.91,0.017,-0.03,1.7,0.55,20.24
28.61,7.99,79.3,19.66,501.41,-85.93,0.106,-0.1,1.18,0.06,20.33
28.66,7.54,79.6,19.31,491.27,-84.39,0.003,-0.55,-0.27,-0.09,20.53
28.92,8.49,81.4,19.43,483.38,-86.18,0.035,-0.46,0.67,-0.79,19.72
28.73,8.29,82.5,20.21,501.34,-84.14,0.023,0.95,-0.13,0.19,19.78
29.0,7.93,80.7,19.31,490.02,-84.74,0.057,-0.54,-1.07,-0.43,20.89
28.56,7.89,81.0,19.73,498.37,-87.03,0.032,-0.46,-0.52,-0.03,20.21
28.72,8.1,80.6,19.8,489.39,-83.63,0.0,0.36,-0.17,-0.1,20.12
28.61,7.96,80.9,19.72,488.88,-85.46,0.034,-0.93,0.15,0.65,20.4
28.66,8.79,81.0,19.54,497.59,-86.67,0.051,0.61,-0.35,0.36,19.63
28.72,8.03,81.5,19.01,498.4,-83.02,0.039,0.37,0.53,0.5,20.18
28.87,7.84,82.0,19.17,504.74,-85.87,0.039,-0.08,-0.64,-0.7,20.08
28.89,8.65,80.2,19.0,499.07,-85.39,0.064,0.23,0.49,0.42,20.47
28.79,8.01,83.3,19.29,485.36,-85.99,0.028,0.94,-0.43,0.38,19.49
28.62,8.43,81.3,19.3,501.5,-83.93,0.033,0.48,-0.51,0.11,20.04
29.09,8.4,81.4,19.12,516.02,-83.49,0.023,0.53,-0.74,-0.16,20.2
28.9,8.18,81.1,19.65,507.5,-85.85,0.087,0.32,-0.12,0.16,20.22
28.82,7.91,81.3,19.32,510.53,-86.2,0.034,-0.12,-0.13,-0.43,20.87
29.01,8.18,82.2,19.39,525.52,-84.97,0.01,-0.07,1.08,0.23,20.18
29.02,7.84,82.4,19.01,511.34,-87.16,0.056,0.13,-0.1,0.15,21.77
28.98,8.17,82.5,19.62,505.96,-86.12,0.012,0.38,1.27,0.59,20.89
29.07,8.4,81.9,19.61,522.83,-87.53,0.059,-0.25,-0.19,-0.02,20.45
28.94,8.67,80.3,19.48,522.77,-83.76,0.006,0.31,0.08,-0.72,20.95
29.19,7.81,81.2,19.88,521.25,-85.02,0.006,-0.15,-0.6,-0.13,21.07
29.01,8.04,82.8,19.84,532.57,-84.03,0.022,0.14,-0.13,0.96,20.72
29.08,7.94,83.3,20.07,542.77,-87.48,0.014,0.05,-1.36,-0.06,21.38
29.26,8.15,82.9,20.15,541.4,-85.42,0.09,0.23,-0.77,0.06,20.61
29.36,7.59,82.8,20.25,548.31,-86.18,0.038,0.22,0.44,0.36,21.32
29.43,7.73,83.8,20.66,567.23,-86.39,0.02,-0.0,1.53,-0.76,21.13
29.4,7.47,83.7,20.2,549.62,-84.4,0.103,-0.49,-0.4,0.2,21.38
29.26,7.51,83.6,19.91,559.87,-88.28,0.085,0.82,0.51,-0.39,21.46
29.15,7.71,83.0,20.18,556.14,-87.84,0.007,-0.27,-0.42,0.38,21.47
29.53,8.36,83.8,20.28,556.99,-87.75,0.008,0.7,-0.3,-0.71,22.36
29.56,7.92,85.4,20.19,563.91,-89.13,0.049,-0.71,0.21,0.05,21.45
29.35,7.79,84.2,19.73,569.36,-89.97,0.017,-0.66,-0.75,1.15,21.48
29.57,8.13,85.7,20.8,582.21,-87.25,0.005,0.66,0.52,0.19,21.87
29.46,7.79,86.5,20.83,606.64,-85.88,0.075,1.05,0.84,0.31,22.55
29.71,7.77,85.0,21.6,580.59,-87.33,0.04,0.35,-0.04,0.32,22.17
29.5,7.43,85.5,21.69,588.24,-88.23,0.014,-0.85,-0.01,0.93,22.25
29.83,7.33,86.9,21.39,596.49,-85.17,0.132,0.68,-1.66,0.33,22.19
29.72,7.07,87.4,21.47,605.85,-88.69,0.029,-0.56,-0.04,0.09,22.35
29.88,7.22,86.1,21.11,609.35,-89.75,0.022,-0.66,-0.2,0.24,23.1
29.64,7.25,85.6,21.59,624.41,-89.25,0.022,0.09,-0.78,0.33,22.79
29.78,7.38,88.1,21.6,592.21,-84.6,0.013,-0.3,0.58,-0.17,23.06
29.65,7.2,87.8,21.83,597.53,-87.23,0.012,0.49,-1.01,-0.2,22.82
29.9,7.04,87.9,21.64,621.4,-84.99,0.106,0.31,0.48,0.04,23.56
29.94,6.8,88.6,22.19,642.32,-85.04,0.062,-0.2,-0.17,0.4,23.88
30.16,7.13,87.2,21.7,620.69,-89.73,0.01,0.38,1.06,-0.35,23.17
29.96,6.79,88.7,23.38,611.28,-86.71,0.079,1.34,1.08,-0.34,23.34
30.03,6.98,88.4,22.96,652.09,-85.6,0.003,-0.17,0.57,0.76,23.51
29.92,6.22,89.4,23.06,653.84,-88.33,0.01,0.21,0.92,0.51,24.42
30.07,6.83,89.8,22.29,645.53,-88.61,0.075,0.37,0.22,0.52,23.78
30.0,6.88,90.1,22.31,651.6,-85.87,0.002,0.34,1.14,-0.16,24.19
30.09,6.76,90.1,23.12,656.76,-88.37,0.078,1.26,-0.23,-0.24,24.09
30.13,6.45,90.1,23.07,672.56,-86.09,0.013,0.69,0.46,0.32,25.32
30.1,6.7,90.3,23.97,670.16,-85.33,0.006,-0.59,0.19,-0.27,24.59
30.18,5.97,90.6,23.69,686.31,-85.07,0.005,-0.57,0.33,-0.31,25.63
30.16,6.25,90.1,23.6,657.73,-85.12,0.016,-0.07,-0.44,0.19,25.12
30.19,6.15,90.5,24.29,682.59,-84.34,0.036,0.35,-0.29,0.08,25.1
30.4,6.44,91.4,23.98,684.73,-87.71,0.031,0.62,0.01,-0.78,25.78
30.32,5.45,91.8,24.15,698.22,-83.59,0.012,0.61,0.05,0.06,25.6
30.37,5.66,91.0,24.59,700.14,-86.82,0.017,-0.01,0.36,-0.0,26.35
30.19,6.43,90.9,24.13,718.19,-87.59,0.009,0.36,0.23,-0.49,25.86
30.44,5.1,90.6,24.88,696.24,-84.27,0.016,0.96,-0.44,0.18,25.93
30.48,6.0,91.2,24.87,719.85,-84.87,0.006,0.32,-0.48,-0.11,26.09
30.4,5.47,92.0,24.5,729.48,-88.27,0.043,0.23,0.04,0.13,26.93
30.73,5.69,92.2,25.66,746.88,-84.31,0.015,0.59,-0.05,-0.46,26.69
30.23,5.96,92.6,24.96,727.84,-85.1,0.013,0.14,-1.58,-0.82,26.46
30.62,5.56,92.0,24.7,740.17,-85.38,0.029,0.42,0.08,-0.64,26.33
30.64,5.83,91.7,25.14,723.06,-86.05,0.009,1.13,0.25,-0.12,27.15
30.64,5.18,93.5,25.2,721.27,-83.27,0.016,-0.69,0.44,-0.42,26.84
30.62,5.15,93.7,25.77,757.63,-82.76,0.003,-0.1,0.15,0.86,26.67
30.69,5.43,94.2,26.41,753.02,-84.06,0.004,-0.35,-0.04,0.52,27.96
30.75,5.0,94.6,26.07,768.65,-86.79,0.022,-0.39,-0.16,-0.28,27.18
30.58,5.25,94.4,26.68,746.82,-86.65,0.193,-0.33,1.32,0.12,27.11
30.73,5.36,94.3,26.64,769.33,-85.94,0.025,-1.27,-0.32,-0.33,27.91
30.69,5.21,95.1,25.46,786.29,-83.14,0.018,-0.26,-0.07,0.51,27.99
30.6,4.42,95.7,26.85,775.15,-84.96,0.008,0.65,-0.28,-0.49,27.9
30.83,4.73,94.1,26.46,776.95,-83.42,0.014,-0.74,-0.66,-0.43,28.47
30.7,4.86,95.4,26.97,777.37,-85.13,0.047,-1.03,0.36,-0.55,28.4
30.6,4.65,94.4,26.9,764.56,-82.01,0.019,-0.34,-0.66,-0.33,29.53
30.73,4.7,95.2,28.01,796.68,-85.72,0.035,-0.46,0.12,-0.2,28.7
30.71,4.72,96.0,27.31,779.74,-84.2,0.012,0.51,0.53,0.11,28.4
30.95,4.43,95.1,27.48,793.48,-84.1,0.007,1.05,-0.53,0.39,29.15
30.85,4.48,94.6,27.77,775.26,-82.59,0.023,1.34,-0.5,0.24,29.3
31.01,4.15,95.1,26.98,781.41,-82.95,0.013,-0.44,0.89,0.02,29.13
30.78,4.32,94.8,27.99,809.72,-81.14,0.004,0.36,0.83,0.82,28.71
30.97,3.97,94.8,27.64,793.93,-81.28,0.013,-0.01,-0.15,0.14,30.1
31.21,4.43,96.7,27.57,813.81,-84.15,0.016,0.25,0.48,0.06,29.08
30.92,4.3,96.2,28.2,800.23,-82.9,0.04,0.34,0.06,0.29,30.03
30.99,4.06,95.3,27.48,784.18,-82.84,0.016,-0.04,-1.78,0.93,30.27
30.97,4.84,95.1,28.42,812.96,-83.51,0.075,-0.57,1.3,-0.26,29.74
30.72,4.21,95.2,28.13,799.42,-84.87,0.03,-0.46,-0.11,-0.13,30.31
30.97,4.35,95.4,28.23,813.44,-82.45,0.063,0.13,0.57,0.14,30.42
30.94,4.05,96.9,27.56,807.68,-80.98,0.007,0.22,1.16,0.61,29.68
30.87,4.11,95.9,28.73,792.82,-81.86,0.052,-0.37,0.11,-0.61,30.77
30.79,4.32,97.7,28.57,810.55,-81.51,0.003,-0.13,0.59,-0.14,30.39
30.98,4.11,96.0,28.39,831.38,-79.72,0.039,0.7,-0.39,0.66,29.45
30.78,4.21,95.5,28.29,814.7,-83.05,0.012,0.01,0.36,-0.2,30.46
31.15,4.44,96.7,28.94,809.38,-82.79,0.011,0.28,0.31,0.81,30.21
30.9,4.04,94.6,28.85,820.75,-82.1,0.032,0.9,-0.68,0.87,30.66
30.73,3.8,96.1,28.77,811.98,-79.71,0.002,0.09,0.38,-0.14,30.27
30.81,3.75,94.9,28.47,811.68,-79.84,0.092,-0.27,-0.76,-0.07,30.31
30.83,4.65,94.1,28.96,798.23,-80.65,0.008,-0.29,0.11,0.27,30.19
31.15,4.51,95.7,28.97,810.89,-78.77,0.051,0.38,0.72,-0.2,30.72
30.74,4.44,96.4,29.38,818.16,-82.16,0.034,-0.9,0.37,-0.1,30.86
30.82,4.13,95.8,28.53,798.53,-81.27,0.016,0.9,0.26,-0.48,30.67
30.76,3.88,95.6,28.71,820.07,-79.95,0.038,0.7,-0.86,-0.37,30.57
30.87,4.21,93.4,29.66,803.7,-80.67,0.013,-0.8,-0.02,0.93,30.73
30.73,4.29,95.3,29.06,794.36,-78.96,0.033,-0.3,-1.07,0.22,31.12
30.64,4.01,95.2,29.09,811.7,-77.5,0.0,-0.31,-0.05,-0.32,30.28
30.74,3.94,95.7,29.34,797.18,-80.1,0.095,0.32,-0.67,0.09,30.16
30.71,3.89,94.2,29.63,805.83,-79.21,0.005,-0.45,1.1,0.51,30.2
30.66,4.64,95.6,28.58,793.35,-78.31,0.022,-1.43,-0.59,0.36,30.01
30.64,4.12,94.4,29.74,793.56,-78.42,0.009,0.74,0.81,0.91,30.24
30.83,4.62,94.5,28.94,796.84,-76.78,0.014,-1.37,0.83,-0.06,31.07
30.63,4.45,95.0,29.03,792.42,-78.69,0.012,1.01,-1.46,-0.43,29.9
30.51,4.79,93.5,28.93,767.03,-79.1,0.119,-0.23,0.78,0.54,30.45
30.57,4.76,94.9,29.4,773.11,-80.52,0.004,-0.01,0.17,-0.02,30.77
30.61,4.64,93.0,29.18,790.82,-78.41,0.005,-0.16,-0.75,-0.03,30.46
30.42,4.8,94.4,28.75,777.28,-80.19,0.107,-0.27,-0.1,-0.56,30.76
30.75,4.78,93.6,28.36,770.31,-80.13,0.004,0.04,-0.37,-0.48,30.12
30.63,4.68,93.5,28.62,758.78,-77.96,0.003,-0.16,-0.6,0.89,30.09
30.67,5.22,90.9,28.19,758.27,-78.96,0.021,-0.51,0.46,0.8,30.07
30.52,4.85,92.7,28.91,745.43,-81.98,0.007,0.37,-0.35,0.48,30.37
30.19,5.02,92.8,28.3,761.11,-74.75,0.007,-0.14,0.42,-0.32,31.17
30.6,4.68,94.0,28.43,752.49,-80.31,0.051,1.18,-0.04,-0.23,29.99
30.28,5.25,92.6,28.81,745.06,-78.4,0.008,-0.53,-0.09,-0.24,29.82
30.26,5.05,91.9,28.6,750.2,-79.69,0.012,0.3,-0.9,1.17,29.44
30.35,5.16,92.9,28.38,750.57,-78.19,0.033,-0.32,-0.33,0.22,30.43
30.46,5.12,91.6,27.88,763.81,-78.37,0.136,-0.38,-1.32,-0.05,29.48
30.39,5.4,92.6,28.24,723.62,-78.62,0.02,-0.01,1.32,-0.54,29.29
30.34,4.91,91.7,27.7,746.11,-77.66,0.033,0.39,-0.46,0.59,29.34
30.17,5.78,90.6,28.06,739.94,-79.01,0.021,0.48,-1.05,-0.24,30.05
30.13,5.64,91.8,27.33,718.03,-76.52,0.006,-0.1,0.12,-0.37,28.98
30.18,5.58,91.3,28.11,723.39,-76.58,0.018,0.94,0.05,-0.33,29.08
30.09,5.33,91.3,27.65,712.25,-77.05,0.03,0.5,-0.1,0.03,27.96
30.18,6.0,90.2,27.47,714.08,-76.26,0.002,0.17,0.61,0.16,29.24
30.14,5.76,90.6,27.49,722.65,-75.44,0.006,0.41,0.15,-0.74,28.61
30.08,6.41,91.4,27.2,708.9,-79.02,0.051,-0.6,0.1,-0.01,28.96
29.67,6.24,89.8,27.15,703.16,-74.42,0.003,0.68,0.31,-0.17,28.71
29.95,6.63,89.1,27.46,688.95,-74.25,0.005,-0.78,-0.18,-0.34,28.39
29.89,6.29,90.4,27.25,673.56,-75.41,0.009,0.26,-0.94,0.33,28.0
29.89,6.65,89.4,27.0,681.41,-77.12,0.002,-0.05,0.17,-0.01,28.07
29.74,6.54,88.3,26.71,690.63,-73.38,0.047,-0.86,-0.0,-0.89,27.36
29.64,6.34,89.8,26.38,658.34,-74.83,0.023,-0.73,0.48,-0.4,27.84
29.82,6.6,87.2,26.74,658.07,-78.69,0.007,-0.02,0.14,0.15,27.83
29.69,6.37,88.3,25.91,664.89,-76.96,0.003,-0.06,-0.31,-0.51,27.49
29.76,7.31,88.5,26.71,648.76,-75.44,0.026,-0.45,0.18,-0.66,27.32
29.58,6.74,88.2,26.2,645.66,-78.2,0.028,-0.23,0.26,0.65,26.91
29.8,6.85,86.4,26.22,644.32,-74.6,0.035,-0.88,0.52,0.72,26.93
29.71,7.03,85.9,25.83,629.88,-76.51,0.044,-0.87,1.14,-0.14,26.4
29.59,6.65,86.8,25.48,628.77,-77.66,0.108,-0.19,-0.79,-0.14,26.46
29.5,7.44,86.9,25.7,640.54,-76.41,0.055,-1.1,0.49,0.2,27.34
29.59,6.81,85.3,24.73,615.44,-76.95,0.008,-0.13,-0.8,-0.59,26.39
29.51,6.81,86.1,24.87,607.57,-78.67,0.002,0.27,-0.18,-0.12,26.39
29.45,7.2,84.5,24.86,612.3,-76.13,0.003,-0.12,-0.38,0.39,26.02
29.52,6.93,86.3,24.3,621.01,-76.67,0.054,0.29,-0.38,-0.46,25.9
29.53,7.84,84.7,24.85,606.84,-75.86,0.043,-0.45,-0.11,0.4,25.76
29.18,7.36,84.8,24.92,599.33,-77.64,0.001,-1.21,0.84,0.45,25.45
29.17,6.53,85.4,23.73,599.63,-75.77,0.04,0.32,-1.35,0.26,25.62
29.17,7.61,85.1,24.03,576.99,-72.38,0.04,-0.18,-0.48,1.04,24.93
29.06,7.77,84.6,23.97,594.71,-77.87,0.051,-0.67,-0.04,0.85,24.46
29.2,7.53,84.9,23.99,588.97,-75.9,0.032,-0.23,-0.12,-0.47,24.97
29.25,7.3,84.2,24.03,576.48,-75.53,0.023,-0.48,-1.67,-0.12,25.18
29.15,7.72,84.8,23.48,586.14,-75.91,0.011,0.46,0.09,0.18,24.31
29.06,7.66,82.0,23.76,560.38,-76.06,0.002,-0.59,-0.66,-0.38,24.72
29.23,7.55,83.2,23.31,578.59,-75.92,0.003,-0.53,0.31,0.37,24.52
29.09,7.57,82.9,22.92,564.59,-76.7,0.017,-0.04,0.08,0.69,24.71
29.09,7.97,82.6,23.07,555.51,-73.56,0.006,0.0,0.41,-0.48,24.68
29.16,8.23,83.0,22.4,554.59,-75.48,0.001,-0.16,0.27,-0.27,24.01
28.98,8.14,82.6,22.61,549.72,-77.07,0.018,-1.22,-0.4,-0.52,23.58
29.22,7.51,82.9,22.49,559.1,-74.35,0.162,-0.98,0.34,-0.32,22.83
28.9,8.24,81.1,22.2,532.34,-77.29,0.109,0.08,0.78,-0.23,23.72
29.17,8.32,83.8,23.16,531.8,-77.94,0.042,-0.69,0.33,0.08,23.63
28.79,8.53,81.4,22.59,546.21,-76.91,0.009,0.3,-0.34,-0.14,22.93
28.95,7.84,81.8,22.07,526.42,-74.18,0.046,-1.41,-0.82,0.02,23.03
28.79,8.13,81.3,22.02,538.03,-78.05,0.03,-0.31,-1.29,-0.87,22.34
28.99,8.33,81.4,21.92,542.79,-76.86,0.012,-0.75,-0.75,-0.18,22.37
28.78,8.02,80.8,21.83,518.67,-77.36,0.001,-0.9,1.08,0.5,21.95
28.85,8.35,81.2,22.03,526.52,-75.26,0.02,-0.95,-0.47,0.1,22.45
28.73,8.19,81.4,21.69,505.32,-78.21,0.026,-0.2,0.37,-0.72,22.06
28.9,7.94,78.9,20.55,521.68,-75.72,0.028,-0.46,-0.54,-0.18,22.59
28.7,7.97,80.4,21.41,513.54,-78.73,0.011,-0.39,-0.22,0.16,22.07
28.97,8.57,80.3,20.72,513.83,-75.16,0.038,-0.72,-0.71,-0.33,21.99
28.63,7.9,82.4,20.7,500.33,-76.04,0.034,0.49,-0.05,0.27,21.74
28.58,7.84,81.1,21.13,488.0,-75.85,0.011,-0.03,0.21,0.77,22.26
28.85,8.28,81.6,20.03,507.62,-76.76,0.04,-0.25,-0.58,-0.31,22.1
28.66,8.16,80.7,21.18,480.07,-78.71,0.041,0.36,-0.07,0.34,21.35
28.72,7.76,80.3,20.77,495.8,-76.01,0.054,-0.0,0.67,-0.44,21.44
28.67,7.98,80.5,20.51,506.8,-76.41,0.017,-0.49,0.78,0.08,21.79
28.55,7.87,81.0,20.6,497.87,-78.52,0.082,0.16,0.76,0.25,20.66
28.7,7.89,81.5,20.62,514.15,-79.33,0.098,0.97,0.3,-0.62,21.17
28.85,8.82,80.3,20.21,503.79,-77.46,0.038,-0.19,1.28,0.36,20.82
28.82,7.94,79.5,20.33,486.03,-77.44,0.032,0.25,0.1,-0.58,21.48
28.73,7.74,80.7,19.64,492.02,-76.67,0.052,0.67,0.25,0.31,21.03
28.83,8.57,79.3,20.2,490.61,-78.81,0.004,0.05,-0.64,0.25,20.05
28.58,8.2,80.3,20.06,474.76,-77.39,0.045,0.57,0.62,-0.42,20.51
28.67,8.11,80.6,20.29,480.83,-76.61,0.017,-0.17,0.51,-0.52,21.18
28.76,7.6,79.9,19.79,484.43,-81.31,0.074,-1.42,0.55,0.32,20.92
28.7,8.16,79.3,19.78,469.64,-81.79,0.003,-0.83,-1.39,-1.04,20.1
28.69,8.0,79.7,19.3,490.61,-78.15,0.006,0.32,-0.4,0.24,20.08
28.58,7.75,79.9,19.58,487.92,-78.1,0.013,1.02,0.6,0.47,20.47
28.49,7.15,79.3,19.76,474.13,-79.59,0.106,-0.47,-0.49,0.17,20.38
28.84,7.6,79.9,19.76,495.49,-80.98,0.027,0.92,0.31,0.24,20.27
28.78,8.07,79.1,20.08,499.36,-76.15,0.075,-0.67,-0.09,-0.95,20.19
28.87,7.56,80.8,19.62,495.38,-78.91,0.083,-0.26,0.46,-0.31,20.09
28.73,7.33,80.7,19.4,490.94,-78.96,0.001,-0.04,1.09,-0.21,21.22
28.71,7.31,80.7,19.61,501.31,-80.01,0.039,0.26,-0.62,-0.69,20.16
28.81,7.27,80.3,19.21,503.57,-79.61,0.01,0.31,0.41,-0.27,20.04
28.92,7.01,80.5,19.87,501.36,-79.92,0.015,-0.07,0.13,0.11,20.5
28.81,7.18,80.1,19.16,491.71,-77.58,0.0,1.47,-0.3,-0.67,20.27
28.95,7.55,81.3,19.26,504.55,-76.05,0.035,0.17,0.48,-0.23,19.95
28.75,7.45,80.0,19.03,515.7,-81.09,0.057,-0.4,0.23,-0.4,20.24
28.87,6.76,81.2,19.45,499.89,-78.4,0.003,1.07,-0.25,0.3,20.33
28.9,7.3,80.8,19.67,529.09,-77.75,0.029,0.13,0.1,-0.77,20.56
29.08,7.07,82.9,20.04,505.25,-81.55,0.009,0.77,-0.56,0.18,20.54
28.98,6.96,82.0,19.47,513.36,-81.28,0.124,-0.98,0.66,-0.09,20.05
29.19,6.83,81.8,19.44,508.97,-82.37,0.002,0.09,-0.37,0.75,20.74
28.84,6.35,81.0,18.62,520.73,-81.6,0.022,-0.19,-0.57,0.61,20.9
29.04,6.43,81.0,19.68,504.0,-82.15,0.055,-0.32,0.79,-0.5,20.16
29.07,6.73,82.6,19.65,519.02,-81.32,0.04,0.11,-0.99,-0.12,20.34
29.15,6.04,83.9,19.7,516.74,-83.04,0.024,0.68,0.23,-0.05,20.64
29.0,6.02,82.9,20.27,532.31,-80.36,0.059,-0.09,0.4,-0.88,20.86
29.33,6.35,82.9,20.0,544.32,-80.14,0.118,0.85,-0.38,-0.43,20.95
29.16,5.94,83.1,19.72,544.36,-82.19,0.003,-0.74,-0.2,0.06,20.91
29.05,6.35,83.3,19.62,517.83,-83.28,0.002,0.19,-0.18,-0.43,20.43
29.21,5.8,83.6,19.6,565.72,-81.51,0.054,0.32,0.05,-0.09,21.49
29.2,6.03,83.1,19.92,552.1,-81.55,0.008,-1.42,-0.03,-0.05,20.78
29.61,5.98,83.0,20.29,545.33,-83.16,0.063,0.29,-0.31,-0.16,21.81
29.43,5.66,84.1,19.5,558.72,-82.86,0.013,-0.15,-0.51,0.2,21.83
29.34,5.66,85.4,20.28,563.05,-83.06,0.007,0.25,0.78,0.17,21.02
29.35,5.45,85.1,20.7,558.84,-81.31,0.012,0.71,0.48,-0.49,21.71
29.51,5.58,83.7,20.15,571.8,-82.34,0.072,0.14,-0.31,0.26,22.23
29.55,5.23,84.7,20.55,568.14,-85.51,0.04,-0.16,-0.76,0.67,22.03
29.11,5.38,85.7,20.37,574.63,-79.32,0.001,-0.91,1.19,0.64,21.23
29.57,5.6,86.6,19.87,576.35,-83.69,0.141,-0.05,0.81,0.73,22.01
29.53,4.96,87.1,20.65,573.48,-82.04,0.007,0.87,-0.29,0.89,22.49
29.4,5.09,85.7,20.67,593.93,-83.21,0.02,-1.86,1.13,0.84,22.95
29.7,5.33,86.8,21.43,603.04,-84.19,0.008,0.7,-0.66,-0.64,22.36
29.9,4.49,86.6,21.44,607.11,-82.13,0.01,0.38,-0.74,-0.24,21.88
29.73,5.6,86.5,21.03,614.98,-80.98,0.002,-0.03,0.96,0.09,23.55
29.83,5.3,86.9,21.97,614.88,-85.49,0.032,0.36,-0.22,0.1,22.77
29.95,4.47,87.2,21.9,611.21,-85.12,0.023,0.69,0.27,-0.48,23.54
29.67,4.24,88.3,21.69,629.86,-81.74,0.033,-0.26,-0.3,-0.2,23.0
29.58,4.82,86.5,22.02,612.85,-81.08,0.014,0.05,0.22,0.36,23.47
29.92,4.43,88.2,21.71,622.4,-83.74,0.06,0.0,-0.15,0.49,23.12
29.84,5.0,89.4,21.32,626.77,-82.4,0.023,0.93,0.55,-0.26,23.28
29.74,4.78,89.5,22.35,652.23,-85.25,0.097,0.0,0.23,-0.12,24.42
29.93,4.65,89.1,21.98,655.88,-87.15,0.054,0.09,-0.08,0.34,24.23
30.06,4.4,88.3,22.52,656.35,-84.87,0.024,0.56,0.24,-0.08,24.0
29.99,5.01,89.7,22.88,667.22,-82.73,0.113,0.3,0.8,-0.92,24.54
29.95,4.71,90.4,22.2,652.73,-86.07,0.008,0.13,0.55,-0.08,24.05
30.05,4.63,89.2,23.1,670.01,-82.66,0.026,-0.8,0.86,-0.3,24.49
30.11,4.77,90.1,23.46,670.26,-83.32,0.036,-0.25,0.12,-0.08,24.69
29.91,4.08,89.9,22.6,684.96,-85.03,0.003,0.22,1.09,0.78,24.5
30.16,4.74,89.9,23.72,680.28,-81.09,0.022,0.08,-0.35,0.29,24.61
30.05,4.24,90.3,24.29,682.49,-85.72,0.006,-0.08,1.52,-0.29,24.38
30.32,4.4,90.9,23.68,696.63,-87.53,0.034,0.42,-0.2,-0.03,24.91
30.08,4.23,90.3,24.18,704.82,-86.17,0.005,1.3,-0.05,-0.51,26.19
30.42,3.69,90.4,23.72,694.16,-85.2,0.046,0.04,0.88,0.52,24.91
30.28,4.53,90.8,24.55,704.98,-86.85,0.028,0.39,-0.06,-0.21,25.77
30.3,3.68,92.0,24.55,699.69,-86.96,0.005,-0.12,-0.61,0.6,26.01
30.43,3.93,90.8,24.6,689.92,-85.29,0.029,-0.67,0.39,0.65,26.01
30.32,4.07,90.4,24.73,721.46,-84.81,0.0,-0.18,0.28,0.63,26.62
30.48,3.62,93.5,24.96,730.04,-85.72,0.001,0.12,0.19,0.28,26.32
30.39,3.87,91.8,24.95,730.99,-86.3,0.007,-0.04,0.92,0.34,26.98
30.44,4.27,92.6,24.78,713.22,-87.16,0.014,0.06,-0.83,0.35,26.97
30.58,4.1,93.7,25.22,733.47,-87.44,0.005,-1.04,0.47,0.18,26.37
30.42,4.13,92.0,25.4,718.97,-86.82,0.046,-0.28,0.08,-0.5,27.53
30.43,3.94,92.2,25.15,758.94,-88.38,0.004,-0.97,-0.56,-0.94,27.1
30.63,4.24,93.1,25.67,738.37,-87.44,0.001,0.18,1.28,0.58,26.66
30.62,4.15,94.5,25.83,765.68,-86.14,0.0,-0.01,-0.12,0.05,27.72
30.67,3.77,93.9,25.81,766.38,-88.39,0.025,-0.11,-0.6,-0.53,27.56
30.71,4.22,94.1,26.25,751.6,-89.8,0.026,-0.91,0.32,0.02,28.48
30.7,3.93,94.0,26.47,752.85,-87.44,0.006,-0.09,-0.15,0.1,28.41
30.78,4.6,94.8,26.17,771.15,-88.58,0.009,0.87,-1.36,-0.51,27.75
30.74,4.24,95.7,26.58,762.55,-87.62,0.045,-0.33,-0.16,-0.5,28.63
30.51,5.15,97.1,26.98,775.25,-85.58,0.067,0.06,1.48,0.12,28.11
30.56,4.71,94.7,26.44,772.5,-85.62,0.012,0.12,-0.22,-0.14,27.86
31.01,4.42,96.2,26.34,762.5,-87.0,0.017,-0.92,-0.45,-0.04,28.41
30.8,4.67,95.9,26.71,760.86,-86.07,0.002,-0.9,0.54,-0.18,28.25
30.92,3.91,95.4,27.34,788.15,-84.0,0.056,-0.85,0.24,-0.72,28.9
30.78,4.87,93.5,27.12,782.85,-87.35,0.032,0.23,-0.13,-0.23,29.8
30.83,4.38,95.1,26.96,785.39,-88.44,0.002,0.74,-1.13,-0.75,29.18
30.79,4.7,95.2,27.95,800.19,-85.99,0.027,1.05,-1.05,0.42,29.45
31.15,4.5,95.9,27.2,807.13,-87.75,0.003,-0.08,-0.43,-0.67,28.97
30.9,4.59,95.5,27.66,794.7,-88.63,0.041,0.66,0.46,-0.44,29.26
30.81,4.77,95.3,28.07,795.9,-87.37,0.004,-0.24,0.27,-0.67,29.8
30.68,4.91,97.4,28.15,806.04,-86.4,0.019,-0.73,-0.27,0.19,29.65
31.12,4.93,96.9,28.15,789.05,-86.44,0.037,-0.52,1.04,0.52,29.49
30.87,5.0,94.3,27.86,806.29,-89.05,0.006,-0.26,-1.0,0.57,30.27
30.98,4.58,95.7,28.38,810.86,-86.31,0.003,-0.02,-0.01,-0.18,30.01
31.0,5.83,96.5,28.27,813.27,-89.13,0.042,-0.04,-0.48,0.09,30.86
30.84,5.26,97.0,28.49,788.07,-88.86,0.04,0.37,-0.09,0.19,30.38
30.98,5.39,95.7,28.9,800.64,-84.88,0.012,-0.12,-1.21,-0.28,29.73
30.83,5.22,95.8,28.07,800.14,-89.45,0.007,0.56,-0.65,-0.28,30.3
30.78,5.13,96.1,28.69,810.42,-90.44,0.076,-0.39,0.31,-0.41,29.84
31.03,5.51,96.5,28.66,814.58,-86.14,0.031,-0.24,0.75,-0.07,31.18
30.87,5.62,94.7,29.0,824.93,-87.66,0.023,0.99,-0.08,0.39,30.04
30.95,5.99,94.3,29.35,805.04,-87.31,0.01,-1.24,-0.52,-0.47,30.93
30.93,6.3,96.9,29.38,804.89,-84.44,0.014,1.46,-0.25,0.09,30.91
30.95,6.19,95.1,29.11,821.08,-85.02,0.012,0.3,-0.47,-0.49,30.29
30.68,5.29,97.5,28.65,812.11,-85.17,0.092,1.83,-0.02,-0.63,30.73
30.79,5.76,95.1,28.74,821.22,-86.47,0.004,0.82,-0.17,-0.1,30.73
30.81,6.07,95.6,29.17,810.68,-85.69,0.017,-0.13,-0.2,-0.52,30.99
30.73,5.93,95.9,28.49,795.31,-87.12,0.001,-0.76,0.16,0.39,30.74
30.87,6.11,93.9,28.88,792.48,-87.25,0.022,0.93,0.39,-0.08,30.42
30.95,5.55,97.8,28.72,789.08,-86.27,0.056,-0.99,-0.12,-0.31,30.92
30.96,6.55,95.1,28.58,809.84,-85.28,0.103,0.29,-0.22,-0.32,30.93
30.74,5.79,94.6,29.09,813.59,-83.79,0.011,-0.57,-0.16,-0.08,30.33
30.8,5.95,94.3,29.28,818.52,-84.44,0.006,0.58,1.1,0.19,29.77
30.8,6.19,95.4,29.21,806.64,-84.96,0.029,-0.96,-0.39,-1.54,30.92
30.8,6.54,95.2,29.03,807.87,-86.06,0.011,0.46,-0.47,-0.56,30.81
30.6,6.16,93.9,28.85,788.33,-86.19,0.003,0.3,-1.1,-0.07,30.81
30.91,6.4,93.6,28.78,780.31,-85.37,0.007,0.14,-0.29,-0.44,31.14
30.78,7.14,95.4,29.24,797.98,-85.36,0.001,0.23,-0.15,0.26,30.93
30.76,6.83,93.9,28.73,791.13,-87.13,0.065,0.13,0.63,-1.1,31.06
30.77,7.06,92.9,28.69,785.36,-86.0,0.014,-0.45,1.14,-0.1,30.82
30.66,6.63,94.0,28.99,785.36,-85.29,0.045,-0.73,-0.1,-0.5,30.52
30.45,7.06,93.6,28.46,781.79,-84.27,0.032,-0.07,-1.04,-0.2,29.91
30.53,7.1,95.3,28.79,788.34,-85.23,0.006,1.22,-0.38,-0.38,30.97
30.33,6.97,93.2,28.52,785.27,-82.14,0.015,0.34,0.55,0.85,30.2
30.55,7.25,93.1,28.42,774.46,-85.84,0.018,-0.43,-0.21,0.11,29.98
30.45,6.76,93.4,28.51,774.06,-84.44,0.032,0.44,0.5,-0.06,30.41
30.44,7.53,92.5,28.8,767.21,-84.88,0.078,-0.17,-0.18,0.39,29.34
30.56,7.33,93.2,28.53,753.82,-83.96,0.006,-0.51,0.44,0.85,29.7
30.33,7.43,91.8,28.5,762.25,-84.46,0.016,0.73,1.12,0.17,29.66
30.33,7.82,92.2,28.59,736.88,-84.82,0.007,0.43,-0.05,-0.06,29.56
30.33,7.75,92.5,28.46,757.41,-83.4,0.052,-0.01,-0.17,0.74,30.5
30.08,7.58,92.9,28.09,730.88,-85.34,0.04,0.9,-0.05,-0.04,29.6
30.23,7.39,91.3,28.26,741.55,-85.96,0.052,0.3,-0.29,-0.01,29.28
29.94,8.17,91.0,27.92,726.01,-82.43,0.045,0.13,-0.19,-0.18,29.41
30.13,7.41,92.5,28.04,735.68,-83.71,0.001,-1.07,-0.17,0.74,29.66
30.27,8.05,90.6,28.15,725.42,-81.35,0.009,0.78,-0.35,-0.22,28.44
30.19,7.42,90.8,27.86,705.35,-83.48,0.013,-0.93,0.62,0.16,29.14
30.03,8.21,92.0,27.14,720.97,-85.53,0.049,0.1,0.35,0.93,28.79
30.08,8.28,90.4,27.29,706.38,-82.59,0.057,0.18,-0.06,0.66,28.95
29.91,7.43,89.9,27.58,716.31,-85.78,0.019,-0.3,0.11,0.2,28.26
30.0,8.17,89.7,26.49,702.79,-85.37,0.129,-0.65,-0.8,0.3,28.52
30.32,8.18,89.0,27.24,701.96,-82.8,0.023,0.08,0.39,0.2,28.4
30.16,8.3,89.7,27.1,683.62,-82.39,0.021,0.37,-0.34,-0.76,27.81
29.91,8.23,88.4,27.83,682.44,-82.36,0.023,-0.41,-0.8,-0.1,28.93
29.89,7.85,89.5,26.9,678.85,-83.56,0.04,-0.35,0.83,0.62,28.21
29.71,8.09,88.6,26.58,687.07,-83.48,0.014,-0.68,-0.25,0.12,28.27
29.7,8.67,88.6,26.9,690.31,-78.1,0.071,-0.98,-0.59,1.01,27.61
29.81,7.85,89.5,26.24,660.51,-83.7,0.024,-0.09,-1.05,0.02,27.69
29.67,8.29,86.7,26.24,674.32,-83.08,0.017,-0.44,0.54,0.43,26.97
29.8,8.54,87.6,26.12,636.84,-79.56,0.008,0.4,-0.11,-0.32,27.04
29.85,7.9,87.9,26.15,641.58,-82.8,0.014,0.4,0.94,-0.26,26.79
29.67,7.77,86.6,25.48,638.9,-81.85,0.032,0.36,0.23,-0.25,27.11
29.6,7.82,87.6,25.95,629.94,-81.26,0.109,-0.43,-0.15,0.5,27.52
29.36,8.31,86.2,25.33,622.61,-81.7,0.026,0.57,-0.21,-0.35,27.04
29.61,7.8,86.6,26.09,637.57,-79.32,0.023,-0.57,0.16,-0.36,27.24
29.35,8.13,86.0,24.69,626.31,-79.39,0.011,0.49,1.01,-0.03,26.67
29.41,8.57,86.0,24.81,627.27,-79.6,0.076,0.3,-0.6,-0.19,26.36
29.54,8.13,85.7,24.22,625.44,-78.45,0.029,0.41,0.12,-0.0,25.66
29.52,7.89,85.4,25.82,616.28,-80.67,0.057,-0.84,0.11,-0.39,26.0
29.3,8.14,84.8,24.2,615.33,-78.46,0.002,0.75,-0.28,-0.12,25.51
29.28,8.06,84.4,24.74,603.22,-79.52,0.044,0.1,-0.14,-0.74,25.87
29.21,8.19,85.0,24.58,587.25,-81.45,0.009,-0.02,0.13,-0.02,24.83
29.12,8.51,84.5,23.86,604.96,-79.22,0.094,-0.57,0.11,-0.16,25.17
29.16,8.11,83.7,24.3,583.81,-80.48,0.005,-0.36,0.48,0.72,25.06
29.01,8.56,84.3,23.5,575.72,-81.96,0.003,-0.13,-1.08,0.19,25.6
29.26,8.05,83.5,23.44,578.73,-81.83,0.013,-0.12,0.45,0.17,24.32
29.2,7.65,84.9,23.03,566.89,-80.88,0.011,1.0,0.47,-0.03,25.03
29.19,8.52,85.4,23.66,567.42,-76.97,0.128,-0.04,-0.14,-0.37,24.73
28.98,7.75,84.3,22.59,570.69,-83.27,0.029,-0.18,-0.73,0.3,24.14
28.93,7.43,84.1,23.27,566.48,-79.46,0.045,-0.14,0.03,-0.35,24.25
29.05,8.39,83.5,22.94,549.84,-78.12,0.005,0.23,-0.13,0.08,23.83
29.03,7.42,82.5,23.45,549.86,-79.03,0.162,0.14,-0.15,-1.24,23.78
28.98,7.36,80.9,22.71,561.49,-79.21,0.06,-0.63,-1.08,0.11,23.92
28.94,7.37,81.4,22.85,551.81,-79.79,0.089,1.11,0.06,-0.1,24.49
29.16,7.53,81.5,22.59,563.81,-76.25,0.007,-0.14,-1.01,-0.72,23.71
28.98,7.7,82.9,22.24,551.17,-79.02,0.012,-0.79,0.64,-0.16,23.27
29.15,6.56,82.0,22.52,547.24,-80.08,0.061,-0.39,-0.94,0.16,23.6
29.04,7.57,81.1,22.13,518.45,-78.86,0.014,-0.03,0.07,-0.76,22.32
29.07,7.06,80.0,22.18,536.62,-77.61,0.0,1.0,0.09,0.51,22.59
28.72,7.04,83.2,21.41,525.23,-79.06,0.084,-0.15,-0.59,0.1,22.64
28.91,7.61,81.6,21.79,517.14,-77.19,0.006,-0.51,-0.26,0.08,22.06
28.77,7.09,81.8,21.76,521.35,-77.77,0.0,-0.21,-0.37,0.44,22.13
28.6,7.1,80.5,20.98,526.27,-77.05,0.011,-0.08,0.07,0.11,21.55
28.97,6.88,80.7,21.21,519.11,-75.4,0.035,-0.09,-0.52,-0.48,21.58
28.74,7.05,80.4,20.51,502.73,-80.09,0.03,-1.05,1.41,-0.67,21.87
28.64,7.23,80.7,20.45,516.49,-77.95,0.007,-0.6,-0.63,-0.09,21.48
28.7,5.93,82.0,20.88,500.38,-78.57,0.019,0.49,-0.25,-0.3,21.91
28.65,6.93,79.5,21.42,506.75,-78.24,0.034,0.24,-0.24,-0.26,21.73
28.65,6.99,80.3,21.34,499.53,-76.89,0.025,0.21,-0.65,0.34,21.66
28.7,6.6,80.6,20.48,498.49,-77.01,0.039,-0.36,-0.35,0.36,21.21
28.93,6.17,80.1,20.15,506.61,-79.45,0.017,-0.9,-0.22,0.67,21.75
28.63,5.96,81.0,20.72,486.97,-78.64,0.015,0.06,-0.73,-0.04,21.42
28.91,6.94,78.7,19.6,515.39,-75.1,0.002,0.25,1.06,-0.56,21.22
28.81,5.88,81.6,20.08,476.44,-78.74,0.067,1.1,-0.12,-0.17,21.14
28.75,6.53,79.0,19.87,487.55,-75.6,0.064,-0.5,0.31,-0.2,20.88
28.79,6.12,79.1,20.03,496.26,-79.46,0.017,0.39,0.95,0.37,21.41
28.7,6.54,79.6,20.46,497.58,-78.95,0.053,0.34,-0.09,-0.28,21.27
28.85,5.76,79.5,19.01,490.07,-75.68,0.029,-1.11,-0.24,0.21,20.6
28.77,5.3,80.3,19.96,490.0,-74.16,0.009,0.19,-0.12,0.18,20.75
28.51,5.71,80.3,19.91,494.33,-74.9,0.006,-0.52,1.93,0.39,20.46
28.74,5.19,80.1,19.71,487.73,-77.08,0.002,0.34,0.51,-0.51,21.55
28.81,6.36,78.9,19.78,503.94,-77.38,0.032,0.44,0.32,-0.55,20.42
28.69,5.68,80.0,19.81,498.53,-75.58,0.01,-0.4,0.97,0.37,20.95
28.74,5.65,80.1,19.64,499.15,-78.63,0.068,0.25,0.18,-0.11,21.51
28.66,5.58,81.2,18.83,481.2,-75.48,0.058,1.12,0.12,-0.23,20.53
28.58,5.07,80.4,19.2,490.67,-76.95,0.038,0.2,0.49,0.53,19.67
28.57,5.18,80.6,20.04,489.21,-73.65,0.029,-0.19,0.37,-0.13,20.95
28.58,5.18,81.9,19.05,483.07,-75.62,0.078,0.13,-0.29,-0.1,20.12
28.86,5.67,79.5,19.46,497.8,-76.31,0.056,-0.34,-0.28,0.28,20.04
28.49,4.68,80.2,19.17,490.04,-75.69,0.009,-0.51,-0.57,0.45,21.02
28.73,4.75,79.7,19.62,503.34,-76.56,0.009,0.6,-0.17,0.55,19.78
28.73,4.8,82.0,19.33,487.61,-75.27,0.001,-0.1,1.45,0.51,20.88
28.8,4.65,82.2,19.63,517.17,-77.33,0.02,0.37,0.42,-0.07,20.22
28.63,4.36,82.2,19.54,492.84,-74.39,0.018,-0.29,0.41,0.09,19.58
28.92,3.93,81.5,19.27,505.97,-76.54,0.009,0.54,0.45,0.07,20.69
28.74,4.14,81.5,18.64,513.8,-74.76,0.102,0.34,-0.74,-0.48,19.46
29.05,4.97,80.9,19.14,502.43,-74.87,0.023,1.04,0.39,0.03,20.37
28.86,4.6,82.1,19.04,519.06,-75.8,0.005,0.13,-0.29,-0.25,19.76
28.94,4.8,80.6,19.06,500.77,-75.0,0.056,-0.01,-0.26,-0.46,20.32
28.98,4.34,80.7,19.7,530.26,-76.72,0.018,-0.21,-0.36,0.15,20.77
29.03,4.44,81.6,20.27,518.68,-75.11,0.042,0.17,0.72,-0.13,20.71
29.03,4.92,83.6,18.73,515.5,-78.51,0.013,-0.02,0.1,-0.44,20.68
29.0,4.87,81.8,19.12,521.53,-77.72,0.002,0.26,-0.07,0.01,21.05
29.12,4.65,82.1,19.77,535.79,-76.44,0.142,-0.52,-0.35,-1.05,20.71
29.16,4.4,82.8,19.66,525.16,-79.04,0.053,0.19,-0.99,0.48,20.69
29.04,4.47,83.5,19.96,526.93,-76.11,0.008,-0.01,-0.1,-0.39,20.96
29.21,4.4,84.0,19.85,535.74,-73.1,0.054,0.19,-0.89,0.19,20.66
29.33,4.22,82.3,20.4,529.83,-77.4,0.05,-1.11,0.76,0.58,21.35
29.3,4.13,83.3,20.21,563.55,-76.31,0.049,-0.22,1.67,-0.01,21.12
29.35,4.57,83.8,20.39,543.54,-77.87,0.009,0.82,0.72,-0.39,21.46
29.29,3.83,84.1,20.52,561.47,-74.86,0.005,-0.35,-0.02,0.55,21.2
29.19,4.66,84.7,19.83,559.3,-76.88,0.022,-0.16,0.19,0.05,21.57
29.24,4.12,84.9,20.54,551.5,-76.62,0.037,-0.29,0.25,0.4,21.73
29.4,3.81,84.5,20.65,565.51,-76.98,0.019,-0.74,-0.54,0.15,20.77
29.51,4.04,85.6,20.4,577.72,-77.12,0.016,-0.47,0.56,0.63,21.1
29.76,3.94,85.7,20.49,572.39,-78.65,0.019,-0.33,-0.14,0.18,21.57
29.58,4.03,85.9,20.61,590.67,-76.61,0.093,0.36,-0.24,0.24,21.86
29.36,4.03,85.0,20.52,593.48,-77.34,0.077,-0.14,-0.14,0.21,22.54
29.44,4.03,86.2,20.45,597.06,-79.27,0.084,0.52,0.32,0.27,22.34
29.84,4.14,86.8,21.8,587.94,-79.87,0.011,0.1,0.68,0.28,22.49
29.57,4.23,85.7,21.54,586.45,-77.45,0.001,-0.45,1.38,-0.1,23.03
29.64,4.5,86.5,21.29,595.89,-77.74,0.112,-1.46,-0.27,-0.21,23.09
29.55,4.22,87.9,20.89,608.8,-79.36,0.002,1.07,-0.08,0.08,22.28
29.89,4.41,87.2,21.71,617.16,-76.23,0.085,0.34,-0.19,0.01,23.31
29.79,4.34,87.0,21.52,594.89,-78.35,0.021,-0.41,-0.85,-1.34,23.0
29.68,4.53,88.5,21.72,621.45,-76.83,0.026,0.8,-0.25,0.76,22.9
29.68,4.41,87.2,22.7,628.07,-79.03,0.003,0.05,0.59,-0.24,23.13
29.87,4.24,86.5,22.71,628.7,-78.43,0.076,-0.08,0.25,-0.17,23.15
29.88,4.2,87.5,21.35,649.39,-78.88,0.005,1.23,1.4,-0.5,23.61
30.01,4.57,89.3,22.44,645.71,-78.66,0.064,0.33,-0.48,-0.61,23.67
30.01,4.93,89.0,22.51,659.62,-77.85,0.006,0.87,-0.18,0.09,24.35
29.94,4.53,88.9,22.72,649.38,-78.71,0.006,0.86,0.0,-1.03,24.78
29.94,4.43,90.0,22.55,665.94,-77.48,0.005,-0.24,0.21,0.78,24.01
30.02,4.61,89.5,22.89,677.94,-80.27,0.005,-0.4,-0.28,0.04,23.81
30.01,4.57,89.4,22.65,679.71,-79.74,0.033,0.58,-0.15,0.5,24.75
30.09,4.59,90.5,23.54,660.66,-78.26,0.0,0.52,0.89,0.26,25.02
30.14,4.41,89.8,23.68,674.02,-77.54,0.048,0.15,0.68,0.85,24.96
30.07,4.83,90.7,24.05,678.04,-78.88,0.039,0.29,0.29,0.18,24.36
30.28,5.03,90.0,23.35,691.3,-78.02,0.016,-0.18,0.57,0.05,24.82
30.2,4.7,90.0,23.87,698.15,-80.6,0.053,-0.34,0.34,0.91,25.36
30.17,4.82,90.4,24.64,687.73,-80.12,0.036,-0.43,-0.3,0.04,25.21
30.26,4.86,91.3,23.84,701.59,-78.66,0.106,0.83,0.43,-0.78,25.22
30.36,4.8,91.0,23.87,685.45,-80.19,0.032,1.48,0.81,0.33,26.64
30.37,4.99,91.2,24.48,724.75,-80.46,0.03,-0.19,0.01,-0.55,25.55
30.44,5.29,91.8,24.93,709.84,-80.48,0.003,0.27,0.05,-0.61,26.6
30.53,5.01,92.1,24.44,720.08,-81.85,0.067,0.06,0.97,0.08,26.44
30.61,5.44,91.1,25.5,720.92,-81.75,0.029,0.31,0.84,0.28,26.68
30.51,5.35,90.6,24.66,739.89,-81.34,0.019,-0.36,0.35,-0.46,27.05
30.38,5.35,93.1,25.35,704.4,-78.3,0.0,-0.01,0.03,-0.34,26.48
30.5,5.81,93.1,25.03,736.87,-81.22,0.021,-0.53,0.18,0.41,26.79
30.43,5.58,92.1,25.26,740.15,-81.25,0.026,-0.03,0.33,0.18,27.26
30.78,5.71,93.7,25.85,740.76,-79.86,0.037,0.19,-0.21,-0.54,26.48
30.84,6.31,93.9,25.63,766.55,-81.0,0.006,1.07,0.7,-0.13,28.04
30.71,5.72,93.5,25.32,744.3,-81.85,0.003,-0.33,-0.01,0.29,27.58
30.75,6.54,95.5,25.71,764.69,-81.4,0.025,0.29,0.39,-0.73,27.3
30.7,6.04,95.1,26.38,764.21,-82.77,0.055,1.19,0.08,-0.43,28.26
30.74,5.88,93.9,26.41,776.84,-83.34,0.031,0.0,1.13,0.11,28.01
30.52,6.13,94.1,26.66,761.02,-80.23,0.044,-1.28,-0.37,-0.36,27.82
30.72,6.39,93.4,26.32,763.71,-81.35,0.013,-0.94,0.59,0.76,28.63
30.64,6.83,95.7,26.29,785.23,-84.86,0.007,0.16,0.19,-0.73,27.46
30.8,6.76,95.0,26.51,781.62,-80.9,0.009,-0.19,0.56,-0.26,28.69
30.77,6.62,95.6,26.66,764.9,-82.55,0.007,-0.31,0.29,0.0,29.18
31.03,7.05,93.4,27.03,777.81,-82.76,0.073,1.27,0.55,0.33,28.45
30.92,6.18,95.8,26.75,789.78,-81.12,0.079,0.17,-0.03,0.07,28.4
30.86,6.89,94.9,27.65,796.88,-84.12,0.026,0.29,0.69,-0.54,29.2
30.8,6.98,95.9,27.57,784.16,-82.69,0.031,0.35,-0.17,-0.57,28.88
31.05,7.05,95.9,27.2,764.12,-80.76,0.064,-0.34,0.02,-1.07,30.16
30.85,6.54,95.6,27.54,800.66,-83.48,0.011,0.29,-0.23,0.42,29.16
30.91,6.79,95.1,27.41,785.25,-83.81,0.009,-0.49,0.16,0.25,29.4
30.88,7.11,96.0,27.77,779.16,-80.84,0.068,0.0,-0.62,0.1,29.79
30.83,7.56,95.1,27.62,772.74,-84.25,0.006,-0.23,1.27,0.13,28.96
30.89,7.87,96.7,28.76,810.78,-82.53,0.199,-0.75,-0.03,0.56,29.8
30.66,7.15,95.3,27.54,805.36,-85.61,0.048,-0.16,0.1,0.35,30.32
30.71,7.02,95.9,27.74,803.1,-82.63,0.065,-0.14,0.54,0.3,29.92
30.94,7.72,95.4,28.18,820.37,-84.77,0.009,-0.39,0.42,0.52,29.58
31.09,8.32,96.1,28.38,813.82,-82.7,0.057,-0.02,-0.36,0.19,29.94
30.94,7.92,95.2,28.45,824.43,-85.01,0.013,-0.85,0.74,0.07,29.42
30.81,7.41,95.4,28.81,795.0,-83.52,0.017,-1.64,0.51,-0.37,30.14
30.72,8.55,97.8,28.71,809.08,-87.31,0.031,-1.57,-1.36,-0.95,30.76
30.99,7.95,96.7,28.29,793.61,-84.71,0.095,-0.09,0.4,-0.45,30.13
30.82,7.55,96.3,29.04,807.67,-84.54,0.023,0.3,-1.4,0.33,30.71
30.96,8.41,96.4,28.94,807.51,-86.25,0.028,0.14,-0.58,-0.25,29.89
30.93,7.61,96.2,29.26,816.13,-84.82,0.069,0.68,-0.02,-0.15,31.28
30.93,7.73,95.8,28.83,810.03,-80.98,0.008,0.27,0.66,0.35,31.02
30.87,8.17,96.4,29.24,815.37,-86.62,0.02,-0.22,0.61,-0.9,30.4
30.9,7.98,95.1,27.94,815.57,-84.52,0.063,-0.36,-0.61,0.38,30.1
30.83,8.03,97.0,28.75,829.33,-86.18,0.053,0.78,-0.32,0.4,30.45
30.76,8.06,95.7,28.63,803.71,-83.59,0.002,1.35,-0.54,-0.04,30.79
30.71,8.41,96.2,29.21,796.39,-85.09,0.002,0.16,0.31,-0.02,31.12
30.52,7.4,96.7,28.72,807.04,-86.34,0.06,0.4,0.06,-0.09,29.85
30.77,8.21,95.8,29.33,795.18,-85.49,0.009,-0.74,0.86,0.33,31.18
30.96,8.06,94.6,29.27,816.5,-83.23,0.013,-0.97,-0.06,-0.39,30.8
30.85,7.93,96.2,28.79,797.17,-86.57,0.034,0.83,-0.18,-0.16,30.23
30.77,7.95,96.4,29.08,792.53,-84.6,0.033,-0.94,0.13,0.59,29.66
30.64,7.39,93.4,28.91,791.5,-87.62,0.037,0.47,0.39,-0.22,30.72
30.83,7.95,94.7,29.02,801.28,-85.47,0.003,1.15,0.24,0.2,30.73
30.67,8.58,94.9,29.22,790.27,-86.31,0.027,0.97,0.35,0.04,30.37
30.86,8.45,94.3,28.82,783.03,-84.45,0.02,-0.12,-0.2,-0.14,30.95
30.53,8.14,93.4,28.33,803.57,-86.39,0.049,-0.24,0.09,0.32,31.36
30.53,7.77,93.5,29.09,775.69,-84.46,0.005,0.13,-1.36,0.19,30.34
30.5,8.44,92.6,29.22,781.8,-87.64,0.036,-0.66,0.38,0.22,30.16
30.4,8.57,94.7,28.21,785.04,-88.29,0.043,-0.06,-1.25,0.74,31.09
30.44,8.48,94.8,28.74,759.15,-88.0,0.131,0.64,0.3,-1.45,30.26
30.54,7.86,94.7,28.38,777.08,-85.9,0.028,1.35,-0.17,0.07,30.55
30.41,7.88,93.4,29.05,758.43,-88.27,0.009,0.7,0.22,0.19,29.98
30.01,8.61,93.4,29.01,773.78,-90.04,0.056,0.69,0.48,-0.66,30.61
30.57,7.73,93.9,28.25,752.4,-87.25,0.048,0.88,0.27,-0.83,29.58
30.21,8.21,92.6,28.0,765.31,-86.54,0.001,-1.32,0.78,-0.87,30.05
30.46,7.51,91.8,28.48,765.69,-87.5,0.042,0.06,0.3,1.81,30.03
30.36,7.92,91.9,27.93,759.39,-88.55,0.035,-0.9,-0.73,-1.06,29.75
30.58,8.15,92.3,28.54,749.33,-85.13,0.008,-0.65,1.75,-0.89,29.48
30.42,7.93,91.4,28.11,740.46,-85.7,0.027,-0.1,-0.7,-0.08,30.35
30.21,8.06,92.1,28.63,732.87,-86.42,0.022,0.91,0.59,0.67,29.85
30.15,7.49,90.4,28.55,749.11,-85.0,0.009,-0.19,-0.19,0.37,29.08
30.38,7.57,91.1,28.43,723.1,-88.32,0.019,-0.34,0.42,-0.08,28.56
29.99,7.92,91.4,27.92,715.33,-87.3,0.006,-0.07,0.08,0.39,29.8
30.16,7.93,90.9,27.35,727.89,-85.24,0.005,-0.03,-0.18,0.4,28.72
30.09,7.74,90.0,27.06,708.74,-86.76,0.084,-0.92,-0.13,-0.05,28.99
30.03,7.91,90.9,27.68,702.6,-84.45,0.026,0.73,0.43,-0.65,28.88
30.08,7.07,90.3,27.59,693.0,-89.62,0.05,-0.11,-0.13,0.87,28.83
30.03,7.37,88.2,27.33,697.89,-89.72,0.012,-0.5,-0.95,0.29,27.91
30.02,8.0,90.0,26.66,697.12,-87.73,0.012,0.53,0.19,0.06,28.32
29.95,7.78,89.0,26.72,695.56,-86.1,0.021,-0.59,0.62,0.02,28.31
29.95,7.53,88.7,26.91,697.78,-85.89,0.058,0.42,0.36,0.64,28.16
29.88,7.23,88.2,26.54,688.64,-87.3,0.089,0.01,0.03,0.55,28.32
29.75,7.52,87.8,26.35,676.53,-85.37,0.001,-0.9,-0.89,-1.17,27.96
29.8,7.27,88.5,26.15,671.49,-86.27,0.019,0.34,-0.03,-1.06,27.93
29.68,6.62,88.6,26.31,673.59,-86.77,0.063,-0.9,-0.08,0.39,27.36
29.63,7.31,88.0,26.15,676.22,-84.84,0.024,-0.09,-1.13,0.3,28.13
29.65,6.68,88.4,25.79,659.74,-86.7,0.018,-0.88,-0.95,-0.66,27.18
29.64,7.09,87.8,25.95,648.76,-87.85,0.005,0.47,-1.09,-0.23,27.28
29.63,6.31,85.5,25.89,638.5,-87.04,0.018,-0.52,0.29,0.37,27.03
29.7,7.2,86.1,25.78,628.95,-88.2,0.04,-0.0,-0.09,-0.16,27.01
29.5,6.57,87.6,25.18,645.04,-86.92,0.034,0.52,0.2,0.56,27.15
29.55,6.24,85.4,25.26,639.15,-87.8,0.017,-0.75,0.93,-1.37,26.18
29.5,6.3,83.9,25.23,634.16,-88.52,0.044,-0.56,-0.25,0.17,26.68
29.38,6.33,87.4,25.12,622.13,-87.18,0.027,-0.74,-0.6,0.17,26.48
29.43,6.35,85.9,24.46,632.54,-88.65,0.01,-0.66,0.47,0.2,26.1
29.51,6.67,84.9,24.66,608.72,-85.21,0.004,0.7,-0.13,0.26,25.96
29.38,6.22,84.5,24.83,618.24,-85.31,0.033,0.05,0.46,0.41,25.24
29.36,5.47,85.4,24.27,603.46,-84.67,0.006,-0.25,0.3,0.27,25.4
29.21,5.68,85.1,24.45,592.98,-86.92,0.007,-0.67,-0.57,0.06,24.61
29.5,6.8,84.7,24.18,600.24,-85.36,0.01,-0.28,-0.34,-0.47,25.09
29.16,5.94,84.1,23.86,593.73,-87.68,0.089,-0.23,-0.52,-0.78,25.02
29.01,6.11,83.0,24.31,588.58,-86.74,0.034,-0.51,0.09,0.54,24.33
29.28,5.66,83.8,23.62,581.26,-84.26,0.079,0.22,0.92,-0.06,24.84
29.14,5.38,84.5,23.5,575.58,-83.95,0.008,-0.54,0.19,-0.42,25.05
29.09,5.46,83.0,23.25,595.42,-85.43,0.029,-0.85,0.41,-0.54,24.49
29.03,5.57,83.7,23.79,579.04,-84.51,0.034,-0.75,1.14,-0.06,24.24
29.29,5.33,82.7,23.61,570.17,-85.78,0.09,-0.3,0.39,0.02,23.88
29.09,5.97,83.4,23.38,559.88,-83.82,0.019,0.81,-0.63,0.07,24.08
29.09,5.14,81.8,23.14,564.75,-86.6,0.031,0.87,-0.61,-0.49,23.37
29.02,4.94,82.4,22.38,555.87,-84.95,0.063,-0.9,-0.5,-0.06,22.66
29.01,5.44,82.6,22.39,547.06,-83.25,0.005,-0.57,-0.45,-0.43,24.1
29.12,5.41,81.5,22.14,539.97,-85.68,0.072,-1.35,-0.87,0.11,23.7
28.9,5.08,82.2,22.63,538.51,-84.83,0.012,-0.12,-0.06,0.31,22.73
28.73,4.82,81.7,22.95,504.04,-84.05,0.017,-0.43,-0.43,0.98,22.45
28.99,4.38,81.6,22.24,534.39,-83.17,0.021,0.16,0.77,-0.68,22.93
28.93,5.25,80.9,22.45,524.06,-85.58,0.038,-0.56,0.92,0.04,22.77
28.86,5.09,82.1,21.89,541.64,-83.79,0.005,0.54,-0.11,-0.88,22.94
28.89,4.65,80.4,21.72,522.8,-82.76,0.035,0.23,-0.34,-0.88,22.34
28.77,4.74,81.3,21.28,507.74,-82.65,0.003,-0.13,-0.61,-0.17,22.81
28.81,4.61,80.3,21.57,516.28,-84.05,0.014,-0.52,-0.06,-0.44,22.13
28.77,5.12,80.8,21.56,503.6,-84.39,0.029,1.33,0.84,-0.22,22.58
28.71,4.27,81.2,21.49,516.21,-83.76,0.005,-0.01,0.45,-0.58,21.9
28.91,4.35,80.4,21.04,511.94,-84.67,0.033,-0.18,0.62,-0.39,21.5
28.58,4.28,78.1,20.96,516.3,-82.68,0.093,0.13,0.32,0.84,21.59
29.03,4.55,79.4,20.77,496.65,-83.15,0.094,-1.18,-0.0,-0.11,21.89
28.84,4.44,78.6,20.49,502.88,-86.89,0.026,-0.41,0.64,0.16,21.66
28.51,4.45,80.3,20.89,487.01,-82.55,0.022,0.4,-0.82,0.07,21.44
28.69,4.1,80.2,19.82,505.94,-83.69,0.017,0.5,-0.75,-0.52,20.9
28.69,4.78,79.9,19.81,502.54,-82.58,0.018,0.3,-0.07,0.45,21.2
28.76,4.17,79.6,20.11,500.88,-80.41,0.025,-1.3,-0.13,0.7,20.87
28.59,4.64,80.3,19.77,494.66,-83.92,0.017,-0.11,0.32,0.45,20.77
28.71,5.2,78.9,20.51,497.66,-83.01,0.017,-0.53,-0.72,-0.37,21.36
28.69,3.98,80.8,19.9,508.59,-82.63,0.01,0.28,0.31,0.16,20.58
28.61,4.33,80.1,20.29,488.88,-84.1,0.034,0.09,-0.52,-0.28,20.48
28.6,4.18,79.2,20.37,492.46,-81.86,0.062,0.47,-0.19,-0.3,20.87
28.81,4.82,79.7,19.87,479.71,-81.22,0.001,-0.23,1.29,-0.1,20.31
28.5,4.12,79.9,19.9,481.54,-82.31,0.1,0.05,-0.01,0.58,20.4
28.77,4.28,78.9,20.16,491.02,-80.77,0.039,0.86,-0.02,0.64,21.34
28.81,4.27,80.6,20.02,501.05,-79.22,0.0,0.93,0.12,0.05,20.45
28.69,4.17,80.9,18.9,487.57,-82.35,0.003,0.59,-0.15,-0.18,20.74
28.73,4.43,80.2,19.44,488.06,-81.41,0.081,-1.06,1.01,1.1,21.44
28.87,4.24,80.9,19.72,486.8,-81.48,0.033,-0.28,-0.09,-0.49,20.48
28.66,4.37,82.3,19.59,486.12,-78.24,0.002,0.79,0.24,0.65,20.58
28.68,4.3,78.8,19.13,495.18,-79.91,0.012,-0.02,-1.14,0.55,20.47
28.71,4.08,80.4,18.86,478.17,-79.02,0.065,-0.42,-0.19,-0.22,20.2
28.92,4.19,79.4,19.65,507.02,-80.78,0.058,0.09,0.73,0.23,20.36
28.95,4.46,81.8,19.12,488.78,-77.66,0.006,-0.37,-0.98,0.16,20.23
28.64,4.49,80.8,19.36,504.02,-78.72,0.017,0.09,-0.71,-0.48,19.94
28.94,4.72,80.2,19.45,485.63,-81.43,0.042,0.1,0.69,0.02,20.63
28.94,4.94,80.6,19.34,506.7,-81.75,0.035,-0.35,0.23,0.23,19.58
29.04,4.26,82.0,19.08,508.55,-79.74,0.003,0.12,0.05,0.06,20.32
28.92,4.49,81.4,19.38,507.64,-78.91,0.027,-0.28,0.18,-0.63,20.22
28.89,4.43,81.6,19.23,495.97,-80.11,0.001,-0.3,-0.46,-0.93,19.94
29.05,4.19,82.5,20.02,510.67,-80.53,0.013,0.18,-1.17,-0.47,20.63
29.02,4.74,82.2,19.54,498.74,-77.85,0.022,0.36,-0.55,0.07,20.01
29.22,4.84,82.5,20.39,510.57,-78.64,0.001,0.03,-1.19,-0.12,20.29
29.09,4.34,81.7,19.06,526.06,-79.17,0.056,-0.65,0.06,-0.37,20.79
29.02,4.59,80.1,19.45,526.54,-80.03,0.016,-0.57,0.12,0.45,19.77
28.88,4.62,82.2,19.49,521.66,-78.91,0.016,0.78,0.12,-1.14,21.03
28.98,4.36,81.7,19.37,514.81,-79.82,0.003,-0.14,-1.27,0.49,20.64
28.9,4.86,83.1,19.57,534.2,-77.2,0.019,-0.41,0.73,0.08,20.59
29.08,4.58,81.2,19.58,531.24,-77.34,0.003,1.18,-0.03,0.85,20.23
29.24,5.03,83.5,19.46,511.26,-79.76,0.005,0.79,-0.33,-0.1,20.89
29.16,5.12,83.1,20.5,545.83,-79.61,0.054,0.65,-0.57,-0.2,20.94
29.31,5.22,83.5,19.91,541.4,-76.16,0.034,0.0,0.63,-0.41,21.22
29.25,5.3,83.9,20.33,557.42,-76.81,0.027,-0.14,0.33,0.62,20.9
29.19,5.69,83.6,20.43,538.3,-76.87,0.021,-0.13,-0.55,0.04,20.79
29.28,5.06,83.6,20.66,521.44,-76.09,0.019,-0.19,0.58,-0.01,21.4
29.36,5.14,84.9,19.9,560.05,-79.16,0.091,0.27,-1.19,-0.15,21.14
29.35,5.64,84.7,20.78,564.31,-77.93,0.142,0.52,0.12,0.74,21.67
29.38,5.47,85.0,20.4,548.72,-74.66,0.015,-1.56,1.36,0.12,21.16
29.31,5.92,84.6,21.23,560.15,-75.14,0.0,-0.55,-0.45,-0.28,22.0
29.38,5.82,85.0,20.8,601.88,-76.44,0.072,-0.37,-1.27,0.91,22.39
29.73,6.3,85.2,20.32,575.74,-76.92,0.012,-1.02,1.06,-0.58,21.85
29.64,5.77,84.0,21.27,590.64,-76.32,0.077,0.12,0.76,0.44,22.57
29.35,5.43,84.5,21.34,581.43,-77.18,0.023,-0.71,-0.05,-0.14,22.46
29.28,6.05,85.8,20.59,571.69,-78.03,0.1,0.71,0.45,0.44,22.42
29.61,6.0,84.6,21.42,595.61,-78.12,0.022,-0.09,-0.63,-0.07,22.41
29.74,6.26,86.3,21.84,599.43,-73.56,0.017,0.06,0.92,0.78,22.33
29.6,6.37,85.9,21.57,602.91,-77.64,0.077,0.47,0.2,-0.42,23.16
29.82,6.09,86.8,21.18,610.62,-75.12,0.038,0.18,0.2,0.1,23.22
29.74,6.02,87.3,22.0,619.31,-79.86,0.055,0.07,-0.22,-0.48,22.54
29.75,6.36,85.9,22.01,620.1,-77.35,0.002,-0.22,0.71,0.57,23.15
29.89,5.76,87.9,21.83,613.92,-76.67,0.029,-0.12,0.39,-0.56,22.93
29.77,6.57,87.5,21.88,636.4,-77.27,0.033,-0.42,0.78,0.07,23.59
29.84,6.5,86.3,22.41,617.05,-77.55,0.004,0.55,-0.03,0.06,23.85
29.99,6.95,88.0,22.0,621.06,-74.94,0.011,0.3,-0.35,-0.36,23.08
29.94,6.17,88.9,22.53,653.97,-75.78,0.067,1.23,0.29,0.34,23.82
30.2,6.84,88.6,23.02,656.68,-77.07,0.008,0.31,0.44,-0.79,24.18
30.09,7.38,88.8,23.27,656.06,-77.17,0.045,0.1,0.78,-0.0,24.21
30.12,7.18,89.5,22.7,647.7,-78.21,0.001,0.16,0.04,0.14,25.04
30.07,7.34,89.2,22.48,659.58,-77.81,0.006,-0.42,0.19,0.27,23.86
30.22,7.22,89.7,22.93,669.02,-77.71,0.002,0.72,-0.21,-0.49,25.19
30.1,6.69,89.1,23.61,660.66,-76.76,0.016,-0.1,0.09,0.91,24.46
30.21,7.3,89.9,23.22,674.17,-71.47,0.007,-1.25,0.66,0.6,24.12
30.1,7.44,92.1,24.0,693.0,-76.87,0.009,-0.82,-0.87,0.53,25.26
30.36,7.05,91.0,23.52,705.62,-76.7,0.021,-0.1,-0.37,-1.21,25.25
30.31,7.4,91.3,23.73,691.99,-76.85,0.022,-0.91,-1.05,-0.05,25.5
30.54,6.62,90.8,24.02,708.54,-75.33,0.007,-0.59,0.0,0.55,25.83
30.62,7.45,91.2,24.56,686.57,-77.92,0.057,0.47,0.24,0.28,26.01
30.45,7.47,91.6,23.82,716.99,-77.51,0.012,0.51,-1.43,0.68,25.74
30.4,8.08,92.7,24.63,706.98,-74.36,0.014,0.38,-0.81,0.19,26.44
30.31,7.53,93.1,24.77,722.65,-75.61,0.068,0.47,0.1,-0.02,25.47
30.56,7.68,92.0,24.48,721.59,-75.76,0.017,0.39,-1.24,-0.32,26.4
30.5,7.78,92.6,25.1,741.7,-74.69,0.007,0.45,0.17,-0.02,27.05
30.57,7.67,92.6,25.06,724.09,-75.98,0.003,0.23,0.33,-0.24,26.87
30.74,8.1,93.6,24.88,743.37,-77.85,0.033,0.35,0.23,0.13,26.93
30.46,7.33,93.6,25.39,738.47,-75.34,0.006,0.98,-0.45,-0.23,26.93
30.47,8.31,93.3,25.2,743.76,-75.26,0.048,-0.14,0.81,-0.73,27.37
30.58,7.99,94.4,25.48,747.5,-78.41,0.067,1.37,0.27,-0.45,27.27
30.73,8.42,94.2,26.16,744.77,-75.71,0.021,-0.22,-0.03,-0.22,27.78
30.72,7.24,93.3,25.88,756.88,-75.23,0.026,-0.29,-0.43,-0.36,27.47
30.56,7.35,94.1,26.43,760.07,-75.2,0.002,0.18,0.67,0.74,28.44
30.78,8.02,94.1,26.21,766.69,-75.03,0.032,-0.25,0.57,-0.2,28.19
30.57,8.28,93.6,26.07,768.58,-75.71,0.073,-1.31,0.48,-1.0,28.84
30.63,7.98,94.4,26.7,779.06,-74.88,0.0,-0.54,-0.8,0.32,28.1
30.73,8.34,95.6,26.86,783.54,-77.93,0.007,-0.36,-0.09,-1.04,28.88
30.7,8.47,95.7,26.36,766.9,-74.16,0.012,-0.24,-0.26,0.22,28.02
30.89,8.39,95.7,27.32,789.08,-79.37,0.051,-1.06,-0.04,0.45,28.95
30.83,8.23,95.7,27.58,771.37,-75.32,0.003,-0.43,0.44,-0.63,28.74
31.02,8.23,95.4,27.38,791.83,-78.1,0.017,-0.38,1.33,-0.14,28.96
30.79,8.02,94.8,27.31,794.73,-74.87,0.006,-0.44,-0.53,0.43,29.32
30.82,8.18,95.8,28.1,771.87,-75.72,0.073,-0.22,-1.08,0.68,29.45
30.99,7.89,94.2,27.69,794.22,-77.71,0.007,0.5,0.04,0.27,29.6
30.85,7.95,95.0,27.68,790.77,-77.36,0.011,0.55,0.56,0.37,29.52
31.05,8.33,96.5,28.31,789.89,-77.7,0.024,0.15,0.26,-0.55,29.7
30.94,8.03,95.3,28.38,812.86,-76.02,0.003,0.63,-0.32,-0.96,29.5
30.6,7.93,96.3,27.41,794.55,-79.32,0.017,0.03,-1.16,-0.03,29.43
31.03,8.27,95.5,27.83,794.6,-77.64,0.011,0.68,1.11,-1.13,29.85
31.0,8.22,96.3,28.3,804.85,-76.66,0.061,0.23,-1.15,0.08,29.01
31.01,8.02,94.7,28.61,812.22,-80.33,0.048,-0.4,1.38,-0.13,30.12
30.67,8.02,97.0,27.86,805.08,-79.51,0.078,-0.38,0.15,-0.25,30.39
30.82,8.16,95.1,28.66,819.13,-75.86,0.01,0.34,-1.22,0.35,30.36
30.83,8.29,94.9,28.28,813.59,-80.61,0.051,0.46,-0.43,-0.33,29.94
30.8,8.03,97.0,28.74,787.15,-79.32,0.052,-0.6,0.85,-0.68,29.44
31.11,7.57,96.0,28.36,804.14,-75.51,0.004,1.23,-0.89,0.14,30.58
30.89,7.82,95.7,27.8,804.16,-77.53,0.021,0.54,-1.15,0.88,30.06
30.89,7.73,97.2,28.05,814.76,-76.26,0.108,-0.25,-0.98,0.35,29.92
30.95,7.49,96.5,28.33,783.74,-79.49,0.053,-0.61,0.58,0.54,30.86
30.95,7.91,95.6,28.57,835.35,-80.52,0.032,-0.91,-0.31,0.21,29.99
30.47,7.88,95.8,28.81,814.88,-78.39,0.022,0.83,0.21,0.4,30.5
30.79,7.88,96.7,28.67,810.62,-77.99,0.037,0.49,-0.68,0.4,31.31
30.69,7.31,95.0,28.87,820.34,-81.25,0.048,0.02,0.98,0.1,30.36
30.89,7.6,96.9,28.75,831.2,-78.88,0.02,0.21,-0.37,-0.37,30.23
30.8,7.49,95.3,28.94,815.56,-80.26,0.041,-1.34,-0.12,0.58,30.88
30.82,7.53,94.9,29.29,815.27,-79.04,0.005,-1.38,-0.02,0.28,30.82
30.56,7.42,96.4,28.98,805.87,-77.74,0.015,0.29,0.62,-0.01,30.03
30.76,7.31,96.0,29.18,801.77,-79.8,0.002,0.16,0.59,0.01,30.72
30.91,7.21,93.9,29.25,796.9,-77.75,0.044,0.08,0.04,0.38,31.17
30.93,7.52,95.1,28.94,791.72,-80.0,0.007,0.92,0.99,-0.13,31.25
30.83,6.86,94.2,28.37,791.29,-78.42,0.005,0.43,0.6,0.81,30.58
30.57,7.0,95.6,29.08,782.68,-78.61,0.017,-0.3,-0.42,0.41,30.86
30.86,7.31,96.2,28.74,793.31,-79.08,0.023,-0.3,-0.5,0.39,30.86
30.77,6.67,95.1,29.26,774.97,-79.84,0.005,0.35,-0.39,-0.22,31.02
30.65,6.61,93.9,29.41,791.33,-77.67,0.014,0.33,-0.54,0.21,30.55
30.4,6.99,95.1,28.82,786.52,-80.12,0.026,1.12,-0.52,-0.38,31.06
30.74,6.27,94.2,28.94,785.68,-79.48,0.003,-0.43,-0.09,1.13,30.21
30.53,6.82,94.0,29.08,776.19,-82.92,0.011,-0.58,-0.57,0.75,30.77
30.62,6.4,93.5,28.52,809.25,-79.75,0.009,0.1,-0.88,-0.02,30.0
30.56,6.6,93.8,28.76,789.02,-79.47,0.038,0.03,-0.17,-0.16,29.63
30.71,6.04,93.5,28.17,759.79,-81.72,0.005,0.69,0.43,0.59,30.53
30.48,6.68,91.5,29.02,771.26,-79.38,0.02,0.09,0.47,0.75,31.4
30.47,5.89,93.2,29.18,759.43,-82.88,0.012,0.27,1.49,-0.23,30.28
30.63,6.39,92.9,28.57,751.83,-82.98,0.038,-1.04,-0.62,0.06,29.99
30.34,5.75,93.1,28.2,744.93,-81.09,0.099,0.76,-1.32,0.32,30.49
30.48,6.57,91.0,28.48,758.9,-81.31,0.06,0.0,0.34,0.15,29.73
30.33,5.93,92.8,27.87,743.91,-82.77,0.022,-1.03,-0.18,0.54,29.12
30.21,6.46,92.2,28.09,756.45,-83.94,0.058,0.24,0.3,1.34,30.11
30.3,5.56,92.4,28.01,752.66,-80.47,0.037,-0.43,0.22,0.25,30.25
30.35,5.59,90.4,27.88,752.31,-84.73,0.006,-0.58,0.96,0.72,29.58
30.4,6.02,90.5,28.05,725.82,-81.84,0.035,0.18,-0.72,-0.4,29.55
30.38,5.15,89.8,28.03,734.79,-83.91,0.026,-0.62,0.16,0.62,29.07
30.13,5.3,91.2,27.79,731.97,-82.37,0.007,0.32,-0.29,0.41,29.14
30.02,5.59,90.5,28.0,716.43,-83.1,0.108,-0.23,-1.83,0.6,29.18
30.07,5.07,90.5,27.71,708.92,-80.57,0.051,-0.06,0.53,0.08,28.98
29.93,5.46,89.2,27.29,728.13,-81.09,0.044,0.25,0.97,0.2,28.86
30.01,5.29,89.1,27.32,709.65,-83.57,0.113,-0.8,0.22,-0.33,27.46
29.96,4.72,87.9,27.21,709.01,-81.69,0.133,0.04,0.64,-0.7,28.65
30.06,5.4,88.5,26.99,689.66,-86.35,0.019,0.86,-0.78,-0.6,27.92
29.67,4.67,88.9,27.18,680.87,-83.9,0.021,0.26,0.15,0.35,28.51
29.81,5.22,88.6,26.13,682.51,-84.23,0.057,0.39,0.05,-0.12,28.6
29.78,4.96,88.8,26.76,682.06,-87.01,0.03,0.31,0.11,-1.27,28.26
29.97,4.73,89.2,26.73,667.73,-84.74,0.002,-0.92,-0.7,0.26,27.43
29.66,4.48,87.8,26.7,673.31,-82.45,0.035,0.25,0.89,-1.0,27.41
29.79,4.86,88.5,26.74,651.54,-84.03,0.019,-0.02,0.97,-0.25,27.57
29.71,4.45,88.5,26.17,652.22,-83.63,0.002,-0.29,0.0,-0.87,27.79
29.82,5.02,88.5,26.37,665.12,-86.19,0.074,1.12,0.29,-0.01,27.69
29.73,4.99,87.8,26.15,659.42,-86.01,0.008,-1.63,-0.09,-0.41,27.29
29.64,5.06,87.2,25.89,644.44,-84.95,0.091,2.0,-0.92,0.01,26.6
29.52,4.61,86.0,25.17,633.16,-84.35,0.021,0.54,-0.77,-0.28,27.3
29.33,4.36,86.8,25.89,628.04,-84.07,0.031,0.52,1.46,0.96,26.66
29.55,4.36,86.1,25.4,629.57,-85.04,0.009,-0.89,-0.62,0.48,26.35
29.55,4.3,87.2,25.13,634.76,-86.04,0.128,-0.21,-0.7,-0.1,26.15
29.27,4.45,86.0,24.67,632.63,-86.07,0.001,-1.33,-0.18,0.29,25.58
29.28,4.48,85.5,24.07,613.44,-86.42,0.059,-0.44,1.11,0.32,26.47
29.42,4.69,86.5,25.44,601.96,-86.6,0.002,-0.22,-0.72,0.31,25.81
29.4,4.3,84.8,24.73,611.3,-86.88,0.071,0.2,1.54,-0.32,25.42
29.21,3.86,84.9,24.09,595.55,-84.87,0.072,-0.25,0.84,-0.21,25.78
29.23,4.13,86.3,23.88,593.81,-85.69,0.014,-0.13,-0.75,0.21,25.69
29.05,4.71,84.7,24.07,607.51,-85.06,0.027,0.03,0.72,-0.5,24.52
29.4,3.76,85.2,24.3,597.84,-86.37,0.058,-0.64,-0.65,-0.79,25.67
29.05,4.44,85.2,24.09,586.53,-86.14,0.011,-0.24,-0.48,0.46,25.77
29.24,4.09,83.4,23.96,567.67,-88.85,0.004,-0.54,0.19,-0.81,24.76
29.15,3.94,84.3,23.26,578.01,-85.04,0.074,-0.35,0.64,-0.32,24.66
29.28,4.32,83.1,23.36,582.11,-85.66,0.002,-0.2,-0.03,-0.22,25.36
29.0,4.67,84.8,23.32,563.38,-86.12,0.004,0.16,-0.09,-0.2,23.8
29.08,4.31,84.2,23.11,576.39,-85.0,0.006,-0.15,-0.38,0.72,23.88
28.84,4.13,83.4,23.17,571.64,-83.88,0.029,-0.25,0.1,-0.11,24.16
28.79,3.83,83.4,23.38,571.26,-87.67,0.012,-0.72,0.09,0.02,24.23
29.07,4.2,81.9,22.76,553.69,-84.43,0.024,-0.85,0.17,0.25,23.63
28.76,3.85,83.6,22.34,552.62,-84.71,0.045,-0.05,0.59,-0.05,23.14
28.92,4.17,81.4,21.9,557.1,-87.28,0.028,-0.22,-0.5,0.46,23.83
29.05,4.26,82.2,22.33,543.75,-88.34,0.072,0.23,0.35,0.24,23.17
29.0,3.6,81.2,21.9,530.69,-86.32,0.003,-1.0,0.08,0.63,23.03
28.81,4.75,82.3,22.15,527.76,-85.09,0.078,0.41,0.2,0.2,23.26
28.68,3.99,82.8,21.99,531.28,-88.71,0.02,-0.45,1.05,0.09,23.35
28.91,4.33,81.7,22.28,512.77,-88.73,0.002,-0.25,-0.07,-1.0,22.7
29.0,4.58,81.4,21.68,521.14,-86.01,0.066,0.14,-0.21,-0.51,22.66
28.74,4.85,81.0,21.64,530.56,-86.7,0.004,-0.42,-0.4,0.46,22.76
28.71,4.26,81.0,21.13,494.83,-85.65,0.033,-0.89,-0.33,-0.33,22.12
28.73,3.79,80.5,20.73,529.37,-86.52,0.01,-0.19,0.17,-0.02,21.87
28.84,4.91,82.0,21.49,522.67,-86.42,0.003,-0.78,-1.56,0.07,21.82
28.91,4.25,81.2,21.43,504.4,-86.74,0.056,-0.91,-0.98,-0.14,21.48
28.6,4.78,80.2,20.78,512.13,-86.93,0.017,0.39,-0.34,0.85,21.3
28.56,4.85,80.5,20.11,504.56,-86.01,0.029,0.02,-0.65,-1.11,22.51
29.01,3.8,82.7,21.16,514.81,-89.03,0.037,0.16,0.64,0.56,21.16
28.7,4.35,80.5,21.0,510.46,-87.07,0.024,0.34,0.78,0.12,21.52
28.75,4.75,81.4,20.44,484.91,-87.65,0.045,0.19,0.03,-0.28,21.28
28.63,4.17,79.7,20.76,503.2,-87.73,0.021,-0.41,0.09,0.49,21.64
28.77,4.6,80.5,20.29,493.84,-86.03,0.016,-0.12,-0.02,-0.57,21.18
28.82,5.1,79.6,20.29,495.45,-85.74,0.042,-0.46,-0.95,0.47,21.6
28.74,5.1,79.6,19.56,486.22,-85.76,0.007,0.2,-0.72,-0.42,20.91
28.91,5.28,80.7,20.48,510.01,-85.7,0.086,-0.78,-1.18,-0.25,20.98
28.66,5.39,79.3,19.37,502.12,-86.48,0.011,-0.52,-0.46,0.34,21.11
28.67,4.82,79.0,20.51,483.66,-89.01,0.001,0.03,0.7,-0.04,20.82
28.73,5.01,80.5,20.48,477.22,-87.21,0.023,-0.16,0.43,0.38,20.89
28.76,5.69,79.6,18.89,486.36,-86.14,0.011,-0.64,-0.4,0.1,20.73
28.74,5.99,79.8,20.27,494.38,-86.53,0.005,-1.74,-0.24,-0.14,20.0
28.56,5.32,78.6,19.59,492.41,-85.38,0.046,-0.24,-0.68,0.08,20.82
28.76,5.76,79.1,19.77,502.67,-86.21,0.027,-0.04,0.37,0.27,20.94
28.68,5.99,80.3,19.09,498.33,-86.47,0.027,0.34,1.02,-0.16,20.38
28.67,5.9,80.0,19.43,500.57,-87.76,0.022,-0.24,1.06,0.27,20.32
28.75,5.82,80.9,19.1,494.75,-87.02,0.031,0.55,0.67,-0.08,20.49
28.64,5.78,79.6,19.2,478.35,-84.92,0.077,0.48,-0.73,-0.06,21.12
28.63,6.64,80.2,19.88,491.2,-86.85,0.012,-0.13,-0.08,0.22,20.21
28.46,6.15,80.5,19.78,504.83,-85.13,0.03,0.39,0.0,-0.37,20.56
29.0,6.32,80.4,19.71,494.93,-88.9,0.046,0.5,-0.91,-0.76,20.23
28.87,6.37,81.1,19.22,501.86,-87.43,0.007,-0.3,0.61,0.18,20.54
28.81,6.11,79.8,19.16,495.17,-88.54,0.04,-0.32,-0.47,-0.94,19.79
28.76,6.44,81.2,18.82,489.73,-89.46,0.014,0.13,1.51,0.32,21.03
28.51,6.4,81.8,19.64,500.62,-88.71,0.055,-0.23,-0.46,0.91,20.47
28.79,6.47,80.4,20.09,506.92,-86.13,0.01,1.14,0.28,0.33,20.23
28.98,6.74,81.5,19.93,499.39,-83.62,0.035,0.42,-1.01,0.9,20.26
29.03,6.45,81.6,19.45,505.84,-88.11,0.021,0.18,-0.72,-0.38,20.5
29.01,6.43,81.9,19.64,501.21,-85.59,0.042,-0.33,-0.8,-0.86,21.22
28.97,7.02,81.6,19.58,524.33,-85.86,0.05,1.02,0.81,0.08,21.07
29.13,6.78,82.9,19.84,512.86,-85.36,0.004,-0.28,-0.16,0.54,20.39
28.96,6.9,83.6,20.17,533.14,-85.67,0.009,0.24,-0.32,-0.09,20.58
29.15,6.5,82.6,19.4,536.83,-86.25,0.009,0.64,1.11,0.77,20.65
29.0,7.43,82.5,19.46,523.79,-88.49,0.001,0.27,-0.96,1.44,19.87
28.97,7.36,82.4,19.59,517.7,-84.17,0.095,-0.42,1.01,-1.26,20.62
28.98,7.48,81.6,19.74,510.23,-83.38,0.024,0.13,-0.12,0.33,20.86
29.0,7.45,81.7,20.06,519.79,-84.85,0.007,-0.12,0.73,0.69,20.49
29.24,6.94,82.1,19.85,524.31,-84.62,0.025,-0.35,-0.61,0.85,21.62
29.1,7.52,83.4,19.64,555.48,-86.62,0.053,0.79,0.58,-0.56,20.56
29.09,7.33,83.2,19.71,546.61,-85.22,0.005,0.21,0.14,-0.53,20.68
29.33,7.28,84.8,19.67,553.2,-83.55,0.031,0.47,-1.26,-0.38,21.46
29.31,7.77,81.8,20.13,531.05,-85.75,0.005,-0.3,-1.42,0.26,21.38
29.42,8.17,84.1,20.61,545.33,-84.28,0.057,-0.21,0.97,-0.07,21.19
29.4,8.17,84.6,20.48,570.32,-80.77,0.008,-0.04,-1.43,0.73,21.87
29.28,7.96,85.2,20.62,568.55,-83.54,0.028,0.22,0.21,0.34,21.67
29.41,7.81,84.8,20.14,568.52,-85.43,0.001,0.88,-0.61,0.26,22.42
29.45,7.8,85.2,20.21,580.04,-79.43,0.0,-0.02,-0.68,0.02,21.09
29.35,7.63,85.3,20.78,595.21,-82.92,0.034,-0.68,0.9,0.25,21.71
29.36,7.86,85.8,21.26,581.18,-84.59,0.002,0.38,-0.1,0.04,22.7
29.45,8.25,85.6,21.23,588.69,-83.37,0.007,-0.3,-0.48,-0.06,22.35
29.81,8.56,87.6,20.81,594.58,-85.64,0.084,-0.11,-0.06,-0.27,22.24
29.55,7.8,86.6,21.96,621.3,-84.19,0.031,0.97,1.31,0.17,22.25
29.78,7.47,86.5,20.57,581.16,-81.51,0.009,-0.35,0.09,0.67,22.69
29.61,7.93,86.0,21.41,613.8,-84.54,0.033,-0.32,-0.39,-0.33,22.23
29.81,8.39,86.6,21.56,610.68,-84.67,0.15,-0.43,0.24,-0.31,22.25
29.84,8.76,88.3,21.58,622.4,-81.01,0.017,-0.58,-0.75,0.1,23.19
29.88,8.55,85.4,21.97,615.09,-78.99,0.021,-0.37,0.39,0.61,23.45
29.85,8.55,87.7,21.84,626.14,-81.32,0.023,0.14,0.57,-0.86,23.63
30.0,7.93,87.9,21.52,638.72,-79.35,0.005,-1.4,-0.27,0.39,23.23
29.92,7.94,88.5,22.15,667.74,-83.59,0.023,-0.48,-0.01,-0.22,23.37
30.11,7.8,88.6,22.38,649.71,-81.03,0.03,-0.18,0.16,0.72,23.7
29.75,8.0,89.8,22.78,638.17,-79.9,0.02,0.59,0.05,-0.64,23.46
30.02,8.47,89.0,23.1,647.44,-82.22,0.019,1.18,0.57,0.61,24.28
30.04,8.68,89.1,22.44,652.17,-82.74,0.007,-0.58,0.54,0.51,24.05
29.93,8.3,90.1,23.47,643.76,-81.34,0.026,0.35,-0.16,1.26,24.3
30.15,8.11,90.9,22.88,663.42,-80.51,0.024,0.33,-0.42,-0.44,24.42
29.93,7.85,90.4,23.0,679.04,-81.24,0.08,-0.04,-0.64,0.27,24.86
30.06,8.13,90.9,23.19,663.94,-80.45,0.014,1.05,-0.45,0.04,24.93
29.94,8.2,90.2,22.79,692.11,-82.51,0.036,-0.07,-0.71,-0.15,25.74
30.4,7.69,90.7,23.48,691.42,-80.04,0.046,0.4,0.76,0.08,24.98
30.21,8.38,92.0,24.24,684.07,-79.22,0.047,0.68,0.24,1.12,26.02
30.53,7.95,91.5,24.09,694.83,-79.81,0.025,-0.11,-0.53,-0.16,24.74
30.4,8.31,91.1,24.16,717.02,-81.26,0.029,-0.66,0.07,-0.88,25.82
30.39,8.02,91.5,24.35,713.11,-82.37,0.048,-0.97,-0.06,-0.1,25.16
30.29,8.08,92.6,24.82,710.55,-79.68,0.001,0.27,0.41,-0.33,25.54
30.27,7.74,92.9,24.22,712.71,-80.55,0.007,0.01,0.53,-0.57,25.73
30.48,7.81,91.5,25.0,720.41,-77.13,0.022,-0.23,0.77,-0.85,25.86
30.44,8.07,92.7,24.85,719.01,-77.3,0.039,0.05,-0.64,0.64,26.2
30.32,7.79,92.6,24.71,707.5,-82.11,0.006,0.63,-0.84,0.01,27.48
30.32,7.46,92.8,25.29,753.31,-79.58,0.061,0.46,0.56,-0.44,26.41
30.42,7.77,94.1,25.3,738.7,-80.19,0.022,-0.21,-0.43,-0.37,26.27
30.77,7.81,93.0,25.14,745.3,-80.71,0.014,-0.08,-0.23,1.4,27.27
30.85,8.05,92.9,25.19,744.82,-79.06,0.005,0.65,0.06,0.44,27.33
30.63,7.93,92.9,25.56,742.04,-79.88,0.025,-0.38,0.2,-0.31,28.27
30.65,7.51,93.6,25.67,751.42,-79.94,0.047,-0.1,-0.42,-0.29,27.52
30.61,7.31,93.3,26.42,741.07,-79.98,0.011,0.49,0.77,0.98,26.77
30.56,7.35,93.4,26.06,783.52,-76.35,0.021,0.57,0.33,0.39,27.66
30.86,7.2,93.5,26.14,751.98,-78.53,0.006,-0.06,0.94,-0.63,27.8
30.94,7.44,93.7,26.8,757.46,-78.21,0.009,1.2,0.45,-0.48,27.62
30.62,7.54,93.9,27.01,766.72,-76.12,0.035,0.08,0.47,0.48,28.03
30.74,7.54,95.0,26.38,787.23,-78.38,0.102,-0.78,0.78,0.44,28.33
30.71,6.97,93.3,26.36,777.6,-77.32,0.028,0.67,0.61,0.34,28.5
30.73,6.88,94.4,27.1,768.06,-78.79,0.03,-0.32,0.96,0.06,28.11
30.94,6.83,95.0,26.97,795.82,-78.35,0.064,0.41,-1.29,-0.36,29.03
30.65,6.31,96.1,26.97,793.3,-77.32,0.006,0.12,-0.34,0.73,29.57
30.88,6.46,95.1,27.65,793.95,-77.11,0.05,1.63,-0.64,0.04,29.15
30.92,6.74,95.3,27.31,798.17,-76.2,0.059,-0.24,-1.01,0.65,29.59
30.83,6.79,95.4,28.18,817.26,-75.63,0.035,-0.02,0.42,0.57,29.34
30.96,6.75,94.1,27.63,817.33,-77.23,0.001,-0.04,1.19,0.35,28.96
30.88,6.29,96.2,27.78,790.64,-75.44,0.078,-0.14,-0.22,-0.02,29.59
31.02,6.3,96.2,28.6,815.62,-78.22,0.027,-0.73,0.03,-0.12,29.39
30.7,6.29,96.4,28.03,804.94,-75.85,0.008,-0.77,0.23,-0.04,29.24
30.85,6.19,97.8,27.76,807.67,-77.93,0.02,-0.2,-0.4,0.71,29.75
30.88,6.43,94.8,27.74,787.19,-77.81,0.025,0.02,0.11,-0.21,30.2
30.57,5.76,94.7,28.02,803.68,-75.14,0.003,-0.26,1.11,-0.05,29.82
30.77,5.73,96.5,28.35,798.38,-79.97,0.027,-0.24,-0.37,0.28,30.82
30.8,5.91,95.7,28.67,815.75,-75.57,0.029,0.39,-0.34,0.94,30.5
31.01,5.51,95.2,27.89,819.0,-76.21,0.048,-0.27,-0.31,0.26,29.97
30.81,5.28,95.8,28.49,788.2,-76.2,0.077,-0.87,-0.22,0.08,30.03
30.8,5.33,95.5,29.0,809.22,-73.97,0.019,0.37,0.11,-0.18,31.18
30.99,5.63,97.4,28.71,821.0,-77.95,0.01,0.65,-0.64,1.28,30.25
30.7,5.82,97.8,29.15,808.1,-78.06,0.034,0.33,0.01,-0.08,30.58
30.64,5.75,94.6,28.2,817.28,-74.59,0.005,-0.25,-0.27,-0.46,30.65
30.84,5.96,94.7,28.69,813.37,-76.53,0.003,-0.09,0.2,0.49,29.84
30.7,5.45,95.3,28.86,812.99,-74.36,0.046,-0.23,0.36,0.24,29.88
30.7,5.42,95.3,29.05,806.41,-75.16,0.059,0.26,0.08,-0.36,30.94
30.92,5.21,95.2,28.59,796.35,-75.62,0.05,0.71,0.33,0.08,30.21
30.95,5.15,95.6,29.07,796.54,-76.4,0.066,0.24,-0.61,0.33,30.66
30.93,5.77,95.3,29.12,813.93,-76.44,0.01,-0.02,-0.01,0.4,30.07
30.95,5.16,94.5,28.94,805.96,-73.07,0.03,0.04,0.07,-0.1,30.56
30.96,5.13,94.7,29.15,803.16,-76.95,0.028,0.24,-0.1,0.3,30.78
30.54,4.62,96.6,29.1,798.93,-74.46,0.001,1.09,-0.28,0.87,29.88
30.83,5.03,95.0,28.77,798.58,-77.39,0.001,0.47,-0.08,0.18,30.72
30.7,5.05,94.9,28.94,810.43,-77.34,0.063,-0.58,0.39,0.44,30.74
30.66,5.13,93.9,28.56,794.78,-75.73,0.001,-0.58,-0.4,-0.1,30.49
30.79,4.93,94.6,28.47,782.75,-76.23,0.039,1.08,0.07,-0.18,30.22
30.5,4.65,95.6,29.06,801.48,-74.56,0.017,0.43,0.47,-0.15,30.49
30.48,4.59,95.2,28.3,789.73,-76.43,0.001,-0.62,0.47,-0.51,30.46
30.74,4.58,95.2,28.85,789.7,-76.8,0.057,-0.51,-0.54,-0.75,31.35
30.7,4.58,93.4,29.05,802.92,-77.95,0.015,-0.02,0.12,0.41,30.5
30.64,4.89,93.3,28.88,783.97,-72.55,0.04,0.68,0.04,0.32,30.32
30.49,4.79,95.0,29.61,784.26,-78.3,0.021,-0.55,0.15,0.16,30.41
30.66,4.66,94.6,28.95,766.65,-71.43,0.061,0.22,0.43,-0.59,30.57
30.63,5.01,93.5,28.66,773.18,-75.13,0.021,0.83,-0.39,1.12,30.5
30.53,3.57,94.2,28.92,778.29,-75.49,0.042,-0.45,0.59,-0.61,30.47
30.36,4.2,92.4,28.19,753.33,-78.46,0.027,-0.2,-0.29,-0.31,30.46
30.42,4.31,92.2,28.94,767.47,-75.42,0.046,1.47,0.14,-0.25,29.56
30.54,4.09,91.7,28.35,762.94,-78.61,0.003,-0.07,-0.12,-0.22,30.28
30.57,3.99,93.1,28.85,758.69,-76.58,0.013,-0.06,0.82,0.47,30.07
30.35,3.74,92.8,28.53,764.9,-74.73,0.014,0.05,0.08,-0.05,29.66
30.33,4.14,92.0,28.54,754.02,-78.59,0.004,-0.07,0.43,-0.51,29.86
30.31,4.49,91.6,28.04,761.5,-75.5,0.068,0.47,-0.48,0.32,29.68
30.33,4.44,93.9,27.75,732.73,-77.09,0.009,0.15,-0.09,-0.34,29.62
30.2,3.98,91.5,27.66,739.88,-75.76,0.045,-0.31,0.32,-0.26,29.6
29.89,4.27,92.6,27.37,735.13,-78.68,0.02,-0.34,-0.95,-0.68,28.75
30.34,4.61,91.2,27.75,719.28,-74.75,0.066,0.19,-0.24,0.37,29.42
30.38,3.75,90.7,27.58,735.15,-75.77,0.039,-0.72,-0.42,-0.53,29.46
30.06,4.16,92.0,28.03,744.36,-78.14,0.043,0.51,-0.83,-0.67,29.18
29.98,4.3,91.2,27.21,716.41,-78.12,0.02,1.33,-1.18,0.75,28.67
30.05,4.23,90.3,28.23,717.03,-75.13,0.015,0.13,0.19,0.66,28.5
30.01,4.49,91.0,27.0,708.16,-77.76,0.019,-0.87,-0.46,0.17,28.79
30.12,3.8,91.9,26.92,695.45,-78.47,0.02,-0.07,-1.24,-0.57,28.91
29.97,3.97,89.0,26.6,679.61,-76.51,0.002,-0.28,0.43,0.36,28.97
29.84,4.5,89.7,27.0,685.94,-76.42,0.003,0.06,-0.37,-0.33,28.62
29.74,3.8,88.8,26.76,674.22,-78.31,0.01,-0.02,-0.37,-0.22,28.38
29.97,4.58,88.1,26.71,700.28,-75.42,0.016,0.76,0.72,0.18,27.02
29.9,4.5,87.9,26.76,677.15,-77.67,0.002,-0.29,-0.64,1.1,27.65
29.92,4.62,89.6,26.83,669.88,-76.4,0.02,-0.03,0.14,0.59,27.87
29.65,4.29,86.7,25.94,677.25,-76.51,0.026,-0.55,0.32,0.74,27.32
29.95,4.63,88.3,26.22,652.14,-79.96,0.097,0.2,0.4,-0.17,27.07
29.48,4.16,87.0,26.38,650.67,-76.35,0.003,0.52,-1.25,0.12,26.87
29.74,4.43,88.8,25.56,654.0,-76.66,0.05,0.83,0.54,0.59,27.85
29.39,4.61,86.9,26.77,658.58,-77.8,0.039,0.23,-0.26,0.04,26.46
29.5,4.37,86.6,26.47,648.28,-82.04,0.041,0.16,-0.09,-0.8,26.74
29.74,4.76,87.9,25.48,640.73,-78.18,0.056,-0.46,0.52,-0.86,26.38
29.62,4.4,87.1,24.98,634.02,-80.02,0.101,-1.27,0.2,-0.42,26.16
29.42,4.88,86.6,24.88,632.25,-80.82,0.031,-0.33,-0.71,0.35,26.51
29.39,5.37,86.5,25.15,625.3,-79.13,0.065,-0.14,0.85,-0.45,26.51
29.44,4.53,84.8,25.15,608.04,-82.28,0.004,-0.07,0.03,0.42,25.55
29.45,4.96,86.0,24.13,613.89,-79.29,0.008,-0.96,0.35,0.79,25.88
29.51,4.54,85.0,24.29,597.82,-77.63,0.014,-0.17,-0.68,-0.74,25.65
29.27,4.84,85.2,24.52,604.53,-78.57,0.002,-1.29,-0.03,1.15,25.35
29.1,5.36,85.1,23.83,594.12,-77.76,0.007,-0.77,-0.2,0.17,25.0
29.29,5.09,83.6,24.07,619.59,-80.13,0.117,0.65,-0.6,-0.45,25.65
29.18,5.5,84.7,24.17,589.11,-79.1,0.041,0.79,-0.73,0.54,24.63
29.05,5.46,83.9,23.81,570.85,-81.54,0.038,-0.09,0.25,-0.29,24.36
29.21,5.4,82.8,23.46,578.99,-82.96,0.023,0.14,-0.07,1.24,25.16
29.12,5.18,83.5,23.6,581.03,-81.84,0.008,0.24,0.3,-0.32,24.64
29.16,5.76,83.4,23.6,588.16,-81.42,0.004,0.23,-0.43,-0.29,23.93
28.99,5.72,83.7,22.95,561.19,-81.62,0.022,-0.54,-0.36,0.5,24.21
29.13,5.24,81.1,23.24,547.0,-78.74,0.032,0.1,0.06,0.28,23.83
28.89,5.49,83.1,23.09,566.82,-80.95,0.025,0.16,0.41,-0.54,24.52
28.92,5.02,82.2,23.01,540.77,-77.64,0.019,0.14,0.03,-0.03,23.67
28.97,5.52,83.1,22.78,546.22,-78.71,0.001,-0.46,-0.27,0.24,23.83
29.18,5.91,82.2,22.59,544.12,-82.65,0.027,-0.69,0.81,-0.04,23.46
29.04,5.76,81.8,22.35,542.21,-79.73,0.022,-0.12,-0.47,1.12,23.89
29.06,5.9,81.8,22.16,546.12,-79.84,0.01,-0.82,-0.61,-0.38,23.25
29.08,6.64,82.0,22.38,528.82,-82.09,0.048,-0.48,0.57,0.29,23.49
29.32,6.61,82.3,21.96,529.46,-81.66,0.035,0.28,1.12,1.33,23.1
28.87,6.17,80.7,22.05,528.71,-82.81,0.108,0.65,0.55,-0.03,22.52
29.02,6.69,81.0,21.91,527.13,-78.39,0.021,0.52,-0.34,-0.44,22.61
28.96,6.89,82.4,21.27,523.51,-79.67,0.002,-0.4,0.53,0.23,22.39
28.94,6.79,80.8,21.37,523.91,-82.67,0.079,-0.24,-0.87,-0.55,22.11
29.02,6.76,81.2,21.34,525.15,-80.03,0.018,-0.28,-0.8,-0.54,21.78
28.74,7.08,79.8,21.27,517.92,-83.18,0.154,0.12,0.52,-0.92,22.63
28.72,7.05,79.3,21.27,515.95,-81.22,0.021,-0.52,-0.16,-1.25,21.14
28.8,6.53,79.8,21.07,493.15,-82.4,0.016,0.03,0.49,0.58,22.38
28.73,6.9,80.0,20.91,507.17,-83.05,0.002,-0.07,0.27,0.1,21.2
28.78,6.86,81.3,20.63,509.3,-84.58,0.004,0.36,-0.04,-0.1,21.84
28.92,7.44,81.3,21.05,509.77,-84.05,0.004,-0.67,-0.21,0.07,21.28
28.67,6.99,78.7,20.7,493.69,-82.4,0.031,-0.58,-0.14,-0.88,20.75
28.68,7.0,79.8,20.44,492.29,-83.34,0.023,0.18,0.08,0.46,21.77
28.73,7.6,80.7,20.25,491.57,-84.07,0.128,0.08,-0.76,0.31,20.26
28.68,7.43,80.0,20.4,501.25,-81.51,0.017,-0.69,0.38,0.55,21.45
28.47,8.05,81.3,20.22,504.95,-83.63,0.005,-1.12,-0.9,-0.31,21.09
28.63,7.22,80.6,19.6,489.41,-83.94,0.01,0.31,1.42,-0.33,21.38
28.78,7.38,79.8,19.71,501.6,-84.88,0.048,0.07,0.66,0.31,21.13
28.87,7.92,79.9,20.44,492.94,-83.75,0.052,-0.15,-0.45,0.55,21.05
28.56,7.26,80.0,20.04,489.81,-83.42,0.004,0.31,0.9,0.3,21.1
28.56,8.09,79.3,19.62,488.44,-84.21,0.127,-0.49,-0.5,-0.11,21.01
28.71,7.38,80.8,19.65,497.68,-83.66,0.013,0.25,0.77,-0.43,20.8
28.46,7.97,80.6,19.42,493.29,-85.65,0.013,0.64,0.21,-0.12,20.43
28.66,7.28,80.4,19.49,512.77,-86.4,0.01,0.23,0.84,-0.34,20.42
28.51,7.89,80.3,19.98,481.62,-85.27,0.044,-0.81,-0.76,-0.4,20.51
28.89,7.5,79.3,19.52,495.61,-84.35,0.083,0.54,0.63,-0.02,20.33
28.64,8.53,80.6,19.83,485.59,-83.55,0.037,-0.67,-1.13,0.31,21.27
28.94,7.67,80.3,20.08,482.79,-81.84,0.003,-0.21,-0.05,-0.45,20.33
28.89,7.77,81.9,19.34,492.14,-84.33,0.044,0.25,-1.25,0.19,19.89
28.69,8.21,79.3,19.0,494.54,-88.44,0.045,0.45,-0.27,0.58,20.28
28.65,7.9,79.9,19.59,523.42,-83.74,0.031,-0.03,-0.01,0.03,19.98
28.77,8.31,79.2,19.13,493.62,-84.96,0.006,1.23,0.71,-0.91,21.09
28.79,7.91,80.4,19.41,485.54,-86.72,0.021,-0.72,-0.34,-0.9,20.34
28.86,7.91,79.3,19.46,501.1,-84.53,0.001,1.22,0.82,-0.12,20.56
28.74,8.15,81.8,20.05,479.31,-85.22,0.009,-1.07,0.9,0.47,20.51
28.94,7.81,81.8,19.52,500.96,-86.66,0.033,-0.03,-0.51,-0.2,20.7
28.91,8.3,80.9,19.25,504.02,-85.83,0.014,-0.93,0.94,0.25,20.43
28.85,8.46,80.4,19.64,513.92,-87.44,0.005,0.2,-0.66,-0.13,20.2
28.83,8.36,80.1,19.73,517.97,-86.47,0.003,-0.93,-1.21,0.28,20.4
28.91,8.39,80.9,19.89,505.6,-88.2,0.043,0.27,-0.07,-0.07,19.93
28.86,7.62,82.1,19.17,511.66,-85.67,0.01,-0.37,-0.14,-0.04,20.4
28.98,8.06,81.1,19.97,508.18,-85.82,0.099,-1.04,-0.37,1.29,21.21
29.01,8.12,83.4,20.36,507.37,-84.74,0.04,0.91,-0.48,0.34,20.84
29.06,8.62,83.3,20.04,524.68,-84.99,0.013,0.41,0.28,0.33,20.55
29.26,7.99,82.3,20.15,511.91,-87.54,0.013,0.3,-0.99,-0.2,21.46
29.06,7.46,82.1,19.54,523.68,-86.03,0.005,1.1,0.28,0.1,20.47
29.22,7.84,82.2,20.34,521.18,-86.02,0.038,-0.27,-0.12,-0.05,20.92
29.16,7.92,84.1,19.64,540.06,-87.9,0.02,0.72,-0.74,0.24,20.73
29.13,7.45,82.5,19.86,556.11,-85.38,0.052,-0.61,-0.43,-0.24,20.85
29.17,8.36,83.9,19.77,528.73,-87.26,0.01,0.0,-0.74,-0.45,21.16
29.21,7.57,83.4,19.81,526.97,-87.79,0.012,-0.98,0.46,1.18,21.32
29.28,8.14,84.2,20.08,548.11,-87.11,0.02,1.12,-0.25,0.15,21.1
29.16,7.65,83.2,19.76,553.47,-89.41,0.037,-0.14,-0.82,-0.33,20.94
29.13,8.39,83.8,20.01,559.55,-89.57,0.059,-0.45,0.36,-0.35,22.1
29.41,7.82,84.2,19.99,557.04,-86.06,0.092,1.15,0.29,-0.31,21.51
29.47,7.72,84.0,20.96,563.73,-87.95,0.001,0.39,-0.37,-0.39,21.16
29.49,7.98,85.7,21.09,573.73,-88.8,0.056,-0.46,0.41,-0.43,21.28
29.45,7.47,84.3,21.51,584.85,-89.42,0.004,-0.34,-0.12,-0.01,22.6
29.56,7.9,84.7,20.7,559.36,-88.9,0.121,0.12,0.49,0.72,22.9
29.58,7.53,86.5,20.84,579.76,-88.15,0.001,1.47,-0.86,-0.95,22.17
29.62,7.44,86.6,21.21,590.19,-89.99,0.011,-0.49,0.45,-0.37,21.91
29.46,7.54,87.2,20.6,583.54,-86.01,0.209,0.43,0.36,-0.4,22.42
29.47,7.19,84.6,20.82,614.75,-86.37,0.009,-0.18,1.07,-0.17,22.29
29.59,7.4,86.5,20.72,595.86,-88.18,0.058,0.57,-0.1,-0.28,22.78
29.66,7.5,86.7,21.7,606.62,-85.02,0.054,-0.18,-0.1,0.07,22.83
29.67,6.64,86.4,21.23,617.46,-88.03,0.009,-0.09,0.05,-0.26,22.81
29.51,7.6,87.4,22.0,610.88,-87.0,0.021,-0.98,0.21,0.18,22.93
29.98,7.45,87.1,21.62,603.26,-84.92,0.002,-0.09,-0.01,0.18,23.02
29.77,6.58,87.8,21.92,622.4,-87.41,0.004,1.58,0.36,0.15,23.64
29.86,6.47,90.6,21.99,641.97,-85.66,0.013,-0.67,-0.32,0.15,23.33
30.02,7.26,88.4,22.25,633.31,-85.79,0.071,-0.13,0.34,-1.1,24.38
29.63,7.16,88.7,22.15,633.23,-87.53,0.033,0.02,0.5,-0.0,24.57
29.88,7.05,89.3,22.83,655.97,-87.18,0.028,0.61,0.59,-0.75,23.71
29.93,6.37,89.0,22.54,648.43,-88.77,0.091,0.02,0.16,-0.38,23.87
29.97,7.27,88.3,22.87,651.67,-90.87,0.045,0.76,0.21,0.03,24.16
30.02,6.42,88.1,22.93,663.28,-87.78,0.156,-0.5,-0.13,0.13,24.08
30.25,6.65,89.6,22.68,674.5,-86.21,0.018,-0.0,-0.12,-0.06,24.83
30.19,6.57,89.7,23.66,695.6,-88.35,0.006,-0.03,0.78,-0.44,25.13
30.26,6.9,88.5,23.1,685.02,-85.54,0.017,-0.35,-0.54,0.05,25.33
30.18,6.39,91.7,23.76,693.29,-87.06,0.017,0.01,-0.59,0.99,24.89
30.04,6.4,90.7,23.88,681.54,-84.84,0.045,-0.46,0.25,0.33,25.05
29.99,6.18,92.0,23.25,681.22,-87.87,0.009,0.47,-0.95,0.67,24.51
30.09,5.76,89.3,23.87,696.94,-86.28,0.023,-0.78,0.15,-0.19,25.2
30.35,5.35,92.5,24.28,702.17,-87.93,0.016,-0.93,-0.23,-0.4,25.26
30.34,5.98,91.1,24.13,695.05,-88.9,0.018,-0.6,-0.42,0.41,25.35
30.34,5.47,92.8,24.34,708.77,-86.36,0.003,0.04,0.81,1.25,25.76
30.35,5.93,92.1,24.61,719.14,-87.68,0.025,0.26,0.04,-0.37,26.0
30.66,5.8,92.5,24.55,723.31,-85.88,0.03,-0.39,-1.17,-0.26,26.27
30.35,5.71,92.8,24.96,729.23,-85.08,0.002,0.33,-0.79,0.68,26.99
30.59,5.29,92.3,25.0,731.52,-87.8,0.004,-1.64,0.6,-0.61,27.07
30.5,5.84,92.3,25.06,727.88,-84.28,0.002,-0.23,-0.18,-0.08,26.31
30.52,5.61,92.7,24.94,732.06,-87.23,0.007,-0.33,1.11,0.8,27.09
30.7,5.04,92.0,25.57,729.39,-86.4,0.002,0.2,-0.62,0.07,26.76
30.76,5.95,93.0,24.73,763.3,-86.23,0.016,0.62,0.64,-0.92,27.29
30.58,5.19,93.0,25.8,749.58,-84.8,0.009,1.61,0.61,-0.66,27.91
30.72,4.79,92.6,25.86,751.08,-84.17,0.04,-0.07,-0.94,-0.81,27.34
30.69,4.9,94.3,25.71,747.83,-84.13,0.079,-2.4,-0.35,0.36,27.29
30.67,4.61,94.1,25.65,790.15,-85.85,0.023,0.05,0.79,-0.37,27.85
30.72,5.41,94.4,26.42,753.64,-83.9,0.013,-0.15,0.78,0.58,28.5
30.63,5.27,95.0,26.32,763.54,-83.3,0.025,0.24,-0.06,-0.23,28.92
30.69,5.11,94.4,26.59,775.33,-85.36,0.005,0.28,-0.02,0.09,28.01
30.68,5.0,93.9,26.03,780.39,-86.69,0.049,-0.35,-0.68,-0.57,28.45
30.87,5.15,95.1,26.97,787.07,-84.74,0.024,-0.75,0.78,0.03,28.64
30.77,4.65,92.6,27.25,798.54,-82.39,0.001,0.38,0.37,0.15,28.09
30.64,4.8,95.0,26.99,788.37,-81.38,0.021,0.71,-0.86,-0.15,28.2
30.72,4.38,95.8,26.85,775.46,-87.06,0.029,0.37,-0.03,0.57,29.04
30.44,4.54,96.1,27.44,786.03,-83.34,0.005,0.32,0.62,-0.28,28.89
30.78,4.67,95.0,27.3,794.12,-83.06,0.015,0.06,-0.09,-0.32,28.59
30.85,3.57,93.7,27.81,814.03,-81.29,0.01,0.56,0.36,-0.06,29.54
30.84,4.27,93.5,27.62,781.53,-83.1,0.02,-0.7,-0.23,0.65,29.4
31.1,4.47,96.2,26.97,809.55,-82.94,0.019,0.22,0.03,-0.27,29.49
30.94,4.37,95.4,27.0,801.2,-83.62,0.064,-0.49,0.26,0.16,29.15
30.94,4.22,97.4,27.67,809.5,-84.39,0.065,-0.87,0.17,0.36,29.01
30.69,4.51,94.7,28.17,801.68,-83.67,0.01,0.7,-0.14,0.77,29.54
30.85,4.09,96.2,27.93,795.7,-82.1,0.041,-0.44,-0.28,-0.54,29.89
30.84,3.92,97.3,28.36,812.91,-84.31,0.004,0.24,0.44,-0.2,29.68
30.8,4.62,96.1,28.04,813.06,-80.6,0.014,0.47,0.97,0.57,29.6
30.8,4.56,94.7,29.07,817.21,-81.88,0.014,0.06,0.32,-0.41,29.97
30.68,4.05,98.2,28.36,808.16,-84.48,0.056,-0.52,-1.0,0.63,30.21
30.75,4.2,97.3,28.59,802.95,-81.6,0.002,0.91,-0.62,0.79,30.83
31.0,4.46,95.8,28.22,793.86,-82.71,0.022,-0.98,-0.42,0.57,30.38
30.88,4.22,96.6,28.47,817.98,-79.24,0.017,0.13,-1.42,-0.28,29.79
30.83,4.36,96.6,28.85,814.21,-83.96,0.027,1.19,0.76,0.09,29.63
30.89,4.34,96.5,28.71,800.33,-81.64,0.061,0.96,-0.69,0.26,29.5
31.02,4.11,94.8,27.8,804.47,-82.57,0.002,-0.41,0.18,0.27,30.66
30.87,4.36,96.1,28.99,804.9,-80.13,0.118,0.76,-0.15,-0.25,30.15
30.93,3.93,97.0,29.07,794.28,-79.62,0.032,-0.57,-0.01,0.31,30.8
30.75,4.35,96.2,29.15,800.33,-82.96,0.043,-0.46,-0.24,0.51,31.1
30.77,4.22,96.0,29.31,796.41,-80.51,0.015,0.34,-0.77,0.55,30.89
30.88,4.15,95.2,29.01,802.7,-78.05,0.086,-0.62,1.06,0.02,30.58
31.05,3.9,94.8,29.8,798.37,-79.18,0.012,-0.46,-0.71,-0.96,31.43
30.98,4.34,94.2,29.06,788.26,-78.01,0.045,-0.16,-0.43,-0.08,30.51
30.86,4.33,96.0,28.19,823.37,-79.67,0.052,0.13,0.83,-0.7,30.34
30.8,4.1,95.1,29.08,814.14,-82.14,0.035,-0.1,-0.1,0.24,30.83
30.93,3.9,94.1,29.39,792.14,-82.38,0.043,-0.19,0.13,-0.29,31.0
30.84,3.92,95.8,28.51,800.83,-80.66,0.005,-0.57,0.36,-0.13,29.65
30.45,4.37,94.5,28.89,800.31,-80.75,0.004,-1.16,0.85,-0.28,31.11
30.58,4.58,94.1,29.4,805.92,-76.99,0.025,-0.68,0.12,0.81,29.99
30.73,5.08,94.3,28.76,783.57,-76.44,0.012,0.73,-0.55,0.44,29.79
30.45,4.55,94.4,28.85,800.27,-78.28,0.059,0.14,-0.97,-0.07,30.44
30.54,4.13,94.8,29.18,781.33,-78.24,0.008,0.17,0.23,0.58,30.12
30.54,4.6,93.5,28.43,770.78,-80.38,0.033,0.58,0.49,0.39,30.67
30.57,5.08,94.9,28.84,788.57,-78.16,0.008,-0.16,-0.83,0.48,30.6
30.54,4.56,94.3,28.46,791.3,-80.95,0.006,0.45,-0.21,-1.22,30.53
30.52,5.15,93.3,28.66,801.21,-80.36,0.006,0.46,-0.24,1.28,30.84
30.62,4.92,93.4,28.79,760.15,-76.31,0.01,-0.46,-0.8,0.61,30.16
30.47,5.12,93.0,29.02,775.83,-78.0,0.052,0.47,1.47,-0.07,30.37
30.42,5.54,93.2,28.7,761.32,-77.27,0.177,0.19,-1.2,0.46,29.48
30.28,4.49,94.2,28.33,769.71,-81.92,0.022,-0.51,0.09,-0.07,30.46
30.54,5.38,92.5,28.88,743.53,-78.8,0.004,1.08,-0.27,0.58,29.79
30.31,5.14,92.7,28.61,741.85,-78.79,0.048,0.53,-0.53,0.21,29.79
30.23,4.95,91.8,27.64,742.86,-76.27,0.004,-0.59,0.01,-0.74,29.68
30.35,5.27,92.6,28.53,747.45,-76.38,0.008,-0.04,0.66,-0.25,29.69
30.2,5.88,92.2,28.17,736.2,-76.37,0.092,-0.39,1.24,0.78,29.48
30.2,5.84,92.8,28.05,745.05,-77.41,0.007,0.9,0.15,-0.47,28.66
30.26,4.91,90.8,28.39,744.5,-75.39,0.025,-0.44,-0.2,0.1,29.92
30.16,5.35,91.8,27.81,735.91,-78.61,0.071,0.35,-0.36,0.75,29.05
30.45,5.94,92.1,28.09,741.71,-77.75,0.037,-0.54,-0.69,0.59,29.05
30.13,5.72,90.5,28.12,725.21,-74.61,0.044,1.01,0.91,-0.19,29.01
30.18,5.8,90.5,27.59,704.35,-76.99,0.009,0.38,0.55,-0.21,29.17
29.84,5.41,90.5,27.62,725.55,-75.13,0.055,0.36,-0.24,-0.66,28.64
29.93,5.73,89.9,27.59,701.2,-77.66,0.011,0.17,0.23,0.41,29.14
29.87,5.62,90.0,27.4,711.63,-76.72,0.021,0.04,-0.32,-0.12,29.33
29.85,5.6,90.2,27.43,713.49,-75.25,0.019,-1.34,0.86,0.13,29.1
29.98,5.8,89.3,26.63,697.5,-74.76,0.02,0.35,0.34,1.35,28.41
30.02,5.97,89.0,26.65,673.11,-76.82,0.05,0.07,0.62,0.07,27.94
29.91,6.1,89.1,26.3,673.99,-78.69,0.016,-0.78,0.21,0.35,27.79
29.8,6.15,88.3,27.21,691.46,-77.93,0.054,0.13,0.02,0.45,27.74
29.72,6.78,88.1,25.9,671.58,-77.08,0.073,-0.71,0.22,-0.23,27.4
29.89,6.28,87.4,26.81,669.09,-75.73,0.061,1.04,0.23,-0.11,27.76
29.98,7.05,87.8,26.38,670.88,-77.54,0.074,0.04,0.33,-0.47,27.35
29.71,6.55,88.0,25.77,665.24,-75.65,0.007,0.0,0.09,-0.38,27.29
29.77,6.9,87.1,25.49,656.04,-75.86,0.044,0.35,0.12,0.01,27.01
29.66,6.98,86.5,25.78,646.14,-76.95,0.018,-0.27,-0.07,-0.1,27.16
29.68,6.64,86.8,25.57,640.07,-79.04,0.049,-0.1,0.03,-0.41,26.93
29.42,6.89,86.9,25.65,646.76,-75.43,0.015,-0.23,-0.15,-0.18,26.52
29.46,6.9,86.5,24.59,638.71,-78.68,0.028,-0.48,-0.31,-0.53,26.45
29.54,7.23,87.9,25.15,625.61,-74.85,0.004,-0.43,-0.46,-0.24,26.29
29.6,7.15,85.4,24.76,634.04,-72.85,0.022,-0.02,0.25,0.47,26.45
29.33,7.03,85.5,25.37,616.98,-76.03,0.01,-0.2,0.08,0.3,25.71
29.15,7.35,86.0,24.91,604.85,-76.82,0.02,0.19,-0.49,-0.11,25.67
29.3,7.48,84.6,24.44,600.9,-73.75,0.046,-0.77,0.73,-0.83,24.94
29.45,7.99,86.5,24.97,593.87,-76.43,0.01,-0.56,-0.07,0.62,25.1
29.11,7.52,84.7,24.17,596.14,-75.61,0.049,0.06,0.89,-0.01,25.27
29.12,7.55,84.9,24.13,606.47,-75.0,0.05,0.43,0.26,0.44,25.03
29.25,7.73,84.3,24.11,581.4,-77.2,0.059,-0.16,-1.28,-0.88,24.26
29.19,7.37,84.8,24.18,586.71,-73.72,0.003,-0.17,-0.08,0.47,25.09
29.25,7.19,83.0,23.72,573.7,-74.3,0.0,-0.0,-0.87,-0.81,24.37
29.0,7.66,84.9,24.06,573.18,-72.65,0.03,0.06,-0.28,-0.03,23.91
29.08,8.13,83.6,23.28,556.26,-75.16,0.002,0.97,-0.14,-0.35,24.54
29.24,8.22,83.7,22.93,564.82,-76.54,0.016,0.32,0.64,-0.22,24.57
28.93,7.33,82.4,23.68,560.83,-77.89,0.07,-0.38,0.26,-0.2,23.1
29.22,8.13,83.1,22.87,564.0,-75.89,0.009,0.15,-0.09,-0.45,24.2
28.89,7.31,81.8,23.04,556.75,-75.95,0.009,0.1,-0.13,-0.23,23.68
29.1,8.14,83.4,22.95,538.55,-74.24,0.026,-0.95,-0.63,0.02,23.51
28.93,8.15,81.2,23.27,557.49,-76.45,0.126,-1.41,-0.06,0.08,23.02
28.81,7.54,82.2,22.3,544.96,-77.29,0.003,0.43,0.25,0.04,23.25
28.87,8.39,81.6,22.45,541.16,-78.93,0.097,-0.57,0.41,0.45,23.13
28.97,8.63,80.5,21.85,535.52,-76.43,0.031,0.69,0.65,0.23,23.92
28.89,8.11,80.8,21.82,526.97,-77.4,0.043,0.22,0.47,0.26,23.09
29.0,8.19,81.8,21.59,530.99,-76.97,0.006,-0.05,-0.1,0.58,22.74
29.02,8.61,80.6,22.03,530.34,-76.74,0.027,-0.07,-0.72,0.07,23.08
28.69,7.84,80.6,21.92,505.02,-76.34,0.005,-0.22,-0.42,1.4,22.82
28.67,7.86,81.3,21.6,514.13,-77.91,0.02,-0.81,-0.3,0.39,21.76
28.65,7.94,81.7,21.08,514.12,-77.64,0.017,-0.27,-0.4,-0.17,22.47
28.68,8.21,81.3,21.0,516.52,-74.49,0.042,-0.85,-1.09,0.14,22.12
28.91,8.21,80.7,20.87,523.31,-77.13,0.014,0.53,-0.41,0.59,21.68
28.83,8.03,80.8,21.13,501.22,-75.74,0.002,0.28,-0.26,-0.6,21.43
28.69,8.1,80.6,20.34,501.66,-77.46,0.087,-0.12,-1.19,-0.96,21.67
28.74,8.03,79.6,20.64,499.35,-77.35,0.005,0.19,-0.24,-0.01,21.62
28.9,8.03,80.6,20.21,494.44,-75.5,0.014,0.62,-0.25,-1.42,21.97
28.95,7.93,79.4,20.76,497.11,-77.92,0.022,-1.31,0.07,-0.29,20.51
28.75,7.92,80.7,20.13,506.57,-75.9,0.066,-0.12,-0.09,0.02,20.81
28.39,7.53,80.3,21.07,486.75,-76.41,0.003,-0.15,0.74,0.2,21.3
28.74,8.04,78.4,20.66,500.14,-77.96,0.034,0.0,0.62,-0.65,21.07
28.82,7.5,80.9,20.18,477.57,-79.19,0.017,-0.35,-0.12,1.12,21.08
28.73,8.28,79.6,20.27,487.86,-76.4,0.046,0.38,0.08,0.11,20.78
28.79,7.86,79.5,20.22,489.21,-78.6,0.061,0.55,0.1,-0.5,20.98
28.74,7.96,80.8,19.64,508.45,-78.21,0.007,-0.1,-0.69,0.46,20.17
28.55,7.85,79.9,20.34,488.3,-78.69,0.029,0.61,-0.24,-0.3,21.58
28.6,7.85,80.5,19.81,468.54,-80.56,0.022,0.27,-0.57,0.51,20.84
28.67,8.27,79.5,19.51,470.22,-78.06,0.026,-0.16,-0.17,0.74,20.8
28.84,7.44,80.7,19.91,490.37,-81.34,0.058,0.1,0.05,-0.21,20.14
28.62,7.32,80.2,19.28,496.15,-77.37,0.011,-0.21,-1.24,0.04,20.28
28.78,7.79,80.4,19.85,493.9,-77.45,0.011,0.31,0.29,0.51,20.68
28.76,7.56,80.0,19.7,492.11,-78.7,0.038,0.62,0.66,0.11,20.29
28.93,7.76,81.5,19.32,502.51,-80.5,0.021,0.51,1.13,0.43,20.51
28.74,7.82,81.7,19.84,486.1,-77.95,0.028,0.17,-0.91,-0.24,20.06
28.54,7.22,78.5,19.73,501.21,-84.45,0.045,0.75,-1.16,1.32,19.81
28.84,7.67,81.1,19.34,476.86,-79.03,0.014,-0.09,0.95,-0.34,20.77
29.04,7.13,79.6,19.62,485.21,-77.2,0.011,0.46,-0.25,0.11,19.95
28.88,7.4,80.9,18.95,477.41,-78.81,0.016,-0.56,-0.15,-0.41,20.67
28.71,6.94,79.2,19.58,494.12,-80.35,0.001,0.35,-0.52,-0.25,19.96
28.69,7.29,81.0,18.89,497.93,-81.31,0.051,0.33,-0.57,0.01,20.24
28.72,7.18,80.2,19.45,501.22,-75.94,0.015,-0.17,-0.01,-0.45,20.15
29.1,6.79,80.6,19.64,502.53,-80.4,0.016,0.29,1.32,-1.47,20.24
28.83,6.64,80.7,19.53,494.61,-80.23,0.046,-0.02,-0.07,0.57,20.64
28.81,7.21,80.6,19.97,504.1,-80.83,0.007,1.05,0.29,-0.87,21.01
28.89,6.78,80.8,19.16,493.29,-81.61,0.005,0.15,-0.63,0.79,20.31
28.9,7.14,81.1,19.61,524.3,-84.06,0.072,-1.62,-0.1,-0.0,20.47
29.14,6.61,81.5,18.74,510.17,-81.35,0.077,-0.73,0.1,-0.65,20.35
28.86,7.09,82.0,19.34,510.99,-80.73,0.047,-0.0,-0.06,-0.21,20.53
29.14,6.34,83.4,19.45,534.58,-82.28,0.005,-0.9,-0.3,0.51,20.26
29.04,6.99,81.3,20.15,509.2,-84.75,0.053,-0.1,0.89,-0.02,20.18
29.2,6.53,82.4,19.64,513.43,-80.62,0.082,0.51,-0.17,-0.27,20.78
29.27,6.52,83.1,20.01,516.91,-81.18,0.058,0.51,-0.11,-0.18,20.8
29.11,6.02,82.1,19.43,530.5,-79.05,0.015,0.44,0.15,-0.31,21.24
29.09,6.47,81.0,19.69,538.92,-81.62,0.003,-1.09,-0.27,-0.09,20.87
29.17,6.4,81.5,19.58,545.54,-84.46,0.014,0.51,0.54,-0.58,20.91
29.17,6.0,81.4,19.59,567.51,-79.77,0.0,0.14,-1.08,0.01,21.22
29.02,5.38,84.6,19.69,523.05,-79.86,0.022,1.42,-0.33,-0.06,21.49
29.43,5.61,84.1,19.87,555.49,-84.04,0.0,-0.32,0.66,0.27,21.12
29.3,5.54,84.4,20.88,547.79,-81.32,0.025,0.45,0.19,-0.13,20.24
29.17,5.93,84.8,20.23,551.55,-80.1,0.018,-0.35,-0.61,-0.2,20.95
29.09,5.59,83.8,19.86,555.37,-79.91,0.013,-0.4,-0.45,-0.38,21.9
29.09,5.52,86.3,20.24,556.71,-80.51,0.011,0.45,0.13,0.46,22.26
29.49,5.41,85.0,20.88,586.96,-82.2,0.053,-0.9,-1.14,0.16,22.22
29.36,5.95,84.9,20.38,582.93,-82.87,0.021,-0.63,0.16,1.04,21.63
29.41,5.45,86.1,21.24,579.21,-83.82,0.01,0.11,0.37,0.05,21.79
29.56,5.43,86.0,21.19,597.02,-84.02,0.034,-0.3,-0.1,0.03,22.33
29.47,5.12,86.7,20.87,572.99,-85.1,0.027,0.15,0.26,0.32,22.4
29.63,5.23,87.0,20.82,579.48,-82.61,0.011,0.1,1.15,0.08,21.29
29.61,4.88,85.9,20.83,575.72,-83.72,0.133,-0.15,-0.05,0.24,22.44
29.62,5.21,86.5,21.35,595.28,-84.19,0.045,-1.24,-0.68,-0.13,22.53
29.48,4.7,85.9,21.55,608.72,-83.92,0.035,0.1,-0.52,-0.66,22.23
29.6,5.21,85.6,22.0,612.99,-82.17,0.003,0.51,0.22,-1.01,22.59
29.81,4.7,87.8,21.78,618.36,-82.9,0.005,0.28,-0.19,0.25,23.07
29.69,5.15,88.1,21.66,607.69,-87.06,0.026,-1.09,-0.11,-0.08,23.02
29.95,5.38,86.0,22.4,634.79,-80.53,0.074,-0.37,0.91,-0.33,23.63
30.12,4.76,87.3,22.34,634.14,-82.62,0.019,0.51,-0.21,-0.15,24.11
29.95,5.1,88.2,21.95,644.07,-85.17,0.005,0.81,-0.45,-0.76,23.94
30.09,4.88,88.5,22.29,622.83,-84.54,0.023,-0.0,0.23,0.79,23.89
30.03,4.18,90.3,22.69,649.9,-84.83,0.086,-1.02,0.53,0.23,23.8
29.91,4.6,88.4,22.71,639.93,-86.33,0.025,-0.46,0.7,0.1,24.34
30.03,4.67,89.0,22.4,652.86,-85.45,0.056,-0.48,1.28,-0.18,23.93
30.29,4.66,89.9,22.95,667.2,-86.5,0.059,0.07,1.04,0.27,24.12
30.02,4.5,89.4,22.8,667.77,-83.72,0.007,-0.0,-0.17,-0.34,24.0
29.99,4.46,89.5,23.21,663.33,-87.69,0.023,-0.3,0.06,-0.58,24.04
30.01,4.38,89.7,22.88,676.88,-86.28,0.002,-1.17,-0.33,0.59,25.33
30.15,4.39,90.5,23.17,666.44,-86.88,0.005,-0.66,-0.8,-0.21,25.09
30.09,3.95,90.5,24.37,698.17,-82.84,0.016,0.2,0.85,-0.15,25.36
30.44,4.23,91.4,23.63,689.49,-84.4,0.002,-0.2,-0.76,-0.41,25.26
30.3,3.84,91.4,24.32,707.56,-84.93,0.004,-0.18,-0.01,-0.71,26.23
30.42,4.11,89.0,24.04,695.9,-84.12,0.008,-0.75,0.16,0.26,26.34
30.3,4.06,90.1,23.81,700.66,-85.79,0.038,0.76,0.82,0.04,25.79
30.23,4.03,91.4,24.01,702.94,-86.16,0.004,-1.49,0.55,0.0,25.95
30.24,3.9,92.8,24.26,723.97,-86.21,0.045,0.94,0.07,-0.22,26.03
30.31,4.29,91.7,25.44,712.67,-86.8,0.025,0.26,-0.39,-0.55,25.84
30.49,4.11,92.7,24.75,730.7,-85.13,0.124,-0.35,-1.66,0.51,26.28
30.54,4.07,93.1,25.05,724.84,-84.8,0.002,-0.21,-0.98,-0.79,26.48
30.58,3.78,93.2,25.37,713.24,-85.29,0.048,-0.13,-0.13,-0.71,25.88
30.35,4.11,92.6,25.46,731.56,-87.04,0.019,0.35,0.48,-0.71,26.01
30.56,4.55,92.3,25.73,729.64,-87.29,0.001,-0.1,-0.49,1.57,27.05
30.46,4.57,92.3,25.39,745.85,-83.14,0.054,0.81,0.09,-0.09,27.57
30.65,4.34,96.0,25.3,737.59,-87.1,0.022,-0.74,-0.14,-0.2,27.08
30.69,4.16,94.1,25.53,762.64,-84.5,0.016,0.43,-0.24,-0.66,28.24
30.51,4.43,95.4,25.46,756.26,-87.25,0.031,0.52,-0.02,-0.22,27.57
30.79,4.08,93.4,25.95,759.07,-87.26,0.015,-0.62,0.29,0.78,27.49
30.97,4.22,95.2,24.97,770.97,-86.1,0.019,0.13,-0.23,0.58,27.41
30.81,4.11,94.0,26.66,777.51,-84.49,0.012,0.01,0.12,-0.91,28.16
30.71,4.63,94.5,26.74,771.01,-86.24,0.01,0.29,0.11,-0.27,27.46
30.71,4.63,94.5,26.33,766.72,-87.75,0.018,0.11,-0.72,0.93,28.1
30.74,4.41,94.1,26.32,759.79,-83.28,0.017,-0.07,0.83,-0.02,28.55
30.69,4.98,94.3,27.46,773.64,-86.56,0.003,-0.12,0.93,-0.66,28.1
30.83,4.62,95.0,27.39,777.18,-87.28,0.01,-0.08,-1.11,-0.21,28.58
30.67,4.65,94.7,27.08,787.13,-86.02,0.005,-0.45,-0.03,0.1,28.93
30.6,4.66,95.4,27.05,785.19,-88.53,0.012,-0.41,-0.28,1.08,28.55
30.86,4.25,94.7,27.41,797.96,-85.77,0.021,-0.14,0.2,-0.38,29.42
30.85,4.41,96.1,27.01,787.25,-88.56,0.025,0.42,1.18,0.17,29.65
30.79,4.71,95.2,27.72,794.97,-86.01,0.053,-0.51,0.23,-0.56,28.98
30.71,4.76,97.0,27.3,809.39,-84.61,0.02,0.36,-0.73,-0.11,29.41
30.91,5.01,95.7,26.99,802.84,-88.32,0.007,-1.21,-1.1,0.32,29.54
30.76,4.69,95.7,27.63,800.55,-86.81,0.019,-0.45,0.7,-0.63,29.83
30.87,4.97,97.1,27.66,796.7,-86.45,0.093,0.27,0.21,0.3,29.66
31.1,5.03,95.5,28.74,797.81,-85.54,0.059,0.84,0.09,0.97,29.59
30.97,5.11,95.6,28.77,796.91,-86.18,0.037,0.32,0.27,0.16,29.54
30.73,5.14,95.4,27.88,801.12,-86.81,0.015,-0.35,0.23,0.55,30.38
30.75,4.77,96.1,28.31,815.05,-84.88,0.01,0.72,-0.1,-0.72,29.89
30.92,4.58,95.4,28.19,806.09,-86.55,0.018,0.18,0.32,-0.2,29.88
30.73,5.05,96.6,29.14,795.46,-87.85,0.033,-0.12,-0.12,-1.04,30.68
30.66,5.24,96.0,27.92,827.13,-88.48,0.065,-0.14,0.0,0.12,30.38
30.96,5.11,96.7,28.78,812.99,-85.02,0.088,0.24,-0.26,0.17,29.97
30.93,5.52,96.6,29.12,795.9,-84.57,0.044,0.26,-0.85,-0.1,30.36
30.94,5.94,95.5,28.54,805.57,-86.45,0.03,-0.72,0.47,-0.01,30.1
30.91,5.9,95.3,28.78,810.96,-88.88,0.002,-0.21,0.34,0.47,30.06
30.86,5.89,95.6,29.19,826.61,-87.44,0.03,-0.11,-0.26,-0.16,30.35
30.78,6.12,95.8,28.47,798.03,-84.55,0.042,-0.37,-0.1,0.38,30.52
30.92,5.62,96.0,29.11,818.26,-85.69,0.056,0.76,-0.84,0.02,30.38
31.03,5.84,96.1,28.38,821.73,-88.7,0.017,0.37,-0.03,0.31,30.87
30.77,6.24,95.6,28.39,800.53,-85.64,0.001,-0.65,-0.87,-0.05,30.93
30.7,5.98,95.0,29.26,802.96,-86.4,0.005,0.84,-0.26,0.93,30.4
30.67,6.08,95.0,28.64,794.15,-84.93,0.014,0.45,-0.52,-0.55,30.63
30.69,6.84,95.8,29.06,801.09,-86.85,0.035,-0.46,-0.12,0.55,30.51
30.8,6.38,94.8,28.59,801.23,-84.12,0.021,-0.58,0.2,-0.14,30.3
30.5,6.96,95.6,29.1,806.51,-86.41,0.031,-0.11,0.59,0.08,30.75
30.8,5.96,95.5,28.42,808.98,-90.4,0.025,-0.87,0.26,0.14,29.93
30.8,6.39,96.2,29.44,788.62,-86.81,0.084,0.68,-0.85,-0.02,30.28
30.49,6.77,94.4,29.26,774.31,-85.42,0.046,-0.33,1.32,0.69,30.18
30.57,6.75,94.4,28.75,791.51,-85.5,0.051,0.4,0.22,-0.43,30.25
30.68,6.18,92.7,28.28,792.25,-86.34,0.036,-0.08,0.63,0.41,30.15
30.63,6.8,93.6,28.84,789.27,-87.86,0.003,-0.29,0.83,0.58,29.9
30.68,7.68,93.5,28.75,780.84,-83.7,0.118,0.19,-0.03,0.32,30.39
30.58,7.08,94.5,28.65,782.54,-82.88,0.002,0.08,-0.39,0.66,30.31
30.73,7.26,95.4,29.17,793.51,-86.65,0.013,-0.17,0.4,-0.65,30.4
30.51,6.95,94.2,29.18,779.11,-83.82,0.049,-0.1,0.58,0.11,30.44
30.41,7.28,94.4,28.85,768.37,-84.09,0.011,0.47,0.34,0.2,30.45
30.37,7.27,92.8,29.17,763.79,-86.79,0.03,-0.51,0.69,-0.11,29.9
30.56,7.67,92.2,27.61,763.67,-84.24,0.068,1.13,0.64,-0.17,30.17
30.45,7.72,92.8,28.42,778.2,-80.42,0.051,0.1,0.6,0.25,29.97
30.49,7.58,92.3,28.34,756.35,-86.56,0.025,0.0,0.44,-0.52,29.95
30.46,7.54,91.9,28.68,754.23,-82.44,0.022,0.23,-0.92,0.49,29.72
30.11,7.07,92.6,28.2,745.74,-84.41,0.007,-0.14,0.35,0.31,29.5
30.19,7.11,91.2,28.43,757.6,-84.64,0.027,-0.56,-0.06,-0.27,29.63
30.17,7.7,92.6,27.98,762.15,-82.2,0.035,0.26,-1.4,-0.23,29.44
30.17,7.99,91.4,27.83,742.91,-84.92,0.028,0.0,0.08,-0.58,29.65
30.18,8.17,91.5,28.25,735.0,-83.72,0.008,0.41,-0.02,-0.14,29.8
30.32,7.55,91.4,27.88,730.23,-83.93,0.06,0.02,-0.51,-0.11,28.93
30.31,7.41,90.7,27.89,701.62,-85.07,0.023,-0.41,-0.4,0.29,28.98
30.1,8.18,91.8,27.24,728.45,-81.62,0.003,-0.18,-0.61,-0.07,30.01
30.07,7.7,89.3,27.81,717.8,-82.64,0.005,0.47,-0.1,0.82,28.23
29.98,7.5,91.4,27.08,716.14,-79.81,0.059,-0.19,-1.14,-1.52,28.19
30.05,7.86,89.8,27.95,700.07,-82.86,0.011,0.67,-0.52,0.04,29.13
30.03,7.89,90.6,27.14,698.62,-83.11,0.025,-0.37,0.71,0.22,29.35
30.06,8.47,89.8,26.97,693.58,-83.32,0.019,-0.05,0.33,-0.62,29.03
30.03,8.35,90.0,27.31,703.08,-83.11,0.022,0.85,-0.65,0.13,28.44
29.62,7.9,89.0,26.85,684.22,-80.27,0.037,0.2,0.09,-0.19,28.0
29.85,8.56,89.1,26.99,703.93,-83.26,0.043,0.84,-0.29,0.76,27.92
30.0,8.19,89.5,26.51,682.48,-81.59,0.106,0.67,0.36,-0.32,28.05
29.74,8.49,88.4,26.73,660.45,-82.66,0.036,-1.53,0.72,-0.03,28.12
29.9,8.58,89.2,26.32,666.94,-83.95,0.011,-0.41,1.04,0.04,27.81
29.69,8.11,88.1,26.52,656.71,-81.38,0.031,1.11,-0.26,-0.92,26.64
29.71,8.37,87.0,26.48,636.26,-84.05,0.026,-0.41,0.03,0.5,26.82
29.52,8.08,87.1,25.38,669.18,-81.22,0.023,0.26,-0.2,-0.35,27.25
29.49,8.48,87.8,25.92,655.19,-82.13,0.0,0.63,0.2,-0.22,26.43
29.68,8.22,85.9,26.29,648.46,-81.9,0.049,0.86,0.01,-0.29,26.06
29.66,8.48,87.2,25.72,639.77,-81.36,0.081,-0.24,-0.45,-0.82,27.01
29.52,8.64,86.1,26.21,619.29,-81.0,0.01,0.46,0.83,-0.22,26.61
29.34,8.34,85.1,24.89,623.28,-81.21,0.002,0.54,-0.54,0.35,26.96
29.46,8.13,86.0,25.16,631.57,-79.97,0.006,-0.69,-0.04,0.2,26.57
29.57,8.12,85.1,25.09,607.7,-80.61,0.174,0.6,0.3,1.07,25.77
29.6,7.24,84.9,24.58,587.98,-76.28,0.031,0.6,-0.45,-0.02,25.95
29.32,7.89,84.7,24.19,606.15,-82.0,0.014,0.07,-0.51,-0.1,25.38
29.13,8.36,85.0,25.23,602.17,-81.91,0.009,0.49,0.66,0.35,24.88
29.4,8.34,84.4,24.71,600.16,-80.66,0.133,0.72,0.57,0.05,25.84
29.23,7.8,84.8,24.36,601.35,-81.25,0.006,-0.35,1.15,0.05,25.13
29.35,8.04,85.1,24.03,595.76,-78.02,0.006,0.76,0.46,-0.52,25.58
29.24,7.89,84.5,23.91,587.35,-77.06,0.017,1.22,-0.58,0.35,24.92
29.07,8.12,85.3,23.93,592.16,-80.16,0.014,1.44,-0.87,1.04,24.83
29.16,8.54,85.2,24.07,560.53,-78.66,0.005,-0.05,-0.95,0.61,24.79
29.28,8.04,83.2,23.17,576.35,-78.69,0.039,0.72,-0.8,1.03,24.32
29.08,7.59,82.3,23.3,573.23,-79.86,0.117,-0.03,0.42,-0.22,24.14
28.94,7.72,82.8,22.99,550.32,-78.12,0.008,-0.7,0.37,-0.58,24.17
28.85,8.11,82.9,22.6,543.51,-77.68,0.028,-0.02,-0.39,-0.24,24.42
28.93,7.22,84.4,22.61,547.0,-81.31,0.008,0.23,0.17,-0.54,23.97
28.95,7.4,82.1,22.76,543.86,-80.46,0.02,-0.14,0.54,0.94,23.62
29.07,7.74,82.5,22.44,554.13,-79.01,0.049,-0.56,0.81,0.06,23.3
28.81,7.86,81.5,22.41,536.66,-78.93,0.02,0.33,0.69,-0.97,23.27
29.11,7.6,81.6,22.52,530.57,-78.22,0.053,1.38,-0.27,-0.09,22.82
28.75,7.17,80.8,22.53,529.44,-79.6,0.026,-0.16,0.35,0.27,22.63
29.17,7.45,80.4,22.92,543.29,-79.68,0.121,0.17,-0.09,-0.11,22.78
29.08,7.35,82.5,22.13,528.9,-78.55,0.023,0.01,-0.14,-0.17,22.74
28.87,7.27,82.2,21.51,523.75,-79.65,0.04,0.47,0.3,0.23,22.89
28.64,7.07,80.9,21.99,521.35,-76.01,0.007,0.02,0.07,-0.65,22.02
28.81,7.04,81.9,21.36,532.4,-76.14,0.008,0.19,-0.73,-0.06,22.34
28.76,6.68,79.9,21.11,509.14,-76.68,0.013,0.67,-0.96,-1.02,22.38
28.64,7.63,80.7,21.45,527.08,-75.97,0.007,0.71,-0.02,0.3,21.69
28.81,6.86,80.8,21.61,513.45,-78.05,0.0,1.11,1.71,0.31,21.78
28.66,6.91,81.6,20.79,507.3,-77.98,0.007,-0.17,-0.15,0.07,22.15
28.67,6.61,80.7,21.0,531.62,-76.63,0.02,-0.34,-0.65,0.18,21.71
28.72,6.85,80.9,20.94,493.89,-75.98,0.033,-1.16,-0.09,-0.23,20.81
28.66,6.13,80.0,20.35,498.9,-76.52,0.024,-0.15,0.16,0.16,21.82
28.97,5.92,80.5,20.08,488.24,-76.54,0.006,-0.37,-0.27,0.31,21.44
28.65,6.36,81.2,19.99,508.37,-76.38,0.004,0.12,0.61,0.17,20.67
28.77,6.91,78.9,20.83,514.16,-75.37,0.053,-0.1,0.38,0.21,20.86
28.73,6.58,81.0,20.13,512.54,-75.12,0.045,-1.28,0.62,0.65,21.07
28.75,5.9,79.9,19.99,506.81,-77.04,0.008,-0.93,-0.67,-0.07,21.16
28.75,6.23,78.9,20.24,491.48,-75.68,0.022,-0.46,0.37,-0.26,21.37
28.81,5.81,79.8,20.51,488.84,-79.74,0.034,-0.15,0.12,-0.18,20.52
28.73,6.05,81.0,19.57,474.98,-78.99,0.036,1.38,-0.2,-0.48,20.63
28.73,6.0,79.6,19.25,511.4,-76.97,0.018,0.01,0.09,-0.38,21.09
28.71,6.05,80.2,20.36,495.24,-77.35,0.02,0.04,0.28,0.23,21.09
28.69,5.23,78.7,19.96,485.29,-73.71,0.02,-0.26,0.17,-0.33,20.49
28.6,5.25,78.6,19.35,503.31,-76.74,0.025,-0.43,1.05,0.61,20.35
28.71,5.53,79.2,19.52,480.28,-75.7,0.019,0.38,-0.88,-1.05,20.71
28.75,5.17,80.9,19.27,494.21,-75.9,0.02,0.71,0.27,-0.09,19.64
28.78,5.08,80.1,19.81,488.72,-78.29,0.051,1.23,-0.21,-0.02,20.43
28.76,5.43,81.0,19.9,497.28,-75.71,0.007,0.34,1.08,0.08,20.39
28.72,5.0,81.2,19.74,490.87,-76.06,0.019,-0.24,-0.05,-0.21,20.18
28.75,5.89,79.7,19.54,477.76,-73.74,0.035,0.19,0.7,-0.66,20.53
28.7,4.99,81.6,19.59,493.95,-76.9,0.024,0.52,-0.64,0.08,20.76
28.82,5.0,80.0,19.17,504.76,-75.11,0.011,0.44,0.33,0.89,19.92
28.77,5.11,81.3,19.26,495.21,-75.16,0.003,0.12,-0.18,-0.93,20.01
28.83,4.51,81.4,19.41,504.63,-77.29,0.033,0.19,0.55,-0.19,20.57
28.94,5.06,80.8,19.3,487.96,-79.53,0.037,0.27,-0.03,0.76,19.72
28.75,4.95,80.9,19.4,499.84,-75.95,0.002,-0.43,0.18,0.56,20.1
28.93,4.69,81.2,18.84,495.69,-74.13,0.039,-1.23,0.67,-0.13,21.19
28.88,4.82,81.2,19.72,511.38,-75.54,0.052,0.04,-0.62,-0.28,20.41
29.14,4.82,80.9,19.05,506.35,-74.63,0.068,0.49,-0.14,-0.12,20.25
28.89,5.07,80.9,18.7,515.2,-76.96,0.127,-0.86,-0.16,0.37,19.7
29.02,5.35,81.2,19.21,521.58,-74.87,0.027,-0.4,0.42,-0.53,19.46
28.96,4.23,82.6,19.42,520.16,-78.74,0.122,-1.37,1.16,0.41,20.88
28.81,4.12,80.5,20.23,518.65,-75.19,0.024,-0.38,-0.02,0.18,20.03
28.94,4.5,81.5,19.39,508.74,-78.57,0.034,-0.87,0.73,0.09,20.56
29.13,3.81,81.8,19.67,521.64,-75.21,0.035,-1.55,0.24,-0.67,21.11
29.0,4.59,82.1,19.76,519.4,-76.98,0.04,-0.57,-0.6,-0.11,20.46
28.81,4.4,82.7,19.17,524.48,-74.9,0.044,-0.3,0.17,-0.19,20.53
29.1,4.45,81.5,19.71,527.48,-76.26,0.025,-0.25,0.38,-0.13,21.06
29.0,4.22,83.6,19.72,524.85,-74.6,0.044,-0.29,-0.29,-0.12,21.4
29.17,4.37,83.7,19.9,518.62,-75.63,0.009,-0.07,0.72,-0.89,21.27
29.37,4.41,83.7,20.09,535.16,-76.2,0.022,1.01,0.2,-0.23,21.6
29.31,4.31,83.2,20.31,547.53,-74.6,0.006,-0.36,-0.7,-0.27,20.17
29.43,3.83,83.0,19.79,535.98,-75.76,0.017,0.89,-0.2,0.54,21.35
29.21,4.27,83.6,20.34,553.58,-73.88,0.015,1.0,0.04,0.32,21.79
29.29,4.77,84.1,19.99,576.48,-76.6,0.001,-0.25,0.88,0.14,21.55
29.21,4.28,84.8,20.02,571.85,-76.92,0.01,-0.77,-0.12,0.4,21.42
29.29,4.24,84.4,21.04,582.29,-78.02,0.036,0.23,1.27,-0.08,21.09
29.29,4.67,85.0,19.89,574.08,-77.57,0.018,0.96,1.24,0.39,21.4
29.28,3.98,84.6,20.44,586.24,-77.17,0.077,-1.55,0.26,-0.15,22.4
29.63,4.47,85.4,20.8,571.79,-77.92,0.016,-0.16,1.02,0.17,21.9
29.25,4.05,85.2,20.62,577.13,-76.0,0.018,0.08,-0.32,0.63,21.79
29.7,4.55,85.9,20.99,560.79,-78.92,0.045,1.03,0.1,-0.62,21.54
29.71,4.48,84.5,20.58,604.71,-78.42,0.003,-1.09,-0.76,-0.41,22.48
29.66,4.13,86.5,20.52,612.97,-80.41,0.077,0.23,0.37,0.3,22.1
29.5,4.19,86.8,20.98,596.81,-78.33,0.02,0.43,-0.18,0.5,22.54
29.48,4.58,87.1,21.46,604.62,-75.56,0.04,-0.51,0.85,0.22,23.38
29.64,3.76,86.1,21.47,604.49,-78.25,0.037,0.15,0.38,0.43,23.15
29.81,4.21,86.6,21.88,620.76,-78.83,0.011,0.19,-0.24,-0.21,23.49
29.77,4.56,86.7,21.29,633.11,-78.79,0.229,0.73,-0.35,0.24,23.17
29.68,4.31,87.9,21.72,609.4,-77.25,0.001,0.79,1.2,-0.18,23.55
29.98,4.48,88.4,22.03,635.9,-75.96,0.08,0.2,-0.74,0.02,23.94
30.08,3.86,87.6,21.85,634.04,-76.67,0.003,0.12,-0.71,0.25,23.23
29.88,4.26,89.4,22.37,642.96,-80.07,0.011,-0.77,-0.2,0.12,23.7
29.96,4.76,89.7,22.37,651.44,-76.11,0.069,0.04,-0.04,0.51,23.59
29.8,4.37,89.0,22.78,649.99,-76.78,0.007,0.03,-0.81,-0.0,23.78
29.96,4.25,89.4,22.85,655.87,-77.72,0.002,-0.52,0.76,0.43,24.12
30.11,5.01,88.0,22.25,659.78,-80.24,0.039,0.51,0.2,-0.71,23.96
30.12,4.9,89.2,23.56,676.63,-80.01,0.01,0.21,1.79,0.23,24.35
30.05,4.47,88.9,22.43,676.1,-79.93,0.015,0.17,0.95,0.29,24.93
30.11,4.89,89.4,22.79,679.09,-79.7,0.018,0.33,-0.73,0.78,24.78
30.12,4.59,90.8,23.46,669.11,-78.73,0.034,-0.53,0.4,-0.32,24.67
30.18,4.92,91.2,23.74,682.95,-83.24,0.04,-0.88,-0.3,-0.14,25.46
30.29,5.08,91.5,23.68,700.59,-81.19,0.012,0.35,-0.47,-0.33,24.94
30.04,4.85,91.3,23.74,696.82,-79.74,0.07,-0.89,-0.37,0.57,25.03
30.3,5.37,91.7,24.06,707.82,-78.05,0.007,1.23,-0.36,-0.18,26.12
30.38,5.49,90.3,24.42,723.63,-80.11,0.043,-0.07,-0.48,-0.36,26.14
30.3,5.36,90.7,23.98,721.03,-79.5,0.039,-0.13,-0.44,0.94,25.82
30.34,5.48,91.8,24.15,716.2,-78.27,0.022,0.54,0.97,0.41,26.88
30.37,4.98,92.7,24.38,714.71,-81.24,0.107,0.2,0.35,0.48,26.06
30.39,5.9,92.0,25.3,698.77,-81.7,0.019,1.04,-0.25,-0.26,26.72
30.48,5.53,91.5,25.12,727.04,-81.98,0.059,0.59,0.05,-0.48,25.97
30.52,5.35,92.3,25.33,729.8,-80.87,0.002,0.06,0.67,0.66,26.36
30.28,5.75,92.3,25.84,741.22,-81.57,0.015,-0.31,0.04,0.17,27.33
30.64,6.0,91.8,25.7,739.95,-78.23,0.007,0.75,-0.82,0.39,27.65
30.55,6.01,95.2,25.63,742.36,-80.5,0.058,-0.68,0.52,0.6,27.17
30.84,5.6,94.6,26.26,731.75,-79.99,0.017,-0.05,0.01,0.41,28.3
30.49,6.23,92.2,25.52,744.03,-82.42,0.022,-0.04,-0.21,0.44,28.06
30.55,6.06,92.4,25.91,761.98,-81.35,0.033,-0.23,-0.57,-0.54,27.41
30.65,6.3,93.4,26.54,778.05,-81.87,0.016,1.54,1.88,-0.53,27.68
30.74,5.99,93.1,25.51,763.49,-81.27,0.013,1.01,-0.62,-0.42,27.43
30.48,6.62,96.3,26.13,771.2,-81.12,0.012,0.52,-0.23,-0.47,27.95
30.63,6.43,93.9,26.82,780.78,-82.36,0.044,1.61,0.22,-0.33,28.36
30.82,6.81,95.0,26.71,766.37,-82.28,0.13,0.73,-0.18,0.03,28.42
30.65,6.07,94.4,26.98,781.24,-80.41,0.012,0.16,0.65,-0.4,28.55
30.95,6.18,94.0,26.26,773.14,-83.62,0.034,-0.22,0.02,-0.52,29.06
30.74,6.6,95.9,26.76,792.03,-81.3,0.063,-0.63,0.36,0.49,28.86
30.7,7.19,95.7,27.4,787.61,-82.08,0.124,-0.43,-0.01,-0.51,29.19
30.9,7.41,95.2,26.97,791.65,-81.53,0.026,0.05,1.19,-0.29,29.22
31.03,6.63,97.3,27.69,783.28,-83.25,0.006,-0.73,-0.39,-0.13,29.27
30.9,6.98,95.7,27.61,800.48,-81.37,0.024,-0.92,-0.64,-1.06,29.64
31.01,7.08,95.2,27.21,816.41,-84.01,0.032,0.68,0.02,-0.4,29.7
31.07,7.32,97.2,27.84,787.5,-82.43,0.02,-0.85,0.36,-0.28,29.04
30.76,7.43,96.0,28.09,796.05,-82.57,0.011,-0.03,-0.08,-0.34,30.32
30.99,6.9,97.1,28.05,803.49,-83.21,0.011,0.53,0.25,-0.62,29.74
30.7,7.31,95.8,28.2,810.61,-82.03,0.048,-0.04,-0.09,-0.36,29.4
30.94,6.76,93.5,27.5,798.57,-82.04,0.101,-0.53,0.07,0.64,29.85
30.89,7.66,94.7,28.98,777.1,-82.8,0.035,0.51,-0.11,-0.31,30.07
31.05,7.38,96.8,29.26,820.14,-81.29,0.018,-0.61,-0.34,0.02,30.28
31.04,7.17,95.5,28.85,815.11,-84.67,0.012,0.63,-0.55,0.56,30.5
30.97,7.69,96.2,28.46,790.89,-84.6,0.005,-0.21,-0.34,-0.37,30.5
30.94,7.53,96.9,28.35,802.89,-83.89,0.011,0.36,-0.26,-0.26,31.0
30.96,8.07,96.1,28.42,825.14,-84.7,0.001,0.16,0.84,0.75,30.37
30.9,7.48,95.3,28.89,824.27,-85.1,0.012,0.78,-0.63,-0.22,30.32
30.88,8.46,96.0,29.05,819.36,-86.86,0.006,-0.3,-0.32,0.73,29.85
31.06,8.09,96.0,28.5,808.23,-83.61,0.001,0.36,0.19,-0.52,30.87
31.07,8.26,95.6,28.77,810.68,-85.05,0.004,-0.47,0.51,-0.23,30.77
30.86,7.61,94.8,29.26,808.24,-85.08,0.07,-0.67,0.35,0.02,30.34
30.89,8.49,95.5,28.82,820.38,-86.63,0.01,0.18,-0.71,-0.88,30.7
30.86,7.63,95.7,28.93,799.73,-85.79,0.023,0.46,0.61,-0.21,30.63
30.65,7.96,94.6,29.4,799.66,-84.95,0.009,0.37,0.41,0.1,30.73
30.79,8.44,94.9,29.37,816.9,-87.21,0.032,0.28,-0.47,-0.08,30.56
31.01,8.23,95.0,29.25,805.28,-85.75,0.005,0.01,-0.33,-0.12,30.73
30.72,7.73,94.0,28.61,818.28,-86.24,0.018,0.68,-0.18,1.09,30.09
31.05,8.47,95.5,28.62,796.39,-85.84,0.008,-0.45,0.15,-0.55,30.54
30.92,8.25,95.5,28.74,801.02,-86.04,0.024,-0.6,1.08,0.99,30.82
30.81,8.04,94.7,28.82,790.66,-87.88,0.003,0.33,0.98,0.58,30.41
30.81,7.71,94.0,29.07,798.13,-84.67,0.027,-0.34,0.98,0.21,30.84
30.62,8.32,95.3,28.96,781.29,-89.72,0.039,-0.54,-0.02,-0.3,31.49
30.67,8.14,95.2,28.92,789.08,-85.78,0.018,0.38,0.22,-1.05,30.18
30.86,8.24,94.8,28.87,777.33,-84.61,0.09,0.6,0.05,-0.4,29.88
30.59,7.72,94.6,28.63,796.22,-86.37,0.007,0.09,-0.1,0.53,31.06
30.77,8.07,94.9,28.75,793.91,-88.38,0.003,-1.01,-0.42,-0.68,31.38
30.46,8.34,94.2,29.73,766.76,-85.19,0.003,1.3,1.15,-0.31,30.65
30.45,8.75,93.3,29.08,794.59,-88.86,0.012,0.62,-0.05,0.29,30.46
30.8,8.12,93.9,28.81,803.29,-87.0,0.005,-1.34,-0.87,-0.52,30.14
30.55,8.6,93.4,28.23,775.71,-84.85,0.0,-1.0,-0.11,-0.73,30.56
30.46,8.39,93.5,28.36,765.65,-86.77,0.008,0.13,0.07,-0.35,30.28
30.66,8.21,94.1,28.63,797.0,-86.63,0.008,0.32,0.19,0.06,30.56
30.62,7.81,92.2,29.07,752.14,-84.86,0.004,-0.41,0.1,0.73,29.46
30.55,7.8,93.1,28.61,761.99,-89.03,0.015,0.08,-0.49,0.5,30.2
30.35,8.25,91.8,28.54,759.93,-86.71,0.096,0.44,1.14,0.23,29.66
30.35,7.88,91.9,28.78,767.83,-86.81,0.074,0.4,-0.11,0.81,30.28
30.39,7.82,93.6,27.97,754.11,-88.01,0.001,-0.59,0.45,-0.53,29.36
30.41,7.92,92.5,28.73,741.57,-87.82,0.051,1.24,0.22,0.24,29.98
30.23,7.89,92.1,28.02,732.99,-85.41,0.008,0.97,-0.63,0.52,29.39
30.28,8.17,90.4,28.47,734.93,-89.72,0.023,0.54,-0.11,-0.68,29.35
30.26,7.71,91.3,28.56,724.05,-87.23,0.019,-0.56,0.52,-0.2,29.76
30.35,8.06,89.6,27.56,730.28,-88.03,0.123,0.7,-0.23,0.21,28.99
30.26,7.9,91.1,27.78,719.76,-86.7,0.028,-0.54,0.0,-0.2,28.6
29.95,7.22,89.8,27.95,706.0,-87.78,0.03,0.43,0.11,-0.16,29.11
30.08,7.76,91.0,27.47,728.95,-86.74,0.082,0.22,-0.21,0.42,28.7
29.96,6.82,90.5,27.37,706.81,-87.09,0.005,0.5,0.3,0.75,28.29
30.1,7.3,89.1,27.21,694.44,-86.95,0.02,-0.25,-0.12,-0.65,28.85
30.11,7.65,90.2,26.58,700.72,-87.15,0.004,0.8,-0.19,0.68,28.69
29.98,7.45,91.3,27.48,698.31,-86.84,0.003,0.2,0.72,-0.44,28.49
29.9,6.86,89.2,26.64,675.34,-86.66,0.037,-0.45,0.35,-0.1,28.51
29.91,7.0,89.8,26.07,691.26,-86.86,0.028,0.42,-0.57,0.42,27.37
29.89,6.49,87.2,27.11,672.57,-87.23,0.004,0.25,-0.36,0.42,27.72
29.75,6.8,89.0,26.78,695.21,-85.4,0.022,0.53,0.17,-0.7,28.0
29.65,7.31,87.9,26.02,678.38,-88.29,0.089,-0.34,0.56,0.76,28.15
29.51,6.9,87.9,26.73,664.16,-83.62,0.004,-0.15,-0.51,-0.24,27.69
29.88,7.05,88.3,26.44,655.7,-88.15,0.005,0.13,0.52,0.48,27.91
29.75,6.94,87.4,26.07,657.09,-87.52,0.033,-0.36,0.47,0.54,27.02
29.7,6.87,86.1,25.81,659.24,-89.5,0.008,-0.43,0.26,0.31,26.89
29.77,7.1,88.3,25.75,647.83,-87.17,0.042,-0.77,-0.51,-0.25,26.83
29.44,6.66,85.7,25.72,640.89,-85.35,0.076,0.01,-0.43,-0.18,26.79
29.35,6.92,85.9,25.23,638.63,-88.06,0.0,-0.38,0.13,-0.13,25.95
29.57,5.83,86.5,25.75,627.0,-84.52,0.012,-0.4,0.44,-0.81,26.49
29.52,6.83,86.2,25.41,624.62,-86.78,0.026,-0.36,0.27,-0.03,26.33
29.25,6.04,86.2,25.02,602.23,-88.57,0.022,-0.85,-0.24,-0.16,25.93
29.47,6.03,85.7,25.53,627.88,-87.64,0.024,-0.33,0.21,-0.13,25.71
29.34,6.06,86.3,24.66,616.22,-85.62,0.035,0.1,1.8,-0.37,25.96
29.26,6.52,85.5,25.16,600.63,-87.06,0.049,-0.39,-0.95,-0.11,25.93
29.29,5.85,84.0,24.57,622.51,-83.78,0.01,-0.87,-0.13,0.56,25.59
29.0,5.85,82.6,24.58,599.61,-87.16,0.042,0.56,-0.55,0.37,25.42
29.19,5.68,84.6,24.04,583.64,-86.21,0.002,-0.17,-0.1,1.02,25.19
29.15,5.97,85.4,23.36,597.89,-86.91,0.036,-0.09,0.39,-0.17,25.04
29.27,6.04,83.0,24.03,588.68,-84.5,0.054,-0.55,-0.8,-0.35,25.15
29.16,6.26,83.0,23.3,584.09,-88.03,0.081,-0.53,0.34,-0.53,25.36
29.23,6.39,83.9,23.35,571.4,-88.8,0.031,0.07,0.02,0.2,25.15
28.82,5.8,83.8,23.44,575.75,-86.42,0.011,-1.21,-0.58,0.04,23.96
28.99,5.64,84.1,23.04,564.29,-85.85,0.032,-1.13,-0.01,0.5,23.39
29.14,5.1,84.3,23.11,568.22,-87.97,0.006,0.26,-0.64,-0.79,24.29
29.01,5.96,83.0,23.04,539.44,-84.68,0.036,0.19,-0.11,-0.36,23.93
29.12,5.39,81.9,22.31,550.07,-84.17,0.063,-0.55,0.51,-0.3,23.74
28.78,5.17,81.7,22.78,567.65,-85.65,0.092,-0.22,-0.77,-0.05,23.76
29.06,5.31,81.8,22.32,538.87,-86.04,0.006,-0.37,-0.15,-0.19,23.36
28.87,4.93,82.9,22.03,536.72,-82.72,0.029,-0.79,0.9,0.24,22.66
28.84,4.36,81.5,21.56,534.6,-86.47,0.12,-0.17,0.02,0.99,22.71
29.03,5.17,82.5,21.58,523.37,-83.89,0.03,-0.2,0.46,-0.72,22.59
29.03,5.34,80.4,22.0,509.98,-85.29,0.086,0.64,-0.16,-0.36,23.14
28.99,5.05,81.7,21.87,526.42,-84.19,0.017,-0.75,-0.73,-0.49,23.49
29.1,4.83,80.7,21.91,526.86,-83.16,0.047,1.56,-1.04,-0.41,22.41
28.99,4.78,81.6,22.2,521.88,-83.74,0.003,-0.69,-0.27,0.95,23.51
28.72,4.77,80.8,21.95,517.99,-86.82,0.007,0.3,1.3,0.78,21.58
28.82,4.72,81.6,21.7,517.03,-82.61,0.004,0.03,-0.09,-0.4,22.0
28.75,4.61,80.5,21.64,524.12,-86.73,0.002,1.52,-0.35,-0.3,22.16
29.02,4.59,80.7,21.18,509.41,-82.74,0.018,0.47,0.13,-1.36,20.94
28.9,5.0,81.2,21.06,503.13,-82.93,0.058,0.4,-0.39,-0.0,22.45
28.73,4.64,80.4,21.43,503.77,-83.9,0.01,0.75,0.02,-0.41,21.45
28.85,4.49,80.5,20.86,510.21,-82.65,0.008,-0.09,0.15,-0.26,21.63
28.59,4.62,81.0,20.76,516.53,-84.89,0.043,-0.31,-0.82,0.13,21.69
28.76,4.59,80.2,20.98,494.26,-85.08,0.009,0.33,0.82,-0.16,20.77
28.61,4.64,78.9,20.38,499.81,-82.12,0.028,-0.24,0.04,-0.3,22.28
28.51,4.1,79.7,20.34,500.63,-83.32,0.005,-0.08,0.91,0.48,21.27
28.8,4.16,78.6,19.82,485.9,-80.44,0.016,0.57,-0.4,0.21,20.99
28.81,4.04,79.9,20.05,494.76,-83.09,0.024,-0.83,-0.45,0.71,20.59
28.76,4.49,80.4,20.01,478.79,-83.94,0.176,0.04,-0.32,-0.41,21.04
28.68,4.46,80.1,19.95,474.79,-78.31,0.058,-0.1,-0.48,0.73,20.25
28.55,3.85,81.1,20.26,495.35,-84.27,0.0,-0.18,0.76,0.83,20.86
28.56,4.34,81.0,19.55,487.19,-81.77,0.03,0.31,0.12,-0.19,21.3
28.59,4.62,80.2,20.36,492.56,-81.7,0.031,-0.91,0.48,-0.39,21.14
28.68,4.13,78.1,19.06,490.03,-80.65,0.024,-0.51,0.16,0.03,20.39
28.84,4.29,80.6,19.93,480.27,-82.09,0.001,-0.28,0.33,-0.22,20.45
28.84,4.42,79.4,19.96,489.56,-81.86,0.01,-0.8,-0.03,1.05,20.73
28.52,3.81,80.8,19.87,477.82,-81.53,0.007,0.7,0.09,0.07,20.94
28.64,4.25,80.4,19.96,504.36,-78.47,0.001,-0.39,0.15,0.2,21.04
28.65,4.6,80.7,19.47,477.34,-79.73,0.065,1.2,0.28,0.42,21.05
28.44,4.05,80.6,19.95,489.56,-82.18,0.027,-0.29,-0.32,0.29,20.0
28.82,4.49,82.2,19.24,481.86,-81.55,0.009,-0.48,-0.16,-0.64,20.65
28.74,4.27,80.8,19.24,498.91,-80.82,0.065,0.48,0.25,-0.05,19.77
28.77,4.07,79.4,20.16,490.97,-81.83,0.057,-0.54,0.56,0.35,20.13
28.95,4.27,81.4,19.48,490.33,-82.76,0.008,-1.73,1.11,0.4,19.83
28.82,4.17,80.3,19.74,505.43,-81.24,0.008,0.31,-0.26,-0.83,19.84
28.77,4.08,81.8,19.58,498.73,-81.45,0.006,1.04,-0.3,0.19,20.4
28.91,4.31,82.1,19.65,505.29,-77.58,0.006,-0.98,-1.05,-0.07,20.03
28.98,4.43,81.4,18.7,492.14,-79.69,0.04,0.25,0.38,0.08,20.44
28.91,4.4,80.0,19.54,489.89,-81.93,0.008,0.66,0.36,0.27,19.85
28.98,4.41,80.8,19.43,507.13,-80.02,0.053,0.08,-0.73,0.24,20.55
28.9,4.59,82.4,19.78,505.14,-78.77,0.103,0.77,0.04,0.12,20.22
28.92,4.73,83.1,19.19,517.0,-78.2,0.002,-0.1,0.77,-0.12,20.3
28.97,4.27,81.7,19.91,512.48,-78.87,0.023,-0.5,-0.4,-0.94,19.94
28.89,4.59,81.5,19.1,518.0,-78.26,0.001,-0.54,0.06,-0.49,20.91
28.93,4.12,81.0,19.4,502.53,-79.14,0.012,0.29,-0.16,-0.37,20.6
29.19,4.71,81.2,19.05,540.59,-79.01,0.082,-0.13,0.14,-0.09,20.81
29.29,4.86,82.5,19.27,523.13,-73.74,0.014,-0.23,0.84,-0.66,20.14
29.27,5.04,83.0,19.7,534.94,-79.47,0.035,0.49,0.53,-0.26,20.99
28.94,4.97,81.4,20.23,522.91,-80.34,0.023,0.75,-0.9,0.49,20.8
28.96,5.15,83.5,19.82,537.78,-78.99,0.027,-0.16,0.59,0.82,20.66
29.02,5.07,84.1,19.42,525.21,-78.39,0.155,-0.66,0.12,-0.22,21.48
29.2,4.91,83.7,19.2,546.41,-80.46,0.052,0.69,-0.07,-0.72,21.17
28.88,4.84,84.7,20.25,542.09,-77.25,0.076,1.13,0.87,-0.23,21.28
29.17,5.16,83.9,19.86,549.8,-78.82,0.033,-0.73,-0.52,0.29,20.4
29.44,5.08,84.1,19.98,560.45,-81.27,0.015,-0.34,0.3,-0.69,21.71
29.42,5.34,84.3,20.63,545.2,-77.73,0.014,1.15,-0.36,-0.08,21.55
29.28,5.3,85.4,20.29,554.83,-78.82,0.104,-0.14,0.05,-0.08,21.97
29.32,5.64,84.9,20.33,570.48,-75.98,0.011,1.22,-0.6,-0.43,21.34
29.47,5.6,84.3,20.58,591.21,-78.92,0.006,-0.09,-0.28,-0.58,21.41
29.54,5.79,85.3,21.14,573.24,-78.13,0.004,0.23,0.39,0.71,22.45
29.4,5.86,85.5,20.82,585.01,-76.71,0.024,-0.77,-0.5,0.47,22.3
29.47,5.75,85.3,20.08,582.57,-77.7,0.037,-1.26,-0.43,0.15,21.47
29.46,5.84,86.5,20.65,607.66,-78.48,0.02,-0.15,-0.13,-0.18,22.17
29.41,6.1,86.0,20.95,575.44,-78.4,0.07,0.14,0.87,0.86,22.7
29.57,6.76,86.7,21.47,598.58,-75.1,0.04,0.39,-0.94,0.16,22.49
29.6,5.81,86.8,20.85,586.15,-77.63,0.006,0.88,-1.71,-0.34,22.34
29.52,6.19,86.1,21.46,582.16,-78.56,0.092,-0.2,-0.21,-0.11,22.42
29.78,5.9,86.1,21.5,615.07,-77.07,0.032,0.2,-1.0,-0.32,22.86
29.79,6.32,86.6,22.02,618.39,-76.84,0.006,-0.04,0.12,0.03,23.38
29.85,6.2,87.3,21.44,619.08,-75.7,0.017,-0.51,-0.23,-0.17,22.72
29.71,6.44,88.9,21.98,625.83,-78.43,0.018,0.12,-0.43,-0.11,22.41
29.6,6.6,87.9,22.59,662.86,-73.9,0.03,1.09,0.74,0.42,23.25
29.93,6.48,88.4,22.5,634.3,-77.2,0.092,0.55,-0.01,0.5,23.74
29.83,6.17,89.1,22.54,646.99,-73.75,0.015,0.28,0.81,0.39,23.98
29.84,7.2,88.4,22.36,640.42,-75.99,0.026,-0.39,0.52,-0.08,23.46
29.83,7.1,88.6,22.66,654.9,-75.4,0.015,-0.29,-1.59,0.0,24.13
29.98,6.88,90.0,22.71,654.59,-74.97,0.07,0.12,-0.25,-0.41,23.93
30.23,6.72,89.8,23.2,657.88,-76.8,0.095,0.34,-0.95,-0.71,24.63
30.02,7.08,89.2,23.23,685.18,-78.18,0.04,-0.08,0.12,-0.81,24.45
29.98,7.23,89.6,22.97,683.75,-75.04,0.009,0.0,0.42,-0.38,25.0
30.22,7.42,90.2,23.95,678.32,-72.83,0.029,-0.67,0.46,-0.17,24.85
30.2,7.51,90.6,23.91,658.85,-76.05,0.009,-0.19,-0.35,-0.27,25.18
29.96,7.63,91.6,23.33,683.19,-75.96,0.026,0.13,0.69,-0.72,24.97
30.32,6.86,91.3,23.66,718.7,-75.53,0.015,0.13,-0.52,0.79,25.03
30.53,7.35,90.3,23.88,694.2,-78.21,0.043,0.79,-0.2,0.09,25.36
29.99,7.8,90.7,24.37,712.32,-74.24,0.068,-0.52,-0.11,-1.15,25.88
30.19,7.28,91.8,23.95,720.45,-77.86,0.0,-0.15,1.57,0.13,26.81
30.02,7.97,91.9,24.15,712.9,-73.76,0.074,1.1,-0.2,0.4,26.47
30.39,8.2,91.3,24.85,706.91,-75.61,0.009,-0.73,-0.24,-0.09,26.73
30.54,8.07,93.0,24.88,695.53,-74.09,0.039,-0.12,0.2,-0.03,26.25
30.46,7.96,90.6,24.16,731.21,-78.69,0.008,0.98,-0.56,-0.15,26.23
30.65,7.67,92.9,25.22,720.64,-74.71,0.013,1.03,0.31,0.1,25.73
30.61,7.93,91.6,24.62,734.88,-75.76,0.029,-0.01,-0.65,-0.4,26.53
30.74,7.49,93.7,25.06,724.87,-76.44,0.005,-0.53,-0.89,0.51,26.37
30.7,7.7,93.0,25.3,738.89,-74.36,0.008,-0.15,-0.04,-0.2,27.39
30.53,7.75,94.0,25.41,745.95,-74.94,0.02,0.03,0.59,-0.5,27.16
30.61,8.02,93.3,25.49,752.29,-75.87,0.004,-0.01,-1.02,0.55,26.86
30.52,7.91,94.8,25.5,742.34,-79.42,0.004,0.88,0.02,0.28,27.76
30.62,8.14,92.4,26.18,769.23,-76.69,0.033,-0.38,-0.53,0.26,27.82
30.68,8.35,94.8,25.58,754.97,-74.88,0.204,0.3,0.36,0.15,27.38
30.68,7.9,93.8,26.09,747.76,-77.23,0.13,0.0,0.22,0.11,28.59
30.87,8.18,94.7,26.69,766.87,-75.88,0.021,0.09,-0.11,0.67,27.82
30.69,8.03,94.9,26.68,771.64,-75.4,0.043,0.15,0.1,-0.12,28.5
30.64,8.22,93.6,26.19,776.12,-74.55,0.029,-0.32,1.2,-0.47,28.35
30.66,8.38,95.6,26.13,791.23,-76.16,0.0,0.61,0.87,-0.67,29.19
30.86,8.46,95.3,26.55,778.22,-77.93,0.07,0.36,-0.56,-0.13,29.03
30.63,8.4,95.2,26.29,782.23,-74.75,0.046,0.35,-0.56,-0.03,28.36
30.79,8.32,95.5,27.2,775.1,-77.03,0.008,-0.47,-0.05,0.38,29.65
30.98,7.77,95.4,27.13,796.91,-75.97,0.105,0.99,-0.94,-0.63,28.53
30.87,7.87,96.1,27.27,792.98,-77.77,0.014,0.14,-0.09,-0.38,28.73
30.84,7.95,95.1,27.69,789.24,-78.83,0.015,-0.22,0.69,-0.19,29.92
30.85,8.29,96.2,27.93,776.55,-78.84,0.033,-0.54,0.46,0.86,29.37
30.74,7.79,96.1,27.81,812.05,-74.91,0.032,-0.37,0.03,-0.49,29.61
30.77,8.27,95.6,27.75,787.2,-77.18,0.034,-0.09,0.63,-0.12,29.76
30.86,8.23,97.3,27.68,795.28,-76.12,0.001,-1.87,-0.4,0.31,29.26
30.92,7.55,96.2,27.89,806.35,-74.2,0.012,1.0,1.25,0.25,30.54
31.01,7.78,96.0,28.18,792.22,-75.98,0.0,0.42,-0.17,-0.12,30.75
30.91,8.4,96.4,28.51,790.51,-74.63,0.012,0.74,-0.28,-0.12,29.22
31.06,8.27,95.9,27.79,785.32,-79.15,0.055,-0.07,-0.64,0.44,29.86
31.09,7.77,96.9,27.96,814.73,-77.67,0.009,0.66,-0.06,0.34,30.39
31.0,7.69,96.0,28.42,802.87,-79.11,0.006,0.43,0.99,0.11,30.15
31.05,7.23,96.7,27.75,838.24,-79.48,0.077,0.21,0.7,0.19,30.04
30.78,8.37,95.1,28.66,799.52,-78.89,0.008,-0.18,-0.62,0.2,30.55
30.76,7.9,94.6,28.99,800.58,-79.21,0.019,0.31,1.49,0.05,30.65
30.95,8.41,96.3,29.5,804.32,-79.08,0.012,0.39,0.04,-0.42,31.11
30.72,7.74,95.6,28.76,812.42,-78.18,0.003,0.44,-0.48,0.14,29.79
30.84,7.84,95.8,29.08,805.15,-77.94,0.008,-0.08,0.45,-0.91,30.13
30.96,7.97,94.0,28.83,815.67,-77.08,0.03,-0.26,0.47,-0.3,30.27
31.03,8.15,97.2,29.43,799.31,-77.81,0.003,0.07,-0.06,0.07,31.56
30.82,7.75,95.9,28.74,794.66,-75.84,0.001,0.2,-0.34,0.07,31.24
30.77,7.55,96.8,29.04,789.73,-75.73,0.005,0.56,0.2,-0.16,30.77
30.87,7.5,94.5,29.16,784.55,-79.76,0.01,-0.61,0.12,0.49,30.64
30.69,7.12,95.6,29.1,800.53,-78.76,0.037,-0.71,-0.2,-0.25,30.86
30.79,7.26,95.8,28.71,801.46,-79.24,0.02,-0.12,0.83,-0.14,31.17
30.79,7.33,95.5,28.51,796.77,-80.92,0.021,-0.13,0.66,-0.78,30.6
30.77,7.66,95.5,29.36,813.98,-78.15,0.014,-0.11,1.15,0.5,30.81
30.77,7.05,94.1,29.09,812.14,-78.42,0.046,1.23,0.08,-0.81,30.56
30.64,7.43,95.3,29.02,794.68,-78.73,0.001,0.97,-0.08,0.51,30.12
30.64,7.02,94.3,29.3,778.11,-78.51,0.027,0.38,0.48,-0.12,29.95
30.62,7.35,94.3,29.27,788.26,-80.98,0.096,-0.36,0.0,0.96,30.36
30.49,7.11,94.7,29.08,785.66,-78.22,0.025,0.41,0.05,-0.79,30.46
30.71,7.02,94.3,29.16,782.68,-78.43,0.04,-0.21,0.46,0.22,30.76
30.75,7.06,94.2,28.72,779.73,-83.68,0.005,0.14,-0.49,0.57,30.65
30.72,6.94,95.1,29.06,777.49,-81.24,0.026,0.01,-0.33,0.73,29.94
30.57,6.94,93.9,28.29,777.35,-79.98,0.011,-0.4,1.19,0.45,30.46
30.48,7.19,93.6,28.81,771.92,-76.56,0.037,-1.1,0.65,-0.11,30.18
30.64,6.96,93.6,29.01,777.29,-80.61,0.006,-0.97,-1.67,-0.03,30.24
30.6,6.54,92.7,28.45,775.62,-80.63,0.026,0.39,-0.45,-0.56,30.31
30.52,6.19,93.5,28.7,759.6,-81.66,0.022,0.09,0.98,0.26,30.73
30.68,6.36,93.8,28.7,777.99,-81.53,0.039,0.59,-0.36,0.27,29.96
30.44,5.59,93.2,28.22,751.94,-79.24,0.033,0.36,-0.13,-0.04,30.74
30.38,6.34,92.8,28.85,741.91,-81.52,0.041,1.2,-0.44,-0.16,29.47
30.34,5.7,93.1,28.5,758.13,-79.59,0.077,0.12,0.29,-0.52,29.55
30.17,6.28,91.9,27.73,742.29,-82.29,0.026,-0.07,-0.8,0.46,29.78
30.4,6.46,92.2,28.26,749.71,-81.48,0.015,-0.62,-0.33,-0.18,29.25
30.28,5.36,93.1,28.66,718.41,-84.95,0.021,0.11,0.24,0.43,29.1
30.32,5.71,91.5,28.06,752.22,-83.24,0.035,0.28,1.41,-0.42,29.55
30.45,5.33,92.0,27.74,740.78,-82.97,0.008,-0.14,-0.21,-0.02,28.89
30.15,5.06,91.8,27.68,714.74,-82.72,0.006,0.25,-0.17,-0.8,28.92
29.89,5.47,90.4,27.72,710.56,-82.94,0.003,0.07,1.95,0.04,29.16
30.19,5.63,91.4,27.25,737.6,-83.15,0.015,0.86,-1.2,-0.47,29.76
30.12,5.59,90.1,28.06,708.96,-81.17,0.002,0.02,-0.1,-0.55,28.88
29.98,5.35,90.7,27.78,703.39,-83.86,0.004,0.02,-0.67,0.76,28.89
30.08,4.73,89.6,27.72,684.4,-82.34,0.064,0.26,-0.56,1.16,28.25
30.09,5.2,90.1,26.7,698.83,-83.38,0.028,1.06,0.33,0.31,28.16
29.85,4.66,89.7,27.16,695.28,-84.04,0.092,0.02,-0.18,-0.44,27.53
29.9,4.61,89.4,27.37,699.89,-80.49,0.014,-0.31,0.49,0.99,27.91
30.07,4.68,89.3,26.54,673.88,-82.89,0.013,0.17,0.34,0.23,28.47
29.78,5.24,88.4,26.71,667.77,-84.13,0.058,-0.14,-0.85,0.58,27.8
29.84,5.03,87.7,26.23,682.55,-83.14,0.026,-0.76,-0.92,-0.35,27.94
29.48,4.91,88.4,26.77,683.14,-83.31,0.025,0.44,0.46,-0.84,27.83
29.58,4.5,89.0,26.27,652.38,-84.45,0.025,-0.97,-1.01,0.14,27.88
29.74,4.59,88.3,26.18,673.9,-85.9,0.05,-0.57,-0.52,0.42,28.1
29.84,4.25,88.0,25.68,658.45,-85.12,0.034,-0.28,0.14,0.05,27.53
29.49,5.02,86.9,26.47,663.97,-89.3,0.006,0.57,0.54,-0.62,27.04
29.63,5.22,87.3,25.81,647.32,-85.71,0.036,0.3,-0.06,0.29,27.29
29.54,4.69,86.2,25.92,617.78,-83.9,0.023,0.89,0.7,-0.4,26.94
29.67,4.7,86.3,25.64,636.46,-84.55,0.004,0.29,-0.39,-0.14,25.76
29.37,4.4,86.6,25.04,643.58,-85.5,0.011,-0.12,0.33,0.47,26.02
29.54,3.92,84.7,24.64,619.05,-84.48,0.043,-0.97,-0.26,-0.14,26.25
29.38,4.12,87.3,24.99,619.14,-83.86,0.079,-0.19,0.46,-0.35,25.94
29.45,4.21,84.6,25.3,616.32,-85.21,0.019,0.39,-0.19,-0.14,25.97
29.4,4.21,86.9,24.07,584.17,-85.89,0.038,-0.73,-0.16,0.87,24.88
29.33,4.11,84.5,25.3,625.01,-85.94,0.002,0.29,0.53,-0.55,26.03
29.38,4.29,84.2,24.76,594.45,-87.01,0.022,0.1,0.21,0.6,25.51
29.3,4.0,84.4,24.38,603.73,-84.56,0.021,-0.08,-0.64,0.22,25.85
29.25,4.89,84.1,24.12,593.08,-82.74,0.161,-0.09,1.49,0.29,25.21
29.19,3.82,83.8,24.31,601.84,-87.83,0.171,-0.31,-1.24,0.16,25.12
29.21,4.48,83.7,23.43,588.7,-86.83,0.019,-0.79,-0.94,0.66,24.46
29.2,4.13,83.9,23.87,577.74,-85.63,0.005,-1.75,0.76,-0.66,24.23
29.03,4.34,82.9,23.67,566.67,-86.63,0.021,0.68,0.66,0.15,24.6
29.08,4.35,84.1,24.04,579.17,-85.3,0.034,0.14,0.26,0.1,24.39
28.97,4.25,84.3,23.14,548.12,-87.61,0.04,0.33,-0.2,-0.2,23.57
29.06,3.86,81.4,23.13,569.06,-89.48,0.006,0.25,-0.19,0.22,24.45
28.97,4.11,84.3,22.95,547.44,-85.03,0.042,0.22,0.08,-0.09,23.94
29.11,4.27,83.2,22.64,566.88,-85.35,0.091,1.41,-0.11,0.06,23.56
29.07,4.26,82.6,23.2,551.99,-85.27,0.006,0.22,-0.43,0.02,23.26
28.86,3.94,81.8,22.2,552.93,-83.66,0.019,0.66,0.16,0.06,23.76
28.95,4.65,82.2,21.87,543.53,-87.38,0.06,-0.46,0.47,-0.33,23.03
29.0,3.54,82.6,22.34,521.51,-83.92,0.011,0.26,-0.11,-0.03,23.26
28.89,4.23,83.8,21.87,526.86,-84.47,0.002,1.25,0.51,1.24,22.95
28.8,4.06,83.3,22.08,538.74,-87.23,0.109,0.28,-0.13,-0.26,22.66
28.74,4.42,80.2,22.08,530.34,-88.57,0.038,-0.19,-0.26,0.53,22.22
28.95,4.7,81.1,21.77,537.27,-88.33,0.005,-0.0,0.08,0.33,23.12
28.94,4.0,81.2,21.6,526.4,-85.86,0.018,-1.08,0.93,-0.12,22.06
28.79,5.17,82.1,20.75,509.73,-88.49,0.027,-0.52,0.32,0.25,21.99
28.89,4.56,80.9,21.54,508.6,-86.59,0.075,0.34,0.84,0.05,22.74
28.43,4.66,80.2,21.3,514.88,-87.28,0.01,0.38,-0.18,0.15,22.04
28.93,4.15,80.7,21.77,488.14,-86.58,0.051,0.27,0.21,0.37,22.09
28.74,4.62,80.3,21.4,525.58,-85.61,0.0,-0.42,0.59,0.22,22.45
28.77,4.97,81.3,20.37,510.96,-86.38,0.063,0.14,-0.38,-0.26,22.32
28.7,4.79,82.3,21.15,516.66,-85.69,0.043,0.85,-0.91,0.31,21.4
28.9,4.82,81.1,20.22,486.57,-84.12,0.085,-0.97,-0.75,0.09,21.97
28.6,4.82,81.0,20.87,512.96,-89.87,0.015,-0.15,0.54,-0.09,20.77
28.9,4.48,81.2,20.99,521.11,-86.58,0.103,-0.23,1.19,0.03,20.6
28.76,4.53,80.5,21.04,484.02,-87.05,0.048,0.18,-0.42,0.5,21.23
28.78,5.36,79.8,20.16,503.52,-86.96,0.005,-0.63,-0.48,-0.5,21.09
28.66,5.33,79.8,20.46,494.55,-90.03,0.008,-0.53,1.45,-0.73,21.3
28.54,5.44,80.9,20.48,477.99,-86.61,0.049,0.35,-1.36,-0.13,21.17
28.81,4.95,80.3,20.21,497.4,-87.68,0.018,-0.26,0.72,-0.39,21.15
28.74,5.22,79.2,19.39,500.01,-85.84,0.043,0.44,0.31,0.09,21.45
28.86,5.7,81.0,19.96,485.01,-83.01,0.018,0.23,0.04,-0.65,21.52
28.68,5.03,79.4,20.04,502.19,-88.48,0.029,0.53,0.08,-0.5,21.03
28.66,5.81,79.1,19.78,473.54,-86.25,0.012,-0.6,0.12,0.65,20.61
28.88,5.36,79.3,19.42,475.08,-89.44,0.019,0.83,0.08,0.2,20.48
28.94,5.35,80.3,19.6,491.38,-86.49,0.056,0.2,0.28,0.13,20.51
28.72,5.67,80.9,19.94,490.41,-85.24,0.021,0.59,-1.07,0.17,20.24
28.64,5.42,80.3,19.72,483.29,-85.89,0.035,-0.83,0.14,0.02,20.8
28.83,5.26,79.7,19.7,499.01,-84.52,0.007,-0.09,0.5,0.09,20.81
28.71,5.93,79.6,19.42,496.83,-85.51,0.035,0.03,-0.62,-0.93,20.11
28.83,6.14,80.9,19.63,500.88,-89.07,0.003,0.28,0.47,0.74,20.28
28.74,6.42,80.3,18.72,491.99,-83.57,0.028,0.75,0.12,-0.04,19.62
28.97,6.31,80.7,19.42,500.33,-88.55,0.024,-0.2,-0.45,-0.08,20.28
28.71,6.79,80.4,19.28,491.08,-83.49,0.016,-0.85,-0.59,0.38,20.32
28.86,6.69,80.9,19.42,517.46,-85.17,0.053,-1.19,-0.66,0.91,19.86
28.76,6.58,81.0,18.99,490.33,-85.57,0.026,-0.18,-0.79,-0.35,20.09
28.81,6.57,82.8,19.53,521.2,-83.45,0.009,0.41,-0.73,-0.01,19.85
28.81,6.87,81.3,20.08,502.33,-85.08,0.021,0.29,-0.1,-0.14,19.69
28.96,5.92,80.8,19.44,490.21,-84.41,0.048,-0.01,0.35,0.21,20.93
29.0,6.51,81.3,19.44,519.77,-85.5,0.059,0.43,1.35,0.29,19.73
28.98,6.17,80.6,20.32,509.62,-86.64,0.011,1.09,0.06,0.5,20.43
28.92,7.0,80.7,19.13,519.28,-87.18,0.002,1.09,-0.97,-0.97,20.81
28.97,6.65,82.6,19.67,525.55,-82.36,0.009,0.77,0.5,0.66,21.03
29.09,7.85,82.0,20.08,519.37,-83.14,0.066,0.44,0.19,0.31,20.08
29.11,6.85,82.8,19.42,512.88,-85.51,0.033,-0.38,0.32,0.26,21.06
28.7,7.11,80.8,19.9,531.5,-86.15,0.098,1.19,0.23,-0.39,20.66
29.02,7.03,81.5,19.71,524.82,-82.71,0.001,0.73,-0.4,-0.55,20.89
29.05,7.06,82.7,19.32,534.86,-83.6,0.013,0.13,0.34,-0.14,21.42
29.18,6.9,82.0,19.69,509.78,-83.29,0.016,-0.64,0.37,0.1,21.03
29.12,6.95,81.7,19.8,539.21,-82.81,0.012,0.44,-0.64,-0.58,20.48
29.24,6.75,82.2,19.65,531.9,-82.88,0.009,0.56,0.13,0.34,20.11
29.06,7.62,83.0,19.38,558.47,-81.63,0.018,0.04,-0.02,0.95,21.27
29.25,7.39,83.7,19.87,551.93,-83.18,0.034,-0.88,0.36,-0.53,21.26
29.35,8.15,85.0,19.57,551.96,-86.32,0.006,-0.27,1.44,-0.09,20.87
29.1,7.25,83.0,20.36,558.39,-84.72,0.047,0.26,-0.09,-0.73,21.35
29.61,8.12,83.3,20.44,547.6,-83.34,0.007,0.74,0.81,-0.08,20.83
29.48,8.2,83.1,19.89,577.96,-83.47,0.105,0.03,-0.73,-0.93,21.62
29.37,8.16,85.0,20.46,585.88,-82.64,0.046,-0.44,0.21,-0.17,21.05
29.3,7.89,84.8,20.06,574.21,-83.66,0.012,-1.31,0.08,-0.99,22.18
29.41,7.76,84.2,20.5,590.59,-85.78,0.026,1.18,0.05,0.95,22.65
29.48,8.29,84.5,20.49,573.46,-83.03,0.014,0.02,-0.75,-0.91,22.04
29.55,7.71,85.3,21.0,575.72,-86.05,0.187,-0.44,0.95,-0.21,22.2
29.71,8.06,85.6,20.38,588.71,-85.76,0.019,-1.1,0.4,0.51,22.4
29.51,8.0,85.1,21.4,597.32,-82.28,0.034,-0.29,0.01,0.38,22.4
29.67,7.77,86.3,21.6,593.75,-84.34,0.03,0.93,-0.38,0.6,21.99
29.48,8.15,85.3,21.24,607.85,-83.45,0.011,-0.74,0.24,0.25,23.12
29.62,8.32,86.7,20.94,610.36,-81.93,0.015,0.54,0.56,0.48,22.87
29.75,7.84,86.8,20.8,602.17,-83.37,0.021,-0.55,-0.16,0.14,23.06
29.82,8.28,87.5,22.04,622.25,-81.79,0.009,0.03,0.01,-0.35,23.38
29.68,7.49,88.4,22.48,630.63,-80.47,0.007,0.55,0.15,-0.51,23.5
29.75,7.86,87.3,21.94,628.67,-83.4,0.102,-0.77,-0.61,0.54,23.76
30.02,8.04,87.9,21.65,643.47,-82.83,0.01,0.53,-0.96,-0.21,23.59
30.01,8.3,86.6,21.81,624.77,-80.91,0.013,0.19,-0.46,0.24,23.22
29.93,8.46,90.0,22.74,646.64,-82.37,0.052,0.19,-0.61,-0.31,23.88
29.68,8.22,87.2,22.53,635.28,-80.64,0.046,-0.03,0.07,-0.37,23.86
30.28,8.37,88.8,22.27,640.87,-80.67,0.005,0.37,0.6,-0.08,23.68
30.01,8.15,87.1,23.56,650.73,-81.8,0.005,-0.09,0.03,0.31,24.76
30.01,8.31,88.7,23.26,652.63,-79.18,0.006,-0.91,-0.46,-0.07,24.28
30.02,8.29,91.0,23.24,661.58,-82.83,0.025,-0.06,-0.46,-0.37,24.59
30.16,8.02,90.8,23.0,669.91,-79.98,0.052,1.15,-0.24,0.69,24.37
30.19,8.05,90.9,23.77,685.39,-83.93,0.04,-0.1,0.84,-0.13,24.8
30.29,8.32,90.2,23.8,678.74,-80.48,0.015,-0.07,-0.65,0.36,25.36
30.1,8.67,91.9,23.6,671.01,-80.39,0.026,-0.72,-0.0,-0.01,25.97
30.2,8.46,91.1,24.17,703.14,-82.16,0.037,1.6,-0.28,0.27,24.73
30.52,7.74,91.6,24.3,688.2,-77.91,0.0,-1.06,0.18,0.08,25.48
30.33,7.71,93.4,24.18,700.77,-81.72,0.052,-0.06,-0.26,0.27,24.39
30.31,7.86,92.4,23.84,710.55,-80.45,0.046,-0.31,-0.0,0.11,25.63
30.25,8.02,91.7,24.03,712.76,-78.04,0.04,-0.27,-0.93,0.24,26.01
30.46,7.96,92.4,23.99,726.33,-79.34,0.1,-0.53,-0.82,-1.03,26.19
30.55,8.28,93.3,25.15,724.73,-80.13,0.0,0.01,-0.15,0.53,26.94
30.56,8.26,92.9,24.33,715.82,-80.32,0.052,-0.47,-0.26,-0.0,26.36
30.45,7.83,93.2,25.0,750.63,-79.26,0.019,-0.65,-0.07,0.14,27.24
30.55,7.72,93.9,24.58,735.12,-79.75,0.043,-1.55,-0.02,-0.66,26.87
30.73,7.89,95.0,25.87,735.95,-78.87,0.001,-0.67,0.36,0.48,26.72
30.69,8.01,92.5,25.02,751.23,-79.89,0.002,0.17,-0.38,0.59,27.16
30.49,7.8,94.0,25.69,748.16,-77.47,0.004,0.85,-0.51,-0.32,27.29
30.3,7.45,94.0,25.17,753.64,-79.63,0.006,-0.52,0.91,0.1,27.47
30.66,7.34,93.5,26.17,778.46,-80.8,0.005,0.37,0.52,-1.07,27.26
30.75,7.14,93.4,26.38,754.56,-74.22,0.012,-0.12,0.21,-0.24,27.41
30.54,7.47,95.4,26.15,757.81,-76.83,0.011,-0.33,0.02,-0.5,28.29
30.69,7.54,93.4,26.26,765.72,-79.23,0.007,-0.23,0.99,0.76,28.41
30.68,7.51,93.3,26.7,778.72,-79.44,0.005,-0.59,-0.04,0.06,27.79
30.74,7.57,94.1,26.33,756.28,-76.97,0.034,-0.51,0.38,1.04,28.21
30.68,7.6,93.3,27.06,754.9,-78.87,0.019,-0.33,0.54,-0.07,28.56
30.92,6.68,94.2,26.91,771.78,-76.24,0.091,-0.01,0.96,-0.35,28.86
30.8,7.15,94.1,26.38,764.28,-76.92,0.052,-0.7,0.86,-0.24,28.74
30.69,7.09,95.1,27.7,779.21,-77.16,0.042,0.08,-0.43,-0.87,29.26
30.92,6.86,96.4,27.24,791.19,-77.22,0.003,-0.4,-0.05,0.78,28.89
30.67,6.56,94.8,27.17,779.83,-75.21,0.072,0.25,-0.17,-0.38,29.66
30.99,7.17,96.1,27.46,776.9,-77.62,0.109,0.57,-0.54,-0.45,30.18
30.97,6.49,96.1,27.26,794.16,-77.02,0.002,0.13,-0.17,-1.22,29.3
31.02,5.94,93.8,27.57,804.25,-78.28,0.055,-1.42,-0.81,0.18,29.53
30.85,6.53,95.2,28.0,780.68,-76.15,0.016,-0.33,0.08,0.49,29.12
30.82,6.37,95.4,28.07,807.7,-78.27,0.012,-0.36,-1.64,0.15,29.53
30.89,6.93,96.1,28.14,809.39,-75.07,0.034,-0.03,0.36,-0.22,29.76
30.88,6.44,96.3,27.81,812.32,-74.85,0.011,-0.32,-0.66,0.1,30.07
30.81,6.13,96.1,27.81,816.38,-79.25,0.004,-0.09,-0.7,0.27,29.8
30.83,6.09,95.2,28.33,827.48,-75.15,0.036,-0.02,0.48,0.02,30.26
30.85,6.01,95.4,28.54,803.02,-78.48,0.032,0.49,-0.11,-0.39,29.9
30.76,6.66,94.8,28.1,808.63,-77.21,0.047,-0.27,-0.24,0.24,30.53
30.98,6.12,96.0,28.35,804.17,-76.53,0.025,-1.36,-0.59,0.06,30.36
30.89,5.42,95.7,28.63,809.0,-77.12,0.048,0.41,-0.45,-0.45,30.41
30.86,5.7,96.4,28.53,824.8,-76.93,0.0,0.03,0.73,0.75,30.14
30.76,5.69,96.5,29.03,796.35,-75.13,0.044,-0.46,0.14,-0.24,30.35
30.75,5.29,95.7,28.22,801.36,-74.69,0.017,-0.58,0.42,-0.46,30.29
31.12,5.02,96.2,28.22,823.76,-76.42,0.025,0.06,-0.9,-0.84,30.83
30.8,5.66,95.7,29.16,820.04,-76.22,0.066,-0.27,0.85,0.69,29.99
30.95,5.17,95.0,29.04,805.91,-75.23,0.045,1.12,-0.26,0.86,30.29
30.88,5.72,95.2,28.89,817.63,-77.72,0.032,0.53,-0.72,-0.02,31.09
30.52,5.28,94.0,28.78,811.88,-76.06,0.005,0.13,-0.27,0.28,30.71
31.06,5.07,95.4,29.09,822.7,-76.42,0.009,0.6,0.49,0.21,31.15
30.91,4.42,95.2,29.01,807.52,-75.64,0.013,0.1,0.46,-0.68,31.01
30.73,5.45,94.7,29.07,815.95,-77.79,0.081,-0.33,-0.64,0.41,31.06
30.8,5.11,96.1,28.96,830.88,-75.48,0.045,-0.63,-0.04,0.18,30.87
30.65,4.83,95.8,29.18,809.05,-75.59,0.021,0.64,-0.3,-0.18,30.44
31.0,4.63,95.7,29.32,802.02,-73.04,0.043,-0.41,-0.45,-0.63,30.73
30.65,5.33,95.7,29.32,807.07,-77.94,0.009,0.66,1.44,0.8,30.19
30.68,4.47,95.1,29.16,794.35,-72.53,0.005,0.42,-0.23,-0.34,30.61
30.64,4.63,94.9,28.99,819.9,-73.12,0.027,0.16,0.83,-0.32,30.44
30.72,4.86,95.5,29.13,795.7,-74.08,0.017,0.28,0.03,-1.02,29.9
30.85,5.07,95.2,29.38,788.9,-76.77,0.018,-0.25,-0.14,0.25,30.78
30.88,4.53,95.4,28.88,780.86,-74.55,0.006,-0.02,0.87,0.18,30.71
30.6,4.33,94.3,28.81,797.64,-78.63,0.014,-0.16,0.98,-0.04,31.05
30.67,4.48,93.4,29.05,792.66,-79.12,0.111,0.0,-0.15,-0.33,30.01
30.61,4.74,94.3,29.1,776.21,-76.95,0.002,-0.6,0.78,0.1,30.89
30.46,4.77,93.4,28.76,784.0,-77.57,0.124,0.28,-0.09,0.29,29.47
30.84,3.99,94.3,28.91,760.08,-79.08,0.028,0.7,0.03,-0.38,30.28
30.69,4.4,93.8,28.41,773.82,-73.74,0.016,0.09,0.21,-0.56,31.07
30.52,3.91,93.4,28.64,773.19,-77.28,0.0,0.91,0.55,-0.27,30.2
30.66,4.58,92.9,29.13,782.31,-75.55,0.017,0.7,1.05,0.07,29.85
30.59,4.42,93.8,28.74,753.98,-72.07,0.018,0.91,-0.5,-0.14,30.03
30.42,3.99,93.5,28.23,745.25,-76.5,0.008,-0.22,0.12,-1.03,30.33
30.42,4.71,92.1,28.21,745.32,-78.31,0.058,-0.69,-0.91,-0.74,29.79
30.54,4.33,91.4,27.88,737.04,-73.63,0.014,0.66,-0.24,-0.04,29.97
30.21,4.29,92.3,28.8,759.81,-76.71,0.004,0.63,0.13,0.12,29.87
30.49,4.16,92.9,27.8,757.88,-75.27,0.056,0.16,-0.26,-0.46,29.84
30.24,4.2,90.7,27.17,741.44,-80.69,0.032,-0.82,0.56,-0.78,29.94
30.41,4.09,91.9,27.48,746.22,-76.23,0.002,0.13,0.54,-0.26,30.21
30.2,3.98,90.6,27.89,731.02,-76.83,0.002,-0.2,0.98,-0.43,29.34
30.21,4.57,90.2,27.52,724.34,-77.36,0.11,0.55,-0.58,0.41,29.32
30.13,4.06,91.6,27.72,717.49,-75.43,0.061,0.45,0.67,0.32,28.6
30.04,4.06,91.1,27.69,713.17,-77.97,0.064,-0.23,-1.1,1.09,29.33
30.04,4.18,90.2,27.24,696.19,-77.46,0.003,-0.46,-0.19,-0.67,29.38
30.2,4.66,90.7,27.02,709.64,-76.97,0.004,-0.54,-0.4,-0.53,28.98
29.72,4.59,90.4,27.55,701.87,-75.91,0.131,-0.31,0.4,0.1,28.02
29.82,4.15,88.4,27.21,704.95,-77.67,0.143,0.05,-1.16,-0.17,28.28
29.84,4.66,89.4,26.05,693.61,-77.62,0.019,-0.13,0.26,-0.06,28.33
29.77,4.35,90.2,26.33,686.18,-77.73,0.039,-1.02,-1.1,-0.18,27.82
30.04,4.09,89.2,26.11,674.2,-77.83,0.04,0.84,0.12,-0.21,28.88
29.98,4.23,86.5,26.55,678.69,-79.65,0.138,-0.84,0.15,-0.15,28.05
29.86,4.82,87.5,26.55,680.39,-76.64,0.045,-0.56,-0.17,-0.19,28.11
29.68,5.06,88.9,26.28,656.59,-76.64,0.012,-0.21,0.69,-0.64,27.97
29.88,4.57,87.4,25.99,663.9,-80.42,0.032,-0.4,-0.5,-0.58,27.48
29.5,4.34,88.5,26.43,660.34,-78.77,0.02,-0.18,0.23,-0.37,26.8
29.91,4.52,89.0,26.04,645.8,-76.22,0.018,0.03,0.06,-0.58,27.44
29.54,4.37,86.9,25.47,642.08,-78.15,0.019,-0.07,0.93,0.32,27.78
29.56,4.46,86.4,25.35,645.24,-78.91,0.069,-0.72,-0.96,-1.28,26.66
29.5,4.48,85.8,25.23,626.58,-80.21,0.012,-0.3,0.95,1.28,26.43
29.39,4.72,87.0,25.23,636.41,-76.77,0.032,-0.29,0.74,-0.36,26.83
29.72,4.83,85.6,25.22,618.97,-79.83,0.108,-0.75,0.23,0.29,26.71
29.55,4.81,85.5,25.2,633.58,-77.87,0.012,-0.9,0.03,0.35,26.63
29.57,4.84,84.7,24.62,641.39,-76.14,0.036,-0.35,-0.32,-0.9,25.96
29.24,5.2,85.0,24.29,604.5,-78.96,0.004,-0.23,-0.19,0.33,25.79
29.38,4.96,84.6,24.75,613.57,-77.14,0.059,1.62,-0.37,0.91,24.64
29.39,5.04,83.3,24.75,596.13,-78.7,0.054,0.49,-0.73,1.2,25.54
29.33,5.1,84.0,24.91,609.02,-78.01,0.007,0.52,0.42,-0.6,25.13
29.13,5.68,85.1,24.3,581.23,-80.03,0.003,-0.23,0.58,0.17,24.31
29.36,5.14,85.3,23.75,594.01,-81.11,0.004,1.22,0.91,0.4,25.79
29.22,5.53,83.9,24.07,575.85,-80.61,0.068,0.24,-0.07,-0.18,24.97
29.06,5.2,83.8,23.66,577.96,-80.59,0.02,0.29,0.51,-0.26,24.0
28.93,5.6,83.8,23.09,565.23,-79.78,0.041,0.25,-1.07,0.27,24.7
29.19,5.73,85.0,23.39,579.35,-79.25,0.02,0.55,-0.07,0.2,25.13
29.39,5.96,82.4,23.36,558.43,-82.78,0.062,0.16,-0.14,0.63,24.71
28.95,5.59,82.0,23.62,568.06,-80.35,0.019,0.15,0.18,-1.51,24.46
29.06,5.45,82.7,22.99,554.94,-80.26,0.061,0.59,-0.55,-0.18,23.42
29.15,5.62,82.9,22.54,553.16,-80.79,0.009,-0.04,-0.27,-0.56,23.54
28.84,6.22,82.4,22.02,551.8,-82.57,0.002,-1.31,-0.46,0.24,23.26
28.91,6.63,81.1,22.11,538.82,-80.52,0.01,0.17,0.54,0.07,23.46
28.85,6.33,82.8,22.06,544.76,-80.72,0.029,-1.24,-0.06,0.35,23.62
29.05,5.78,81.8,22.84,554.29,-80.18,0.06,-0.21,0.02,-0.31,23.33
29.07,6.47,82.2,22.05,527.64,-81.89,0.01,0.21,-0.48,-0.12,22.65
28.91,6.02,82.8,21.95,543.69,-81.24,0.002,0.2,0.53,0.1,22.8
28.77,6.28,80.3,22.24,543.62,-80.99,0.017,-0.36,0.29,0.13,23.15
28.8,6.51,79.9,21.93,517.26,-81.9,0.08,-1.03,0.02,-0.57,22.8
28.76,6.64,81.6,21.5,507.78,-84.11,0.017,-0.7,-0.52,-0.11,22.62
28.7,6.62,79.4,21.87,522.38,-85.65,0.012,-1.34,0.08,-0.55,21.98
28.79,6.5,80.6,21.11,511.05,-83.6,0.035,-0.85,0.36,0.14,22.27
28.86,7.07,80.3,21.33,532.5,-85.08,0.016,-0.51,0.8,0.38,21.62
28.83,6.67,81.0,20.67,511.59,-82.28,0.036,-0.1,0.48,-0.18,21.63
28.76,7.27,80.1,21.09,500.79,-84.32,0.004,0.33,-0.28,0.5,21.25
28.76,6.56,80.9,21.24,495.05,-83.91,0.018,-0.25,-1.17,0.42,22.42
28.73,7.1,79.6,21.08,515.26,-80.4,0.003,0.17,0.36,0.38,22.32
28.58,6.73,79.4,20.99,496.64,-83.78,0.036,-0.1,-0.74,-0.52,21.11
28.74,6.92,80.3,21.58,500.93,-81.54,0.043,1.24,-0.07,0.07,21.09
28.65,7.08,80.3,20.38,508.33,-83.39,0.005,-0.85,0.15,0.52,21.18
28.55,7.75,80.4,20.07,492.37,-85.73,0.002,1.25,-0.16,0.04,21.7
28.75,7.75,81.3,20.45,495.33,-83.77,0.016,-0.48,0.19,0.74,21.36
28.63,7.68,81.1,19.9,494.36,-87.31,0.054,0.36,-1.05,0.19,21.59
28.73,7.49,80.4,19.73,500.25,-83.62,0.008,-0.44,-0.0,-0.29,21.63
28.8,7.59,80.7,19.96,498.37,-85.48,0.026,-0.39,0.91,-0.53,21.07
28.59,7.97,80.2,20.67,489.46,-84.23,0.006,0.07,-0.22,1.02,20.92
28.71,7.86,80.9,20.15,491.65,-85.3,0.032,-0.65,0.5,-0.95,21.28
28.49,7.7,80.3,19.97,486.81,-82.66,0.006,-0.08,-0.24,-0.73,21.11
28.89,8.19,79.6,19.19,475.42,-84.49,0.013,0.13,-0.31,0.51,21.05
28.55,8.04,79.4,19.5,492.6,-85.14,0.039,-1.33,-0.39,0.25,20.75
28.65,7.91,81.0,20.17,508.94,-85.52,0.031,-0.74,-0.88,-0.33,20.93
28.88,7.74,79.9,19.53,481.32,-84.57,0.017,-0.49,0.2,0.94,20.35
28.7,7.75,81.7,20.35,482.73,-85.56,0.013,1.3,-0.11,-0.1,20.2
28.59,7.85,79.3,19.7,482.21,-88.57,0.066,-0.53,-0.65,-0.14,20.26
28.83,8.13,81.2,19.45,498.78,-86.02,0.005,0.13,-0.41,0.17,21.28
28.84,8.27,79.9,19.37,496.79,-85.3,0.019,0.62,-1.06,0.3,19.93
28.69,7.62,80.7,19.43,491.65,-86.54,0.021,-0.33,0.2,0.29,20.7
28.72,7.5,79.4,18.92,485.14,-85.13,0.012,-0.43,-0.27,-0.02,21.1
28.74,7.82,79.1,19.76,496.48,-85.43,0.06,0.15,-0.18,0.29,20.46
28.78,8.0,81.8,19.56,481.3,-88.98,0.0,-0.52,0.33,-0.89,20.17
28.6,8.5,80.4,19.31,499.92,-86.84,0.055,0.41,0.59,-1.3,20.52
28.82,8.08,81.6,19.36,508.89,-83.88,0.008,0.56,0.72,0.04,20.11
29.07,8.25,80.4,19.69,489.5,-85.14,0.0,0.11,0.31,-0.45,19.96
28.77,8.31,81.9,20.12,488.67,-85.08,0.022,0.62,-0.26,-0.22,20.88
28.82,7.89,80.8,19.96,521.91,-84.64,0.009,0.52,-0.75,-0.15,20.87
28.77,8.64,80.4,19.51,502.27,-86.54,0.018,-0.54,0.87,-0.01,20.26
29.01,8.0,82.0,19.18,522.16,-87.09,0.011,-1.31,0.54,0.75,20.23
29.1,8.67,82.4,18.96,511.8,-85.05,0.011,-1.48,-0.54,-0.5,20.54
29.12,8.16,82.3,19.57,514.41,-84.71,0.041,0.36,0.68,-0.28,20.46
28.85,8.09,81.8,19.29,523.22,-84.59,0.05,-0.44,0.39,-0.23,20.22
29.09,7.85,80.7,19.66,512.94,-87.46,0.039,-0.14,-0.47,-0.75,19.99
29.22,8.23,81.4,19.75,526.18,-85.57,0.023,0.63,-0.62,-0.1,20.07
29.14,8.83,81.9,19.95,524.23,-86.78,0.03,-0.26,0.91,0.16,20.24
29.16,8.26,82.4,19.34,518.16,-85.6,0.111,-0.21,-0.38,0.48,20.37
29.07,8.2,83.7,19.5,538.17,-86.84,0.01,-0.22,0.51,-1.07,20.94
29.19,7.89,82.9,19.76,535.7,-86.79,0.003,-0.48,0.22,-1.22,20.61
29.34,8.24,81.5,20.03,540.42,-85.59,0.04,-0.29,-1.22,-0.07,20.7
29.26,8.09,81.3,20.08,533.65,-87.32,0.012,0.73,0.13,-0.38,20.6
29.1,7.99,83.1,20.99,565.53,-87.42,0.013,-0.57,-0.0,0.43,20.69
29.22,8.12,83.4,19.38,562.35,-85.29,0.085,0.21,0.76,-0.05,20.78
29.45,7.39,84.3,20.64,567.28,-86.3,0.01,0.46,0.5,0.13,21.35
29.38,7.87,83.1,20.71,558.73,-88.41,0.001,0.7,0.02,-0.72,21.9
29.38,7.5,83.4,20.11,548.73,-85.21,0.003,0.97,0.77,-0.2,22.19
29.33,7.82,85.1,20.36,589.87,-84.78,0.046,-0.13,-0.32,0.42,21.72
29.58,7.55,86.0,21.24,574.13,-86.54,0.052,0.34,0.01,0.17,22.23
29.67,7.52,83.6,20.51,571.73,-87.47,0.018,0.18,0.16,-0.99,21.61
29.65,7.27,84.8,20.62,587.92,-84.58,0.007,0.82,-0.87,-0.16,22.27
29.71,7.95,86.6,20.99,600.04,-84.68,0.042,-0.02,-0.11,1.33,21.82
29.52,7.36,86.7,21.24,592.8,-88.33,0.005,0.89,-0.76,0.56,22.47
29.54,7.32,85.4,21.52,610.54,-87.39,0.004,0.5,-0.29,-0.73,22.1
29.62,7.91,87.3,21.65,613.36,-87.07,0.003,-0.25,-1.22,-0.41,22.26
29.67,7.56,86.7,21.69,596.59,-84.51,0.002,-0.55,-0.95,-0.14,22.67
29.87,6.72,87.4,20.87,605.48,-85.62,0.018,-0.25,0.83,-0.17,23.48
29.88,7.68,86.6,21.65,626.7,-87.42,0.007,-0.18,0.74,0.22,23.32
29.84,7.7,87.6,22.02,594.93,-86.92,0.009,-0.71,-0.05,0.08,22.83
29.63,7.6,86.7,22.16,625.53,-87.05,0.023,0.04,0.13,0.02,22.84
29.64,7.27,87.5,21.81,617.7,-88.01,0.018,-0.06,-0.64,-0.05,23.09
29.9,6.67,87.9,21.84,632.25,-86.05,0.01,-0.87,-1.1,-0.84,23.82
30.02,6.92,88.5,21.95,639.04,-86.11,0.107,-0.92,0.59,0.3,23.8
29.93,6.43,90.6,22.63,643.47,-85.87,0.005,0.28,0.31,0.12,24.13
30.21,6.53,90.9,22.97,646.56,-86.38,0.029,0.22,-0.44,-0.24,23.82
29.88,6.38,88.8,22.81,646.13,-88.3,0.073,-0.31,-0.58,0.04,24.32
29.9,6.45,90.6,22.53,685.04,-87.57,0.001,-0.53,0.1,-1.0,24.45
30.0,6.62,88.8,23.11,685.8,-86.47,0.03,0.47,0.04,-0.07,25.01
30.03,6.36,90.2,22.86,660.49,-85.16,0.057,-0.53,0.41,-0.49,25.3
30.21,6.27,89.6,23.08,692.9,-86.03,0.001,0.44,-0.37,0.47,25.19
30.13,6.26,90.0,23.36,678.03,-88.24,0.038,0.88,-0.46,0.09,25.49
30.03,6.72,92.7,23.36,688.22,-89.36,0.046,0.55,-0.47,-0.64,25.14
30.35,6.84,90.5,23.39,691.17,-86.31,0.002,-0.76,1.33,0.33,25.03
30.06,5.98,90.6,24.48,690.04,-85.57,0.001,-0.5,-0.22,-0.51,25.47
30.18,6.14,90.5,23.43,711.26,-84.93,0.02,-0.29,0.12,0.6,25.59
30.14,5.72,90.9,24.03,707.41,-83.41,0.037,0.05,-1.03,0.55,25.72
30.39,6.12,90.6,24.32,706.06,-84.27,0.015,0.1,-0.34,-0.41,25.96
30.42,5.68,92.2,24.97,702.4,-84.95,0.052,-0.62,-0.24,0.3,26.06
30.65,5.53,92.4,24.8,711.07,-86.6,0.053,0.59,1.1,-0.32,26.11
30.56,6.27,92.7,24.74,708.07,-83.54,0.005,0.37,0.75,-0.02,26.4
30.65,5.19,92.6,24.73,729.02,-87.24,0.002,-0.08,-0.87,0.61,26.93
30.54,4.79,92.4,25.54,721.27,-83.87,0.011,-0.28,0.42,0.81,26.43
30.42,5.68,92.5,25.01,734.83,-82.59,0.006,0.2,-0.29,-0.04,27.47
30.57,5.28,93.3,25.51,755.35,-83.22,0.048,-0.15,-0.17,-1.28,27.52
30.65,5.13,93.4,25.52,757.72,-85.81,0.023,0.04,-0.8,0.33,27.28
30.69,6.07,93.1,25.89,749.38,-87.59,0.032,0.12,-0.08,1.0,26.44
30.57,5.41,93.5,26.41,752.71,-86.14,0.043,-0.5,-0.16,-1.0,26.67
30.71,5.11,95.2,26.25,776.16,-84.84,0.06,1.29,-1.17,-0.3,27.74
30.56,4.85,95.7,26.1,766.25,-85.22,0.026,-0.36,0.38,-0.56,28.11
30.57,5.13,94.1,26.87,761.32,-84.32,0.027,-0.36,0.47,-0.13,28.69
30.58,4.42,93.8,26.97,753.79,-87.29,0.034,-0.66,-0.27,0.85,27.97
30.74,4.73,94.5,26.95,775.33,-83.27,0.029,-0.13,0.33,0.08,28.06
30.61,4.82,95.6,26.78,782.9,-85.27,0.068,0.89,0.58,-0.59,27.92
30.72,4.84,94.8,26.54,771.38,-84.22,0.002,-0.59,-0.56,0.12,28.78
30.89,4.68,95.2,26.1,783.57,-84.82,0.01,0.08,-0.95,-0.67,28.67
30.67,4.46,94.6,27.13,779.86,-82.85,0.001,0.6,0.23,-0.45,28.61
30.75,4.9,94.3,27.45,784.36,-84.7,0.061,-0.82,0.26,-0.29,28.93
30.83,4.08,95.9,26.82,763.89,-86.3,0.02,0.1,0.96,0.09,29.01
30.87,4.45,95.6,27.55,788.99,-82.76,0.053,0.22,-0.09,0.98,29.55
30.79,4.34,96.0,27.36,803.19,-85.86,0.026,0.77,0.27,-0.62,29.1
30.95,4.76,94.2,27.8,789.34,-83.6,0.004,0.07,-0.29,0.19,29.38
30.94,4.28,97.1,27.51,798.18,-81.58,0.002,0.23,-0.52,0.35,29.83
31.01,4.52,95.9,27.57,791.96,-82.22,0.001,-0.96,0.55,0.3,29.49
30.87,4.46,94.3,27.9,804.84,-82.9,0.01,0.44,0.45,0.2,29.4
30.83,3.78,96.6,27.61,800.64,-82.71,0.077,0.98,-0.84,0.25,29.28
30.81,4.28,95.6,28.44,794.82,-84.25,0.042,0.62,0.06,0.14,29.46
30.93,3.76,95.9,28.2,818.81,-81.93,0.011,-0.17,-0.34,0.18,29.71
30.85,4.37,95.6,27.87,815.88,-81.67,0.013,-0.08,0.42,-0.3,30.43
30.83,4.03,95.9,28.14,801.5,-81.95,0.026,-0.0,-0.13,0.46,29.83
30.85,4.59,96.0,28.63,813.32,-82.12,0.063,1.19,-0.02,0.36,30.11
30.82,4.16,94.7,28.39,814.36,-82.21,0.043,0.91,0.5,0.07,29.85
30.92,3.98,96.7,28.81,815.9,-80.67,0.065,-0.46,0.32,-0.03,30.35
30.72,4.56,96.1,28.27,792.86,-82.64,0.0,-0.52,-0.71,-0.64,30.5
30.93,3.94,96.3,28.58,820.04,-83.59,0.113,0.7,0.03,0.25,30.58
30.97,4.47,96.6,28.7,804.29,-80.09,0.008,-0.13,0.07,0.61,31.19
30.81,4.34,96.0,29.56,806.26,-83.28,0.012,0.27,-0.55,0.42,30.53
31.1,4.1,96.1,28.57,835.92,-82.28,0.031,0.21,0.23,-0.25,30.69
30.87,3.82,94.7,29.08,812.1,-80.39,0.051,0.88,0.32,0.15,30.38
30.67,4.6,95.1,29.06,804.6,-80.39,0.013,-0.63,-0.88,0.01,31.5
30.81,4.39,95.8,29.53,785.64,-81.0,0.035,0.26,-0.38,0.76,31.0
30.84,4.03,95.8,29.42,820.66,-78.51,0.078,0.88,0.15,0.54,31.03
30.87,4.35,95.9,28.81,792.22,-79.02,0.023,1.37,0.21,-0.05,31.12
30.78,4.6,96.6,28.62,794.4,-80.5,0.024,0.34,-0.11,-0.11,31.0
30.67,4.36,95.3,28.5,799.74,-81.05,0.037,-0.45,0.55,-0.38,31.15
30.65,4.42,95.6,29.08,815.67,-79.68,0.004,-0.06,0.04,0.55,30.62
30.68,4.69,95.2,29.35,807.55,-79.66,0.037,-0.2,-0.07,-0.11,31.6
30.68,4.88,94.9,29.4,796.4,-78.03,0.005,0.68,0.39,0.31,30.06
30.59,4.41,94.8,28.9,799.08,-79.98,0.097,0.34,1.17,0.19,30.55
30.62,4.09,94.2,28.99,787.86,-78.01,0.006,0.48,0.12,0.12,31.33
30.77,4.14,94.6,29.46,792.99,-81.42,0.018,0.08,0.03,-0.28,30.54
30.86,4.36,94.4,28.67,789.92,-78.77,0.047,0.21,-0.39,-0.12,30.84
30.73,4.34,94.3,28.04,796.33,-80.23,0.011,-0.06,-0.15,0.32,30.35
30.78,4.16,92.8,29.28,793.63,-79.03,0.022,-0.07,-0.91,-0.39,30.68
30.71,5.27,94.0,28.43,786.08,-79.25,0.002,-0.94,-0.02,-0.26,30.31
30.67,4.92,93.2,28.7,774.57,-80.47,0.04,0.06,-0.32,-0.37,30.87
30.51,4.66,93.7,28.91,782.54,-79.78,0.003,0.5,-0.19,-0.01,30.46
30.54,4.86,92.7,28.54,771.01,-79.26,0.039,0.4,0.39,-0.16,29.58
30.45,4.39,93.4,29.03,757.8,-75.83,0.004,0.13,0.14,-0.44,29.89
30.44,5.34,92.9,29.52,761.15,-79.13,0.004,0.0,0.72,0.33,29.75
30.45,4.47,92.5,28.24,762.49,-81.06,0.039,-0.34,0.77,-0.3,30.63
30.5,5.27,93.0,28.5,767.09,-79.22,0.012,-0.16,-0.12,0.03,29.49
30.43,4.63,92.9,28.39,752.39,-80.65,0.01,0.69,0.43,-0.58,29.79
30.33,5.12,92.3,28.42,738.27,-79.46,0.01,0.37,0.19,-0.82,30.66
30.33,5.68,92.6,28.02,746.96,-81.45,0.027,-0.01,0.37,-0.35,30.22
30.35,4.89,91.6,27.92,743.47,-78.63,0.021,0.59,0.14,-0.97,29.28
30.34,5.4,92.0,27.84,740.04,-77.03,0.002,0.91,-0.28,0.7,29.17
30.05,5.71,91.5,27.81,743.15,-78.12,0.032,0.4,0.16,0.7,29.02
30.07,5.73,90.5,27.72,739.82,-77.94,0.042,0.38,-0.31,-0.04,29.39
30.3,5.68,90.4,26.9,719.29,-73.48,0.005,-0.43,0.99,0.46,28.99
30.13,5.88,91.7,27.7,714.59,-78.13,0.008,0.45,0.49,-0.97,29.17
30.05,5.62,91.8,27.46,705.81,-76.81,0.047,0.01,1.78,0.01,29.08
30.04,6.46,90.9,27.2,718.59,-76.9,0.019,-0.06,-0.09,0.78,28.85
30.0,5.47,89.6,27.38,721.42,-76.6,0.012,0.57,0.57,0.36,28.76
30.07,6.38,91.0,27.23,699.06,-77.81,0.012,-0.13,1.14,0.0,28.61
29.83,6.16,90.1,26.97,695.02,-75.68,0.104,-0.56,0.16,-0.37,28.13
29.93,6.37,89.6,26.99,707.28,-74.97,0.016,0.69,0.04,0.33,27.73
29.93,6.5,90.6,26.66,692.8,-76.59,0.039,0.14,-0.2,1.2,28.19
29.91,6.5,88.2,26.33,687.2,-74.87,0.008,-0.42,-0.5,-0.11,27.71
29.85,6.16,89.2,27.29,666.0,-75.75,0.019,0.03,0.55,0.55,28.27
29.86,6.4,87.7,26.3,679.73,-76.25,0.078,0.23,0.32,-0.97,27.23
29.69,6.12,87.6,26.43,658.67,-78.0,0.002,-0.51,0.65,0.15,27.44
29.61,6.54,89.9,27.11,651.61,-76.58,0.003,-0.13,0.69,-0.34,27.5
29.98,6.8,88.0,25.92,654.47,-74.85,0.033,-0.02,-0.87,1.22,27.79
29.62,6.96,88.8,26.09,647.06,-76.88,0.002,-1.19,0.11,-0.5,26.97
29.6,6.97,87.5,26.6,645.67,-76.13,0.018,1.04,0.13,0.32,27.04
29.67,6.39,87.2,25.07,628.45,-77.83,0.018,0.99,0.31,0.83,27.06
29.75,6.82,86.1,25.97,647.43,-75.62,0.008,0.09,-0.57,-0.4,26.96
29.45,6.86,87.1,25.43,644.12,-75.45,0.026,0.15,0.28,0.41,26.64
29.37,6.73,86.1,25.03,608.38,-72.6,0.029,0.17,-0.18,1.15,27.06
29.3,6.94,85.9,25.07,632.67,-75.74,0.003,-0.55,-0.35,0.42,26.01
29.61,7.26,85.4,24.78,609.84,-75.61,0.032,0.32,-0.36,0.55,26.7
29.26,7.74,85.3,25.31,621.61,-76.28,0.06,-0.47,-0.63,0.43,26.12
29.35,7.09,85.2,24.6,607.48,-76.16,0.015,-1.12,0.38,-0.12,25.78
29.21,7.1,85.0,24.7,603.62,-76.47,0.0,-0.04,-1.5,0.46,25.65
29.12,7.32,84.6,24.12,596.7,-73.97,0.021,-0.1,0.36,1.07,25.73
29.23,7.66,83.2,24.26,605.94,-76.78,0.001,1.0,0.01,-0.39,24.91
29.12,7.98,84.7,23.87,576.74,-74.28,0.071,-0.39,-0.19,-0.26,25.09
29.12,7.64,83.9,23.36,590.6,-76.13,0.018,-0.13,0.52,-0.4,24.77
29.42,7.28,81.1,24.16,590.98,-77.26,0.001,-0.21,-0.42,-0.47,25.35
29.2,7.39,82.3,23.68,582.65,-76.85,0.019,-0.35,-0.39,0.05,24.29
29.23,7.86,83.0,23.68,594.32,-77.06,0.026,-0.52,-0.64,0.6,25.19
29.19,8.15,84.2,23.0,561.45,-76.84,0.071,-0.41,-0.79,-0.95,24.05
29.06,8.44,83.5,23.53,572.06,-77.87,0.008,0.15,-0.02,-0.19,23.51
28.99,7.58,82.2,23.13,557.26,-77.2,0.026,-0.5,1.2,0.19,23.56
29.05,8.01,82.4,22.87,566.58,-79.83,0.023,1.37,-0.3,1.26,23.42
29.01,7.69,83.3,23.04,550.19,-75.98,0.003,-0.09,0.19,0.66,24.27
28.9,7.76,81.7,22.42,542.51,-77.01,0.098,1.45,-0.85,0.09,22.92
28.96,7.77,81.2,22.85,555.67,-76.54,0.011,-0.36,0.02,0.47,23.43
28.84,7.99,82.6,22.02,534.02,-77.48,0.039,-1.06,0.13,0.2,23.74
28.89,7.85,82.6,22.13,521.25,-74.25,0.046,0.31,0.44,-0.65,24.12
28.85,8.88,81.1,21.66,526.76,-79.16,0.035,-0.38,-0.73,-0.36,22.83
28.72,8.01,81.8,21.45,534.78,-74.98,0.004,-0.51,0.59,-1.02,22.78
28.57,8.46,81.3,21.56,539.3,-78.79,0.014,-1.0,-0.75,0.32,22.13
28.72,7.98,80.7,21.54,523.4,-77.6,0.053,-0.19,1.43,-0.48,22.31
29.03,8.86,82.0,21.66,532.5,-76.0,0.052,0.78,-0.05,-0.29,23.2
28.76,8.3,80.4,21.12,502.9,-73.69,0.008,0.11,1.24,-0.5,22.55
28.88,8.45,81.4,21.43,509.35,-75.51,0.023,-0.07,0.93,-0.01,22.56
28.52,8.02,80.8,21.0,508.33,-80.62,0.052,-0.18,-0.42,0.07,22.21
28.64,8.49,80.5,20.82,507.64,-76.29,0.028,0.87,-0.77,-0.03,22.27
28.59,8.29,80.1,21.1,507.33,-78.1,0.007,-0.13,0.08,0.67,22.5
28.72,8.07,79.6,20.59,511.25,-73.37,0.048,-0.56,-0.52,-0.26,21.43
29.02,7.85,80.1,21.31,497.88,-76.58,0.053,-0.15,0.89,0.42,21.8
28.78,8.09,79.9,20.72,501.86,-75.7,0.075,0.08,1.02,1.41,21.13
28.92,8.05,80.3,20.0,498.3,-78.52,0.054,-0.31,0.02,0.36,20.49
28.68,8.39,79.2,20.34,487.93,-78.7,0.03,-1.33,0.28,0.16,21.32
28.87,8.04,80.0,20.07,494.64,-77.46,0.019,-0.18,0.02,-0.4,21.17
28.95,7.51,80.4,19.63,493.08,-78.61,0.186,0.39,-1.13,-0.02,21.0
28.69,8.25,79.5,20.49,491.75,-77.09,0.12,-0.32,1.06,0.75,20.7
28.64,8.42,80.6,20.43,492.77,-78.35,0.02,-0.31,-0.7,0.14,20.93
28.54,7.5,80.7,19.72,492.41,-77.82,0.043,0.52,-0.35,0.19,20.97
28.66,8.5,79.0,20.15,486.69,-76.43,0.012,0.45,0.75,-0.2,21.52
28.71,8.34,79.4,20.15,503.25,-77.94,0.006,-0.19,-0.99,0.49,20.89
28.95,7.7,78.9,19.77,478.5,-78.5,0.072,-0.28,-0.03,-0.73,20.85
28.55,7.51,80.4,20.05,482.82,-79.27,0.001,-0.92,-0.4,0.07,20.26
28.72,8.11,80.2,19.77,517.81,-79.1,0.041,0.12,0.24,-0.53,20.13
28.5,7.34,78.8,20.02,479.78,-77.37,0.056,-0.21,-0.1,0.24,20.08
28.68,7.5,79.6,19.17,476.93,-78.75,0.038,1.1,0.72,-0.84,20.31
28.77,7.26,80.4,19.59,498.27,-80.1,0.064,0.38,0.65,0.62,20.42
28.81,7.6,80.3,19.58,470.77,-79.38,0.01,0.69,0.78,-0.17,20.45
28.83,7.99,81.3,19.07,489.96,-77.66,0.046,-0.56,0.61,-0.23,20.02
28.82,7.6,79.4,19.08,514.71,-79.5,0.038,0.23,0.55,-0.55,19.43
28.85,7.74,80.4,18.88,478.88,-83.0,0.127,0.03,-0.79,-0.05,20.14
28.8,7.26,79.7,19.43,475.75,-77.92,0.073,-0.32,1.35,-0.29,20.68
28.68,7.34,80.7,19.25,481.97,-79.77,0.002,-0.24,-0.44,0.23,20.15
28.6,6.88,80.6,18.95,507.49,-78.34,0.004,-1.21,0.87,0.58,20.27
28.77,7.15,81.0,19.83,511.44,-80.27,0.203,0.72,-0.13,0.41,19.67
28.84,6.89,80.6,19.54,496.91,-79.07,0.029,-1.01,0.6,-1.22,20.37
29.03,7.0,81.7,19.16,510.85,-79.06,0.003,0.06,-0.22,0.25,20.5
28.88,6.91,80.6,19.5,520.05,-81.16,0.012,0.38,0.28,0.19,20.13
28.89,6.81,80.5,19.36,526.29,-82.19,0.014,0.75,-0.21,-0.87,20.77
28.98,7.47,81.7,18.92,508.37,-82.04,0.002,0.99,-1.44,0.4,20.9
28.92,7.29,83.1,19.59,490.36,-80.15,0.029,0.39,-0.11,0.55,21.3
29.08,7.12,80.6,20.1,507.85,-80.82,0.088,0.2,1.06,-0.74,20.13
29.24,7.16,81.0,20.06,514.61,-80.76,0.036,0.94,-0.36,-0.73,20.66
29.29,6.97,82.3,19.64,519.23,-80.23,0.059,-0.25,0.46,0.38,20.13
29.06,6.46,83.2,19.5,523.02,-81.49,0.077,-0.38,-0.74,0.39,20.9
29.12,6.36,82.7,19.9,539.28,-81.82,0.119,0.03,-0.11,0.19,20.91
29.29,6.39,82.1,19.85,544.15,-82.52,0.05,-0.49,0.01,0.55,20.02
29.11,6.18,83.2,19.76,533.12,-80.86,0.022,-0.46,-0.19,-0.46,20.97
29.24,5.86,83.4,20.53,549.37,-79.01,0.002,0.27,-0.34,-0.79,20.85
29.05,6.18,82.7,19.8,545.62,-82.45,0.002,-0.04,-0.67,0.22,20.54
29.18,5.55,84.1,20.35,546.45,-81.16,0.043,-0.36,0.53,0.84,20.98
29.38,5.98,83.6,20.14,558.73,-79.99,0.009,0.05,-0.01,-0.46,22.01
29.19,5.57,82.4,20.22,554.36,-83.12,0.016,0.23,-1.14,-0.87,21.51
29.29,5.77,84.0,19.68,578.27,-79.62,0.049,-0.32,-1.26,0.02,21.05
29.15,5.78,83.8,20.73,547.46,-83.78,0.029,0.33,0.58,0.49,21.35
29.61,5.54,85.5,20.73,560.93,-81.69,0.048,-0.07,0.05,0.11,20.81
29.55,5.08,83.7,20.59,569.14,-84.32,0.024,0.45,-0.39,0.47,21.26
29.46,5.15,84.6,20.99,579.2,-82.0,0.007,0.13,0.83,0.24,22.48
29.53,5.57,85.4,20.88,591.95,-83.91,0.046,-1.13,-0.24,0.02,22.29
29.55,5.2,87.4,20.38,583.57,-86.52,0.037,0.36,0.09,-0.06,22.23
29.7,5.47,87.2,20.61,574.2,-81.1,0.021,0.37,0.64,-0.4,22.33
29.5,5.23,85.9,21.04,601.52,-83.01,0.024,-0.69,0.58,0.15,22.86
29.69,5.11,86.4,20.58,605.37,-84.26,0.002,-0.25,0.45,-0.23,22.56
29.76,5.21,86.9,21.68,583.18,-83.93,0.037,-0.27,-0.17,-0.88,22.45
29.81,4.84,85.8,21.34,607.38,-83.99,0.041,-0.42,-0.98,0.63,22.66
29.43,5.1,86.9,21.59,596.39,-84.37,0.033,-0.83,0.17,-0.52,22.73
29.67,4.79,88.2,21.32,610.54,-84.54,0.018,0.44,0.33,-0.15,22.87
29.65,5.62,87.5,22.02,613.1,-84.29,0.001,0.31,-0.97,0.44,23.8
29.82,4.47,89.2,21.88,635.18,-81.22,0.031,0.53,-0.23,-0.38,22.85
29.6,4.65,87.5,21.95,633.24,-87.74,0.042,-0.09,0.01,0.18,23.21
29.63,4.61,88.1,22.69,624.22,-87.46,0.014,0.7,0.1,0.17,22.84
30.17,4.25,88.3,22.79,650.89,-83.88,0.016,-0.89,-0.19,-0.74,24.12
30.02,4.83,87.6,22.74,632.78,-88.54,0.006,0.25,-1.05,-1.05,24.01
29.99,4.43,89.8,22.69,655.45,-85.53,0.031,0.59,-0.58,-0.48,24.73
30.06,3.81,88.9,22.58,649.03,-86.07,0.045,-0.55,0.64,0.34,23.93
30.06,4.69,89.6,22.8,658.53,-85.06,0.027,-0.26,-0.6,0.29,24.03
30.2,4.25,89.2,22.93,672.23,-86.04,0.031,-0.81,-0.33,-0.95,24.04
30.04,4.38,91.3,23.33,677.4,-85.43,0.062,0.46,-1.21,0.8,24.85
30.17,4.58,91.1,23.33,690.52,-86.48,0.075,-0.53,0.47,1.22,24.69
30.21,4.24,90.4,23.49,681.26,-87.29,0.034,0.0,-0.06,0.37,25.11
30.09,4.21,89.6,24.18,690.06,-85.9,0.006,-0.27,-0.62,0.31,24.98
30.4,5.04,91.4,24.19,687.49,-84.83,0.004,-0.56,-0.17,-1.05,25.89
30.22,3.63,92.0,23.67,698.52,-84.74,0.054,-0.19,1.25,0.46,25.99
30.43,3.87,90.6,24.2,705.88,-85.5,0.032,0.19,0.17,0.33,25.68
30.35,3.91,91.4,23.97,705.23,-83.95,0.007,0.06,1.05,0.21,26.23
30.56,4.76,91.8,24.6,692.85,-85.82,0.007,-0.79,-0.78,-0.17,25.92
30.27,4.02,92.9,25.22,718.82,-84.79,0.002,0.23,-0.09,0.07,26.11
30.29,4.28,92.1,24.57,723.71,-86.5,0.021,0.2,-0.66,-0.06,25.43
30.34,4.06,93.2,25.12,717.75,-85.49,0.004,0.64,-0.19,0.44,26.66
30.5,4.38,92.0,25.56,716.11,-83.31,0.015,-0.67,-0.14,0.5,26.62
30.69,4.2,92.0,25.09,748.05,-86.05,0.007,0.63,0.72,-0.06,27.13
30.72,4.28,94.5,25.46,742.45,-84.58,0.039,-0.48,0.52,0.18,27.22
30.28,4.6,92.2,26.04,739.41,-86.43,0.0,-0.86,0.3,0.17,26.79
30.61,4.35,92.8,25.25,734.41,-88.38,0.014,0.36,-0.95,-0.0,27.17
30.22,4.01,94.2,25.36,741.54,-86.32,0.001,0.37,0.22,-0.32,27.2
30.73,4.34,93.3,25.43,766.66,-85.81,0.002,0.53,-1.02,0.21,27.96
30.79,4.99,93.5,26.27,758.79,-85.39,0.003,-0.49,0.32,0.28,28.33
30.67,4.45,93.9,25.79,755.58,-87.73,0.01,-0.47,0.24,-0.02,28.16
30.7,4.35,92.5,26.48,769.75,-81.1,0.046,-0.33,0.27,0.15,28.78
30.72,3.92,95.3,26.89,759.95,-85.17,0.024,-0.09,0.3,-0.19,28.34
30.64,4.58,94.7,26.32,786.44,-84.94,0.005,0.51,1.02,-0.06,27.88
30.8,4.66,94.1,26.41,788.17,-85.54,0.015,-0.62,0.2,-0.01,27.85
30.74,4.52,93.5,27.04,773.07,-88.15,0.073,0.23,0.13,-0.55,28.17
30.89,4.5,93.9,26.95,774.41,-87.54,0.016,0.17,0.14,-0.27,28.49
30.78,5.35,93.8,26.23,757.35,-86.09,0.089,-0.27,-0.6,0.82,28.53
30.71,4.8,95.4,27.71,771.42,-89.72,0.075,0.46,0.36,0.51,28.95
30.64,4.96,95.5,27.49,775.41,-87.68,0.015,0.72,-0.32,0.03,28.97
30.61,4.65,95.9,27.27,792.59,-87.74,0.031,0.66,1.05,-0.0,29.19
31.01,4.64,96.1,27.37,790.26,-86.08,0.046,-0.1,-0.35,-0.51,30.25
30.8,4.92,96.1,27.87,782.22,-88.49,0.006,0.29,-0.38,-0.52,29.74
30.91,4.74,96.9,27.71,794.87,-83.98,0.023,-0.16,0.21,-1.52,29.6
31.09,4.82,96.7,27.85,804.6,-82.16,0.003,-0.18,-0.54,-0.6,30.02
30.81,5.03,96.6,27.98,806.54,-86.34,0.021,-0.15,-0.27,0.52,29.37
30.81,4.8,96.0,27.73,783.83,-85.12,0.004,-0.64,0.36,-0.99,29.45
30.88,5.08,96.5,27.98,802.95,-86.23,0.045,-0.71,0.51,-0.28,30.25
30.9,5.1,95.6,28.13,791.66,-87.77,0.029,-0.57,0.26,-0.06,29.97
31.12,5.42,95.8,28.01,815.62,-88.35,0.031,0.26,-0.43,0.14,30.1
31.09,5.02,97.4,28.45,815.4,-86.4,0.008,0.51,0.53,-0.37,29.67
30.97,4.67,95.5,28.6,799.37,-87.9,0.028,-0.95,-1.05,-0.29,30.01
31.07,5.24,95.5,29.09,801.33,-85.34,0.041,-0.45,-0.62,-0.78,30.1
30.88,5.52,95.7,28.3,804.87,-87.79,0.011,-0.93,0.22,-0.31,30.14
30.93,5.76,95.6,28.93,787.28,-86.46,0.088,-0.09,-0.35,-0.66,31.24
30.85,5.33,95.6,29.18,813.33,-88.04,0.014,0.05,-0.08,-0.09,31.29
30.73,5.78,96.1,29.06,807.26,-88.1,0.013,-0.05,0.45,0.03,30.94
31.02,6.03,96.1,28.6,819.54,-84.5,0.015,0.9,-0.21,0.12,30.57
30.94,5.98,96.6,28.71,798.55,-87.31,0.07,-0.73,-0.21,0.65,30.34
30.87,5.6,97.6,29.39,802.88,-87.17,0.011,-0.86,-0.62,0.62,30.19
30.85,5.7,95.5,28.83,793.39,-87.48,0.029,-0.5,0.22,0.44,30.77
30.66,6.11,95.7,28.91,797.63,-87.2,0.009,-0.24,0.38,-0.34,31.17
30.72,6.54,94.2,28.78,794.93,-86.55,0.045,0.83,0.86,-0.42,30.99
30.86,6.14,94.5,29.24,815.62,-89.36,0.134,0.34,-0.85,-0.36,30.73
30.74,6.16,95.4,28.12,797.44,-85.04,0.109,-0.09,-0.65,1.32,30.96
30.77,5.87,95.8,28.71,804.27,-85.59,0.004,0.65,-0.71,0.08,30.69
30.76,6.25,95.7,28.66,797.68,-84.8,0.05,-0.09,-0.74,0.46,30.59
30.68,6.22,95.7,29.56,787.1,-84.09,0.031,-0.28,0.7,0.24,30.29
30.63,6.52,96.1,29.08,796.27,-85.74,0.042,0.09,-0.81,-0.17,30.55
30.53,6.13,96.3,28.92,801.96,-85.72,0.014,-0.73,-0.53,0.54,30.78
30.69,6.56,94.6,28.9,781.76,-84.89,0.013,-0.55,-0.06,-0.52,30.47
30.76,6.43,94.0,28.47,799.66,-87.67,0.017,0.95,-0.47,-0.41,30.15
30.47,7.08,95.1,29.41,780.66,-86.15,0.174,0.29,0.59,-0.42,30.62
30.64,6.61,95.1,28.78,781.77,-84.05,0.005,0.42,0.16,0.49,30.66
30.65,6.77,94.3,29.08,789.23,-84.12,0.075,-0.24,-0.24,0.6,30.35
30.48,7.1,93.9,28.61,774.47,-82.02,0.023,-0.11,0.68,-0.1,30.44
30.74,6.94,93.5,28.78,778.53,-85.34,0.032,0.85,0.46,-0.53,29.39
30.5,7.86,93.7,28.43,771.94,-83.29,0.003,-0.54,0.81,-0.93,30.64
30.51,7.49,94.1,28.61,773.18,-85.1,0.053,0.15,-1.09,-0.47,30.4
30.48,7.28,92.8,29.01,744.76,-86.56,0.003,0.64,-0.03,-0.48,30.78
30.26,7.45,92.5,28.62,746.84,-84.53,0.035,-0.59,-0.2,-0.1,30.06
30.56,6.7,93.5,28.66,767.75,-85.01,0.03,-0.48,-0.06,0.47,30.36
30.3,7.83,92.1,28.48,768.31,-85.2,0.135,-0.43,0.16,-0.1,30.46
30.35,7.67,92.7,28.96,745.07,-86.07,0.063,-0.02,0.16,-0.63,29.91
30.43,7.55,92.4,28.02,747.87,-84.73,0.015,-0.09,0.24,-0.63,29.95
30.5,7.8,92.2,28.18,749.29,-85.48,0.071,-0.4,-0.16,0.19,29.78
30.16,7.89,91.4,28.21,749.21,-81.12,0.002,0.13,-0.21,0.16,28.98
30.21,7.6,93.1,27.71,717.85,-82.61,0.01,-0.22,0.07,0.43,29.67
30.4,7.89,91.8,28.01,725.03,-85.6,0.08,-0.18,-0.58,-0.18,29.04
30.25,8.14,90.9,27.88,726.24,-84.62,0.023,0.67,0.28,-0.19,28.96
30.25,8.0,91.3,27.81,732.2,-84.19,0.011,0.09,0.78,0.51,29.4
30.01,7.83,92.3,27.71,745.68,-83.78,0.006,0.32,0.81,0.95,29.59
30.05,8.03,90.6,27.33,713.87,-84.6,0.016,0.1,-0.37,0.49,29.27
30.05,8.39,91.6,26.89,697.47,-83.37,0.079,-0.4,-0.45,0.04,29.06
29.93,8.25,89.2,27.41,710.9,-81.55,0.081,-0.02,0.11,-0.8,28.84
29.8,7.69,89.2,26.91,715.36,-83.5,0.029,-0.44,0.86,0.21,28.92
29.9,8.25,87.9,27.07,698.45,-84.6,0.003,0.02,-0.49,0.11,29.11
30.09,8.23,90.9,26.72,683.48,-85.7,0.017,0.61,0.04,-0.55,28.07
29.9,8.47,87.7,26.34,697.26,-85.48,0.025,-0.74,-0.68,-0.21,27.95
30.03,8.15,89.0,26.86,689.41,-81.98,0.04,-0.38,1.62,0.47,28.31
29.85,8.05,90.0,26.85,667.58,-82.08,0.073,0.47,0.1,-0.51,27.2
29.7,7.76,89.1,26.86,676.69,-82.43,0.166,-0.18,1.13,0.14,27.69
29.91,7.97,88.4,26.18,677.86,-82.87,0.016,-0.59,-0.22,-0.79,27.69
29.75,8.55,88.9,26.22,674.71,-82.49,0.065,-0.85,0.67,-0.25,27.21
29.8,8.26,87.1,26.18,657.21,-81.33,0.053,-0.24,-0.37,0.18,26.51
29.53,8.17,87.8,26.28,649.27,-82.47,0.026,0.05,0.36,0.62,27.68
29.75,8.59,87.0,25.17,660.09,-81.37,0.025,0.46,-0.18,-0.94,26.73
29.72,8.52,86.7,25.13,630.7,-81.68,0.12,0.63,-0.31,-0.53,26.59
29.59,7.97,86.7,25.98,642.17,-81.02,0.014,-0.2,0.26,-0.57,27.18
29.42,8.54,87.3,24.76,619.07,-84.3,0.017,0.26,-0.02,-0.48,25.31
29.48,7.67,87.4,25.53,638.44,-79.67,0.021,0.18,-0.82,-0.46,26.94
29.53,8.3,85.6,25.52,620.24,-80.33,0.038,-0.01,-0.17,-0.09,27.06
29.45,8.24,84.7,25.19,630.57,-81.33,0.022,0.89,-0.91,-0.28,25.65
29.46,8.47,84.7,24.41,617.89,-80.95,0.028,-1.9,-0.37,-0.06,25.65
29.48,8.21,86.7,24.3,595.87,-79.55,0.014,-1.16,-0.3,-0.38,25.88
29.25,8.0,86.1,24.44,617.52,-80.4,0.002,-0.2,0.08,0.89,25.62
29.16,8.0,83.8,24.92,614.0,-79.17,0.028,0.25,-0.16,0.55,25.75
29.26,8.83,85.8,24.77,602.58,-79.77,0.029,1.11,0.49,-0.0,25.39
29.19,8.01,83.7,24.11,581.46,-78.41,0.011,-0.02,0.58,-0.38,25.36
29.3,8.13,84.5,23.3,581.4,-81.13,0.029,0.25,0.22,-0.31,26.24
29.05,7.3,83.2,23.76,581.36,-79.36,0.029,-0.01,0.54,-0.13,24.07
29.27,7.62,85.3,23.48,568.39,-82.09,0.013,0.53,-0.51,0.22,25.08
29.28,7.98,82.9,23.41,587.94,-80.74,0.039,-0.43,0.93,-0.31,24.98
29.09,7.3,82.3,22.68,568.12,-81.2,0.027,-0.04,-0.8,0.0,23.79
29.07,7.9,82.6,23.2,535.4,-79.28,0.003,-0.73,-0.71,0.27,23.75
28.95,7.47,84.9,22.44,561.66,-79.42,0.019,-0.36,0.34,0.61,24.11
28.95,7.33,82.8,21.93,550.71,-79.71,0.063,-0.65,1.03,0.03,23.26
28.94,7.36,81.6,22.75,549.47,-80.68,0.043,-0.36,0.04,0.57,23.36
29.14,7.98,81.6,23.2,542.65,-81.06,0.005,-0.14,0.95,-0.13,23.55
28.94,7.57,80.7,22.1,550.63,-80.15,0.091,0.16,-0.17,-0.74,23.03
28.77,7.14,82.3,22.09,550.09,-77.02,0.009,1.18,-0.24,-0.27,23.06
28.94,7.58,80.7,22.43,538.16,-78.18,0.013,0.62,0.3,-0.15,22.66
28.99,7.54,82.5,22.39,528.49,-79.5,0.007,0.29,0.29,0.45,22.49
28.86,7.11,82.1,21.89,528.13,-78.15,0.039,-1.16,1.31,-0.2,22.92
29.03,7.44,81.2,21.47,525.53,-77.51,0.025,-0.58,-0.14,-0.23,22.55
28.93,7.39,82.2,22.05,514.22,-77.64,0.025,0.04,-0.57,-0.22,22.51
28.69,7.28,81.8,21.03,525.07,-78.51,0.035,0.73,0.05,0.8,22.61
28.74,6.75,81.0,21.16,521.05,-78.4,0.027,-0.13,0.23,0.2,22.27
28.81,6.53,80.2,21.43,529.15,-78.2,0.012,0.29,0.59,0.07,21.94
28.57,6.3,81.0,20.56,523.73,-75.59,0.078,-0.78,-0.12,-0.41,21.6
28.8,6.54,80.9,21.13,501.89,-76.42,0.026,-0.53,-0.95,-0.09,22.02
28.54,6.56,80.9,21.28,514.66,-75.29,0.039,-0.16,0.4,-1.06,22.52
28.86,6.51,80.5,21.36,494.8,-76.96,0.005,-1.22,-0.34,0.36,21.96
28.84,6.5,80.6,20.53,509.26,-78.54,0.013,0.36,0.62,-0.43,20.9
28.79,6.96,80.5,20.42,495.28,-75.03,0.045,0.57,0.42,-1.04,20.59
28.64,6.27,81.3,20.72,488.5,-77.39,0.012,0.43,-0.25,-0.25,21.01
28.73,6.28,79.1,20.16,499.97,-78.5,0.039,-0.98,-0.39,0.88,20.59
28.65,5.67,79.3,20.18,469.01,-78.2,0.02,-0.07,-0.39,0.28,20.61
28.58,6.81,80.1,20.32,476.99,-75.65,0.048,-0.51,0.15,0.1,20.08
28.66,5.67,79.4,20.25,491.61,-76.41,0.04,-0.39,0.25,-0.11,21.05
28.78,5.78,80.2,19.38,493.26,-77.65,0.009,-1.62,-0.06,-0.82,20.41
28.71,6.13,79.1,19.56,487.95,-77.6,0.005,0.42,0.1,0.14,20.34
28.87,5.92,79.2,19.26,475.21,-72.39,0.014,0.72,1.1,-0.35,20.47
28.79,6.26,81.6,19.25,482.34,-75.72,0.009,-1.48,1.05,0.09,20.41
28.78,5.91,79.8,19.39,494.11,-76.61,0.013,-0.69,-0.42,1.09,20.51
28.52,5.6,79.1,19.64,495.84,-75.62,0.002,0.21,0.7,-0.21,20.0
28.68,5.86,80.0,19.62,489.85,-79.11,0.018,-0.08,0.01,-0.99,20.91
28.59,5.83,80.9,18.87,501.73,-77.65,0.033,-0.02,-0.46,-0.1,20.58
28.71,5.21,81.1,19.25,494.44,-77.39,0.013,-0.33,0.6,-0.38,20.59
28.65,5.63,79.0,19.01,483.46,-74.17,0.035,0.36,-0.37,-0.44,20.22
28.7,5.21,79.6,19.44,488.75,-79.08,0.033,-0.76,-0.38,0.41,20.8
28.88,5.18,80.5,19.25,478.3,-77.51,0.002,0.43,-0.92,0.16,20.54
28.82,5.19,80.3,19.89,492.18,-76.0,0.051,-0.0,-0.06,0.38,20.4
28.9,4.97,79.2,19.38,505.47,-76.74,0.003,-0.06,-0.47,-0.9,20.71
28.6,4.89,79.4,19.2,502.44,-77.5,0.021,1.03,0.89,-0.02,19.63
28.81,5.25,79.8,19.32,511.0,-76.44,0.066,0.04,-0.06,0.54,20.38
28.94,4.44,79.3,19.18,495.5,-73.57,0.074,0.01,0.02,-0.38,20.03
29.02,4.53,80.5,19.87,513.68,-74.71,0.015,-0.3,-0.29,-0.74,20.02
28.67,4.99,81.9,19.29,500.13,-78.48,0.0,-0.24,-0.47,-1.02,20.64
28.83,4.71,80.5,19.57,518.76,-75.89,0.025,0.93,-0.58,-0.86,20.89
29.02,4.98,82.1,19.7,505.96,-78.66,0.169,0.81,1.47,0.12,20.87
28.89,4.75,81.4,19.21,515.52,-75.61,0.033,-0.11,-0.05,-0.45,20.39
28.83,4.19,81.3,18.84,525.62,-74.65,0.007,1.28,-0.39,0.2,20.29
28.77,4.57,80.3,19.33,511.48,-78.1,0.023,-0.32,0.07,0.02,20.96
28.87,4.67,82.7,19.75,518.28,-75.5,0.025,0.31,0.24,-0.11,20.11
28.8,4.54,82.0,18.97,531.81,-73.81,0.042,0.23,-0.66,0.12,21.23
29.03,4.29,80.8,19.69,520.53,-79.39,0.056,-0.41,-0.43,0.0,20.45
29.16,4.32,82.6,19.94,511.73,-75.99,0.056,0.24,0.29,0.88,20.64
28.93,4.2,82.0,20.19,549.56,-75.95,0.059,-0.46,-0.34,0.65,20.51
29.14,3.94,82.7,19.99,526.75,-76.37,0.067,0.76,-0.76,-0.52,20.8
29.23,3.87,83.0,19.92,536.47,-77.83,0.014,0.16,-0.33,0.38,20.49
29.16,4.4,84.0,19.94,549.99,-75.85,0.014,-0.09,-0.59,-0.08,20.79
28.99,4.01,82.3,19.52,536.0,-76.94,0.019,-0.13,0.8,0.5,21.08
29.26,4.42,83.9,19.68,535.77,-76.02,0.037,0.24,0.27,-0.14,21.06
29.24,4.06,84.7,19.49,552.26,-77.52,0.001,-1.28,-1.54,-0.1,20.19
29.26,3.83,85.9,20.2,535.76,-76.44,0.015,0.44,-0.25,-0.53,22.27
29.24,4.09,84.9,20.41,554.87,-72.57,0.003,-0.18,0.55,0.02,22.01
29.35,4.83,84.6,20.38,564.35,-78.93,0.032,-0.58,0.37,0.15,21.02
29.43,4.17,84.7,20.53,563.44,-81.02,0.011,-0.39,-0.32,-0.38,21.34
29.69,4.39,86.0,20.8,555.03,-76.55,0.002,0.2,0.57,-0.59,21.63
29.45,4.25,84.7,20.16,590.8,-77.3,0.003,-0.41,-0.3,0.04,22.08
29.65,3.78,85.8,20.75,580.37,-77.19,0.068,-0.23,-0.45,0.23,22.12
29.54,4.65,87.2,20.92,598.19,-78.53,0.057,1.04,-0.4,0.56,21.61
29.52,4.15,85.6,20.78,585.89,-76.47,0.042,-0.51,0.77,-0.36,23.11
29.59,3.84,84.3,20.32,584.36,-74.99,0.01,-0.98,0.0,0.14,22.14
29.45,4.1,85.5,20.82,600.58,-78.29,0.021,-0.25,-0.33,0.73,23.15
29.67,4.21,86.6,21.12,600.5,-75.85,0.085,-0.52,-0.54,0.37,22.32
29.43,4.52,86.0,21.47,595.71,-76.98,0.062,0.7,-0.19,0.33,23.12
29.6,4.11,86.6,21.55,627.05,-76.86,0.036,-0.49,-0.31,0.81,22.99
29.75,5.13,86.9,22.34,611.03,-77.32,0.048,-0.73,-0.56,-0.16,22.64
29.92,4.09,87.9,22.13,603.79,-78.35,0.001,0.58,-0.21,-0.02,23.36
29.98,4.59,86.9,21.92,640.44,-76.78,0.039,-0.3,0.19,-0.8,23.34
29.81,3.85,87.4,22.1,627.1,-78.72,0.02,0.86,1.94,0.01,23.79
29.9,4.44,89.3,22.64,631.07,-76.52,0.006,-0.32,-0.24,-0.73,23.26
30.03,4.63,88.0,22.79,624.51,-76.39,0.096,-1.11,0.07,-0.02,23.69
29.79,4.22,89.2,22.59,664.59,-78.51,0.061,-0.72,-0.54,-0.45,24.2
30.03,5.05,88.9,23.22,639.32,-79.91,0.055,-1.54,1.17,-0.14,23.3
29.91,4.78,89.1,22.45,657.82,-78.46,0.016,-1.63,0.07,-0.37,23.73
30.03,4.6,90.0,22.89,671.38,-76.87,0.008,-0.01,0.29,0.16,24.36
30.03,4.87,88.2,24.16,671.48,-79.41,0.032,0.4,0.26,0.44,24.58
30.17,4.62,90.3,23.45,671.65,-78.59,0.021,0.7,1.66,-0.55,24.63
30.21,5.23,90.6,23.3,660.2,-79.26,0.034,0.11,0.51,-0.27,25.15
30.29,5.22,91.1,23.53,674.06,-79.61,0.016,0.56,0.15,0.81,24.95
30.25,5.08,90.3,23.71,688.94,-76.67,0.078,-0.32,0.04,-0.21,25.56
30.26,5.21,90.9,24.38,684.06,-77.9,0.096,0.3,0.06,0.44,25.45
30.5,4.65,89.1,24.23,698.79,-80.59,0.047,-1.15,-0.46,-0.2,25.04
30.12,5.6,90.8,24.07,708.36,-82.58,0.011,-0.27,-0.2,-0.65,25.71
30.54,5.19,91.7,23.66,715.9,-78.96,0.005,0.71,0.68,-0.78,25.78
30.33,5.6,92.9,24.14,698.69,-81.06,0.017,-0.34,-0.42,-0.07,25.7
30.46,5.58,93.5,24.57,737.54,-79.55,0.017,-0.13,-0.23,0.58,25.53
30.39,5.73,91.9,24.65,727.8,-80.4,0.052,0.74,-0.18,-0.21,25.82
30.37,5.18,93.1,25.23,724.59,-78.28,0.001,0.21,-0.47,-0.37,26.12
30.54,5.29,92.5,24.91,739.91,-80.58,0.003,-0.91,0.1,-0.63,27.04
30.63,6.31,91.5,25.44,757.0,-80.14,0.012,0.62,-0.02,0.62,26.65
30.59,5.25,93.5,24.78,723.21,-77.32,0.004,0.74,-0.65,-0.92,27.42
30.49,5.45,94.7,25.25,739.51,-78.97,0.014,-0.6,-0.41,0.28,26.68
31.02,5.87,93.1,25.83,722.05,-83.54,0.007,0.79,-0.12,0.12,26.96
30.75,5.95,92.9,26.45,751.74,-81.43,0.121,0.13,-0.55,0.17,27.17
30.74,5.85,93.8,25.82,757.34,-81.97,0.022,0.05,-0.81,0.28,27.43
30.61,6.27,93.8,26.3,757.07,-80.42,0.03,-0.93,-0.63,-0.57,27.79
30.6,6.43,96.2,26.62,754.59,-82.27,0.052,0.54,-0.11,-0.12,28.1
30.66,6.23,95.1,26.62,744.2,-83.88,0.022,0.37,-0.37,-0.36,28.49
30.84,6.23,94.5,26.68,771.88,-81.54,0.018,0.48,0.24,0.29,27.25
30.61,6.38,92.2,26.43,786.03,-80.4,0.027,0.36,0.62,0.04,29.08
30.62,6.31,94.6,27.21,768.78,-82.2,0.005,0.11,-0.51,-0.34,27.98
30.83,6.02,96.3,26.35,782.17,-82.44,0.05,-0.34,-0.53,0.63,28.58
30.82,6.7,95.0,26.49,765.05,-82.39,0.03,0.68,0.37,0.02,29.06
30.71,6.91,95.7,27.71,788.14,-83.53,0.082,-1.18,0.04,0.64,29.06
30.68,6.71,95.5,27.3,782.34,-82.87,0.041,0.8,0.67,-0.03,29.37
31.0,6.15,94.9,26.86,781.21,-83.1,0.01,0.12,-0.13,0.34,29.45
30.88,6.73,96.8,26.91,783.66,-81.89,0.052,-0.72,0.13,-0.38,29.33
30.68,7.24,95.6,27.0,789.62,-81.14,0.003,-0.46,0.56,-0.96,29.58
30.7,6.6,95.0,28.34,799.53,-81.94,0.004,-0.26,-0.29,0.12,28.89
30.82,7.31,95.7,27.7,784.59,-83.83,0.069,0.89,-1.27,-0.12,29.21
30.96,7.04,96.9,27.65,795.6,-86.12,0.005,-0.13,1.31,-0.33,29.21
30.95,7.23,94.6,28.5,800.87,-83.8,0.003,0.38,0.61,0.12,28.75
31.02,7.09,96.1,28.11,791.85,-82.62,0.112,0.89,-0.41,0.69,29.42
30.71,7.02,95.9,28.0,822.22,-82.25,0.016,0.3,-0.33,-0.17,29.47
30.92,7.85,94.7,28.57,796.98,-84.19,0.041,-0.34,-1.23,-0.68,29.59
31.07,7.73,96.6,28.49,799.92,-84.83,0.041,-0.11,0.4,0.15,30.32
31.06,7.73,96.2,28.56,797.78,-85.89,0.01,-0.61,-0.22,-0.65,29.82
30.94,7.87,96.7,28.33,826.35,-82.98,0.003,-0.19,0.94,-0.0,30.54
31.18,7.8,96.9,28.18,814.53,-86.62,0.005,-0.74,-0.37,-0.3,29.64
30.97,7.98,96.0,28.21,800.12,-83.11,0.015,-0.63,-0.8,0.12,30.07
31.02,7.55,95.5,28.66,820.87,-85.43,0.094,0.29,-0.51,0.25,30.23
30.9,8.21,94.8,28.68,811.98,-86.42,0.014,-0.48,0.42,0.17,30.91
30.79,8.22,95.4,28.9,812.56,-82.69,0.068,-0.0,-1.15,-0.08,30.51
30.77,7.99,95.9,28.63,806.39,-86.76,0.049,-0.74,0.63,-0.68,30.65
30.89,7.83,95.1,29.27,802.03,-87.16,0.023,0.73,-0.43,0.05,30.13
30.84,7.59,96.3,28.4,812.44,-82.14,0.004,0.07,0.15,0.06,30.95
30.64,8.06,95.0,29.04,802.99,-84.32,0.038,0.78,-1.3,-0.27,30.61
30.72,8.53,94.3,28.61,825.83,-84.7,0.035,-0.1,-0.97,0.02,29.96
30.79,7.71,95.2,28.86,794.04,-85.07,0.019,-0.53,0.37,-0.12,30.96
30.91,8.39,95.7,28.65,821.01,-86.52,0.019,-0.38,-0.34,-0.56,30.81
30.8,7.96,94.5,28.85,803.29,-86.35,0.001,-0.14,0.5,0.23,30.56
30.78,8.01,94.7,28.62,806.0,-83.09,0.013,0.19,-0.4,-0.68,30.56
30.66,7.79,94.8,28.65,809.8,-85.91,0.017,-0.23,-0.37,0.04,30.27
30.76,7.94,94.8,29.34,793.47,-86.85,0.006,0.14,-0.86,0.08,31.15
30.9,8.37,95.3,28.51,806.57,-83.94,0.007,-0.4,-0.03,-0.19,30.97
30.74,8.42,95.4,29.21,768.86,-87.14,0.009,-0.23,-0.46,0.04,30.24
30.52,8.26,94.4,29.27,786.61,-85.4,0.021,0.86,0.35,0.16,30.66
30.54,8.05,93.8,29.21,782.29,-84.1,0.002,-0.31,0.97,0.58,30.33
30.74,7.87,94.6,28.92,776.58,-86.52,0.02,-0.64,0.24,0.37,30.07
30.62,8.22,94.8,28.52,784.42,-89.59,0.013,0.46,0.97,-0.47,31.16
30.61,8.09,95.5,28.33,787.74,-85.06,0.022,-1.63,-0.2,0.43,30.36
30.52,8.25,95.0,28.42,788.09,-84.53,0.024,0.97,0.97,0.69,30.11
30.63,8.08,92.9,28.39,780.53,-86.47,0.053,-0.1,1.3,-0.05,29.92
30.51,8.08,93.6,28.85,768.39,-86.89,0.014,0.06,-0.22,1.14,30.24
30.5,8.2,93.9,28.21,775.54,-86.64,0.053,-0.48,-0.39,-0.23,29.43
30.39,8.24,92.7,28.57,769.77,-86.52,0.003,0.39,-0.62,-0.02,30.15
30.58,8.48,92.9,28.6,774.45,-87.22,0.001,-0.42,-0.75,0.07,30.63
30.41,7.99,93.5,28.42,769.31,-84.11,0.006,0.17,-0.17,0.3,30.44
30.48,8.23,93.0,28.36,758.19,-86.49,0.025,0.52,0.04,0.47,30.18
30.24,8.58,92.6,28.83,745.15,-86.8,0.046,0.62,-0.34,0.97,30.86
30.56,8.18,91.8,28.48,743.72,-85.69,0.1,0.3,0.76,0.53,29.91
30.48,8.32,91.0,28.47,740.79,-87.52,0.009,-0.18,-0.1,-0.17,29.35
30.06,7.75,91.7,28.01,739.07,-87.28,0.012,1.44,0.76,0.13,29.95
30.17,7.68,91.6,28.33,740.75,-86.18,0.009,-0.38,0.23,0.18,29.57
30.29,7.81,90.3,28.07,740.98,-87.01,0.011,0.08,0.81,0.65,29.43
30.04,7.8,91.3,27.94,729.0,-85.84,0.015,-1.04,-0.8,0.72,29.42
30.15,8.09,91.3,27.63,725.27,-87.45,0.029,-0.2,0.68,-0.21,29.03
30.18,7.5,90.2,27.75,722.07,-86.37,0.024,-0.24,0.14,-0.03,29.82
30.08,7.64,90.9,28.3,710.93,-85.79,0.002,-0.16,-0.15,-0.66,28.3
30.13,7.94,90.5,27.66,702.23,-85.47,0.022,-0.33,0.05,0.32,29.15
29.95,7.63,89.8,27.94,689.26,-89.97,0.044,0.1,1.22,-0.34,28.75
29.73,7.5,89.5,26.56,695.13,-86.54,0.032,0.77,0.45,-0.45,28.75
30.08,7.52,89.3,27.13,702.04,-85.72,0.032,-1.12,0.58,-0.54,28.28
30.05,7.05,88.7,27.27,685.45,-88.42,0.003,1.15,0.7,-0.27,28.91
30.2,6.98,89.4,27.0,685.24,-85.34,0.022,0.28,-0.05,0.01,28.52
29.6,6.79,88.2,26.91,687.37,-86.62,0.009,0.15,0.43,0.04,27.71
29.92,7.26,88.0,26.47,682.98,-87.57,0.044,-0.49,-0.18,-0.27,28.32
29.56,7.41,88.7,26.9,662.02,-86.25,0.002,0.38,-0.11,-0.06,27.85
29.97,7.3,87.9,25.78,677.8,-85.63,0.028,-0.18,-0.18,-0.2,27.35
29.78,7.34,87.9,26.15,674.1,-90.06,0.004,0.6,-0.13,0.51,26.75
29.57,7.36,86.2,26.11,646.51,-84.36,0.022,0.69,-1.01,0.65,27.58
29.75,6.9,86.9,25.72,644.54,-89.68,0.001,-0.21,-0.14,0.31,26.83
29.55,6.77,88.4,25.79,659.67,-88.37,0.021,-0.51,0.15,0.71,27.18
29.62,7.16,85.4,24.95,641.26,-84.53,0.032,-0.49,-0.3,0.45,27.39
29.58,6.43,88.0,25.04,615.52,-85.23,0.013,-0.12,-0.37,-0.32,26.33
29.73,6.21,86.6,25.79,618.71,-87.24,0.086,0.5,-0.12,-0.03,27.03
29.7,6.39,85.7,25.29,625.23,-84.97,0.017,-0.07,0.7,0.23,25.87
29.38,6.28,85.7,24.92,611.12,-85.94,0.011,-1.01,0.99,1.01,26.76
29.55,6.36,86.6,25.25,613.68,-86.04,0.05,-0.94,0.62,0.12,26.73
29.43,6.01,83.6,25.24,613.23,-90.65,0.007,-0.02,1.61,0.14,26.2
29.19,6.3,86.3,25.24,622.66,-87.8,0.048,0.36,1.27,-0.4,25.86
29.24,5.95,85.1,23.79,600.3,-86.74,0.059,-0.39,0.0,-0.85,25.87
29.57,6.41,85.5,24.79,609.15,-89.64,0.009,-0.83,-0.22,-0.44,25.22
29.31,5.61,83.1,23.75,607.98,-84.87,0.034,0.56,-1.22,-0.41,24.66
29.35,5.85,84.0,24.11,603.36,-86.04,0.018,-1.28,-0.88,0.28,24.73
29.18,5.72,82.1,24.07,587.25,-83.89,0.025,0.66,-0.82,0.11,25.78
29.11,5.81,84.8,24.27,560.21,-86.56,0.026,0.74,-0.05,-0.2,24.24
29.15,5.95,82.8,23.72,579.97,-87.81,0.007,0.71,-0.39,0.26,24.93
29.09,5.68,82.6,23.5,581.44,-87.09,0.058,0.35,-0.04,-0.04,24.34
28.91,5.49,81.6,22.96,565.81,-85.06,0.125,0.37,0.54,0.36,24.08
28.95,5.66,83.3,22.52,579.82,-83.76,0.022,0.54,0.47,-0.54,24.74
29.13,5.64,82.8,22.66,566.81,-85.28,0.004,0.35,-0.37,-0.31,23.95
28.97,5.4,82.0,23.31,559.82,-83.73,0.04,-0.7,0.46,-0.32,24.13
29.0,5.37,82.6,22.68,561.03,-85.13,0.005,0.03,0.25,0.98,24.56
29.0,5.38,81.6,23.11,549.62,-84.06,0.001,-0.48,0.11,-0.84,23.37
28.99,4.63,80.7,22.14,517.58,-82.33,0.019,0.44,0.59,0.03,23.49
29.06,4.95,81.6,22.53,533.85,-83.97,0.034,-0.1,0.13,-0.38,23.44
28.77,5.11,83.1,22.17,547.25,-85.78,0.021,-0.69,0.41,0.17,22.88
28.95,4.85,82.4,22.43,523.76,-84.17,0.006,0.75,-0.44,0.11,23.06
28.96,4.79,81.8,21.77,526.27,-84.3,0.02,1.31,-0.51,0.44,23.18
28.97,4.94,81.5,21.67,514.84,-84.88,0.005,-0.49,0.5,-0.63,22.9
28.66,4.89,80.9,22.01,540.04,-85.41,0.073,-0.57,-0.17,-0.08,22.5
28.85,4.86,81.6,20.73,536.06,-80.75,0.017,-0.75,0.01,-0.87,21.17
29.01,4.43,81.4,21.29,507.57,-84.37,0.011,-1.06,0.17,0.23,21.62
28.78,4.2,80.7,20.64,515.19,-87.36,0.046,0.26,-0.2,0.03,22.81
28.83,4.82,80.9,21.09,504.34,-84.68,0.024,0.18,0.29,0.63,21.57
28.86,4.31,79.3,20.84,514.87,-84.75,0.004,-0.52,0.1,-0.17,22.3
28.63,4.25,80.1,21.09,511.53,-83.84,0.004,0.21,-0.3,0.37,21.23
28.96,4.18,79.5,20.94,512.4,-85.58,0.009,-0.69,-0.58,0.32,21.22
28.79,4.77,79.4,20.57,505.6,-84.03,0.043,0.43,0.5,-0.12,21.78
28.79,4.45,80.7,20.23,529.77,-82.7,0.018,0.73,-0.49,-0.47,22.02
28.52,4.46,79.2,20.5,488.43,-84.95,0.006,0.31,0.38,-0.32,21.56
28.81,4.54,80.8,20.84,480.04,-81.05,0.001,0.18,-0.39,-0.28,21.35
28.77,4.29,80.9,19.95,491.81,-82.61,0.014,-0.14,-0.67,-1.29,20.57
28.9,4.58,80.0,19.68,478.8,-82.28,0.008,0.42,-0.66,-0.06,20.18
28.66,3.9,79.6,19.48,478.45,-83.0,0.089,1.21,-0.11,0.36,20.78
28.58,3.92,80.8,19.51,482.41,-81.93,0.007,0.1,0.16,-0.08,20.94
28.62,3.89,80.4,19.97,482.41,-80.98,0.036,-0.38,0.4,-0.11,20.78
28.64,4.34,81.0,19.41,481.45,-81.63,0.008,-0.33,-0.48,-0.72,21.62
28.57,4.36,79.1,19.71,495.7,-80.15,0.002,-0.04,0.1,-0.24,20.05
28.86,4.06,79.8,19.94,485.13,-81.5,0.0,0.5,0.54,0.62,20.49
28.87,4.13,79.9,18.98,488.23,-80.32,0.009,0.77,0.28,-0.5,21.23
28.69,4.58,80.2,20.01,498.96,-80.8,0.071,0.12,0.94,-0.79,20.77
28.67,3.99,80.6,20.12,482.5,-84.43,0.008,0.2,0.47,0.58,20.03
28.51,4.3,80.2,20.23,487.83,-82.48,0.024,-0.19,-0.43,-0.15,19.54
28.82,4.01,81.2,20.06,494.6,-82.26,0.008,0.16,-0.07,0.01,20.24
28.94,4.56,79.9,20.35,472.15,-82.09,0.038,-0.05,0.33,1.01,19.96
28.68,4.43,79.5,19.56,468.49,-82.37,0.044,0.07,1.04,0.21,20.17
28.75,3.84,79.8,19.73,496.74,-78.91,0.007,-0.44,-0.23,0.31,21.24
28.83,4.2,79.8,19.34,499.28,-78.21,0.002,-0.31,-0.8,-0.66,19.91
29.0,3.68,80.2,19.65,516.25,-82.8,0.004,0.53,0.4,0.62,20.04
28.83,4.6,80.4,19.45,498.58,-79.02,0.02,-0.83,0.49,-0.59,20.67
28.85,4.97,80.5,18.82,506.74,-79.18,0.016,0.15,-0.14,-1.12,20.42
28.86,3.73,81.0,18.87,498.29,-76.6,0.003,0.39,0.2,0.23,20.91
28.69,3.99,80.6,20.04,505.06,-79.92,0.004,-0.37,-0.59,0.07,20.65
28.7,4.5,81.9,19.47,520.75,-82.0,0.025,-0.66,-0.08,0.26,20.06
28.8,4.48,79.6,19.92,484.97,-81.87,0.148,-0.77,0.57,-0.43,20.57
29.04,4.41,79.6,19.25,512.62,-77.74,0.078,0.0,-0.13,-0.35,20.44
28.9,4.05,82.3,19.15,532.25,-80.56,0.065,0.6,-1.07,-0.43,19.72
28.89,4.71,82.4,19.46,516.27,-78.08,0.002,0.52,-0.82,0.8,21.32
28.91,4.93,82.8,19.8,532.64,-79.08,0.004,1.44,0.02,-0.49,20.08
28.99,5.57,82.4,20.05,512.66,-77.59,0.037,0.45,-0.22,-0.38,20.51
29.23,5.16,82.1,19.67,521.58,-81.12,0.066,-0.53,-0.37,-0.04,20.41
29.03,4.43,82.1,19.88,525.31,-78.57,0.011,-0.6,0.27,-0.59,20.71
28.98,4.87,81.2,19.65,506.0,-77.38,0.021,0.07,0.66,-0.21,20.8
29.11,5.11,82.8,20.26,519.81,-77.41,0.015,-0.77,-1.09,-1.05,21.02
29.34,4.78,81.7,20.33,523.96,-76.88,0.004,-0.77,-0.37,-0.24,20.67
29.1,5.29,85.0,19.6,546.7,-80.74,0.016,-0.43,-0.73,-1.39,21.37
29.05,5.33,82.4,20.08,550.86,-78.28,0.016,0.04,-0.21,-0.11,20.74
29.16,5.55,83.4,19.67,549.14,-78.04,0.03,-0.38,0.37,-0.64,20.89
29.26,5.49,84.8,20.38,558.01,-75.69,0.042,0.12,-0.02,-0.62,20.5
29.36,5.4,83.6,20.03,552.1,-73.67,0.046,-0.22,-0.55,-0.28,21.38
29.43,5.19,83.8,19.98,569.82,-75.53,0.005,-1.03,0.35,-0.41,21.99
29.21,5.06,82.2,19.63,562.04,-76.25,0.029,0.74,-0.23,0.59,21.38
29.26,5.58,83.5,20.82,566.77,-76.82,0.008,0.63,-0.05,-0.49,22.29
29.36,5.47,85.2,20.6,567.86,-77.35,0.045,1.01,0.17,0.14,21.26
29.52,5.57,86.3,20.72,581.76,-75.41,0.02,0.45,0.52,-0.87,21.27
29.32,6.07,84.5,21.02,575.18,-76.92,0.013,0.01,-0.18,-0.19,22.48
29.43,6.22,85.6,20.57,593.7,-77.85,0.062,-0.16,1.11,-0.22,21.98
29.46,5.51,87.8,20.63,577.23,-77.15,0.06,0.64,-0.14,0.17,21.78
29.68,5.9,86.4,21.25,582.23,-78.02,0.078,-0.04,-1.38,0.04,22.41
29.66,5.9,86.9,21.58,604.82,-79.68,0.026,0.32,-0.47,-0.21,22.56
29.74,6.2,85.8,21.48,601.84,-79.39,0.034,-0.37,-0.06,-0.06,22.94
29.83,5.5,87.9,21.98,603.01,-76.69,0.017,0.25,0.45,0.55,22.57
29.67,5.82,86.4,21.74,621.32,-79.76,0.069,0.43,0.91,-0.42,22.3
29.6,6.3,86.5,21.85,611.25,-78.35,0.02,0.28,0.21,-0.08,22.87
29.63,6.65,88.6,22.09,620.26,-75.85,0.04,-0.1,0.12,-0.04,23.12
29.59,6.51,87.1,21.85,641.21,-77.62,0.056,-0.18,0.05,0.69,23.72
29.79,6.76,87.9,21.63,647.6,-78.29,0.017,0.52,0.51,0.36,22.82
29.83,6.69,89.5,22.21,652.94,-78.06,0.055,0.24,0.47,-0.32,23.42
30.01,7.09,87.7,22.59,639.41,-74.55,0.065,-0.03,-0.88,-0.57,23.84
29.95,7.22,88.5,22.18,659.56,-75.05,0.0,0.57,-1.06,-0.08,24.5
29.92,6.62,88.4,22.13,642.79,-77.5,0.017,-0.6,0.12,-0.64,23.77
30.0,7.19,88.9,22.51,648.23,-75.47,0.094,-0.86,-0.21,0.35,23.87
29.92,7.14,89.4,23.37,638.82,-76.02,0.002,1.01,-0.32,0.77,24.62
30.2,7.81,90.7,23.23,684.05,-74.91,0.017,-1.01,0.31,0.02,23.6
30.02,6.89,91.2,23.15,663.67,-74.2,0.05,0.69,0.31,0.11,24.44
30.01,7.16,90.3,23.01,676.01,-78.68,0.02,0.57,-0.25,0.45,25.07
30.28,6.95,89.8,23.59,673.12,-75.43,0.039,0.56,-0.6,-0.06,25.14
30.28,7.03,91.2,23.71,694.08,-75.99,0.059,0.31,-1.27,0.43,25.24
30.04,7.5,90.9,23.95,688.24,-74.38,0.007,0.17,-0.91,-0.49,24.67
30.38,7.5,91.1,24.82,683.78,-78.59,0.007,-0.17,0.13,0.81,24.97
30.22,7.66,90.5,24.27,706.02,-77.93,0.041,0.63,0.47,0.46,26.18
30.29,7.71,90.3,24.0,692.0,-75.86,0.013,-0.22,0.64,0.51,25.77
30.39,7.54,91.8,23.91,702.64,-76.41,0.011,-0.96,-0.53,0.57,25.89
30.47,7.59,91.1,24.35,694.56,-75.47,0.028,-0.31,0.61,0.08,25.82
30.48,7.42,91.8,24.54,705.94,-78.47,0.103,-0.29,-0.38,0.12,26.31
30.45,7.55,93.6,25.14,726.45,-74.22,0.006,0.39,-0.13,-0.85,26.26
30.43,7.79,92.6,24.78,709.43,-75.75,0.038,0.2,0.74,0.19,26.96
30.56,7.91,93.7,24.8,718.59,-75.77,0.033,-1.07,0.04,0.09,26.36
30.52,8.11,93.3,25.48,737.63,-76.28,0.042,-1.3,-0.13,-0.01,27.27
30.78,8.12,93.7,25.22,736.38,-77.81,0.023,0.23,-0.06,0.55,27.75
30.65,8.44,93.0,25.79,765.81,-77.27,0.044,-0.81,-0.19,-0.64,27.49
30.5,7.71,94.5,25.43,768.2,-73.68,0.0,0.28,0.4,0.02,26.91
30.57,7.96,94.0,25.71,745.06,-76.06,0.026,-0.48,-0.69,-0.2,27.88
30.66,7.8,93.7,25.81,763.09,-76.19,0.004,-0.76,0.25,0.36,27.5
30.83,8.47,94.4,26.29,768.68,-74.97,0.029,1.28,-0.94,0.43,27.64
30.86,7.96,93.7,26.24,758.77,-77.47,0.042,-0.18,1.39,0.73,28.05
30.67,8.48,94.2,25.99,753.23,-75.69,0.017,0.55,0.67,0.21,28.03
30.62,8.59,94.5,26.1,771.4,-76.15,0.034,-1.36,0.26,-0.11,28.09
30.62,8.29,94.3,26.57,773.0,-76.86,0.102,0.18,0.13,0.48,28.68
30.8,8.27,96.1,26.32,773.46,-77.22,0.092,-0.7,-0.55,-0.02,28.59
31.06,8.2,94.6,26.79,785.2,-75.56,0.011,0.49,0.59,-0.35,27.91
30.86,8.1,96.8,27.15,776.1,-75.78,0.007,-0.42,0.35,-0.28,29.21
30.62,8.07,95.3,26.77,774.79,-77.81,0.031,-0.71,-1.82,-0.22,29.41
30.74,8.16,95.1,27.59,789.96,-76.04,0.02,-0.73,0.27,1.26,29.29
30.76,8.75,95.0,27.89,795.16,-78.5,0.003,0.37,0.35,0.81,29.43
30.75,7.88,95.8,27.9,781.82,-77.93,0.003,-0.95,0.17,-0.49,29.19
30.81,8.25,96.3,27.86,805.01,-76.4,0.011,-0.5,-0.65,0.62,28.91
30.91,8.39,93.6,27.88,780.03,-76.66,0.205,0.61,-1.24,0.27,29.57
30.96,8.08,95.7,27.92,793.81,-78.75,0.012,0.31,0.6,-0.51,30.22
31.01,8.27,94.2,28.06,798.72,-76.68,0.003,0.73,-0.84,-0.53,29.81
30.95,7.68,96.6,27.81,796.5,-77.58,0.013,-0.13,-0.16,0.25,30.46
30.66,8.5,96.7,28.1,798.62,-75.8,0.007,0.92,-0.36,-0.96,30.57
30.77,8.42,96.0,28.25,824.24,-76.86,0.013,-0.28,0.32,1.07,29.95
30.88,8.03,96.1,28.5,798.12,-79.28,0.021,0.49,-0.99,0.01,29.86
30.92,7.76,94.8,27.8,831.99,-77.41,0.081,-0.37,-1.17,0.84,29.95
31.0,8.23,95.6,28.5,812.74,-78.93,0.001,-0.65,0.84,-0.58,30.15
30.9,7.62,95.5,28.87,809.93,-77.77,0.041,-0.15,-0.68,0.44,29.88
30.9,7.62,95.6,28.35,814.25,-77.41,0.0,0.13,0.17,0.57,30.55
30.92,7.87,96.7,28.59,835.11,-77.36,0.003,-1.05,0.12,0.18,30.77
30.86,8.3,97.0,28.03,800.04,-79.65,0.016,0.16,-0.7,0.86,29.7
30.9,7.99,96.4,28.76,798.78,-79.23,0.057,-0.34,0.46,-0.03,31.2
31.01,7.56,95.7,28.26,802.28,-78.36,0.025,0.36,0.99,0.33,30.32
30.86,7.2,95.3,28.63,809.85,-79.21,0.031,-0.13,-0.25,-0.22,30.45
30.86,7.66,95.9,28.84,791.8,-79.29,0.001,0.35,-0.16,0.29,30.73
30.85,7.67,96.0,28.68,808.66,-80.39,0.054,0.29,-0.06,0.26,30.3
31.0,7.52,95.5,28.87,824.59,-78.34,0.012,0.1,0.46,0.6,30.42
30.7,8.03,95.1,29.08,808.23,-80.0,0.006,-0.09,0.14,0.14,30.34
31.03,7.39,96.0,28.95,802.7,-79.64,0.001,0.68,-0.24,0.42,30.69
30.67,6.68,96.0,29.03,798.2,-79.22,0.06,-0.04,0.16,-0.53,30.46
30.71,7.18,94.3,28.34,811.97,-83.17,0.016,-0.62,-0.32,0.41,30.85
30.87,7.38,95.0,28.94,793.18,-81.93,0.043,-0.76,0.06,0.3,30.17
30.88,7.29,95.8,28.22,818.21,-77.28,0.023,0.37,0.56,0.03,30.87
30.57,7.06,95.8,28.86,817.24,-82.13,0.026,0.2,-0.06,-1.11,30.23
30.59,6.94,95.0,29.63,798.48,-78.55,0.098,0.77,-0.32,0.72,31.07
30.74,6.37,95.1,29.3,793.66,-78.73,0.033,0.92,-0.17,-0.15,30.96
30.97,6.93,94.9,28.46,801.81,-80.22,0.027,0.27,-0.63,-0.62,29.75
30.81,6.73,95.3,28.74,800.03,-78.09,0.024,-0.43,-0.52,-0.18,30.92
30.61,6.84,93.5,28.84,778.47,-79.23,0.023,0.33,-0.03,-0.34,29.5
30.33,6.84,94.4,29.05,778.58,-80.3,0.099,0.64,-0.35,-0.07,30.03
30.61,6.99,93.3,29.13,767.8,-80.15,0.013,-0.82,0.07,-0.39,30.86
30.62,6.25,94.8,29.37,782.17,-79.44,0.001,-0.21,0.5,0.43,30.18
30.5,6.08,92.9,28.42,781.67,-80.42,0.003,-1.69,0.71,-0.19,30.96
30.42,6.22,93.9,28.78,758.3,-79.87,0.048,0.33,-0.35,0.1,30.56
30.51,6.1,92.7,28.03,763.93,-78.87,0.076,0.93,-0.13,-0.59,30.04
30.35,5.99,93.8,28.73,751.57,-79.54,0.002,0.46,0.37,1.16,29.91
30.66,6.6,93.3,28.69,752.51,-82.03,0.003,-1.0,0.54,-0.18,30.67
30.59,6.13,93.0,28.46,763.35,-82.98,0.003,-0.64,-0.81,0.09,29.79
30.46,6.61,94.1,28.61,746.74,-81.77,0.006,0.08,-0.58,-0.3,29.15
30.36,5.94,91.8,28.01,747.19,-78.86,0.004,0.38,0.27,0.4,29.44
30.24,5.51,92.9,27.77,729.96,-83.88,0.014,0.87,-0.05,0.69,29.76
30.29,5.55,92.9,27.81,744.04,-82.57,0.015,0.21,-0.72,0.34,29.3
30.46,6.03,92.5,28.18,737.57,-82.59,0.022,-0.83,-0.34,0.68,30.47
30.33,5.3,90.9,28.42,726.49,-83.8,0.046,-0.18,0.46,0.28,29.15
30.22,5.74,91.1,27.57,727.56,-82.48,0.026,-0.24,0.6,0.37,29.05
30.28,5.39,90.5,27.53,726.85,-83.65,0.003,0.12,0.21,0.13,28.79
30.2,5.15,90.6,27.71,712.43,-83.01,0.049,0.42,-0.22,0.17,29.42
30.15,5.78,89.9,28.77,701.27,-83.31,0.041,-0.91,-0.99,0.5,28.84
30.18,5.12,90.0,27.29,729.47,-83.14,0.044,0.24,0.45,0.47,29.15
30.09,4.98,91.3,27.68,700.41,-84.77,0.026,-0.89,0.67,-0.57,29.16
30.1,5.14,89.6,27.16,701.05,-84.22,0.016,0.06,-0.33,0.57,28.71
29.98,4.95,89.7,26.91,707.35,-83.82,0.006,0.94,0.72,0.38,28.56
29.9,5.7,88.8,26.52,727.71,-83.76,0.089,0.09,-0.66,-0.32,27.82
29.83,5.29,89.1,26.75,675.1,-83.82,0.061,-0.9,0.33,-0.21,27.55
29.78,4.74,89.5,27.03,687.14,-83.07,0.009,0.53,-0.22,0.65,27.42
29.63,4.72,89.0,26.3,670.63,-85.73,0.012,-0.59,-0.46,0.68,27.9
29.68,4.2,89.5,26.5,667.36,-84.61,0.002,0.8,-0.63,-0.21,28.65
29.64,4.79,87.1,26.04,660.56,-85.72,0.041,-0.43,-0.09,0.53,27.35
29.66,4.48,87.2,26.05,651.5,-85.99,0.032,-0.75,-0.39,0.0,27.84
29.88,4.68,87.3,25.53,657.33,-84.03,0.047,1.04,-0.32,0.32,27.49
29.64,4.02,88.6,26.73,637.97,-84.55,0.003,-0.01,0.14,0.55,27.13
29.65,4.55,87.3,25.89,657.16,-85.6,0.003,-0.21,0.71,0.23,26.87
29.62,5.03,85.7,25.52,643.21,-85.78,0.057,0.1,0.72,0.65,26.64
29.74,4.5,87.5,25.94,641.87,-86.96,0.035,-0.8,-1.28,0.66,26.47
29.45,4.21,86.4,25.32,627.98,-83.53,0.011,0.14,0.65,0.29,26.73
29.46,4.4,86.8,25.36,623.98,-85.42,0.018,0.27,-0.84,-0.18,26.67
29.44,4.36,87.1,25.6,625.56,-87.74,0.016,-1.23,0.36,0.8,26.0
29.56,5.0,84.8,25.42,606.11,-85.3,0.02,0.65,-0.87,-0.93,25.83
29.55,4.22,86.6,24.35,609.26,-86.65,0.014,-0.4,0.09,-0.11,25.61
29.41,3.93,85.1,24.61,599.38,-86.5,0.094,-0.06,0.72,0.03,26.08
29.47,4.28,84.6,24.9,594.24,-84.21,0.013,-0.27,-0.89,-0.45,25.87
29.31,4.31,84.8,23.92,577.26,-86.14,0.015,0.72,0.22,0.13,25.94
29.24,4.41,83.5,24.06,607.02,-83.37,0.056,0.11,-0.07,0.32,24.86
29.37,4.45,84.2,23.9,582.09,-81.44,0.0,0.04,1.19,0.2,24.78
29.26,4.8,83.8,24.03,595.97,-83.97,0.046,-0.0,-0.49,-0.25,25.52
29.09,4.03,83.0,23.98,590.47,-87.69,0.008,0.18,0.17,0.04,25.23
29.27,4.0,83.1,23.95,562.44,-84.07,0.027,0.49,0.9,-0.72,24.14
29.09,3.64,84.3,23.43,560.01,-87.11,0.009,0.46,-0.63,-0.0,24.02
29.05,4.4,83.0,22.89,592.17,-85.57,0.062,0.04,0.39,0.67,24.32
29.17,3.94,82.2,22.98,579.83,-84.31,0.078,0.42,0.57,0.32,24.56
29.03,4.48,83.1,22.59,557.84,-88.13,0.006,0.19,0.69,0.16,23.55
29.06,4.07,83.2,22.58,556.66,-86.32,0.064,-1.3,-0.16,0.31,23.79
29.07,4.75,82.4,22.92,543.8,-86.38,0.004,-1.05,-0.51,0.07,24.03
28.88,3.82,81.2,22.03,550.56,-87.92,0.017,0.58,-0.04,0.32,23.37
28.99,4.57,80.0,22.19,535.29,-89.38,0.001,0.06,0.53,0.16,23.27
29.09,4.56,81.2,22.56,518.47,-85.63,0.015,-0.12,-1.09,0.3,23.72
28.79,4.47,82.6,22.35,522.02,-88.87,0.003,-0.45,-0.35,-0.6,22.84
28.94,4.0,82.4,21.7,532.0,-85.81,0.032,0.46,-0.65,-0.25,23.37
28.77,4.52,80.8,21.53,517.15,-87.11,0.034,-0.21,0.01,-0.15,22.67
28.97,4.43,81.1,22.27,524.58,-84.85,0.004,-1.36,0.69,-0.45,22.15
28.95,3.88,81.7,21.72,511.42,-88.58,0.048,-1.28,0.22,0.41,22.68
28.77,4.93,80.9,21.18,511.38,-87.03,0.007,0.14,-0.48,0.08,22.08
29.07,4.4,81.7,21.33,524.91,-83.79,0.011,-0.53,0.93,-0.55,21.73
28.92,4.99,80.7,21.6,516.15,-88.02,0.004,-0.72,0.95,0.08,22.86
28.86,4.57,81.1,20.79,511.02,-84.51,0.054,-0.06,0.15,-0.5,22.12
28.84,4.93,80.3,20.67,517.48,-88.16,0.021,0.23,-0.32,-0.18,21.71
28.87,4.42,79.9,20.96,511.21,-86.75,0.058,0.73,-0.38,0.09,21.6
28.62,4.8,81.4,20.3,518.72,-88.28,0.017,0.01,0.02,0.53,22.22
28.76,4.83,79.1,20.43,497.65,-86.22,0.015,0.43,-0.06,0.74,22.14
28.77,4.74,79.8,20.42,496.1,-88.89,0.018,-0.88,-0.77,0.28,21.18
28.67,4.63,80.1,19.54,485.68,-87.8,0.02,0.75,-0.11,-0.45,21.41
28.77,4.03,80.8,20.41,492.84,-87.74,0.015,-1.27,-0.32,-0.22,21.06
28.86,4.76,79.4,20.5,505.37,-88.04,0.019,0.23,0.37,0.93,21.42
28.65,5.28,80.2,20.89,507.46,-84.75,0.02,-0.41,0.0,-0.98,20.89
28.7,4.72,78.9,20.33,502.97,-88.09,0.141,-0.16,0.36,-0.79,20.18
28.6,4.84,80.4,19.68,474.47,-86.73,0.03,-0.28,0.17,0.43,20.46
28.49,4.84,81.5,19.81,502.45,-84.11,0.058,-0.26,-0.87,-0.22,21.22
28.79,5.4,78.4,20.55,472.6,-86.49,0.02,-0.18,-0.97,0.63,20.45
28.7,5.14,79.4,20.0,499.49,-90.56,0.026,1.0,-0.13,-0.42,20.98
28.71,5.84,80.7,20.14,486.51,-83.75,0.001,0.66,-0.93,-0.06,20.76
28.59,5.76,82.4,19.52,497.05,-85.08,0.01,0.37,0.38,0.4,20.27
28.69,5.68,80.5,19.59,476.69,-84.78,0.049,-0.19,-0.12,-0.31,20.45
28.85,5.78,79.5,19.6,501.88,-84.65,0.012,0.18,0.48,-0.49,20.22
28.73,5.53,80.0,19.9,475.83,-86.76,0.039,-0.41,0.82,-0.78,20.28
28.74,5.61,79.2,19.39,484.26,-88.77,0.001,0.21,-0.8,-0.35,19.68
28.77,6.12,80.9,19.72,481.59,-85.03,0.024,-0.06,0.01,0.55,20.32
28.61,6.26,81.1,19.48,474.81,-89.0,0.134,0.3,0.7,0.13,20.11
28.84,6.27,81.5,19.03,494.23,-88.53,0.038,-0.28,0.06,0.65,20.36
28.63,5.99,80.2,19.43,512.44,-86.33,0.036,0.59,0.09,0.2,20.52
28.68,6.09,79.9,19.8,522.29,-84.7,0.02,0.03,-0.55,0.14,20.55
28.68,6.01,81.8,19.41,497.99,-87.2,0.01,-0.11,-0.18,-0.49,20.07
28.8,6.59,81.8,19.29,509.73,-87.02,0.016,0.46,0.27,-0.55,20.04
28.8,5.85,80.0,19.9,502.59,-82.2,0.022,0.97,0.57,0.28,20.25
28.86,5.85,80.6,19.54,507.1,-84.56,0.038,0.01,-0.51,-0.68,20.76
28.77,5.98,81.7,18.93,500.68,-85.2,0.005,-0.11,0.32,0.49,20.13
29.02,6.02,81.0,19.33,508.19,-83.56,0.014,0.25,-0.01,0.13,20.09
29.02,7.14,81.4,19.54,513.89,-84.79,0.058,-0.28,0.22,0.57,19.95
28.92,7.04,80.3,19.55,505.15,-87.28,0.0,-0.66,-0.5,-0.13,20.63
28.9,6.52,80.7,19.67,512.71,-87.32,0.052,-0.4,0.22,-0.51,20.34
28.91,6.91,81.7,19.47,515.59,-85.64,0.002,0.77,0.49,0.55,20.1
28.97,7.45,81.4,19.49,527.26,-85.74,0.045,-0.3,0.22,0.02,20.23
28.86,7.23,81.2,19.61,511.28,-82.06,0.138,0.15,-0.74,-0.07,20.87
28.94,7.78,82.0,19.93,524.51,-85.29,0.041,-1.0,0.77,0.75,20.72
29.18,7.18,81.8,19.46,547.34,-82.39,0.023,-0.67,-0.35,1.61,20.45
29.14,7.08,82.7,19.73,543.18,-84.33,0.004,0.64,-0.17,-1.0,21.02
29.33,7.02,83.6,19.9,548.47,-83.55,0.002,0.26,0.14,-0.22,21.27
29.12,7.41,82.8,19.69,538.77,-89.1,0.015,0.08,0.18,-0.2,21.2
29.15,7.74,82.9,20.11,545.4,-81.01,0.016,-0.78,0.88,-0.67,21.1
29.17,7.55,84.3,20.14,555.98,-85.58,0.008,0.1,-1.27,0.26,21.77
29.21,7.47,84.2,19.37,565.43,-82.67,0.015,0.07,0.32,-0.39,21.72
29.2,8.01,84.5,20.19,534.28,-86.58,0.01,0.02,0.46,-0.21,21.31
29.34,7.84,82.1,20.75,544.7,-81.6,0.002,-0.47,0.08,-0.41,21.79
29.34,7.7,83.9,20.87,575.11,-86.32,0.018,0.44,-0.17,-0.14,21.75
29.31,7.55,84.1,20.68,563.48,-85.32,0.02,-0.47,-0.75,-0.97,21.38
29.55,7.75,84.1,20.98,563.86,-84.41,0.036,-0.15,0.16,-0.83,22.34
29.66,8.01,85.8,20.58,562.44,-84.18,0.024,-1.23,1.26,-1.09,22.49
29.61,7.67,84.8,20.93,573.9,-83.97,0.07,-0.03,0.87,0.06,22.41
29.57,7.58,84.3,20.9,569.98,-82.77,0.013,-0.7,0.06,0.77,22.3
29.63,7.84,85.9,21.18,609.52,-84.82,0.008,0.11,-0.56,0.28,22.55
29.79,8.0,85.9,21.71,593.06,-82.58,0.002,0.03,0.54,0.15,22.17
29.69,8.45,85.4,21.53,597.43,-80.36,0.015,0.0,0.27,-0.1,22.87
29.57,7.72,87.2,21.18,608.67,-84.41,0.002,-0.7,-1.22,0.13,22.05
29.72,8.17,87.1,21.97,617.24,-82.83,0.02,-0.88,-0.86,0.14,22.57
29.78,8.04,87.3,21.63,621.94,-81.26,0.067,-0.04,1.41,-0.25,21.84
29.62,8.07,87.5,21.9,628.12,-84.97,0.023,-1.03,-0.69,-0.63,23.14
29.74,8.62,88.3,21.72,616.02,-84.21,0.032,0.74,-0.09,0.72,23.54
29.94,8.2,87.5,22.19,624.31,-81.32,0.064,0.17,0.49,-0.7,23.93
29.62,7.91,86.9,22.2,639.97,-82.5,0.004,0.51,-0.04,-0.62,23.34
29.73,8.46,88.0,22.6,632.0,-81.52,0.024,0.58,-0.32,0.01,23.67
29.89,8.44,87.1,22.16,642.24,-81.09,0.013,0.2,0.61,0.24,23.72
29.99,7.9,87.8,22.81,651.31,-84.08,0.026,-0.05,0.32,0.21,24.6
29.82,7.84,90.2,21.77,660.2,-78.82,0.004,-0.07,0.27,0.47,24.17
30.0,8.32,88.3,22.55,639.59,-81.46,0.013,0.77,-0.6,0.07,24.94
30.19,8.18,88.5,22.44,669.53,-81.26,0.037,-0.33,0.0,0.55,24.85
30.09,8.04,90.2,23.17,665.05,-81.31,0.025,-0.08,0.73,-0.54,24.81
30.23,8.49,90.6,23.54,679.45,-80.05,0.041,-0.58,0.02,0.78,24.45
30.08,7.98,88.8,23.35,685.11,-79.61,0.018,-0.37,-0.05,-0.68,24.4
30.08,8.27,90.6,23.97,698.36,-84.99,0.006,-0.27,-0.17,-0.66,25.03
30.31,8.47,90.2,23.38,700.73,-79.27,0.008,-0.11,0.47,-0.08,25.2
30.29,8.0,91.1,23.31,705.53,-82.24,0.044,-0.09,-0.13,0.26,24.86
30.13,7.53,90.9,24.2,711.33,-81.0,0.013,0.06,0.06,0.44,25.92
30.21,7.93,90.2,24.51,704.59,-81.69,0.016,0.18,-0.86,-0.84,25.72
30.52,8.07,91.2,24.29,706.72,-80.77,0.054,0.09,0.17,0.08,26.05
30.26,8.28,92.3,25.04,719.81,-80.35,0.007,0.9,-0.72,-0.34,26.66
30.51,7.79,93.6,24.73,723.01,-80.02,0.05,-0.03,0.29,-0.27,25.83
30.37,8.43,92.5,24.84,717.15,-82.04,0.004,0.04,-0.48,1.06,25.47
30.45,7.48,92.1,24.7,728.77,-79.41,0.005,0.41,-0.41,0.31,26.23
30.52,7.88,91.7,24.54,728.78,-78.6,0.013,-0.7,-0.31,-0.28,27.31
30.26,7.71,92.7,25.05,724.92,-79.31,0.051,-0.13,0.05,0.1,26.78
30.36,8.14,92.7,25.85,750.61,-79.91,0.039,0.22,0.29,-1.0,26.86
30.57,7.24,93.5,25.51,742.42,-80.34,0.043,0.27,0.94,-0.52,26.89
30.5,7.76,93.4,25.45,766.43,-82.85,0.006,-0.26,0.48,-0.2,27.25
30.73,7.51,94.0,25.41,733.66,-77.94,0.113,0.15,0.07,-0.04,27.17
30.44,7.98,93.5,26.06,748.22,-78.17,0.003,-0.81,0.46,-0.07,27.36
30.72,7.22,95.3,25.62,757.89,-79.08,0.003,0.64,-0.59,0.22,28.12
30.51,7.53,94.6,26.28,772.61,-80.86,0.013,0.29,0.08,-0.08,28.89
30.65,7.1,93.7,26.13,768.78,-78.53,0.023,-0.01,1.2,0.12,27.66
30.59,7.34,95.2,26.33,771.34,-78.98,0.042,0.16,-0.77,-0.17,27.92
30.96,7.11,93.6,26.78,760.29,-76.0,0.032,-0.42,0.5,-0.16,28.05
30.59,7.04,94.0,26.35,763.2,-76.22,0.066,0.79,0.14,0.23,29.05
30.75,6.49,94.2,26.82,781.08,-78.99,0.027,1.05,-0.62,-0.28,28.85
30.58,7.14,96.0,26.4,767.17,-76.59,0.002,-0.94,-0.15,0.43,28.57
30.99,6.63,94.9,27.02,778.32,-79.26,0.019,0.39,0.66,0.05,28.6
30.86,6.54,94.7,27.35,791.35,-75.59,0.044,0.44,1.12,0.03,29.55
30.84,6.34,95.4,27.57,779.08,-77.13,0.02,0.28,0.54,1.12,29.07
31.01,6.42,95.8,27.81,807.38,-74.19,0.004,-0.55,0.21,-0.55,29.15
30.87,6.81,96.8,27.75,805.86,-78.28,0.036,-0.33,-0.32,0.73,28.42
30.88,6.72,94.4,27.49,780.05,-75.27,0.039,-1.34,0.14,-0.13,29.71
30.88,6.71,96.7,27.1,788.44,-74.86,0.043,-0.67,0.03,-0.03,29.5
30.94,6.13,94.1,28.18,776.76,-77.67,0.013,1.12,-0.25,0.13,29.64
30.82,6.43,96.5,27.75,793.5,-78.96,0.035,-0.85,-1.26,0.01,29.74
30.86,6.11,96.8,27.52,810.55,-75.7,0.04,0.75,-0.5,-0.22,30.17
30.99,6.5,96.9,28.77,800.15,-78.24,0.015,0.26,-0.4,-0.24,28.99
30.93,6.27,96.4,28.18,810.15,-77.21,0.016,-0.2,0.01,0.65,29.49
30.88,5.87,95.1,28.45,791.42,-77.85,0.02,-0.06,-0.38,-0.2,30.83
30.73,6.3,96.6,28.44,815.57,-73.7,0.028,0.68,0.76,0.04,29.64
31.08,6.07,95.1,28.42,802.83,-76.43,0.011,-0.72,0.56,-1.13,29.89
30.82,5.42,95.2,28.36,809.14,-75.93,0.005,-0.26,-0.6,0.21,30.77
31.02,5.26,95.6,28.36,808.57,-76.39,0.008,0.42,-0.2,0.24,30.35
30.92,5.29,95.7,29.4,797.1,-77.49,0.023,-0.3,-0.24,-0.54,30.41
30.74,6.11,96.2,28.17,798.45,-75.41,0.041,1.01,0.02,0.84,31.08
31.04,5.24,95.4,28.58,819.66,-74.87,0.062,0.32,0.4,0.02,30.26
30.91,6.04,96.2,28.47,813.82,-77.15,0.068,-0.51,-0.15,0.4,30.32
31.03,5.09,94.8,29.0,820.02,-76.04,0.026,0.33,-0.29,-0.53,30.88
30.84,4.99,95.9,28.72,812.3,-74.57,0.06,-0.18,0.73,0.33,30.67
30.94,5.54,95.6,28.72,809.85,-77.88,0.009,-0.81,-0.75,-0.3,31.05
30.63,5.48,96.5,29.15,790.38,-76.34,0.017,0.75,0.93,-0.24,30.4
30.77,5.31,96.5,29.63,804.0,-74.83,0.007,-0.93,0.45,-0.35,30.76
30.67,5.28,95.4,28.68,805.34,-77.58,0.004,0.63,0.17,0.15,30.66
30.76,4.78,93.9,28.44,823.9,-75.84,0.033,-0.19,-0.65,0.52,30.54
30.85,5.21,94.2,29.02,809.84,-76.82,0.008,0.97,1.03,0.43,30.19
30.7,4.97,96.2,29.29,816.78,-77.07,0.025,0.23,0.82,-0.19,30.53
30.86,4.73,95.1,28.92,805.7,-77.05,0.002,0.26,-0.6,-0.56,30.47
30.64,4.82,96.5,29.22,790.76,-78.01,0.005,0.02,0.45,-0.56,31.18
30.83,5.05,95.6,28.8,797.06,-79.34,0.011,-0.33,-0.28,0.14,30.89
30.86,4.8,95.0,29.81,796.11,-77.45,0.015,0.4,0.09,-0.49,30.82
30.81,3.99,94.8,29.17,782.08,-75.4,0.009,-0.16,0.65,-0.11,30.54
30.62,4.86,93.6,28.76,785.21,-77.5,0.039,-0.28,0.27,0.46,30.22
30.39,4.79,93.9,28.64,784.44,-76.72,0.002,-0.23,0.83,-0.48,30.63
30.69,4.39,94.6,28.97,799.86,-78.13,0.024,-0.07,0.85,0.8,31.06
30.58,4.5,93.8,29.07,760.18,-75.88,0.001,0.55,1.17,0.33,30.11
30.45,4.46,94.3,28.34,790.09,-73.51,0.071,-0.44,-0.65,-0.19,30.58
30.48,3.8,94.5,28.75,765.59,-75.3,0.03,-0.62,1.19,0.17,30.16
30.69,4.24,93.4,28.96,758.04,-76.56,0.035,0.17,-0.93,0.34,30.28
30.36,4.23,93.0,28.76,780.24,-75.59,0.036,-0.03,0.58,0.52,30.15
30.52,4.26,92.4,28.8,772.32,-74.48,0.023,-0.01,-0.33,-0.84,30.32
30.47,4.13,93.6,29.04,773.99,-74.79,0.004,0.58,1.02,0.13,30.0
30.37,4.47,93.4,27.37,765.79,-74.65,0.016,-0.23,0.62,-0.34,29.78
30.46,4.01,94.3,28.46,774.62,-76.02,0.041,0.32,0.15,0.68,29.27
30.55,4.51,92.5,27.48,755.74,-73.76,0.121,0.9,0.02,-0.13,29.9
30.29,4.41,92.1,28.21,744.62,-77.03,0.011,0.09,0.58,0.4,29.96
30.26,4.62,92.3,28.6,745.55,-74.38,0.03,0.05,0.01,0.93,29.64
30.34,4.73,91.5,28.01,750.4,-75.55,0.122,-0.76,1.22,-0.75,29.49
30.34,4.72,90.8,27.63,725.93,-77.66,0.026,0.72,-0.28,0.11,30.0
30.18,3.84,91.3,28.16,722.88,-79.34,0.049,-0.39,0.23,0.7,29.95
30.13,4.31,91.4,27.82,721.9,-76.51,0.027,0.34,0.7,0.33,29.61
29.87,3.99,91.2,27.73,699.47,-79.32,0.017,0.68,-0.65,0.75,29.2
30.01,5.2,90.9,28.31,717.35,-76.64,0.034,0.92,0.41,-0.06,28.99
29.93,4.41,91.2,26.92,692.5,-78.51,0.06,-1.36,0.34,0.44,28.4
30.11,4.66,90.5,27.11,707.22,-75.93,0.046,-0.06,0.13,0.95,27.93
29.97,4.38,90.0,27.35,710.61,-79.21,0.063,0.87,-1.23,0.17,29.11
29.93,3.48,88.6,27.53,692.41,-74.44,0.091,0.27,0.28,1.09,28.48
29.93,4.06,89.5,26.64,709.12,-76.99,0.041,-0.25,-0.88,-0.08,29.65
29.79,4.11,89.0,26.71,672.88,-80.07,0.055,-0.27,0.85,0.02,27.92
30.05,4.23,87.9,26.71,694.49,-76.43,0.009,-0.21,-1.25,-0.12,28.19
29.98,4.48,89.0,26.55,684.39,-80.1,0.005,0.9,0.97,0.42,28.28
29.99,4.56,88.8,26.71,655.52,-76.9,0.015,-1.12,-0.53,-0.26,27.46
29.84,3.65,88.4,26.32,694.8,-79.11,0.011,-0.21,-0.58,0.38,27.47
29.72,4.41,88.3,26.43,662.05,-74.59,0.016,0.21,-0.35,-0.46,27.35
29.88,4.37,87.7,25.64,648.9,-78.2,0.005,-0.26,-0.44,0.4,27.11
29.57,4.97,87.1,25.97,638.58,-81.45,0.016,0.86,0.49,0.23,27.28
29.51,4.78,88.5,25.79,645.42,-78.6,0.051,-0.41,-0.32,0.47,26.98
29.51,4.59,87.0,25.93,641.32,-79.93,0.002,0.29,0.11,-1.03,25.99
29.61,4.77,84.6,26.37,638.61,-76.37,0.009,-0.12,-0.4,-0.32,26.69
29.43,4.24,84.4,25.68,629.6,-78.19,0.015,-0.45,0.44,0.69,26.64
29.47,5.0,87.1,24.95,633.92,-79.43,0.026,-0.32,0.98,-0.68,26.31
29.26,4.74,84.4,25.27,618.75,-78.28,0.017,0.38,-0.6,0.11,26.82
29.48,4.67,85.2,24.88,598.33,-77.74,0.001,0.12,-0.13,0.19,26.14
29.21,5.37,84.4,24.63,611.28,-77.97,0.03,-0.59,-0.18,-0.09,25.85
29.24,5.12,84.9,24.42,584.23,-82.64,0.037,1.01,-0.94,0.07,26.04
29.47,4.9,85.2,24.25,606.62,-77.36,0.004,0.18,-0.52,-0.55,26.42
29.43,4.98,84.1,23.9,588.5,-82.28,0.0,-0.8,-0.79,0.07,25.29
29.31,5.33,83.8,23.7,595.2,-78.03,0.024,-0.73,0.09,-0.15,25.61
29.27,5.38,84.8,24.23,602.03,-80.7,0.06,-0.37,0.43,0.38,25.76
29.14,5.37,86.1,23.72,574.79,-80.44,0.041,1.19,-1.02,0.54,24.77
29.08,5.07,84.2,23.76,590.34,-80.49,0.021,-0.2,-0.13,-0.21,24.23
29.1,5.18,82.8,23.24,570.91,-80.05,0.013,-0.05,0.01,0.26,24.71
28.94,5.34,84.1,23.6,588.37,-78.44,0.001,-0.19,0.3,0.04,24.92
29.12,5.58,84.6,23.0,562.86,-78.52,0.046,-0.79,0.22,-0.56,24.1
29.07,5.7,83.8,22.64,553.86,-80.32,0.008,-0.88,0.56,-0.18,24.5
28.93,5.74,81.5,23.51,564.98,-79.49,0.133,-0.67,0.17,-0.41,23.56
29.2,5.83,83.0,22.89,549.68,-81.22,0.002,0.05,-0.59,0.21,23.65
29.07,6.5,82.0,22.56,541.65,-81.54,0.066,-0.28,-0.05,-0.48,23.56
29.05,6.26,82.3,22.46,541.41,-79.85,0.009,-0.2,0.37,0.04,23.39
28.89,6.44,81.8,22.26,541.97,-79.73,0.069,0.36,-0.41,0.35,22.95
28.93,6.3,82.5,22.42,552.17,-82.31,0.017,0.63,0.34,-0.48,23.02
28.98,6.26,81.4,21.57,515.85,-79.12,0.008,-0.72,-0.17,0.65,22.22
28.9,6.43,82.7,21.34,531.97,-79.72,0.003,-0.68,0.01,0.82,23.14
29.06,6.45,81.4,21.88,534.67,-84.49,0.004,-0.73,-0.36,-0.55,22.74
28.82,6.7,81.1,21.1,527.14,-83.25,0.085,-0.93,0.34,-0.21,23.05
28.77,6.24,81.6,20.92,535.22,-83.07,0.01,0.31,-0.23,-0.32,22.42
28.89,6.83,81.3,21.78,518.42,-82.8,0.107,-0.37,-0.21,0.06,21.6
28.65,6.73,81.4,21.4,514.49,-84.02,0.054,-0.71,-0.37,-0.35,22.32
28.9,6.21,80.7,21.28,519.57,-82.76,0.04,-0.27,0.48,0.48,21.81
28.62,6.85,81.8,20.71,512.07,-82.35,0.038,-0.23,0.41,-0.28,22.38
28.84,6.51,81.4,21.47,504.75,-80.21,0.066,0.39,0.03,0.44,21.75
28.67,6.81,80.5,21.23,511.53,-81.32,0.008,0.32,0.17,-0.26,22.52
28.8,6.99,81.1,20.29,497.7,-79.5,0.07,-0.6,0.08,0.61,21.25
28.84,6.65,80.1,20.63,496.11,-85.14,0.018,-0.0,-0.67,0.4,21.6
28.74,7.16,80.7,20.42,495.09,-83.13,0.042,-0.44,-0.23,-0.27,21.64
28.57,7.26,80.9,20.45,512.2,-83.67,0.047,-0.33,0.44,0.31,21.17
28.6,7.53,80.4,20.76,464.9,-83.77,0.055,-1.29,-0.47,-0.49,20.67
28.62,7.23,79.5,20.15,499.66,-84.58,0.018,-0.88,-0.15,0.41,21.04
28.48,7.51,79.1,20.55,494.79,-84.51,0.009,-0.86,0.33,-0.16,20.3
28.84,7.45,80.3,19.51,476.54,-84.56,0.061,-0.23,-0.95,-0.04,20.67
28.71,7.41,79.4,19.83,495.5,-82.99,0.002,-0.22,0.63,-0.32,20.8
28.56,7.09,80.9,19.83,496.37,-83.71,0.026,0.21,0.76,0.5,21.2
28.88,7.61,78.8,19.71,496.88,-85.34,0.044,0.19,-0.08,0.54,20.84
28.62,7.92,81.1,19.84,463.98,-83.04,0.063,0.13,-0.06,-0.42,20.51
28.74,7.47,80.1,19.83,503.85,-86.89,0.004,0.79,-0.53,-0.74,20.43
28.61,7.73,79.3,19.8,482.64,-83.45,0.019,-0.66,0.38,-0.34,20.34
28.47,7.82,79.7,19.98,496.88,-84.04,0.035,-0.4,-0.24,0.08,20.88
28.56,8.21,79.9,19.88,497.58,-86.41,0.072,0.76,-0.17,-0.59,19.87
28.67,7.93,80.5,19.05,481.72,-84.68,0.03,-0.22,0.25,-0.59,20.09
28.84,8.04,79.2,19.59,497.56,-86.69,0.008,-0.02,-0.49,-0.54,19.8
28.79,7.99,79.5,19.29,487.73,-84.53,0.004,0.08,-0.8,-0.63,20.6
28.77,7.88,80.0,19.76,471.65,-87.7,0.016,-0.88,0.33,0.25,20.95
28.53,7.71,80.3,19.9,504.98,-84.71,0.006,-0.47,0.16,-0.05,20.55
28.93,8.0,81.0,19.73,486.64,-88.66,0.036,-0.51,-1.09,0.59,20.57
28.82,8.22,80.7,20.08,487.1,-84.9,0.022,0.82,-1.22,-0.58,20.09
28.79,8.16,80.3,19.67,493.01,-87.5,0.008,-0.79,-0.48,-0.32,20.5
28.96,8.59,80.9,19.75,501.31,-85.48,0.029,-0.64,1.1,0.54,20.0
28.99,8.45,81.0,19.12,499.72,-84.4,0.003,0.06,-0.87,0.0,20.08
29.0,8.55,80.7,19.4,507.62,-87.74,0.03,-0.7,0.17,0.31,20.31
28.85,7.58,81.2,19.65,490.73,-89.95,0.033,-0.05,-0.1,-0.26,20.36
28.77,8.67,79.5,19.53,498.84,-88.25,0.001,0.55,-0.99,-0.01,21.08
29.03,8.28,82.1,19.12,507.39,-86.95,0.033,-0.1,-1.24,-1.11,20.74
28.77,8.32,81.9,19.14,529.94,-88.08,0.012,0.01,-0.5,0.68,20.47
29.19,8.47,82.8,18.86,512.38,-89.13,0.001,0.0,0.0,0.38,21.14
28.98,8.2,81.1,19.66,527.06,-88.06,0.017,-0.68,1.44,-0.99,21.46
28.88,7.87,82.4,19.2,519.42,-84.71,0.013,-0.24,1.4,-0.09,20.56
28.88,8.61,80.6,19.84,517.15,-84.33,0.036,-0.16,0.25,0.31,20.76
28.9,7.94,80.9,19.9,522.6,-88.74,0.036,0.18,0.22,0.22,20.17
29.1,7.86,82.3,19.78,526.58,-85.85,0.017,-1.23,0.03,0.13,20.79
29.1,8.06,82.2,19.89,537.62,-86.02,0.032,0.89,-0.55,0.33,20.52
28.98,8.0,83.7,20.17,548.77,-88.17,0.058,0.53,-0.44,-0.09,20.11
29.12,8.09,84.0,20.28,542.17,-83.32,0.002,0.22,-0.7,-0.23,21.33
29.02,8.04,84.3,19.17,554.11,-87.04,0.005,-0.09,-0.54,0.21,21.06
29.29,8.44,83.9,20.27,536.36,-86.74,0.019,-0.92,0.21,-0.28,20.76
29.24,8.14,84.2,20.27,545.73,-89.59,0.055,-0.06,-0.5,0.27,20.46
29.23,7.71,82.8,20.28,546.6,-86.03,0.021,0.24,-0.54,0.05,21.04
29.15,7.72,85.2,20.42,561.06,-89.69,0.006,-0.8,-0.2,0.23,21.11
29.3,7.78,85.3,20.24,558.48,-86.69,0.088,0.46,-0.71,0.42,21.44
29.32,7.74,83.4,19.6,573.61,-87.8,0.008,-1.06,-0.49,0.74,20.89
29.44,7.66,85.1,20.32,561.32,-88.01,0.053,1.08,-0.58,0.03,21.87
29.46,7.44,84.5,19.99,575.47,-88.05,0.219,0.03,-0.41,-0.22,22.07
29.56,7.8,86.7,20.16,586.38,-84.92,0.028,-0.07,1.56,-0.17,21.41
29.44,7.53,84.7,21.22,563.41,-85.6,0.006,0.28,0.02,0.4,21.37
29.31,7.33,85.8,20.76,609.89,-85.75,0.021,-0.76,0.51,-0.07,22.58
29.69,7.71,86.1,21.16,590.51,-87.1,0.034,0.82,-0.05,0.38,22.24
29.49,7.76,86.1,21.18,577.82,-88.4,0.004,0.45,-0.89,0.04,22.69
29.5,7.37,88.1,21.77,604.44,-87.88,0.113,0.78,0.4,0.66,22.61
29.67,7.92,88.0,21.45,608.02,-88.0,0.095,-0.04,-0.21,0.15,22.67
29.74,7.99,85.6,21.34,611.73,-86.47,0.021,-0.97,-0.24,-0.35,23.26
29.68,7.41,87.6,22.19,627.37,-86.46,0.051,-0.83,0.05,0.65,23.32
29.71,7.06,87.4,21.63,629.86,-86.9,0.14,0.62,0.13,-0.32,23.28
29.76,7.21,88.3,22.08,630.33,-85.48,0.033,-0.1,0.83,-0.4,23.46
30.01,6.7,88.1,22.24,636.84,-87.27,0.027,0.46,-0.09,0.26,23.25
29.88,6.73,87.5,21.77,636.3,-86.11,0.028,0.85,-0.76,-0.43,23.8
29.8,6.42,87.6,22.66,660.12,-88.68,0.023,0.61,-0.02,0.12,24.35
29.83,6.67,88.3,22.95,632.59,-83.85,0.071,0.47,0.67,0.04,24.29
29.95,6.41,88.8,22.23,653.81,-85.25,0.004,-0.34,0.13,0.16,23.29
30.04,6.9,89.3,22.78,658.09,-87.85,0.02,1.32,-0.03,1.08,24.38
30.11,6.41,89.0,23.38,670.59,-85.28,0.0,-0.57,-0.92,0.29,24.57
30.1,6.65,91.0,22.49,659.02,-85.3,0.066,0.49,0.57,-0.1,24.97
30.01,6.71,90.3,23.42,655.01,-89.03,0.011,0.2,1.0,1.44,25.17
30.1,6.77,90.8,22.91,678.98,-84.92,0.019,0.34,0.17,0.46,25.04
30.27,6.23,90.3,23.39,685.16,-87.97,0.031,-0.79,0.19,-0.15,24.5
30.08,6.36,89.8,23.58,702.15,-85.41,0.004,1.13,0.23,0.8,25.12
30.19,6.29,91.6,23.39,679.42,-83.59,0.042,-1.39,0.11,-0.93,25.01
30.35,6.5,90.3,23.63,708.5,-85.64,0.021,-1.5,-0.69,-0.04,25.02
30.41,6.27,89.7,24.08,725.41,-81.52,0.002,-1.08,-0.54,-0.19,26.21
30.31,6.35,92.0,24.73,702.69,-84.81,0.005,0.63,0.04,0.05,25.63
30.32,5.39,91.2,24.57,698.23,-86.12,0.027,-1.13,-0.91,0.12,26.77
30.24,5.62,91.7,23.98,711.69,-86.1,0.017,-0.54,0.57,-0.16,25.99
30.49,6.05,92.8,24.87,720.44,-85.18,0.072,-0.01,-0.77,0.46,26.02
30.61,5.84,91.7,24.87,730.42,-85.76,0.033,0.28,0.87,0.58,26.7
30.79,5.56,91.4,24.78,723.28,-88.17,0.027,-0.27,0.21,-0.63,26.59
30.55,5.38,93.8,25.0,749.07,-86.08,0.039,0.94,-0.66,-0.67,26.89
30.53,5.69,93.0,25.47,726.62,-86.62,0.022,-0.28,-1.01,0.83,26.72
30.45,4.79,94.2,24.89,724.53,-84.09,0.02,0.53,0.62,-0.2,26.88
30.36,5.55,93.9,25.36,757.06,-86.32,0.115,0.98,-0.13,-0.82,27.06
30.63,5.28,94.1,25.33,727.22,-84.47,0.069,-0.12,-0.64,-0.08,26.99
30.91,5.04,93.9,25.59,751.8,-84.82,0.006,-0.48,1.48,0.2,27.94
30.81,5.27,94.1,26.13,788.79,-85.36,0.007,-0.75,0.34,0.31,27.79
30.81,4.94,95.0,26.17,761.16,-85.76,0.009,0.11,0.1,0.27,27.91
30.72,5.0,94.9,26.53,753.63,-84.55,0.039,0.6,-0.61,-0.02,28.26
30.76,4.92,94.0,25.64,767.71,-84.46,0.082,0.01,0.43,-0.69,28.28
30.44,5.1,95.0,26.46,771.1,-85.6,0.004,-0.11,0.02,-0.0,29.18
30.84,4.87,94.2,26.65,776.42,-84.72,0.159,-1.26,-0.19,0.33,28.58
30.7,4.2,94.6,26.24,784.52,-84.65,0.012,0.09,0.53,0.56,27.73
30.7,4.3,95.4,26.7,770.46,-83.36,0.013,-0.19,-0.37,0.19,28.48
30.76,4.34,94.6,27.06,800.56,-83.93,0.023,-0.05,-0.25,0.65,28.43
30.77,4.76,95.3,27.29,788.83,-83.51,0.003,-0.27,0.55,-0.54,29.12
30.74,4.74,95.6,27.42,796.2,-83.57,0.077,0.85,0.29,0.03,28.89
30.84,5.03,95.1,26.72,785.08,-84.14,0.001,0.11,-0.31,-0.13,29.37
30.78,4.19,96.1,27.3,806.51,-84.25,0.0,0.06,1.29,0.92,29.01
30.87,4.85,95.2,27.09,793.22,-81.44,0.106,0.75,0.51,0.44,29.47
30.69,3.84,96.4,27.73,800.56,-84.39,0.015,0.15,-0.58,1.6,29.29
30.85,4.39,95.8,27.68,790.31,-80.56,0.009,0.58,-0.37,0.13,29.47
30.75,4.43,95.9,27.71,791.38,-80.39,0.01,0.49,-0.3,0.4,29.79
30.81,4.4,95.1,29.13,809.78,-83.8,0.02,0.32,0.22,0.16,29.98
30.91,4.21,95.7,27.75,799.87,-81.81,0.068,-0.17,0.6,-0.57,30.46
30.7,4.32,96.1,28.19,797.02,-81.7,0.041,0.17,0.84,-0.15,30.42
30.8,3.89,96.8,28.45,800.23,-81.27,0.006,0.18,-1.08,0.07,30.43
30.97,4.5,95.7,28.48,814.59,-81.62,0.013,1.17,0.09,-0.65,30.3
30.73,4.3,96.8,28.63,802.1,-83.57,0.017,-0.06,-0.05,-0.0,30.01
31.11,4.33,95.4,28.62,807.85,-79.79,0.136,0.24,0.49,-0.65,30.52
31.04,4.13,96.3,28.45,809.65,-79.33,0.045,-0.21,0.49,1.57,30.81
30.83,4.1,95.6,28.63,790.64,-82.51,0.02,-0.14,0.58,0.58,30.87
30.8,4.36,97.2,28.45,795.27,-82.68,0.009,-0.21,-0.11,0.27,30.45
30.91,4.68,97.0,28.47,813.34,-84.47,0.005,-0.67,0.91,0.48,30.35
30.71,3.79,96.1,28.32,802.46,-80.57,0.006,0.23,-0.45,0.71,30.85
30.63,3.78,95.4,29.1,820.08,-81.52,0.012,-0.32,0.96,0.73,29.6
30.81,4.3,94.6,29.25,818.71,-82.78,0.022,0.57,0.65,0.14,31.24
30.84,4.13,96.1,28.69,815.61,-80.64,0.006,0.69,-0.62,-0.08,31.13
30.85,4.28,95.9,28.9,825.83,-81.99,0.04,-0.09,-1.06,0.19,30.55
30.76,4.25,96.3,29.51,805.86,-79.94,0.082,0.42,-0.17,0.06,30.54
30.97,4.47,94.4,29.36,812.09,-81.5,0.022,-1.45,-1.0,-0.64,31.52
30.63,4.22,95.6,29.3,798.51,-81.55,0.014,-0.05,-0.61,-0.91,30.28
30.65,3.96,95.7,29.09,827.47,-80.07,0.036,-0.19,-0.25,0.51,30.6
30.83,4.12,94.6,28.78,821.24,-80.62,0.035,0.68,-0.98,0.48,31.4
30.62,4.34,95.3,28.82,799.82,-82.11,0.051,-0.27,-1.32,-0.03,30.26
30.6,4.04,94.5,29.08,801.72,-78.05,0.081,0.56,0.09,-0.5,30.74
30.74,4.44,94.3,29.14,809.45,-80.24,0.013,0.5,0.95,-0.29,30.56
30.58,4.51,94.4,28.63,792.25,-78.25,0.004,-1.28,0.6,0.31,31.46
30.67,4.42,94.5,29.39,784.87,-78.99,0.071,0.19,-1.79,-0.15,30.39
30.58,4.64,95.5,29.43,797.76,-82.11,0.006,1.01,-0.34,-0.6,30.03
30.54,4.13,94.1,29.18,787.25,-78.38,0.013,0.41,-0.03,0.16,30.64
30.37,4.38,93.5,29.4,785.6,-79.61,0.016,-0.05,0.69,-0.31,30.28
30.61,4.37,94.7,29.06,772.61,-79.26,0.059,-0.68,0.06,0.41,30.69
30.42,5.03,94.7,28.89,760.82,-75.49,0.026,-0.55,0.02,0.15,30.57
30.53,5.51,94.4,28.77,777.28,-77.95,0.027,0.53,0.15,0.52,29.87
30.46,4.61,94.6,28.59,780.76,-78.77,0.044,-1.56,-1.4,-0.3,31.01
30.47,4.86,93.5,28.64,766.13,-79.08,0.189,0.31,-0.52,0.67,29.97
30.45,4.79,93.3,28.22,779.32,-75.39,0.1,0.08,0.25,-0.56,29.94
30.46,5.12,92.4,28.49,754.36,-78.23,0.004,-0.11,0.12,-0.14,30.29
30.32,4.93,93.9,28.04,747.19,-76.57,0.125,0.06,-1.09,-0.51,30.63
30.53,5.27,92.5,28.1,753.3,-77.48,0.039,-0.53,-0.3,-0.64,29.38
30.13,5.45,92.1,28.73,749.27,-77.65,0.03,0.54,0.26,-0.45,29.62
30.29,4.95,91.8,28.64,753.83,-76.25,0.015,-0.03,-0.33,-0.5,30.1
30.39,5.46,92.4,27.85,734.31,-77.32,0.145,0.23,-0.04,1.06,29.39
30.32,4.91,91.8,28.36,751.59,-77.62,0.011,-0.71,-1.15,-0.15,29.58
30.11,5.44,91.6,27.75,753.33,-76.71,0.089,-0.45,0.29,0.13,29.24
30.1,5.5,91.0,27.63,728.94,-79.11,0.013,0.17,0.22,-0.21,29.5
30.04,5.6,90.9,28.25,737.43,-76.62,0.005,1.26,-0.36,0.08,28.69
30.2,5.64,90.7,27.28,709.89,-77.04,0.03,0.33,-0.04,0.11,29.19
30.01,5.66,91.7,26.93,726.66,-77.88,0.063,1.02,-0.53,-0.49,29.14
30.1,5.81,88.9,27.21,721.77,-76.52,0.089,1.3,-0.76,0.01,29.09
30.06,6.03,90.4,27.12,715.26,-77.91,0.051,-0.12,0.1,-0.76,28.49
30.28,6.12,90.7,27.09,701.74,-78.17,0.015,0.77,-0.62,-0.23,29.14
30.0,6.15,88.1,26.5,667.57,-75.1,0.045,0.01,0.13,0.18,27.59
29.83,6.01,89.3,27.1,685.87,-75.53,0.001,-0.43,1.52,0.46,28.03
29.72,6.59,89.9,27.52,681.16,-75.45,0.006,0.78,-0.03,-0.39,29.13
29.83,6.79,88.2,26.83,672.73,-74.71,0.026,-0.0,0.16,0.67,28.03
29.81,6.03,88.8,26.52,678.8,-75.51,0.01,-0.13,-0.01,0.55,28.32
29.53,6.54,87.6,26.7,668.42,-78.81,0.034,0.65,-1.19,-0.32,27.8
29.67,6.42,88.1,26.36,659.38,-74.99,0.035,-0.31,-0.39,-0.49,28.27
29.76,6.91,88.9,26.22,652.03,-77.0,0.029,-0.29,-1.49,-0.31,27.35
29.62,6.7,88.9,26.03,650.45,-77.12,0.037,0.45,0.38,-0.82,27.36
29.77,6.8,87.5,25.99,663.8,-75.4,0.011,0.4,-0.5,-0.61,27.47
29.43,7.0,86.1,25.63,640.94,-74.74,0.007,0.21,-0.26,-0.63,27.57
29.67,6.83,86.6,25.06,637.38,-75.48,0.0,0.4,-0.23,0.16,26.07
29.66,7.5,85.1,26.14,632.95,-76.42,0.032,0.83,-0.1,0.29,26.85
29.63,7.21,86.1,25.53,635.9,-74.8,0.026,-0.41,0.75,1.04,26.14
29.3,7.41,86.9,24.95,632.08,-75.75,0.012,0.53,-0.94,0.48,26.3
29.49,7.13,84.8,25.17,592.11,-75.48,0.013,0.47,-0.21,-0.0,25.95
29.34,7.22,85.4,24.5,627.83,-77.56,0.007,1.85,-1.22,-0.21,25.1
29.22,7.57,84.7,24.88,627.08,-77.97,0.013,0.84,0.39,0.67,26.26
29.31,7.6,86.6,24.86,597.34,-76.52,0.011,-0.21,-0.98,-0.61,25.15
29.21,7.07,85.2,24.81,593.29,-77.5,0.107,0.27,0.36,0.02,25.48
29.4,7.54,85.3,24.5,593.73,-73.98,0.021,0.18,0.1,-0.62,25.3
29.32,7.7,84.7,24.08,585.94,-78.21,0.026,1.43,-0.42,0.29,24.87
29.09,7.57,84.8,24.36,591.07,-77.06,0.001,0.56,0.66,0.67,25.28
29.12,7.78,84.9,23.65,564.75,-78.6,0.053,-0.12,0.65,-0.78,24.71
29.13,7.69,83.8,23.8,568.49,-75.41,0.042,-0.08,-0.18,0.95,24.41
29.14,7.09,83.1,23.29,590.58,-76.96,0.022,-0.26,-0.07,-0.48,23.95
29.24,7.42,82.6,23.48,561.5,-73.52,0.045,-0.21,-0.76,-0.36,24.01
29.17,8.15,84.6,23.77,578.89,-75.47,0.005,1.03,0.82,0.08,24.39
29.07,7.82,83.6,23.37,565.76,-76.49,0.018,-0.02,-0.03,-0.55,23.26
29.01,7.99,81.0,23.28,539.96,-75.71,0.008,0.89,0.98,1.02,24.57
28.8,7.97,82.4,23.2,560.33,-75.45,0.027,0.23,0.87,-0.8,23.69
29.15,7.76,82.7,22.64,548.83,-74.96,0.029,-0.59,-0.11,-0.4,23.25
28.92,7.9,83.6,22.22,541.58,-74.67,0.127,-0.57,-0.95,-0.42,23.68
29.13,8.16,81.2,21.74,544.81,-76.79,0.001,-0.28,0.05,0.47,23.13
28.95,8.22,82.2,21.87,543.44,-77.53,0.013,0.64,-0.48,-0.37,23.5
29.15,8.77,81.4,22.15,542.22,-75.72,0.088,0.21,-0.1,0.42,22.58
28.96,7.99,80.6,21.26,543.48,-73.76,0.104,-1.07,0.5,0.08,22.47
28.69,8.65,82.5,21.9,532.45,-74.48,0.025,-0.35,0.92,-0.03,22.96
28.77,7.91,80.5,21.88,511.41,-73.58,0.025,0.05,-0.28,-0.7,23.06
28.81,8.33,81.9,21.04,517.35,-74.06,0.017,0.12,1.61,-0.31,22.53
28.71,8.24,79.8,21.77,548.56,-78.27,0.007,-0.9,-0.65,-0.35,22.41
28.76,8.16,80.5,21.19,523.55,-76.67,0.002,-0.53,-0.31,-0.64,21.86
28.62,8.2,81.3,20.64,537.3,-76.85,0.015,-0.07,0.72,-0.3,21.86
28.77,8.01,81.3,20.51,525.0,-76.58,0.013,-0.68,-0.59,0.44,21.68
28.79,8.47,80.9,20.97,511.04,-76.55,0.024,-0.72,0.67,-0.06,22.35
28.63,7.94,81.3,20.91,509.35,-75.25,0.013,-0.18,0.13,0.3,22.27
28.97,8.28,80.2,20.76,503.83,-79.54,0.017,0.58,-0.27,-0.22,21.81
28.74,8.4,81.5,21.03,484.82,-75.85,0.028,0.09,0.78,-0.2,22.3
28.63,8.58,80.6,20.59,500.53,-76.24,0.037,-0.47,-0.48,0.44,21.64
28.52,8.44,80.8,20.27,510.75,-76.32,0.0,0.1,0.21,-0.04,21.77
28.72,8.3,80.4,20.26,491.09,-78.2,0.007,-0.36,0.99,-0.84,21.12
28.68,7.91,80.5,20.66,499.8,-76.49,0.006,0.3,-1.01,-0.06,21.05
28.8,7.85,79.3,19.81,502.95,-78.26,0.016,-0.52,-0.05,-0.27,20.97
28.68,7.71,79.3,20.17,484.24,-77.19,0.003,-0.39,1.05,0.08,20.57
28.56,7.66,79.6,20.11,487.88,-77.92,0.07,0.0,-0.07,0.54,20.69
28.9,7.99,80.4,20.33,481.42,-78.9,0.017,0.41,-0.64,0.35,20.93
28.75,7.74,79.5,19.94,482.75,-80.36,0.054,0.49,1.21,-0.36,20.49
28.67,8.28,79.8,19.5,477.62,-76.71,0.077,0.38,0.54,-0.34,20.89
28.73,7.71,80.0,19.84,481.18,-78.81,0.007,1.26,0.08,-0.05,20.31
28.77,7.87,81.2,19.97,504.22,-78.53,0.021,0.19,0.1,0.46,20.24
28.54,7.72,80.5,19.72,480.86,-77.65,0.105,0.22,-0.58,-0.87,20.51
28.74,7.33,78.9,20.0,491.44,-80.3,0.052,-0.08,0.23,-0.18,19.65
28.67,8.03,80.3,19.12,485.46,-77.62,0.001,-0.46,1.14,0.05,20.86
28.8,7.86,79.9,19.48,502.75,-78.26,0.104,-0.02,-0.29,0.59,20.68
28.66,7.84,80.0,19.51,504.7,-80.78,0.001,-0.01,0.22,0.42,20.69
28.68,7.72,80.3,19.75,501.01,-79.85,0.001,-0.11,0.61,0.45,20.64
28.97,7.26,81.3,19.77,496.38,-77.61,0.031,-0.14,0.0,-1.12,20.28
28.93,7.2,79.8,19.44,492.1,-77.36,0.03,0.85,-0.52,0.59,20.41
28.4,7.5,80.7,19.29,483.74,-77.91,0.053,-0.67,-0.29,0.39,20.46
28.95,7.77,80.9,19.47,516.49,-80.56,0.011,-0.36,-0.19,0.32,19.72
28.82,7.36,80.5,19.0,491.01,-80.4,0.02,-0.43,-0.39,0.19,20.38
28.76,7.47,80.3,19.23,506.95,-81.36,0.058,0.63,0.37,0.21,20.16
28.74,6.95,80.3,19.6,512.76,-78.7,0.042,0.71,-1.48,0.2,21.06
28.76,7.37,80.7,19.54,498.6,-81.81,0.017,-0.09,0.32,0.2,20.26
28.81,6.85,81.8,19.19,516.68,-77.45,0.057,-0.43,-0.44,-0.14,20.31
28.78,6.97,81.1,19.17,516.22,-80.29,0.02,-0.1,-0.45,0.53,19.9
28.77,6.72,81.4,19.19,528.28,-80.78,0.023,0.98,-0.25,0.03,20.27
28.83,7.03,80.7,19.24,508.86,-81.19,0.026,-1.11,-1.09,-0.24,19.62
29.02,6.96,81.4,19.58,503.39,-81.64,0.014,0.03,-0.3,0.04,21.25
29.01,6.17,82.1,19.98,514.02,-80.78,0.01,-0.15,-0.24,-0.25,20.79
29.1,6.94,80.8,20.07,524.11,-82.26,0.034,-0.46,0.44,0.16,20.46
29.05,7.18,83.1,19.33,525.69,-79.55,0.005,0.27,-0.16,0.22,20.86
28.92,6.28,82.0,19.82,524.37,-79.9,0.021,-0.07,-0.7,-0.36,20.34
29.17,6.28,84.1,19.86,512.54,-80.97,0.012,-0.55,-0.01,0.26,20.72
29.01,6.61,83.2,19.89,539.78,-80.16,0.014,1.05,0.13,-1.07,20.42
29.24,6.18,81.6,19.54,558.35,-82.84,0.019,-0.62,-0.32,0.44,20.33
29.05,6.09,83.5,19.69,546.93,-83.38,0.007,0.03,0.71,0.29,21.33
29.14,6.58,83.2,20.14,552.15,-81.15,0.02,0.05,-0.65,-0.19,21.06
29.2,5.53,83.9,19.96,555.65,-82.19,0.04,0.32,0.0,-0.54,20.5
29.36,5.63,85.2,20.21,557.87,-82.01,0.008,-0.19,0.28,-0.09,20.96
29.33,5.91,84.6,19.91,567.28,-83.81,0.058,-0.41,0.55,-0.28,21.91
29.34,5.23,84.1,20.18,566.08,-82.32,0.017,0.67,-0.66,0.23,21.2
29.6,5.53,83.4,19.97,563.24,-84.23,0.041,-0.44,0.29,1.08,21.84
29.18,5.46,85.4,20.63,562.73,-81.04,0.034,-1.19,0.18,0.22,21.41
29.31,5.79,85.4,20.51,572.61,-82.87,0.016,-0.11,-0.58,0.03,21.91
29.34,5.64,86.1,20.83,582.72,-80.83,0.05,0.72,0.47,0.55,22.14
29.29,4.86,85.3,20.72,580.96,-82.8,0.001,0.2,-0.21,0.06,21.79
29.45,5.08,85.9,21.04,591.88,-84.33,0.009,-0.51,-0.2,-0.17,22.12
29.65,5.02,85.7,21.7,597.8,-82.16,0.0,0.29,0.21,-0.6,22.43
29.53,5.1,86.2,21.0,606.47,-85.16,0.047,-0.1,0.15,-0.58,22.21
29.6,4.77,85.2,21.47,615.75,-84.03,0.004,-0.01,-0.44,-0.15,22.49
29.46,5.17,86.9,21.19,608.53,-83.97,0.016,-0.59,-1.07,-0.56,22.33
29.61,4.77,87.2,21.5,599.54,-87.25,0.028,0.28,0.06,0.3,22.89
29.68,5.09,86.8,21.84,614.07,-81.78,0.105,0.17,-0.33,0.04,23.42
29.85,4.86,87.9,21.9,622.9,-83.28,0.258,-0.5,-0.01,-0.34,22.67
29.61,4.51,88.4,22.18,609.06,-86.35,0.061,0.63,-0.2,0.64,23.0
29.79,5.17,89.0,22.4,646.29,-83.85,0.023,0.09,0.06,0.18,22.61
30.01,5.13,87.4,22.44,638.84,-86.13,0.004,0.74,-0.84,0.37,23.78
29.86,4.74,89.0,22.66,646.24,-84.09,0.013,-0.62,-0.12,0.27,23.09
29.69,4.53,89.7,22.56,661.11,-86.05,0.06,0.63,-0.29,-0.27,24.09
30.13,4.24,88.6,22.37,646.18,-84.68,0.094,0.03,0.07,-0.07,24.27
30.1,4.84,90.3,23.05,663.24,-84.29,0.032,0.12,-0.17,0.9,24.56
30.15,4.73,88.8,22.78,661.42,-84.62,0.049,0.96,0.21,-0.79,24.5
29.87,4.2,89.7,23.3,665.68,-85.59,0.048,0.11,-1.45,0.4,23.91
30.3,4.2,88.5,22.77,664.79,-86.21,0.099,-0.07,-0.56,-0.42,24.62
30.06,4.51,88.7,23.23,694.13,-85.73,0.05,0.12,0.27,0.1,24.92
30.12,3.99,89.2,23.26,678.66,-83.89,0.014,0.48,-0.3,0.33,25.21
30.13,4.13,91.8,23.79,694.32,-84.79,0.019,-0.26,0.9,-0.04,25.39
30.36,3.98,90.2,23.6,673.44,-84.46,0.008,-0.67,0.4,0.23,25.16
30.26,3.97,90.5,23.95,708.82,-85.74,0.005,-0.45,0.13,-1.18,25.45
30.37,4.04,91.7,24.05,712.32,-84.25,0.013,-0.08,-1.08,0.02,25.61
30.35,4.51,91.0,24.61,707.5,-83.63,0.034,-0.33,0.93,0.33,25.31
30.36,3.7,92.7,24.57,708.93,-87.99,0.027,-0.22,-0.4,-0.6,25.59
30.28,4.34,93.5,24.66,719.82,-87.62,0.042,0.35,0.22,-0.21,26.11
30.64,4.28,90.4,24.71,743.25,-84.49,0.067,0.25,-0.77,0.31,25.97
30.28,4.49,92.8,24.59,707.21,-83.59,0.002,-0.89,0.53,0.05,25.88
30.53,4.28,91.0,24.7,737.07,-87.91,0.009,0.12,0.06,0.58,26.02
30.55,4.09,91.8,25.25,724.46,-88.36,0.045,0.85,0.39,-0.38,27.06
30.67,3.96,93.4,24.8,737.62,-87.52,0.077,-0.09,0.55,0.12,27.08
30.73,4.51,92.5,25.43,739.5,-87.18,0.083,-0.37,0.42,-0.15,27.16
30.57,4.37,93.6,25.63,741.76,-86.28,0.006,1.32,-0.28,0.49,27.12
30.67,4.09,93.6,25.24,749.91,-85.4,0.003,0.14,-0.2,-0.22,27.17
30.84,4.52,92.5,25.86,742.55,-86.89,0.08,-0.04,-0.28,-0.09,26.75
30.65,4.13,94.5,26.02,767.95,-84.07,0.002,0.41,0.51,0.27,27.94
30.55,4.29,94.4,26.88,743.39,-86.78,0.033,-0.3,0.08,-0.64,27.69
30.65,4.13,94.3,26.3,770.28,-87.78,0.015,-0.26,-0.61,0.58,28.25
30.56,4.5,93.9,26.73,765.06,-88.22,0.01,-0.04,1.02,-0.91,27.76
30.78,4.07,94.9,26.72,759.94,-87.48,0.01,0.69,0.16,-0.53,28.94
30.88,4.31,93.7,26.78,776.88,-86.58,0.013,0.83,0.6,-0.13,28.49
30.75,4.23,94.0,27.11,762.37,-87.08,0.014,-0.14,-0.57,-1.01,28.5
30.59,4.54,95.2,26.44,781.29,-87.5,0.051,-0.64,0.49,-0.56,28.27
30.92,4.62,95.9,27.03,769.49,-87.41,0.023,-0.13,0.51,0.41,28.87
30.6,4.21,94.8,27.28,791.02,-88.14,0.085,-0.18,0.82,-0.38,29.18
30.64,4.71,95.7,26.96,779.73,-86.63,0.031,-0.43,-0.65,-0.49,28.16
30.82,4.19,95.6,27.4,786.88,-83.99,0.016,0.39,-0.73,0.01,29.12
30.88,5.34,95.8,27.56,796.61,-87.46,0.023,0.9,0.37,0.23,29.24
30.91,4.58,95.0,27.57,788.09,-86.44,0.084,0.77,-0.36,-0.3,29.58
30.86,5.1,95.5,27.42,797.23,-87.73,0.054,-0.05,0.66,0.21,28.83
31.09,4.9,95.7,27.57,784.53,-84.45,0.077,-0.57,1.26,0.48,29.92
30.89,4.97,97.0,27.82,807.68,-87.85,0.037,0.6,-0.22,-0.38,30.0
31.01,4.6,95.0,28.16,820.57,-87.6,0.03,-0.37,-0.26,0.55,30.11
30.99,5.27,94.8,28.15,832.25,-89.36,0.008,-0.95,-0.46,0.46,29.62
30.74,5.09,98.3,28.27,806.49,-89.77,0.013,0.82,-0.08,0.68,30.42
30.88,5.28,96.2,28.2,814.55,-87.26,0.002,-0.49,0.41,-0.14,29.73
31.15,5.18,96.4,28.06,789.81,-87.75,0.026,0.55,-0.15,0.37,29.28
30.84,5.31,96.5,28.32,823.43,-86.14,0.031,-0.24,1.1,0.75,30.33
30.82,5.07,96.6,28.21,816.79,-86.07,0.042,-0.75,0.7,-0.15,30.24
30.92,5.36,96.7,27.51,804.67,-86.53,0.058,-0.47,0.23,0.82,30.82
30.84,5.35,96.6,28.62,822.19,-86.07,0.01,-2.12,-0.03,0.06,29.98
30.79,5.33,96.9,28.59,807.44,-85.83,0.006,-0.76,-1.17,-0.05,30.3
30.83,5.66,96.1,29.17,805.4,-86.09,0.004,0.41,0.88,-0.65,30.32
31.05,5.8,96.8,29.02,814.58,-87.52,0.023,-0.2,-0.16,0.34,30.86
30.86,5.84,97.4,28.99,798.87,-87.84,0.009,0.04,0.59,0.93,30.14
30.7,5.81,96.0,28.51,819.25,-86.95,0.007,0.46,-0.12,-0.69,31.12
30.67,6.04,96.2,29.25,797.85,-87.1,0.024,0.79,-1.19,0.25,30.34
31.11,6.06,95.2,28.97,797.12,-86.18,0.028,0.66,-0.19,0.44,30.48
30.8,6.09,95.5,28.82,797.58,-84.88,0.005,0.61,0.4,-0.32,30.69
30.87,6.19,95.8,28.69,813.18,-86.81,0.022,-0.72,-0.87,-0.06,30.28
30.71,6.57,95.2,28.75,798.17,-85.98,0.003,-0.9,0.34,0.24,30.85
30.83,5.93,95.4,28.9,789.45,-83.22,0.047,-1.09,0.14,-0.78,30.81
30.95,6.27,95.5,28.64,795.32,-85.61,0.027,0.09,-0.83,0.01,30.45
30.68,6.54,96.4,29.01,799.36,-85.27,0.027,0.62,-0.27,-0.63,30.8
30.8,6.04,94.4,28.94,786.02,-83.46,0.038,0.07,-0.66,0.52,30.8
30.55,7.0,95.3,29.23,784.31,-86.17,0.007,0.14,0.04,0.35,30.89
30.95,6.74,94.3,28.92,814.8,-84.81,0.006,1.08,-0.81,-0.27,31.08
30.72,7.02,95.3,28.32,782.8,-86.98,0.011,0.28,1.05,0.08,30.78
30.61,7.14,95.2,28.82,785.76,-86.14,0.026,-0.27,-0.07,-1.37,30.77
30.61,7.0,95.7,28.51,782.76,-86.04,0.052,-1.21,0.05,0.3,30.1
30.56,6.28,93.9,28.66,779.52,-84.7,0.138,0.76,0.5,0.29,29.88
30.54,7.06,94.2,28.51,787.12,-82.19,0.052,-0.12,-0.4,-0.22,30.23
30.28,7.15,94.5,29.53,787.44,-86.39,0.02,0.33,0.08,0.88,30.53
30.53,6.83,94.2,28.63,771.82,-83.44,0.026,-1.14,0.09,0.2,30.5
30.5,6.68,91.5,28.95,759.31,-83.73,0.01,0.39,-0.48,0.14,29.27
30.55,7.42,92.8,28.54,781.09,-84.55,0.008,-0.06,-0.38,0.68,30.26
30.4,6.97,93.6,28.5,763.95,-84.38,0.005,-1.23,0.44,0.52,30.59
30.35,8.02,92.8,28.35,778.66,-83.6,0.022,-0.74,-0.19,-0.17,30.96
30.41,7.54,93.4,28.21,735.23,-84.52,0.006,-0.55,-0.21,0.25,30.56
30.19,7.93,93.4,28.14,755.87,-85.09,0.002,-0.48,1.01,0.65,29.69
30.37,7.59,92.2,28.43,769.23,-82.65,0.006,-0.74,0.95,0.49,29.57
30.1,7.86,92.6,28.2,742.54,-84.41,0.015,-0.13,-0.46,0.19,29.91
30.43,7.7,93.1,28.6,739.75,-83.88,0.008,0.41,-0.22,-0.13,29.94
30.34,8.03,92.5,27.97,740.8,-85.47,0.007,0.31,0.82,0.14,29.96
30.12,7.17,90.9,27.86,728.02,-83.94,0.009,-0.22,1.0,-0.26,29.65
30.28,8.09,91.1,27.88,726.16,-85.85,0.065,0.4,0.58,-0.03,28.81
30.18,8.07,91.0,27.98,721.5,-83.37,0.003,1.63,0.47,-0.19,28.63
30.01,7.86,90.0,27.7,714.12,-85.6,0.012,0.1,-0.18,-0.19,29.65
29.86,7.82,91.4,28.03,728.13,-85.94,0.015,-0.75,-0.69,-0.08,28.88
30.1,7.89,89.8,28.35,715.84,-85.38,0.01,0.03,-0.28,0.67,28.43
29.94,8.1,90.0,27.62,709.07,-82.38,0.014,0.08,0.2,-0.32,28.24
30.13,8.41,90.7,27.35,709.92,-84.39,0.03,-0.92,-0.12,0.42,28.35
29.96,7.91,89.2,26.4,694.41,-82.99,0.005,0.35,-1.24,-0.05,29.07
29.84,7.59,89.1,27.46,684.48,-83.62,0.013,-0.3,0.03,0.9,28.2
30.11,8.87,89.4,27.28,681.33,-81.89,0.004,0.6,0.65,0.84,28.44
29.93,8.34,88.5,27.26,682.47,-85.04,0.039,-0.04,1.47,-0.13,28.15
29.39,8.04,89.8,26.88,666.92,-82.34,0.06,-0.04,-0.54,-0.65,27.84
29.73,8.53,87.6,26.13,667.54,-82.74,0.024,0.6,0.2,-0.41,26.93
29.59,8.46,86.2,25.99,662.4,-80.88,0.002,-0.35,-0.42,1.04,27.91
29.63,8.34,88.5,25.81,683.8,-80.94,0.018,-0.74,0.25,0.13,27.12
29.67,8.05,87.3,26.08,629.8,-84.92,0.016,-0.03,-0.83,1.06,26.61
29.7,8.4,86.7,25.67,650.72,-79.81,0.048,-0.97,-0.82,0.91,26.38
29.65,8.53,87.4,26.08,664.74,-79.88,0.002,-0.54,-0.14,0.82,27.19
29.71,7.68,87.2,25.43,643.68,-80.6,0.109,0.66,0.35,-0.23,27.12
29.63,8.26,86.0,25.37,644.98,-83.24,0.007,-0.34,-0.7,0.62,25.73
29.59,8.27,87.3,25.43,633.44,-80.25,0.052,0.17,-1.17,0.35,26.27
29.51,8.25,86.8,25.03,620.78,-79.83,0.047,-1.42,0.77,0.72,26.47
29.61,8.17,87.4,24.73,600.07,-81.22,0.044,0.41,-0.18,-0.41,26.22
29.38,8.5,85.2,24.26,619.61,-79.19,0.004,-0.52,-0.57,0.04,25.79
29.35,8.06,85.5,25.07,604.89,-77.94,0.003,-0.36,-0.06,0.48,25.8
29.13,8.1,85.3,24.28,599.77,-80.92,0.018,0.57,-0.7,0.85,26.05
29.45,8.17,84.6,24.31,597.96,-81.54,0.04,0.11,-0.94,-0.82,25.68
29.28,7.99,85.0,24.17,615.62,-80.38,0.034,-0.08,0.73,1.11,25.6
29.61,7.6,84.8,23.42,617.49,-79.14,0.045,0.07,-0.14,-0.09,25.01
29.18,8.05,84.6,24.1,590.94,-79.82,0.004,0.35,0.07,-0.71,24.51
29.21,8.01,83.7,24.34,579.51,-81.11,0.017,-0.07,-0.38,-0.68,24.95
29.24,7.8,83.6,24.03,567.83,-77.79,0.019,0.1,0.66,-1.81,25.01
29.01,7.83,83.1,23.41,579.81,-79.67,0.008,-0.8,-0.11,-0.55,24.26
29.16,6.87,82.8,23.76,588.55,-78.38,0.026,-0.54,0.77,-0.2,24.47
29.1,8.14,83.1,22.64,563.92,-78.19,0.001,-0.48,-0.38,0.65,24.21
29.03,8.0,84.2,23.39,538.36,-79.3,0.045,-0.82,-0.51,0.59,23.39
29.18,7.28,84.4,22.7,564.69,-77.98,0.007,0.16,-0.61,0.32,23.84
28.91,7.43,83.6,23.15,563.78,-76.19,0.041,0.55,0.34,0.45,23.82
29.02,8.01,82.0,22.68,534.1,-77.3,0.002,0.18,0.59,0.55,23.41
29.14,7.18,82.5,22.1,547.85,-80.98,0.021,0.35,-0.32,0.62,23.88
28.86,7.61,80.4,22.47,546.82,-78.7,0.008,0.5,0.11,0.47,22.79
28.89,7.26,81.8,22.24,537.92,-79.36,0.015,-0.17,-0.18,-0.5,24.01
29.19,7.47,81.4,22.19,527.19,-76.41,0.065,-0.26,0.73,0.1,23.0
28.94,7.3,83.1,21.69,541.81,-78.11,0.018,0.73,-0.23,0.57,22.78
28.81,7.13,81.6,21.43,524.3,-78.22,0.01,-0.76,0.17,-1.08,23.09
28.94,7.27,81.3,21.92,510.27,-80.14,0.011,0.19,0.71,0.17,21.99
28.76,6.94,81.1,21.56,501.55,-73.19,0.03,0.13,-0.07,-0.13,23.36
28.63,6.48,80.8,21.66,531.7,-77.52,0.04,-0.63,-0.36,-0.51,22.05
28.97,6.67,81.3,21.53,522.43,-77.81,0.001,0.75,-0.15,0.1,22.55
28.65,6.56,80.3,21.46,514.45,-79.76,0.021,0.8,-0.02,-0.04,22.07
29.07,6.32,81.1,21.67,506.61,-77.14,0.016,0.54,0.26,-0.42,21.54
28.7,6.84,81.7,21.05,503.3,-77.39,0.015,0.16,0.07,0.1,22.24
29.01,6.61,80.6,20.53,495.55,-77.03,0.016,-0.16,0.57,-0.3,21.93
28.58,6.69,80.2,20.5,499.86,-79.22,0.037,0.09,-0.17,0.24,22.82
28.86,6.67,80.3,20.56,480.97,-79.55,0.203,1.02,-0.81,0.57,21.65
28.78,6.66,81.2,20.64,492.96,-74.43,0.111,0.11,-0.23,0.07,21.14
28.82,6.49,80.3,20.95,495.51,-78.65,0.037,-0.12,0.58,0.68,20.56
28.83,5.99,79.7,20.32,503.17,-76.03,0.008,-0.64,0.77,0.45,20.91
28.65,6.39,80.8,20.87,495.27,-77.17,0.0,-0.3,0.57,-0.03,21.22
28.55,6.2,79.5,20.82,502.37,-75.19,0.045,-0.25,1.19,0.33,20.88
28.7,6.72,79.9,20.27,506.81,-76.33,0.02,0.2,-0.43,-0.58,21.25
28.73,5.99,80.2,20.26,502.96,-76.42,0.01,0.86,0.87,0.29,21.02
28.64,6.03,79.4,19.81,496.3,-76.28,0.016,0.44,0.58,0.31,20.3
28.73,5.81,78.6,20.49,491.08,-77.59,0.041,-0.43,-0.02,0.75,20.57
28.74,5.78,80.4,19.61,480.68,-78.13,0.001,-0.28,-1.36,0.42,20.32
28.6,5.68,78.3,20.19,497.58,-76.7,0.021,-0.49,-0.16,-0.15,20.75
28.76,5.49,79.3,19.36,506.82,-78.59,0.014,0.55,-0.03,-0.19,20.73
28.68,5.6,80.7,19.89,493.44,-79.43,0.007,0.84,-0.75,0.1,20.27
28.64,5.66,80.4,20.01,509.35,-75.99,0.067,0.27,-0.06,-0.65,19.81
28.82,5.28,80.0,19.89,475.24,-76.58,0.038,0.05,-0.05,0.4,21.55
28.64,5.59,79.5,19.37,479.43,-74.68,0.042,-0.62,0.17,0.03,20.52
28.69,5.48,79.9,19.41,500.15,-74.84,0.035,-0.34,-0.59,-0.34,20.49
28.77,4.94,80.8,20.01,495.03,-75.31,0.011,0.26,-0.14,0.27,19.59
28.93,4.85,80.3,19.27,506.47,-75.31,0.001,-0.1,-0.57,-0.26,20.61
28.8,5.21,79.5,19.27,494.27,-77.23,0.027,-0.28,-0.02,-0.35,20.74
28.86,4.84,79.8,19.94,487.0,-75.32,0.012,-0.29,-0.78,-0.75,20.44
28.77,4.64,80.3,19.38,494.94,-76.93,0.01,0.35,-0.23,-0.49,20.35
28.81,5.41,81.0,19.38,483.31,-75.13,0.034,0.17,0.17,0.42,20.36
28.83,4.55,80.9,20.04,489.05,-71.87,0.013,-1.0,-0.33,0.31,19.95
28.89,4.33,80.0,19.18,511.91,-79.61,0.111,-0.29,-0.09,-0.23,20.04
28.84,4.5,82.2,19.16,512.91,-74.9,0.071,0.28,0.01,0.32,20.25
29.06,4.75,80.6,19.49,509.96,-75.9,0.001,-0.6,0.51,0.05,20.8
28.87,4.66,81.7,19.46,491.4,-76.95,0.003,-0.57,0.02,0.46,20.5
28.73,5.16,80.7,19.2,507.45,-74.9,0.024,0.82,-0.18,0.09,20.13
29.29,4.32,83.6,19.78,501.34,-77.94,0.001,1.38,0.18,-0.35,20.2
28.94,4.58,82.8,19.53,528.05,-72.98,0.018,0.5,0.3,0.05,19.64
29.16,4.8,81.3,19.59,513.27,-74.49,0.016,-0.17,-0.52,-0.48,20.73
29.2,4.23,82.2,19.6,511.21,-76.94,0.032,0.08,-0.49,1.08,20.52
29.17,4.61,81.5,19.29,525.44,-79.03,0.017,0.96,0.06,0.26,20.74
29.06,3.81,82.2,19.42,521.95,-77.11,0.005,-0.96,0.62,0.01,21.94
29.14,4.86,83.0,19.2,546.51,-74.06,0.006,0.47,-0.15,-0.05,20.61
28.98,4.61,83.5,20.22,527.77,-73.37,0.014,0.66,0.47,-1.25,20.95
29.4,4.08,82.0,19.88,524.68,-76.65,0.009,0.26,0.58,-0.19,20.69
29.09,4.51,82.6,20.3,520.81,-75.27,0.055,-0.64,0.64,-0.3,20.95
29.19,4.64,84.2,19.86,545.8,-77.0,0.344,0.25,-0.69,-0.2,20.72
29.26,3.85,84.7,20.5,544.36,-76.87,0.047,1.03,0.66,-0.12,20.76
29.27,4.04,83.2,19.61,539.67,-77.81,0.012,0.26,0.61,0.11,20.57
29.23,4.62,84.8,20.6,569.91,-74.46,0.019,-0.14,0.29,-0.04,20.95
29.51,4.22,83.3,20.32,568.85,-77.68,0.018,1.0,-0.15,0.18,21.58
29.49,4.33,84.3,19.96,566.14,-76.09,0.076,-0.12,-0.06,1.12,21.47
29.44,4.22,83.8,19.55,584.39,-76.49,0.028,-0.46,0.11,-0.14,21.62
29.39,4.47,84.7,20.81,581.78,-72.89,0.038,0.39,0.29,-0.19,21.64
29.6,4.36,86.7,21.09,571.41,-76.85,0.011,-0.29,-0.51,-0.97,22.0
29.45,4.25,85.4,20.87,573.79,-77.73,0.001,-1.18,-0.55,-0.61,22.09
29.72,3.59,85.5,21.17,596.98,-78.15,0.007,-0.21,0.71,0.08,22.19
29.58,4.43,85.5,21.22,597.44,-75.76,0.005,-0.08,0.29,-0.24,22.18
29.75,4.47,85.9,21.2,599.9,-74.18,0.018,0.8,-0.03,-0.13,22.73
29.62,3.9,85.8,21.64,594.52,-74.59,0.024,-0.5,0.0,-0.32,21.77
29.68,3.94,86.8,20.91,613.89,-78.13,0.006,0.69,0.44,-1.22,22.4
29.85,4.47,86.9,21.58,605.12,-76.27,0.015,0.12,0.02,0.53,22.53
30.0,4.4,86.8,21.91,616.56,-79.15,0.022,-0.89,-0.79,0.11,23.25
29.96,3.78,87.0,21.65,636.99,-77.72,0.01,-0.67,0.56,0.06,22.92
29.91,4.16,87.8,22.03,620.88,-79.85,0.016,0.53,1.13,-0.12,22.89
29.91,4.54,87.3,21.66,616.74,-77.82,0.0,-0.3,0.15,-0.24,23.5
29.82,4.68,88.0,22.23,626.95,-79.51,0.015,-0.35,0.72,0.38,23.9
29.95,4.34,88.1,22.09,652.44,-78.2,0.03,-0.29,-0.99,-0.79,24.03
29.84,4.52,86.9,22.3,650.07,-76.22,0.019,0.54,0.31,-0.59,24.26
30.03,4.34,89.6,22.83,651.26,-79.6,0.025,-0.24,-0.98,0.25,24.09
30.07,5.05,87.7,22.15,652.48,-79.04,0.045,0.0,-0.16,0.68,24.31
29.81,4.75,88.0,22.53,667.44,-77.12,0.186,0.09,0.26,0.13,24.26
30.09,4.55,90.4,23.31,659.1,-79.24,0.016,-0.98,-0.64,-0.04,24.39
30.17,4.46,89.0,23.15,675.64,-80.6,0.006,0.5,-0.32,0.43,24.29
30.14,4.48,88.5,23.1,670.23,-79.54,0.114,-0.2,-0.41,-0.97,25.12
30.22,5.46,91.5,23.66,673.5,-79.0,0.01,1.01,0.47,-0.43,24.29
30.05,4.92,90.1,23.27,681.01,-78.23,0.009,0.16,-0.19,0.15,24.64
30.15,4.92,91.8,23.4,688.5,-81.98,0.061,0.19,-0.19,-0.5,26.08
30.4,5.03,90.4,23.88,696.59,-78.56,0.067,0.05,0.34,0.28,25.45
30.31,4.97,90.0,24.06,704.22,-79.25,0.012,-1.0,0.47,-0.25,25.71
30.38,5.19,91.3,24.0,669.71,-82.83,0.031,-0.12,-0.6,0.35,25.33
30.3,5.3,90.8,24.31,703.19,-80.2,0.035,-0.11,1.21,-0.36,26.18
30.4,5.36,92.3,25.02,711.96,-79.77,0.022,-0.35,0.77,0.17,26.69
30.15,5.05,92.8,24.69,735.48,-81.37,0.027,-0.0,1.02,-0.61,26.89
30.56,5.77,93.2,24.45,714.1,-81.78,0.013,-0.42,-0.15,0.07,25.86
30.7,5.4,92.4,25.01,730.94,-80.41,0.037,-0.13,0.4,0.97,27.1
30.38,5.44,93.9,24.41,748.58,-80.51,0.066,0.07,0.09,-0.41,26.79
30.42,5.5,92.3,25.87,724.75,-83.8,0.06,0.36,0.9,-0.11,25.93
30.61,5.47,93.3,25.03,745.97,-81.79,0.051,0.12,-0.72,-0.49,26.48
30.76,5.94,93.3,25.66,738.08,-82.1,0.005,0.11,1.15,-0.11,26.5
30.61,6.21,95.2,25.79,745.02,-83.03,0.043,0.75,0.3,-0.77,27.65
30.48,5.8,94.7,25.6,745.91,-79.87,0.005,0.37,0.04,-0.72,27.48
30.63,5.53,94.0,26.47,750.39,-79.88,0.048,-0.38,-0.37,0.02,27.45
30.55,5.85,94.3,26.88,788.6,-83.62,0.012,-0.22,0.49,-0.5,27.82
30.62,6.1,95.5,26.03,773.37,-81.84,0.004,-1.14,0.18,0.05,28.7
30.68,5.94,93.8,26.68,779.39,-81.06,0.039,0.77,0.32,0.37,28.02
30.62,6.21,92.9,26.22,776.61,-80.36,0.019,-0.21,0.67,-0.14,28.41
30.66,6.3,93.9,27.15,758.83,-80.68,0.024,-0.53,0.23,-0.21,28.67
30.78,6.53,94.5,27.26,781.93,-82.66,0.059,-0.31,0.79,-0.33,28.07
30.81,6.18,96.1,27.3,791.66,-82.13,0.014,0.42,-0.98,0.66,28.91
30.63,6.86,95.9,26.49,775.22,-80.76,0.01,0.09,0.65,0.5,29.18
30.86,7.26,95.2,27.0,796.1,-83.15,0.015,-0.8,-0.67,-0.29,29.33
30.78,7.26,95.7,27.12,796.05,-84.05,0.03,-0.88,0.02,-0.11,29.0
30.92,6.73,94.8,27.21,809.94,-81.11,0.008,0.83,-1.35,-0.48,29.55
30.94,7.17,97.2,27.99,789.53,-84.5,0.048,-0.47,-0.0,0.26,29.48
30.79,7.21,96.6,27.0,784.87,-85.66,0.064,-0.24,0.51,-0.39,29.42
30.94,7.1,95.7,27.87,794.22,-82.77,0.072,0.31,-0.47,0.47,29.87
30.78,7.23,95.7,28.1,814.04,-82.26,0.029,-0.73,0.92,-0.76,30.3
31.04,7.45,96.4,27.69,783.1,-81.63,0.084,-0.44,-0.98,-0.13,30.07
30.79,7.57,95.8,28.2,782.26,-82.59,0.004,-0.55,-0.42,0.17,29.77
30.93,7.12,94.4,28.27,805.24,-82.53,0.025,0.65,-1.07,0.86,29.69
30.87,7.65,97.2,28.11,801.16,-85.52,0.018,0.07,-0.12,0.59,30.18
30.78,7.98,96.9,28.66,806.76,-83.4,0.117,-0.02,-0.9,0.55,30.12
31.01,7.81,96.3,28.17,817.08,-83.23,0.003,-0.48,-0.6,0.01,30.58
30.83,8.06,95.7,28.81,802.88,-85.13,0.015,1.49,1.04,0.22,29.82
30.7,6.87,96.0,28.55,790.31,-84.32,0.005,-0.45,-1.38,-0.81,30.68
30.55,7.88,93.9,28.46,829.96,-82.7,0.013,-0.8,-0.71,0.16,29.77
30.79,7.83,95.1,28.55,799.85,-83.24,0.061,-0.32,-1.19,0.04,30.32
31.06,8.1,97.4,28.2,799.39,-82.88,0.008,-0.33,0.5,0.45,30.68
31.04,7.5,96.4,28.61,821.02,-85.57,0.02,-0.12,0.41,-1.67,30.45
30.79,7.73,94.4,28.39,805.98,-82.61,0.007,0.52,-0.88,0.19,30.71
30.83,8.19,95.2,28.92,808.87,-85.82,0.116,1.07,0.28,-0.81,31.13
30.81,7.64,94.3,29.18,813.86,-87.3,0.002,0.89,0.46,0.86,30.38
30.69,8.07,95.1,29.06,819.23,-85.4,0.057,-1.23,0.16,0.48,30.07
30.73,8.02,95.6,28.68,804.27,-85.46,0.081,0.04,-1.2,-0.35,30.2
30.95,8.0,96.9,28.86,821.86,-86.69,0.045,0.14,-0.68,-0.11,30.64
30.88,8.25,96.2,29.07,784.21,-84.93,0.014,-0.05,-0.08,-0.47,31.19
30.84,7.77,95.2,29.1,811.91,-81.95,0.015,0.18,-0.58,-0.05,30.57
30.63,7.89,95.2,29.57,794.52,-84.94,0.001,0.73,-0.99,-0.63,31.56
30.79,8.1,94.6,29.22,815.08,-84.49,0.007,-0.07,0.56,-0.23,30.19
30.48,7.8,96.0,29.05,801.07,-84.76,0.08,-0.52,0.02,-0.12,29.99
30.84,8.54,96.0,29.03,791.07,-86.85,0.039,0.02,0.66,-0.12,30.77
30.75,7.95,93.9,28.86,802.43,-87.6,0.024,-1.66,0.9,0.1,30.43
30.54,8.43,93.4,28.97,802.59,-86.33,0.139,0.64,-0.47,0.51,30.34
30.88,7.94,94.4,29.21,797.8,-86.16,0.043,-0.29,-1.35,0.5,30.62
30.45,8.41,94.4,28.68,778.66,-84.3,0.029,0.54,0.24,0.5,30.08
30.7,7.72,94.6,29.05,781.55,-87.45,0.022,0.01,-0.76,-0.22,30.76
30.69,8.62,92.9,28.83,783.66,-86.34,0.019,-0.06,0.02,0.36,30.57
30.45,8.53,93.5,29.44,780.46,-86.45,0.058,0.39,0.29,-0.41,30.3
30.57,8.01,93.8,28.9,785.41,-86.94,0.02,0.47,-0.15,0.26,30.48
30.35,7.92,93.1,28.86,754.68,-85.75,0.017,-0.4,0.48,-0.06,31.1
30.18,8.29,94.2,28.4,774.97,-86.26,0.008,-0.19,0.32,1.08,30.18
30.37,7.68,94.8,29.15,765.4,-84.6,0.03,0.01,-0.45,-0.58,30.01
30.39,8.12,92.7,28.76,756.47,-86.48,0.001,0.39,-0.74,0.13,30.4
30.52,7.85,93.7,29.0,753.88,-89.65,0.009,-0.27,-0.17,0.18,29.79
30.42,7.99,92.5,28.39,755.49,-88.32,0.022,-0.49,0.19,0.54,30.17
30.39,7.84,91.8,28.38,717.86,-87.62,0.011,1.41,-0.04,-0.51,30.22
30.23,7.76,91.8,27.82,742.98,-90.57,0.022,-0.39,-0.05,0.44,30.36
30.26,8.48,92.8,28.87,737.26,-88.49,0.008,-0.09,0.63,0.2,29.58
30.18,8.17,91.4,28.27,747.28,-85.45,0.059,0.5,-0.61,0.97,29.08
30.11,7.45,91.3,28.7,729.74,-89.22,0.004,0.02,0.16,0.17,29.41
30.16,7.59,90.6,27.84,731.4,-86.2,0.007,-0.79,-0.24,0.83,29.48
30.2,8.07,91.8,28.03,744.64,-88.91,0.019,0.85,0.34,-0.01,29.05
30.09,8.05,91.4,28.11,734.76,-87.02,0.017,0.44,0.5,-0.3,29.23
30.09,7.3,91.9,27.78,729.36,-87.0,0.033,0.93,-0.05,-0.0,29.76
30.18,7.88,91.0,27.44,710.79,-86.61,0.037,-0.81,1.6,0.1,28.72
30.0,7.69,90.6,27.28,716.6,-89.17,0.032,-0.33,-0.1,-0.0,28.5
29.87,6.98,90.5,27.21,704.16,-85.49,0.03,0.73,-0.46,-0.21,29.07
30.06,7.38,89.6,28.15,699.81,-87.67,0.018,-1.04,1.23,0.02,28.07
29.99,7.4,89.7,26.88,701.08,-88.36,0.018,-0.58,-0.03,-0.51,28.43
29.97,7.4,90.1,26.28,686.19,-86.28,0.003,1.22,-0.63,-0.18,28.08
29.97,6.93,88.4,26.86,702.22,-86.99,0.0,0.09,-0.09,-1.11,27.49
29.91,7.03,90.2,26.73,680.78,-88.01,0.058,-0.0,-0.64,0.32,27.95
29.83,7.01,89.1,26.48,683.63,-87.53,0.0,-0.47,0.36,0.36,27.61
30.08,6.97,89.9,26.25,687.04,-91.17,0.071,0.81,0.03,0.05,27.92
29.6,6.91,87.1,26.23,677.81,-87.16,0.007,0.51,0.44,0.42,27.65
29.65,6.95,86.9,25.73,648.4,-87.46,0.025,0.08,-0.09,-0.0,27.49
29.8,7.02,87.9,26.68,661.92,-87.47,0.08,0.94,-0.15,0.0,26.89
29.67,7.39,87.4,26.0,660.95,-87.89,0.014,-0.87,0.01,-0.01,26.89
29.71,7.04,86.7,25.81,656.34,-85.79,0.049,0.19,-1.25,0.02,27.06
29.6,7.1,85.8,26.0,631.26,-86.03,0.026,-0.42,0.58,0.07,26.44
29.72,6.49,86.4,26.43,630.81,-86.19,0.017,1.39,-0.67,-0.49,26.62
29.4,6.26,86.5,25.2,642.32,-88.13,0.005,0.11,1.05,-0.35,26.62
29.64,6.73,85.0,25.3,619.77,-87.49,0.006,-0.93,0.07,0.04,26.62
29.59,6.41,85.5,25.32,619.43,-90.66,0.011,-0.17,-0.43,0.5,25.94
29.27,6.56,85.9,25.14,633.25,-85.75,0.068,-0.66,0.56,0.32,25.84
29.46,6.0,86.0,25.06,612.1,-84.32,0.006,0.37,0.02,-0.15,25.91
29.35,6.38,84.9,24.92,600.45,-89.37,0.046,0.35,-0.35,1.25,25.38
29.25,6.06,84.3,24.3,594.11,-84.69,0.003,-0.52,0.15,0.34,24.95
29.07,5.9,84.8,24.71,601.43,-84.35,0.05,-0.17,0.93,0.15,25.48
29.14,5.85,84.3,24.1,580.05,-87.38,0.002,-0.53,-0.27,0.86,25.07
29.32,6.03,83.0,24.09,586.23,-82.0,0.008,0.14,0.16,-0.59,25.23
29.3,6.04,83.6,24.06,587.42,-87.27,0.008,-0.46,0.45,-0.2,24.63
29.15,5.63,83.3,23.44,592.54,-86.49,0.052,-0.1,-0.05,-0.27,24.73
29.24,5.77,83.6,23.69,581.74,-86.07,0.027,0.2,-0.13,-0.0,23.81
29.23,5.7,82.8,23.61,563.52,-84.81,0.03,0.06,-0.77,0.0,24.61
29.11,5.74,82.7,22.58,578.12,-86.77,0.051,-0.21,0.53,0.2,24.0
28.98,5.75,82.8,23.59,559.1,-86.15,0.043,0.22,-0.54,0.24,24.0
29.09,5.93,83.3,22.67,545.58,-87.33,0.001,-1.23,0.35,0.25,23.84
29.07,5.17,82.7,22.9,552.15,-85.04,0.011,-0.13,0.3,-0.13,23.6
29.07,5.68,84.5,23.2,564.28,-83.09,0.01,-0.43,-0.16,0.21,23.62
29.07,5.22,81.2,22.75,547.68,-85.32,0.048,-0.26,0.34,-0.21,23.45
28.78,4.79,82.8,22.74,542.39,-83.87,0.0,0.46,0.66,-0.63,23.38
28.86,4.86,81.8,22.63,554.97,-85.32,0.001,0.75,1.3,0.48,22.64
28.68,5.13,80.6,21.93,520.73,-82.41,0.007,0.49,-0.34,-0.18,23.31
28.97,5.15,81.3,21.61,518.75,-84.45,0.008,0.58,-0.77,0.22,22.81
28.84,4.57,80.2,21.98,512.13,-86.04,0.005,-0.48,0.2,-0.97,22.85
28.9,4.59,81.4,21.96,528.81,-84.18,0.003,-1.24,-0.08,-0.17,22.53
28.65,4.61,80.9,21.97,523.67,-84.53,0.032,0.19,-0.24,0.17,22.02
28.98,4.46,80.5,21.73,534.48,-84.44,0.005,-0.44,-0.45,-0.44,23.33
28.66,4.1,80.1,21.16,518.66,-83.37,0.03,-0.51,0.05,0.01,22.24
28.88,3.95,81.6,21.52,509.5,-86.17,0.018,-0.51,-0.97,0.41,21.43
28.79,4.46,80.6,20.36,511.0,-84.0,0.059,-0.83,0.41,0.6,21.91
28.74,4.61,80.8,21.43,509.74,-81.97,0.009,0.36,-0.03,0.24,21.67
28.72,4.69,80.6,20.56,489.56,-81.5,0.128,0.49,-0.5,-0.77,21.65
28.66,4.04,80.5,20.45,531.25,-84.42,0.024,-0.93,0.72,-0.42,20.95
28.89,4.01,80.1,21.53,507.35,-85.66,0.101,0.63,0.81,-0.57,21.51
28.73,4.23,81.5,20.58,502.4,-80.81,0.031,-0.21,-0.57,0.51,21.05
28.57,4.36,82.0,20.38,504.75,-84.3,0.008,0.44,-0.77,0.4,21.89
28.67,4.63,81.3,19.97,504.14,-83.43,0.011,-0.67,-0.09,0.22,21.16
28.72,4.52,80.1,20.44,494.24,-83.9,0.005,1.02,0.08,-0.28,21.4
28.81,4.17,80.0,20.48,488.09,-82.65,0.017,-0.54,-0.11,-0.37,21.38
28.63,4.37,80.9,19.99,499.3,-83.28,0.012,-0.24,0.09,-0.48,21.12
28.64,3.99,79.4,19.29,496.23,-80.99,0.009,-0.19,-0.44,0.21,20.93
28.7,4.25,81.4,20.54,483.49,-81.07,0.007,-0.17,-0.53,0.43,21.24
28.81,4.2,80.6,19.8,505.15,-83.94,0.054,0.3,0.6,0.16,20.48
28.54,4.63,79.8,19.72,493.42,-84.14,0.055,-1.18,0.85,0.2,20.97
28.77,4.35,80.2,19.76,497.47,-83.43,0.023,-0.35,-0.63,-0.61,20.44
28.65,3.97,80.5,19.43,503.94,-82.55,0.028,0.47,-0.71,-0.01,20.59
28.68,3.97,79.7,20.11,490.24,-80.56,0.016,-0.31,0.07,0.81,20.02
28.96,4.1,80.9,19.87,493.35,-80.82,0.03,-1.0,-0.5,-0.73,19.94
28.71,3.74,81.1,19.75,498.6,-78.78,0.047,-0.53,0.92,0.01,20.4
28.83,4.15,80.0,20.35,483.73,-82.02,0.02,0.73,-0.64,0.18,20.82
28.83,4.19,79.9,19.26,492.15,-82.51,0.047,0.03,-0.04,-0.53,20.28
28.62,4.38,80.2,19.92,493.65,-80.79,0.067,-0.03,-0.81,0.94,21.02
28.55,4.44,79.4,18.67,483.78,-83.22,0.139,-0.72,-0.35,1.03,20.48
28.88,4.31,79.1,19.66,517.62,-80.33,0.1,0.54,-0.09,-0.19,20.24
28.66,3.81,80.2,20.21,481.62,-81.21,0.009,0.27,-1.3,-0.68,20.9
28.61,3.96,79.9,19.04,484.12,-77.27,0.028,-0.21,-0.43,-0.3,20.82
28.95,4.17,82.1,19.98,511.8,-80.38,0.013,0.51,-0.11,-0.03,19.76
28.72,4.58,80.5,18.92,507.49,-76.9,0.036,-0.67,-0.4,-0.03,20.29
28.77,4.6,81.3,20.13,491.95,-79.15,0.007,0.46,0.03,1.35,20.53
29.11,4.38,80.6,19.25,510.28,-78.55,0.01,-0.3,-0.1,-0.49,20.63
28.7,5.2,82.6,19.17,521.03,-78.9,0.105,-0.09,1.48,0.21,20.61
28.77,5.0,81.2,19.26,508.34,-81.72,0.028,-0.74,0.22,0.4,20.33
28.88,4.95,80.5,19.48,537.05,-77.23,0.007,-0.19,-0.48,0.94,20.3
28.93,4.83,82.2,19.44,496.38,-77.98,0.015,-0.74,-0.62,-0.04,20.42
28.87,4.81,82.0,19.51,523.26,-78.92,0.013,-0.4,0.58,0.47,20.21
28.87,4.83,82.9,19.68,530.81,-81.0,0.008,-0.63,-0.68,0.67,20.01
29.21,4.23,82.0,19.69,531.02,-81.32,0.002,0.68,0.43,-0.56,20.81
29.09,4.51,82.4,19.66,523.14,-79.07,0.116,-0.02,0.91,-0.54,20.89
29.15,4.81,81.3,19.55,525.49,-77.23,0.014,0.12,0.44,-0.17,21.43
29.09,4.97,83.3,19.91,536.16,-78.31,0.024,-0.03,0.57,-0.6,20.56
29.17,4.96,82.9,19.95,543.32,-77.83,0.016,0.07,0.25,0.5,21.01
29.27,5.14,82.9,20.0,544.75,-75.94,0.037,-0.26,0.3,-0.03,20.84
29.07,4.49,83.1,19.95,552.79,-76.81,0.041,0.91,-0.74,0.17,20.96
29.25,5.33,83.2,19.78,535.97,-76.96,0.069,-0.79,1.09,0.85,20.85
29.33,5.27,84.3,20.12,547.76,-76.85,0.012,0.11,1.16,-0.33,21.22
29.46,5.26,83.1,20.08,544.61,-77.14,0.118,0.24,-0.61,0.0,21.84
29.54,5.66,84.7,19.54,554.21,-76.79,0.048,-0.36,0.12,-0.51,21.22
29.35,5.14,83.0,20.7,572.39,-76.83,0.006,0.44,0.54,0.01,21.65
29.51,5.45,83.0,20.53,567.56,-76.64,0.021,-0.21,0.42,-0.46,21.36
29.08,5.68,85.9,20.53,596.88,-72.05,0.013,-1.08,1.01,0.23,21.12
29.62,5.41,84.2,20.82,577.15,-77.47,0.022,-0.02,0.48,-0.12,21.76
29.38,5.14,85.3,20.48,580.29,-80.58,0.011,-0.27,0.27,0.58,22.7
29.47,5.47,85.2,21.32,585.31,-78.75,0.008,-0.42,0.03,0.03,21.73
29.59,5.87,86.0,21.38,582.48,-75.36,0.041,0.83,0.11,0.53,21.8
29.55,5.89,86.0,20.66,592.96,-76.38,0.022,-0.76,0.59,-0.32,21.96
29.63,6.03,87.0,20.96,609.54,-77.32,0.024,0.43,0.45,-0.25,23.16
29.83,5.92,85.3,21.54,604.19,-76.18,0.017,1.16,-0.12,-0.1,23.02
29.63,5.8,87.2,21.51,599.94,-75.35,0.073,1.52,0.09,-0.14,22.96
29.58,6.31,86.9,21.54,603.49,-75.86,0.001,1.25,-0.03,-0.17,23.39
29.96,6.29,85.9,21.83,613.15,-74.47,0.046,-0.24,-0.22,0.1,23.35
29.84,6.61,87.0,21.15,623.33,-73.72,0.049,0.09,-0.99,-0.21,23.09
30.04,6.27,86.4,21.62,639.49,-75.11,0.015,-0.43,-0.29,-0.19,23.1
29.95,5.96,86.6,21.86,619.14,-76.53,0.002,0.72,0.35,0.29,23.84
29.72,5.86,87.8,22.48,634.35,-74.36,0.046,1.03,0.16,-0.89,23.63
29.99,6.59,89.4,21.59,644.01,-77.44,0.018,-0.5,0.57,-0.13,23.37
29.83,6.82,88.9,22.55,629.25,-78.04,0.029,0.78,0.37,-0.45,24.1
29.98,6.79,90.0,22.5,644.28,-78.01,0.049,0.57,1.14,-0.3,23.92
30.01,6.76,89.2,23.0,650.84,-76.58,0.005,0.72,-0.34,-0.11,24.65
29.86,6.52,90.7,23.2,654.69,-77.78,0.014,-0.03,-0.1,0.04,23.97
29.99,6.5,90.8,23.66,669.58,-75.64,0.035,-0.75,-1.36,-0.34,24.75
30.38,7.24,89.2,22.8,671.04,-75.15,0.013,-0.03,-0.36,0.45,24.75
30.18,7.13,90.2,23.07,672.06,-73.33,0.014,0.81,0.17,0.62,24.92
30.16,7.15,89.8,23.52,686.83,-76.58,0.041,0.31,0.39,0.32,25.12
30.43,6.86,90.5,24.15,704.68,-74.33,0.041,0.0,-0.1,-1.38,25.09
30.2,7.1,92.2,23.96,708.71,-75.63,0.028,0.48,-0.49,-0.1,25.53
30.27,7.46,90.6,23.99,677.92,-74.96,0.016,-0.59,1.17,-0.1,25.61
30.43,7.59,90.4,24.54,707.7,-73.21,0.015,0.19,-0.4,-0.14,25.7
30.29,7.51,90.7,24.12,704.87,-74.77,0.01,0.06,-1.17,0.74,26.3
30.28,8.03,91.5,24.82,712.88,-77.13,0.002,-0.56,-1.05,-0.46,25.45
30.13,7.49,95.0,25.17,711.96,-77.67,0.001,0.1,0.81,-0.12,26.38
30.31,8.1,93.4,24.66,721.66,-78.19,0.077,-0.46,0.41,0.09,26.4
30.34,7.83,90.1,24.32,726.48,-78.66,0.004,-0.93,0.33,0.82,26.67
30.5,7.84,92.6,25.06,723.58,-76.68,0.028,0.64,-0.35,-0.74,26.87
30.44,8.13,92.3,25.73,724.73,-75.73,0.01,-0.5,-1.27,0.47,27.05
30.79,7.71,93.8,25.48,733.45,-76.02,0.03,-0.07,-0.81,0.25,26.79
30.43,7.84,92.3,24.97,744.43,-77.01,0.036,0.78,-1.25,-0.54,26.84
30.75,7.6,92.6,26.04,752.14,-78.91,0.046,-1.05,-0.03,-0.29,27.45
30.64,8.29,93.1,26.02,758.66,-74.19,0.003,0.95,0.75,0.03,28.0
30.73,8.14,93.2,26.23,749.05,-77.22,0.003,-0.62,-0.63,0.2,27.48
30.74,8.39,94.5,26.42,760.6,-75.43,0.049,-0.32,0.06,-0.08,27.3
30.41,8.15,93.8,25.97,771.05,-77.79,0.081,0.5,0.51,-0.64,28.17
30.69,8.44,95.1,26.67,776.63,-78.72,0.009,-0.18,-0.91,0.15,27.67
30.68,7.91,93.8,26.2,767.83,-77.04,0.011,-0.22,0.34,0.79,28.27
30.6,8.45,95.3,26.15,769.53,-75.55,0.075,0.81,0.14,-0.21,27.88
30.81,8.05,93.8,26.4,776.85,-78.98,0.047,0.31,-0.3,-0.42,28.3
30.97,8.18,95.3,27.06,766.52,-76.97,0.008,0.27,0.9,-0.32,28.55
30.46,8.41,94.6,26.8,779.03,-76.74,0.026,-0.04,0.43,-0.39,28.57
30.74,8.89,95.8,27.58,791.24,-77.25,0.011,0.06,0.46,0.09,28.9
30.66,8.45,93.3,27.58,792.9,-78.56,0.018,-0.92,-0.11,0.41,29.06
30.84,8.47,94.7,27.54,786.33,-76.97,0.037,-0.03,0.7,0.85,28.85
30.8,8.03,96.3,27.9,793.63,-77.87,0.009,0.8,-1.15,-0.5,28.95
30.78,8.24,95.3,27.12,785.49,-79.08,0.002,-0.83,-0.19,-0.34,29.79
30.94,8.16,94.2,27.97,802.91,-75.21,0.149,0.44,-0.23,0.68,29.3
31.06,8.6,95.1,27.94,797.09,-75.58,0.017,0.05,-0.32,0.39,29.62
31.2,8.12,96.0,27.39,796.95,-78.09,0.039,-0.57,-0.42,0.12,29.06
30.79,8.54,95.1,27.68,797.79,-78.11,0.182,-1.25,0.51,0.23,30.42
30.67,7.74,96.8,27.97,802.33,-77.46,0.001,0.57,-0.34,-0.17,29.98
30.96,8.53,96.8,28.05,799.88,-76.12,0.018,0.59,-0.04,0.36,29.08
31.09,7.82,96.5,28.19,812.19,-75.52,0.001,-0.99,1.59,-0.04,29.57
31.0,8.31,96.8,28.07,802.75,-79.79,0.031,-0.2,0.02,-0.38,29.77
31.09,7.77,95.6,28.88,823.57,-76.26,0.005,0.41,-0.27,0.1,30.82
30.87,8.18,97.2,28.0,823.07,-77.61,0.085,0.91,-0.4,0.66,31.21
30.83,7.67,96.9,28.08,800.13,-78.15,0.062,0.82,-0.12,0.25,30.48
30.91,8.23,95.9,28.24,810.21,-79.81,0.032,-0.12,-0.14,1.19,30.77
30.85,8.13,94.7,28.41,803.32,-78.34,0.005,0.22,1.15,-0.03,30.89
30.97,7.66,94.1,28.43,806.72,-78.4,0.013,0.06,0.09,-0.08,30.0
31.0,7.97,96.7,29.32,830.0,-78.85,0.117,0.11,-0.26,-0.7,30.46
31.0,8.03,94.6,28.55,806.74,-78.7,0.011,0.75,1.37,0.61,30.5
30.93,7.42,95.1,28.78,813.1,-76.95,0.151,0.2,-0.37,0.29,31.13
30.89,7.34,96.2,28.42,814.43,-78.2,0.052,1.32,-0.9,0.17,31.45
30.95,7.27,94.7,28.73,798.38,-77.35,0.023,1.18,-0.29,-0.65,31.52
30.61,7.18,97.7,29.14,799.05,-81.06,0.057,-0.34,-1.04,0.46,30.86
30.86,7.16,95.8,29.19,794.59,-79.57,0.109,-0.45,0.21,0.23,30.83
30.83,7.7,96.7,29.31,796.69,-79.91,0.01,-0.57,-0.03,-0.45,30.51
30.83,7.53,96.3,28.63,775.8,-78.44,0.004,0.24,0.22,0.55,30.72
30.78,6.79,93.3,28.76,808.34,-79.06,0.003,-0.81,-0.3,-0.01,31.13
30.83,7.09,95.9,29.29,821.88,-78.39,0.028,-0.34,0.12,-1.05,31.08
30.69,6.83,95.1,28.99,801.11,-77.26,0.012,-0.38,0.95,-0.41,30.91
30.88,7.36,95.0,28.97,783.61,-79.46,0.015,1.5,0.47,-0.73,30.34
30.78,6.9,94.9,29.19,789.35,-79.99,0.005,-0.33,0.58,-0.19,31.43
30.72,6.51,95.6,29.32,789.04,-80.46,0.003,-1.14,0.38,-0.05,30.83
30.6,6.95,96.0,28.71,781.17,-82.82,0.012,-0.03,0.92,-0.13,30.69
30.76,7.01,93.6,28.9,797.52,-82.21,0.006,-0.52,0.11,-0.64,30.94
30.67,6.47,94.4,28.86,794.46,-82.91,0.002,0.34,0.03,-0.5,30.28
30.53,6.6,95.3,28.53,772.11,-81.42,0.001,-0.09,-0.0,-1.05,30.2
30.59,6.34,93.9,28.94,788.08,-81.34,0.002,0.11,-0.44,0.59,30.3
30.65,6.91,94.0,28.6,793.14,-78.29,0.038,-0.98,-0.11,-0.12,29.99
30.61,6.33,93.9,28.75,793.82,-80.87,0.028,-0.16,0.84,0.22,30.38
30.58,6.17,95.2,28.92,800.24,-80.93,0.035,0.71,-0.39,0.3,29.46
30.5,6.3,93.9,28.74,759.24,-82.42,0.051,-0.28,-0.03,0.36,30.02
30.59,6.17,94.8,28.27,793.06,-81.65,0.029,0.04,0.57,-0.12,29.35
30.59,6.37,94.4,28.59,757.71,-84.88,0.02,0.21,-0.04,0.45,29.96
30.5,6.45,92.6,28.5,751.66,-80.75,0.051,-0.38,-0.08,-0.78,29.89
30.31,6.38,92.8,28.18,757.09,-82.47,0.03,-0.71,0.26,-0.65,30.36
30.22,5.82,94.0,28.0,744.12,-83.81,0.036,1.53,0.49,-0.41,29.92
30.26,5.95,91.2,28.28,749.96,-82.38,0.017,0.39,-0.87,0.33,29.4
30.52,6.23,92.5,27.65,728.7,-81.26,0.018,-0.07,0.57,-0.32,29.46
30.29,6.17,92.3,27.68,735.35,-81.24,0.018,0.8,0.12,-0.16,30.08
30.48,5.38,91.3,27.51,746.35,-79.84,0.01,0.14,-0.9,0.58,28.97
30.18,5.75,90.9,27.44,728.59,-82.85,0.029,0.45,0.32,0.55,30.15
30.13,5.62,90.8,27.59,726.17,-84.52,0.017,0.36,0.63,0.13,29.35
30.12,5.7,91.3,28.03,725.03,-82.42,0.001,0.6,-0.03,0.81,28.54
30.09,5.73,91.7,27.77,727.43,-81.6,0.036,-0.66,0.27,0.24,28.53
29.97,4.98,90.9,27.84,694.56,-82.47,0.021,-0.08,0.21,-0.01,29.15
29.89,5.02,89.1,27.12,712.28,-83.13,0.006,0.56,0.73,0.59,28.99
30.06,5.43,91.0,26.51,699.02,-82.36,0.002,-0.0,0.44,0.08,28.73
30.09,5.14,90.5,26.89,698.59,-84.11,0.006,-0.55,-0.17,0.31,28.47
30.22,4.36,89.1,27.37,702.69,-83.62,0.021,-0.14,-0.84,-0.99,28.25
29.84,4.47,88.6,26.71,675.28,-83.44,0.002,0.02,-0.52,0.02,27.84
29.82,5.11,88.1,26.72,672.19,-87.93,0.029,-0.92,0.48,-0.51,28.16
29.73,5.11,89.4,26.52,658.02,-85.09,0.01,0.95,0.46,-0.37,28.51
29.92,4.4,86.8,26.71,666.92,-86.11,0.101,-0.73,-0.68,-0.03,27.71
29.85,5.08,89.0,26.62,680.73,-86.42,0.047,0.71,-0.46,0.58,27.67
29.62,4.64,87.5,25.65,661.21,-86.56,0.004,0.95,-0.21,0.31,27.83
29.58,4.34,87.8,25.2,644.0,-84.41,0.038,-0.49,0.84,-0.54,27.06
29.77,4.44,84.6,26.14,647.52,-83.88,0.053,0.47,-0.33,0.03,27.28
29.66,4.19,85.7,25.7,632.47,-86.5,0.061,0.42,-0.69,-0.01,27.27
29.67,4.33,86.3,25.86,631.08,-86.53,0.024,-0.04,0.88,0.01,26.5
29.44,3.92,85.8,25.38,641.2,-84.4,0.06,0.86,-0.05,0.54,26.12
29.29,4.42,86.9,25.52,620.57,-83.62,0.043,0.39,-0.12,0.41,26.39
29.38,4.58,86.3,25.14,638.45,-84.62,0.025,0.25,-0.3,0.61,26.66
29.53,3.97,87.4,24.79,621.65,-83.86,0.016,1.01,-0.44,-0.07,25.57
29.67,4.35,86.0,24.75,618.28,-85.69,0.0,0.46,0.22,-0.77,26.09
29.33,4.08,84.8,24.68,609.73,-84.34,0.029,0.02,-0.14,0.02,25.76
29.63,4.49,86.1,24.81,615.38,-86.1,0.008,-0.67,-0.55,0.06,25.58
29.42,3.58,84.5,24.38,610.65,-85.17,0.008,-0.0,-0.49,0.95,25.62
29.12,4.47,84.2,23.92,601.39,-87.5,0.005,-0.9,0.54,-0.02,24.66
29.29,3.69,84.4,24.72,598.96,-83.74,0.035,0.76,0.6,0.87,25.65
29.33,4.16,85.5,24.1,586.52,-83.38,0.034,-0.08,-0.21,0.58,24.66
28.91,4.0,84.8,24.32,589.45,-85.76,0.016,-0.23,0.02,0.29,25.0
29.25,4.1,84.6,23.31,576.11,-83.63,0.019,0.58,0.27,0.08,24.97
29.29,3.74,85.1,23.45,575.03,-85.49,0.043,-0.07,-0.02,-0.42,25.11
29.17,4.7,84.2,23.46,567.86,-86.4,0.005,0.97,-0.18,-0.32,24.36
29.08,3.82,82.2,23.47,561.71,-87.0,0.008,-0.38,0.01,-0.72,23.63
29.04,3.84,83.4,22.44,555.15,-83.6,0.086,-0.23,0.59,0.42,23.42
29.01,4.75,84.1,22.3,562.56,-86.67,0.197,0.42,-0.3,-1.45,24.41
28.87,4.32,81.4,22.57,566.93,-86.52,0.022,1.46,-0.15,-0.16,23.52
28.91,3.86,82.4,22.85,561.56,-85.17,0.019,0.13,0.84,0.39,23.44
28.92,4.21,81.4,22.28,533.42,-86.04,0.003,-0.66,0.31,-0.21,22.99
28.96,4.2,82.2,22.33,555.11,-87.11,0.033,-1.34,0.69,-0.17,23.14
28.86,3.78,82.8,22.26,535.37,-85.3,0.019,0.55,0.09,0.4,23.84
28.8,4.08,82.8,21.81,541.01,-89.12,0.023,-0.41,0.57,-0.62,23.01
28.98,4.33,81.4,22.48,522.5,-86.93,0.081,0.16,1.49,-0.07,22.53
28.91,4.75,82.0,21.56,529.66,-86.78,0.076,-0.83,0.29,0.08,23.14
28.78,4.34,80.1,20.98,528.18,-87.08,0.075,1.15,-0.7,-0.35,21.58
28.89,4.4,79.8,21.24,507.12,-85.64,0.003,-0.94,-0.5,-1.08,22.44
28.76,4.22,81.9,21.16,525.1,-88.17,0.015,-1.27,0.08,0.48,22.17
28.81,4.83,78.5,21.39,529.65,-87.12,0.033,0.47,-0.03,-0.72,22.08
28.9,4.82,80.2,21.29,511.76,-83.19,0.004,-1.04,0.47,-0.02,21.49
28.7,4.83,81.2,21.3,524.55,-85.89,0.085,0.48,-0.94,0.02,21.88
28.62,4.67,80.8,21.64,506.63,-85.5,0.026,0.07,-0.64,-0.6,21.67
28.73,4.21,78.2,20.88,514.75,-87.16,0.027,-1.28,-0.01,0.1,21.33
28.58,5.06,80.8,21.06,481.93,-84.92,0.004,0.78,-0.04,-0.01,21.44
28.7,4.8,79.6,20.51,526.31,-89.37,0.001,-0.18,-0.69,0.44,20.72
28.69,4.75,80.4,20.66,515.23,-85.31,0.031,-0.31,1.13,-0.09,22.26
28.42,5.03,79.7,20.34,495.73,-87.36,0.007,0.15,0.29,-0.48,19.92
28.78,5.02,79.6,20.32,477.31,-88.0,0.051,-0.01,-0.17,-0.58,21.14
28.69,4.7,78.7,20.34,498.51,-88.09,0.002,-0.29,0.52,-0.56,21.05
28.85,4.98,79.8,20.54,479.95,-87.08,0.006,-0.67,-0.4,0.83,20.8
28.73,4.57,81.0,20.1,497.74,-85.47,0.045,-0.22,1.33,-0.82,20.85
28.79,5.23,79.7,20.02,496.47,-88.75,0.0,-0.65,-0.41,-0.45,21.12
28.84,5.67,79.7,20.08,482.16,-84.64,0.008,-0.32,-0.19,0.28,20.29
28.69,4.8,79.4,20.2,502.16,-88.37,0.039,0.39,1.08,-0.48,20.02
28.7,5.45,79.0,19.34,498.54,-87.36,0.036,-0.71,-0.41,-0.38,20.45
28.52,5.68,79.2,19.86,499.93,-87.62,0.007,-0.2,-0.08,-0.42,19.52
28.86,5.79,80.2,19.25,490.11,-86.69,0.047,-0.03,-0.12,0.35,20.21
28.7,5.4,82.0,20.12,475.87,-87.68,0.016,-0.16,-0.86,-1.22,20.29
28.6,5.36,80.9,19.74,499.96,-87.53,0.036,-0.37,0.25,-0.27,20.5
28.82,5.59,80.6,20.0,487.8,-88.43,0.019,0.17,0.52,0.17,20.94
28.48,6.2,81.8,18.95,477.09,-86.36,0.0,0.49,0.38,-0.02,20.51
28.7,5.4,80.6,19.44,505.14,-88.51,0.0,1.38,0.03,-0.42,20.5
28.87,5.62,81.2,19.78,513.4,-86.89,0.136,0.44,-1.32,0.7,20.05
28.72,5.93,80.5,19.94,492.94,-87.88,0.007,-0.89,0.29,-0.12,20.08
28.7,5.85,80.8,19.55,516.05,-87.93,0.058,0.39,-0.42,-0.25,20.08
28.74,6.2,79.4,19.27,496.62,-87.37,0.008,-0.58,-0.62,0.05,20.25
28.57,6.71,80.4,19.31,493.31,-87.47,0.018,0.09,0.12,-0.07,20.12
28.91,6.0,80.3,19.04,492.37,-85.44,0.124,-0.12,-0.29,0.59,20.43
28.83,6.4,80.3,19.91,516.75,-86.86,0.004,-0.25,-0.44,-0.57,20.56
28.83,6.51,80.4,19.63,494.44,-83.98,0.024,0.53,0.75,-0.15,20.83
28.84,6.49,82.2,19.35,511.59,-86.89,0.013,-0.41,-0.11,-0.56,20.45
28.9,6.19,80.9,19.62,500.79,-86.05,0.025,1.02,-0.25,0.33,20.49
28.99,6.54,81.2,19.41,504.07,-86.5,0.022,-0.37,0.46,-0.38,20.85
28.93,6.62,83.3,19.36,521.4,-85.78,0.004,0.63,-0.07,-0.48,20.71
28.8,7.07,82.3,19.23,509.86,-85.55,0.025,0.25,0.34,-0.92,20.32
29.05,7.08,81.8,19.27,512.31,-85.49,0.013,0.65,-1.19,-0.22,20.09
29.07,6.55,82.8,19.7,530.51,-84.36,0.009,-0.09,-1.25,0.83,20.36
29.05,6.97,81.6,19.97,538.12,-85.12,0.005,0.48,-0.58,-0.47,20.28
29.18,7.0,82.0,19.54,531.68,-84.74,0.033,0.36,-0.12,-0.1,20.71
29.08,7.81,82.2,19.43,521.89,-83.22,0.038,-0.47,0.69,0.49,20.92
29.24,7.37,82.9,20.09,526.66,-85.35,0.051,-0.54,-0.91,-0.27,20.63
29.3,7.02,83.2,19.85,536.01,-82.86,0.051,0.32,-0.81,-0.79,20.72
29.23,7.17,82.3,19.1,541.98,-84.43,0.16,0.24,0.63,0.29,19.88
29.1,7.35,83.6,19.7,532.56,-88.59,0.008,-0.37,-0.57,1.17,20.79
29.2,7.63,83.9,20.19,553.44,-84.16,0.025,0.35,-0.65,-0.6,22.36
29.4,7.73,83.3,19.82,550.94,-82.21,0.025,-0.43,0.57,0.4,21.65
29.1,7.69,83.7,20.2,536.9,-83.31,0.023,0.36,-1.73,-0.41,21.82
29.26,7.62,83.2,19.83,548.84,-84.26,0.013,-0.4,0.24,0.24,21.58
29.3,7.69,83.1,20.21,557.25,-84.77,0.006,-0.46,0.66,-0.36,21.86
29.27,7.74,83.6,20.06,565.81,-81.39,0.026,-0.05,-0.05,0.07,21.46
29.51,7.29,85.3,20.11,589.76,-83.59,0.005,-0.12,-0.15,-0.12,21.38
29.48,7.85,85.4,20.37,577.66,-85.35,0.0,-0.33,0.48,1.08,22.42
29.38,7.74,86.8,21.05,571.35,-83.28,0.032,0.36,0.17,-0.47,21.5
29.58,7.45,85.5,20.99,586.51,-84.6,0.017,0.46,-1.33,-0.39,22.26
29.52,8.71,85.7,21.68,585.4,-86.72,0.097,-0.55,-1.2,0.44,22.9
29.46,8.11,86.2,20.86,596.84,-83.05,0.013,-0.39,0.3,0.33,22.7
29.52,8.05,85.3,21.54,604.13,-82.85,0.143,0.91,-0.66,-0.35,22.34
29.69,7.96,87.2,21.96,615.2,-83.31,0.0,-0.25,0.14,0.49,23.09
29.79,8.32,87.0,21.82,607.7,-83.17,0.002,0.62,0.29,-0.03,22.8
29.65,7.77,86.2,21.95,629.2,-82.32,0.033,-0.43,0.12,0.26,22.8
29.81,8.05,87.5,21.72,626.8,-83.41,0.03,-0.46,-0.63,-0.57,23.29
29.97,7.87,88.0,21.89,615.58,-83.93,0.023,-0.43,-0.05,0.56,22.78
29.66,8.39,86.6,21.62,649.72,-84.06,0.006,-0.32,-0.6,0.21,22.71
29.89,7.93,88.8,21.14,635.88,-82.57,0.003,0.44,-0.09,-0.59,23.34
29.98,8.52,87.8,22.28,629.26,-81.45,0.002,-0.44,-0.17,0.54,23.32
29.9,8.17,86.0,22.01,659.16,-85.07,0.045,-0.1,-0.4,0.5,23.15
30.1,8.43,89.5,22.34,668.43,-80.83,0.064,-0.67,0.39,0.13,23.9
30.25,8.32,90.0,22.34,652.35,-81.88,0.052,-0.16,0.99,0.79,23.83
30.06,8.51,88.3,22.89,652.67,-82.18,0.005,-0.65,0.13,0.1,23.82
30.02,7.91,88.1,22.85,661.0,-78.94,0.045,-0.27,-0.56,1.05,24.36
30.2,8.45,90.7,23.5,674.87,-79.27,0.118,-0.52,-0.51,0.25,24.14
30.22,7.61,89.4,22.96,685.49,-80.07,0.029,0.12,-0.52,-0.51,25.15
29.85,8.17,91.2,23.42,683.38,-82.29,0.015,-0.18,0.06,0.12,25.56
30.18,7.98,89.0,23.44,683.63,-78.8,0.003,0.14,-0.5,-0.22,25.29
30.17,7.7,91.8,23.55,702.5,-82.01,0.011,0.96,0.26,0.49,25.0
30.29,7.83,91.7,23.78,689.26,-80.79,0.026,-0.21,-0.07,-0.19,25.5
30.25,7.88,91.5,24.49,707.52,-79.84,0.016,-0.13,-0.33,-0.28,25.23
30.3,7.99,89.7,24.4,699.11,-83.21,0.022,0.2,0.64,-0.69,25.93
30.24,7.86,91.3,24.1,711.03,-79.56,0.035,0.76,-0.36,-1.09,26.11
30.46,8.0,92.6,24.2,710.25,-81.05,0.017,-0.09,-0.5,0.36,26.3
30.6,7.7,90.7,24.29,715.44,-80.36,0.006,-1.69,-0.8,-0.54,26.0
30.33,7.76,91.8,24.75,716.77,-81.32,0.002,-0.72,1.73,0.2,26.59
30.29,7.78,92.8,24.33,738.47,-77.81,0.016,-1.35,0.32,-0.3,26.67
30.49,7.88,91.7,24.93,722.09,-79.81,0.064,0.33,0.74,0.15,26.74
30.51,8.03,93.9,25.29,726.35,-79.15,0.034,-0.6,-0.1,1.12,26.83
30.68,7.99,93.9,25.05,759.2,-76.59,0.008,-0.53,-0.24,1.14,26.52
30.41,7.75,93.4,25.47,751.92,-77.47,0.021,-0.69,-0.2,-0.07,27.27
30.52,7.76,93.8,25.69,722.36,-78.71,0.007,0.2,-0.31,-0.27,27.15
30.35,7.67,93.2,25.12,744.52,-79.75,0.004,-0.0,-0.1,0.01,26.9
30.8,7.43,94.3,25.95,735.92,-79.64,0.045,-0.75,-0.05,-0.56,27.28
30.68,7.73,93.5,25.86,748.3,-77.78,0.017,-0.12,0.86,0.17,27.88
30.62,7.13,94.0,26.81,730.09,-79.72,0.002,-0.67,0.28,0.11,27.67
30.54,6.73,93.9,26.37,763.65,-81.03,0.051,0.37,0.41,-0.23,27.77
30.57,6.97,95.6,26.11,757.04,-79.27,0.083,0.2,0.86,0.66,27.31
30.78,7.64,95.5,25.93,772.38,-77.39,0.013,0.34,-0.95,0.2,28.72
30.62,7.06,93.9,26.68,758.73,-78.82,0.021,-0.07,-0.25,0.71,27.98
30.78,7.17,95.9,27.28,778.89,-76.24,0.043,-0.14,0.64,-1.15,28.58
31.03,6.93,94.3,26.74,776.86,-78.66,0.001,0.45,-0.5,0.03,28.5
30.76,7.11,96.6,27.18,798.85,-77.87,0.075,-0.24,-0.9,0.47,28.92
30.7,6.9,96.5,27.45,800.63,-78.64,0.188,0.15,-0.73,-0.1,29.04
30.87,6.78,97.1,27.55,796.92,-77.6,0.021,0.13,0.56,0.8,28.98
30.69,6.92,95.6,27.42,788.22,-78.99,0.023,0.03,0.8,-0.91,29.29
31.06,6.52,95.3,27.3,813.62,-75.27,0.022,-0.44,-0.09,-0.25,29.3
31.03,6.7,95.3,27.55,780.37,-75.67,0.052,-1.63,0.23,0.45,28.85
30.85,6.46,96.0,27.37,783.85,-79.05,0.022,1.28,-0.03,0.16,29.99
30.77,6.4,94.9,27.51,798.9,-75.41,0.032,0.2,0.12,-0.46,30.22
30.83,6.11,93.9,28.28,823.97,-74.79,0.032,-0.16,-0.52,-0.52,29.35
30.85,6.22,95.5,28.15,800.96,-75.95,0.023,-0.1,-1.35,0.23,29.18
30.94,6.05,95.9,28.22,802.54,-74.94,0.078,-0.61,-0.33,0.19,30.39
31.02,6.47,96.4,27.95,791.2,-76.53,0.057,-0.87,0.6,-0.13,29.55
30.77,5.55,96.3,28.7,816.17,-75.65,0.002,0.34,0.77,0.25,30.57
31.02,6.25,96.1,28.28,817.18,-75.82,0.016,0.57,-0.44,-0.92,30.6
30.97,5.39,96.9,28.48,816.32,-77.88,0.026,-0.54,-0.33,0.13,30.14
30.84,6.0,95.3,28.91,802.76,-75.14,0.046,0.37,0.27,-1.04,30.2
30.77,5.51,95.5,28.32,802.45,-75.84,0.013,0.55,1.19,0.63,29.94
30.91,5.86,97.7,28.41,796.9,-77.93,0.029,0.07,0.64,0.13,30.42
30.76,5.58,93.4,29.05,810.82,-78.73,0.017,-1.06,0.72,0.15,30.64
31.01,5.11,96.8,29.02,799.17,-75.85,0.004,-0.54,-0.8,0.04,30.64
30.74,5.88,96.4,28.9,798.04,-76.43,0.159,-0.23,0.98,-0.45,30.78
30.94,5.64,95.9,28.06,805.26,-78.05,0.034,-0.44,-0.34,-0.5,31.0
30.85,5.49,96.5,29.31,804.12,-74.31,0.01,0.51,-0.36,0.63,30.59
30.79,5.08,96.3,28.68,803.0,-75.42,0.032,0.84,0.55,-0.32,31.76
30.83,5.44,94.5,28.72,812.25,-75.39,0.01,0.56,0.45,-0.18,30.84
30.96,4.75,94.9,28.88,807.43,-75.83,0.038,0.87,0.37,-0.25,30.84
30.68,4.41,95.2,28.55,802.65,-77.88,0.008,-0.47,0.5,0.04,30.85
30.76,4.54,93.8,29.41,806.11,-77.63,0.105,0.49,-0.08,-0.21,30.86
30.7,4.68,95.4,29.05,792.96,-74.18,0.024,0.42,0.67,-0.1,30.86
30.77,4.67,95.8,29.24,802.37,-75.67,0.049,-0.09,0.69,0.33,31.12
30.68,4.71,96.1,28.73,801.11,-77.58,0.037,0.81,0.9,-0.48,29.69
30.53,4.67,95.1,29.34,782.72,-76.14,0.061,-0.73,0.61,0.06,30.58
30.6,4.54,94.3,29.48,805.7,-75.26,0.054,-0.91,-0.92,0.7,30.0
30.9,4.05,95.0,28.53,784.79,-76.8,0.002,-1.14,-0.19,0.36,31.18
30.71,4.69,94.6,28.56,792.22,-75.71,0.011,-0.25,-0.13,-0.64,30.04
30.69,4.51,95.1,28.65,800.53,-74.48,0.024,0.37,0.12,-0.13,30.26
30.61,4.34,94.3,29.23,795.58,-73.43,0.054,-0.44,0.31,0.2,30.27
30.61,4.92,94.9,28.93,783.97,-78.76,0.063,-0.44,-0.07,-0.47,30.01
30.54,4.39,93.8,28.81,777.17,-74.72,0.015,-0.24,0.35,0.58,30.32
30.63,4.45,94.9,28.92,787.31,-75.36,0.042,-0.9,0.1,-0.06,29.55
30.56,4.63,93.8,29.42,781.5,-75.65,0.031,-0.12,-0.67,0.75,30.95
30.38,3.92,93.0,28.08,765.36,-77.49,0.075,1.4,-0.98,0.21,30.44
30.52,4.33,93.1,28.53,760.26,-75.56,0.06,-0.73,-0.65,-0.33,29.9
30.17,4.55,93.7,27.5,744.04,-77.03,0.008,0.3,-0.82,-0.14,30.36
30.49,4.26,91.9,28.69,762.75,-75.65,0.013,0.33,-1.15,0.04,30.19
30.24,3.87,92.7,28.83,756.71,-75.66,0.01,-0.14,0.49,-0.39,29.6
30.37,4.1,93.4,28.27,765.13,-74.49,0.022,0.18,0.93,0.5,30.17
30.21,4.29,92.8,28.53,753.48,-75.23,0.002,0.21,-0.33,-0.59,29.72
30.32,3.59,91.2,27.68,759.25,-79.36,0.013,-0.24,0.3,-0.44,30.16
30.36,3.81,92.2,28.3,734.87,-76.48,0.078,-0.0,0.99,-0.22,29.42
30.44,4.8,90.6,28.91,749.06,-74.64,0.044,0.63,0.36,0.38,28.97
30.04,4.35,91.6,27.82,728.14,-78.9,0.012,0.37,-0.56,0.68,29.79
30.31,4.65,92.3,28.01,736.88,-76.93,0.017,-0.52,-0.06,0.74,29.2
30.18,4.46,91.1,27.55,710.11,-76.32,0.037,0.2,-0.76,0.39,29.17
30.08,4.33,89.9,27.72,722.57,-80.29,0.081,-0.47,-0.54,-0.27,29.17
30.19,4.12,90.4,27.94,695.82,-76.46,0.044,-0.31,-0.44,-0.86,28.55
30.03,4.34,90.5,27.65,708.38,-77.99,0.117,1.34,-1.39,0.42,28.7
30.12,4.67,90.9,27.29,710.77,-76.89,0.147,0.92,0.01,0.62,28.47
29.88,4.5,90.7,27.17,696.43,-76.88,0.006,0.64,-1.06,-0.27,28.4
29.89,4.32,88.7,26.67,686.35,-77.69,0.001,-0.51,-0.06,0.78,28.92
30.04,4.24,89.1,27.33,700.49,-77.41,0.055,0.08,0.22,-0.05,27.98
30.07,4.47,89.4,27.11,686.12,-79.06,0.067,-0.26,0.29,-0.23,27.82
29.85,4.19,88.3,26.28,677.36,-77.77,0.018,0.7,0.12,-0.01,28.57
29.49,4.53,89.0,26.65,677.73,-78.55,0.002,-0.04,0.27,-0.39,27.47
29.77,4.2,87.2,26.14,698.71,-77.23,0.006,-0.0,0.86,-0.7,27.74
29.76,4.34,88.3,26.17,678.89,-77.84,0.004,1.01,0.77,-0.58,27.84
29.69,4.17,88.6,26.47,673.98,-79.59,0.006,-0.18,-0.17,0.13,27.69
29.73,4.39,87.6,26.4,661.69,-79.29,0.003,-1.16,-0.46,-0.44,26.7
29.59,4.36,87.5,26.16,653.98,-79.4,0.004,0.25,1.17,0.7,26.82
29.72,5.11,87.7,25.67,623.32,-78.45,0.037,0.42,-0.09,0.09,26.25
29.44,4.38,86.5,25.79,635.47,-78.26,0.001,0.46,-0.26,-0.2,27.13
29.7,4.82,87.1,25.21,632.44,-78.7,0.06,0.23,0.66,-0.66,27.06
29.7,4.47,86.3,25.6,613.49,-78.48,0.054,0.75,0.35,-0.5,26.88
29.37,4.82,85.4,25.18,615.68,-79.62,0.029,0.46,0.71,0.1,26.3
29.34,4.95,86.6,24.87,602.48,-80.12,0.075,0.33,0.16,0.3,26.06
29.47,4.36,86.7,24.64,616.97,-81.1,0.003,-0.25,0.79,-1.09,25.77
29.24,4.56,86.3,24.98,620.64,-79.72,0.009,-1.52,-0.29,-0.81,25.22
29.29,4.75,85.8,24.54,618.65,-80.23,0.02,-0.15,-0.42,0.08,25.87
29.45,4.71,85.3,24.27,606.91,-75.97,0.004,1.39,-0.67,-0.1,25.11
29.38,5.19,84.9,24.12,588.35,-76.51,0.03,-0.14,1.22,0.25,24.52
29.5,5.3,84.4,23.7,573.93,-78.96,0.054,0.22,-0.6,-0.2,25.7
29.25,4.98,83.7,24.05,571.01,-81.16,0.057,-0.41,-0.31,0.17,24.77
29.13,5.4,82.3,23.94,571.28,-80.06,0.011,0.52,0.22,0.21,24.95
29.18,5.3,82.5,23.17,570.54,-79.67,0.005,-0.05,0.36,0.17,24.63
29.13,5.47,83.6,23.16,573.35,-83.49,0.045,0.43,0.86,0.45,24.98
29.1,5.38,82.3,22.81,560.41,-80.38,0.013,0.35,-0.48,0.2,23.78
29.09,5.79,83.5,23.66,569.61,-82.47,0.032,-0.15,-1.33,-0.84,24.51
28.95,6.21,84.4,23.31,559.66,-81.11,0.002,0.35,0.31,0.49,24.03
29.07,6.02,80.2,23.33,557.93,-82.03,0.02,0.52,1.4,1.54,24.08
28.85,6.28,81.8,23.37,565.17,-81.03,0.011,-1.22,0.11,-0.26,23.58
28.9,5.52,84.1,22.81,538.0,-81.7,0.034,-0.04,-0.14,-0.4,23.44
28.95,5.81,82.9,22.5,550.12,-80.85,0.028,0.68,1.02,-0.25,23.8
28.67,6.26,82.0,22.45,542.02,-80.18,0.018,-0.07,0.21,-0.29,22.99
29.02,6.62,81.5,22.01,535.17,-80.6,0.081,1.69,-0.55,-0.16,22.93
28.66,6.44,82.2,21.82,543.81,-78.79,0.024,-0.47,-0.97,0.16,22.9
28.96,6.01,82.4,21.82,540.31,-82.42,0.0,0.38,-1.4,0.57,22.27
28.71,6.26,80.4,21.75,518.73,-79.75,0.022,-0.03,-0.57,-0.73,22.61
28.8,6.57,82.5,21.12,523.18,-83.51,0.002,-0.99,0.24,-0.05,22.5
28.89,6.49,81.5,21.14,524.74,-84.76,0.097,0.38,0.14,0.03,22.72
29.08,6.38,81.8,21.01,516.24,-81.47,0.041,0.24,-1.02,-0.45,22.1
28.81,6.6,81.7,20.87,522.0,-80.14,0.0,-0.1,0.17,0.3,21.43
28.55,6.76,81.0,21.43,516.28,-83.75,0.02,0.72,-0.19,-0.16,22.07
28.89,6.51,81.0,20.98,529.24,-81.88,0.086,-0.88,1.51,0.97,21.75
28.73,7.2,81.0,20.91,493.2,-83.99,0.048,-0.34,-0.33,0.42,21.35
28.76,6.84,80.2,21.0,505.0,-81.3,0.01,-0.29,-1.26,-0.64,21.84
28.81,7.02,80.9,21.05,495.0,-81.5,0.034,-0.05,0.87,-0.76,21.74
28.46,7.42,80.1,20.82,508.14,-82.66,0.044,0.64,0.39,0.94,21.74
28.72,7.14,80.3,21.13,484.08,-85.04,0.031,0.15,0.86,0.18,21.54
28.67,7.54,81.5,20.48,502.02,-82.87,0.068,0.91,-0.23,0.49,21.59
28.86,7.0,80.1,20.44,490.71,-86.11,0.008,-0.86,1.31,0.82,21.33
28.79,7.5,80.4,20.07,488.27,-83.72,0.041,-0.66,0.22,-0.37,21.92
28.51,7.68,79.9,19.53,479.91,-85.05,0.028,-1.08,-0.41,0.23,21.61
28.85,7.24,79.7,20.14,488.63,-83.82,0.101,0.6,0.29,0.17,21.04
28.75,7.49,81.6,20.34,503.19,-84.04,0.035,-1.34,-0.59,-0.38,20.18
28.51,7.55,78.8,19.71,491.31,-84.0,0.017,-0.79,-0.38,-0.37,21.54
28.71,7.71,80.0,19.72,497.22,-86.65,0.004,-0.08,-0.84,0.27,20.62
28.83,7.84,79.0,20.17,507.12,-86.22,0.03,-1.5,-0.27,-0.65,20.92
28.56,7.48,81.0,19.75,492.81,-81.9,0.095,0.09,0.51,-0.27,20.8
28.88,7.78,80.0,19.39,484.43,-83.43,0.012,0.72,-0.22,0.2,20.51
28.53,8.32,79.7,19.33,494.7,-84.35,0.032,-0.29,0.34,0.03,20.31
28.63,8.2,78.6,19.85,484.75,-87.21,0.046,0.3,0.36,0.5,20.33
28.62,8.16,81.4,19.53,485.47,-84.55,0.062,1.07,0.23,0.04,19.35
28.9,7.9,79.1,19.49,475.79,-84.58,0.044,0.23,-0.36,0.23,19.93
28.69,8.63,80.6,19.02,500.89,-85.87,0.016,0.71,-0.52,-0.33,20.17
28.62,8.34,81.0,19.64,488.56,-87.09,0.0,-0.28,-0.14,0.03,20.36
28.82,8.07,82.1,19.81,495.19,-86.41,0.027,-0.25,0.91,0.26,20.56
28.86,8.15,80.0,19.3,484.11,-84.0,0.024,0.24,0.75,-0.09,20.08
28.87,7.97,79.9,19.56,500.09,-84.47,0.016,0.27,0.43,-0.84,20.58
28.78,8.25,80.3,19.26,489.52,-84.23,0.03,0.39,-0.57,0.55,20.21
28.86,8.32,80.3,19.61,497.28,-84.93,0.001,0.61,-0.04,0.75,20.16
28.76,8.37,79.3,19.57,509.19,-87.25,0.072,0.65,0.79,-0.67,20.33
29.06,8.12,82.3,19.27,510.17,-88.46,0.011,0.97,0.01,0.61,20.62
29.01,7.74,80.7,18.67,504.05,-86.13,0.004,1.09,0.59,0.6,20.25
29.03,8.27,81.1,19.15,488.73,-84.66,0.007,-0.14,-0.56,0.09,20.51
29.01,8.41,81.8,19.57,538.63,-84.67,0.027,0.11,-0.63,-0.43,20.69
29.0,7.91,82.6,19.78,528.59,-87.8,0.045,0.18,-0.57,-0.73,20.64
28.81,8.17,80.7,19.29,520.92,-85.83,0.005,0.62,-0.99,0.38,20.2
29.06,8.6,82.1,20.0,508.86,-87.48,0.034,0.04,-0.51,-0.6,20.31
29.02,7.83,81.0,20.09,518.09,-86.86,0.005,-0.49,-0.07,-0.18,20.79
29.18,8.09,82.4,19.85,516.75,-88.42,0.038,0.25,-0.0,0.96,20.55
29.15,8.61,82.5,19.26,537.91,-85.51,0.035,1.34,-0.49,-0.45,20.35
29.15,8.2,82.1,19.95,531.11,-85.86,0.059,-0.76,-0.23,0.08,20.75
28.91,7.98,82.8,19.57,523.97,-88.44,0.033,0.01,-0.99,0.31,21.11
29.12,8.11,83.0,19.61,530.55,-87.18,0.002,0.34,0.65,0.42,21.23
29.1,8.34,83.0,20.04,550.03,-89.08,0.056,-0.53,-0.21,0.02,21.35
29.22,8.0,83.1,20.1,558.49,-89.34,0.032,0.78,-0.05,-0.04,21.04
29.17,8.21,82.4,20.18,561.54,-88.8,0.007,-0.53,-1.04,-1.27,21.26
29.22,8.07,82.8,20.33,557.71,-86.84,0.084,0.25,0.43,-1.1,21.64
29.33,8.06,83.4,20.16,551.59,-87.66,0.063,-0.36,0.15,-0.4,21.04
29.26,8.13,83.3,19.76,525.77,-86.85,0.017,0.33,-0.16,0.44,21.78
29.36,7.81,83.8,21.08,565.32,-87.75,0.027,-0.1,-0.51,0.2,21.77
29.19,7.57,84.5,20.31,566.58,-85.79,0.033,-0.32,0.27,0.05,21.88
29.31,7.95,84.8,20.29,572.33,-87.51,0.056,0.63,-0.61,0.37,21.03
29.52,7.72,85.4,20.21,575.87,-85.34,0.013,0.59,0.68,0.27,21.6
29.32,7.58,85.4,20.8,566.55,-87.72,0.034,-0.22,0.83,0.66,21.69
29.65,7.82,85.6,20.86,589.94,-86.12,0.037,1.09,-0.58,0.51,22.63
29.65,7.99,86.1,20.92,595.31,-87.11,0.014,0.08,0.25,-0.27,21.83
29.54,7.51,85.2,21.6,600.48,-88.85,0.017,0.64,-0.56,0.21,21.89
29.96,7.5,85.5,21.42,607.86,-84.67,0.017,-0.41,-1.06,0.54,21.96
29.79,7.09,86.1,20.95,609.22,-84.35,0.016,-0.35,-0.37,0.13,22.43
29.56,7.32,86.1,22.15,603.9,-87.09,0.023,-0.42,-0.17,0.32,22.87
29.8,7.39,85.5,21.02,612.17,-87.3,0.001,0.24,-0.71,-0.32,23.59
29.75,7.25,87.6,21.64,618.69,-85.53,0.174,-0.38,0.16,-0.64,22.84
29.68,7.08,86.6,21.55,623.8,-86.96,0.011,0.01,0.19,-0.41,22.84
29.68,7.34,89.1,22.07,637.67,-85.85,0.023,-0.77,0.94,0.6,23.91
29.97,7.08,88.1,22.3,639.11,-86.49,0.01,0.01,0.37,-0.14,24.12
29.81,7.77,87.0,22.07,658.45,-86.58,0.083,0.38,0.74,-0.24,22.88
29.9,6.98,89.0,22.72,664.76,-87.77,0.11,-0.82,-0.14,0.0,23.53
29.84,6.03,88.7,22.56,648.52,-87.66,0.117,1.15,0.3,-0.1,23.98
29.89,6.45,89.2,23.14,614.38,-85.13,0.017,-0.31,0.23,-0.9,24.12
30.0,6.87,88.8,23.1,670.14,-84.49,0.028,0.31,-0.51,0.32,25.09
30.1,6.44,88.7,22.75,657.38,-86.37,0.052,-1.31,0.11,0.04,24.14
29.77,6.38,88.5,23.44,659.78,-84.65,0.005,0.14,0.4,0.35,24.07
30.12,6.11,88.9,22.99,668.79,-87.67,0.014,-0.09,0.08,0.01,24.38
30.06,6.27,89.1,23.58,673.28,-85.64,0.011,0.69,0.07,0.03,25.28
30.35,6.39,90.1,23.69,688.8,-86.76,0.02,0.21,-0.51,0.01,25.0
30.57,6.38,90.6,23.48,671.99,-86.28,0.048,-0.15,1.19,0.72,25.81
30.2,5.88,89.6,23.11,681.67,-86.61,0.03,0.74,-0.4,-0.08,25.59
30.07,6.35,91.8,24.48,700.71,-86.5,0.004,0.09,-0.22,0.03,25.23
30.32,5.68,91.5,24.26,708.28,-90.02,0.007,0.27,0.84,0.82,26.01
30.32,6.09,93.5,24.27,713.19,-87.96,0.004,-0.07,0.9,-0.18,26.31
30.61,5.98,91.5,24.42,703.58,-88.59,0.007,0.14,-0.14,0.12,26.57
30.6,5.53,93.8,24.9,706.28,-86.58,0.001,0.06,-0.04,-0.45,25.59
30.53,5.42,92.8,25.48,715.54,-87.37,0.064,0.4,0.63,-0.63,26.43
30.39,5.78,90.9,25.18,727.48,-88.29,0.056,-0.92,0.64,-0.29,26.03
30.56,5.42,91.7,25.14,744.34,-87.13,0.024,0.27,0.22,-0.46,26.52
30.54,5.46,93.1,25.26,713.33,-85.83,0.044,-0.4,0.4,0.59,26.7
30.56,5.65,91.6,25.43,735.84,-80.94,0.28,0.23,0.15,0.28,27.06
30.37,5.52,92.5,25.1,728.87,-85.53,0.026,-1.33,-1.38,-0.68,27.3
30.71,5.04,92.2,25.8,729.74,-85.77,0.029,-0.43,0.52,-0.71,27.02
30.62,5.23,95.3,25.28,759.9,-87.2,0.06,-0.04,-0.79,0.06,27.9
30.62,4.9,94.7,26.04,759.54,-86.64,0.023,-0.2,-0.63,0.57,28.1
30.58,5.38,93.7,25.86,762.36,-83.59,0.002,-1.05,-0.15,-0.41,27.79
30.58,5.51,95.3,26.47,770.73,-82.65,0.013,0.03,-0.34,0.33,28.55
30.73,4.74,95.3,26.43,760.27,-86.06,0.038,-0.26,-0.37,1.02,27.97
30.51,4.92,95.5,26.31,764.18,-84.31,0.037,-0.49,1.24,0.61,27.41
30.83,5.15,94.1,26.21,793.68,-80.61,0.154,0.39,0.67,0.88,27.92
30.63,4.83,94.5,27.21,772.56,-81.49,0.041,-1.61,0.23,0.47,28.25
30.52,4.93,94.0,26.79,785.45,-83.83,0.002,-0.46,0.61,-0.59,28.92
31.0,4.73,94.9,27.56,781.11,-85.52,0.093,0.73,1.03,0.22,28.29
30.7,4.35,94.4,26.64,765.38,-85.47,0.001,-0.59,-0.56,-0.13,28.79
30.73,4.65,94.4,27.1,766.1,-87.05,0.031,-0.47,-0.26,0.06,29.93
30.96,4.91,96.2,26.52,783.31,-83.74,0.009,0.51,0.25,-0.06,29.15
31.06,4.62,96.0,27.68,802.08,-80.96,0.008,-0.01,0.03,0.94,29.82
30.67,4.98,94.8,27.82,801.68,-84.5,0.025,0.17,-0.24,0.07,28.81
30.74,3.92,96.3,27.43,805.07,-83.75,0.001,0.17,0.61,-0.19,28.59
30.76,4.53,95.9,27.51,788.04,-83.31,0.01,0.71,-0.14,0.37,28.86
30.99,4.19,95.5,27.71,815.92,-83.04,0.008,0.08,-0.78,0.12,30.04
31.08,4.09,97.1,27.85,791.8,-84.29,0.016,0.24,0.84,0.1,29.61
30.76,4.73,96.1,27.83,805.13,-83.02,0.001,0.64,0.93,-0.26,29.67
31.06,4.22,97.3,28.5,804.29,-82.19,0.012,0.83,1.2,-0.03,30.58
30.81,4.17,96.4,28.04,803.9,-81.82,0.006,0.22,1.18,0.48,30.41
30.94,4.36,96.5,27.62,820.11,-81.88,0.007,-0.68,-0.16,-0.55,30.24
30.75,3.6,95.1,28.27,800.61,-83.45,0.053,0.94,-0.22,0.52,30.61
30.89,4.63,95.5,28.26,794.94,-82.21,0.153,-0.4,-1.12,-0.31,30.14
30.89,4.79,97.2,28.05,809.26,-81.51,0.017,0.73,-0.57,0.02,30.41
30.86,4.48,96.9,28.64,805.53,-80.27,0.003,-0.46,0.22,0.16,29.85
30.94,4.33,95.7,27.96,843.61,-80.91,0.045,1.27,-0.93,-0.12,30.09
30.77,4.14,94.9,28.82,816.75,-83.14,0.054,0.3,0.35,-0.06,30.34
30.78,3.88,97.3,28.73,805.88,-81.32,0.01,0.77,0.27,-0.42,30.48
30.93,4.56,96.8,28.59,799.25,-80.68,0.018,-0.22,-0.46,0.17,30.93
31.03,4.48,95.0,28.43,790.68,-80.43,0.013,0.06,0.35,0.57,31.07
30.86,4.35,94.9,28.35,798.75,-80.09,0.108,0.62,0.39,-0.75,31.75
30.91,4.33,97.2,29.21,809.52,-80.05,0.056,1.01,-0.65,0.36,31.56
30.93,4.33,95.3,28.82,821.85,-83.08,0.01,-0.22,-0.28,-0.17,31.12
30.93,4.1,95.2,28.36,817.84,-82.12,0.033,0.15,0.15,0.1,30.08
30.7,5.03,95.0,28.97,807.81,-78.69,0.029,-0.56,-0.58,-0.16,31.26
30.71,4.22,95.7,28.89,801.03,-81.78,0.02,0.57,-1.74,0.0,31.45
30.71,4.2,94.2,29.49,805.54,-79.76,0.038,0.13,0.13,-0.56,30.76
31.01,4.69,95.5,28.85,796.1,-80.99,0.053,0.08,-0.52,0.95,30.02
30.82,4.38,94.0,29.34,816.76,-78.44,0.088,-1.11,-0.98,-0.73,30.77
30.8,4.41,93.9,28.92,795.83,-78.17,0.019,0.41,-0.63,0.0,31.03
30.77,4.88,93.8,28.57,794.86,-81.05,0.032,-0.41,-0.91,-0.6,30.76
30.54,4.7,93.7,29.14,771.41,-78.48,0.04,-0.69,-0.22,0.21,30.47
30.92,4.75,95.2,29.38,789.33,-78.1,0.021,-0.05,0.98,-0.86,30.58
30.72,4.15,95.1,29.25,797.22,-78.4,0.052,0.31,0.61,0.18,31.09
30.73,4.74,94.2,29.01,775.61,-79.5,0.001,-0.36,0.18,-0.27,30.73
30.41,4.37,93.7,29.22,776.08,-81.61,0.036,-0.03,-0.28,-0.16,31.08
30.69,4.58,95.2,28.89,788.68,-77.16,0.006,-0.53,0.15,0.15,30.88
30.53,4.82,94.4,28.82,763.03,-79.72,0.015,0.17,0.45,0.3,30.31
30.39,4.81,92.8,28.23,785.29,-79.0,0.052,-0.1,0.7,0.41,30.67
30.4,5.08,93.8,28.77,766.18,-77.85,0.049,-0.38,-0.46,-0.53,30.87
30.34,5.17,93.6,29.17,764.28,-79.95,0.018,-0.3,-1.2,0.4,30.27
30.31,5.25,93.7,28.01,753.48,-79.99,0.001,1.17,1.14,0.11,30.4
30.44,4.66,95.2,28.06,764.94,-79.49,0.014,-0.33,0.77,0.61,29.45
30.36,5.83,92.1,28.33,782.09,-79.49,0.013,0.63,0.0,-0.45,29.8
30.42,5.18,93.0,27.9,761.53,-79.63,0.007,0.82,-0.32,-0.22,29.83
30.55,5.61,93.5,28.54,741.19,-77.9,0.004,0.43,-0.35,-0.39,29.39
30.3,4.56,93.5,27.61,757.21,-77.46,0.011,0.17,-0.39,0.28,29.76
30.02,5.31,92.1,28.37,738.62,-78.72,0.016,-0.52,-0.98,0.4,30.29
30.23,5.02,90.6,28.4,751.37,-77.49,0.039,-0.27,-0.19,0.41,29.63
30.37,5.27,90.0,28.18,741.44,-81.6,0.025,0.3,-0.11,0.12,29.94
30.18,5.61,91.9,27.87,699.61,-76.95,0.025,-1.09,-0.69,-0.01,29.57
30.35,5.57,91.3,27.95,714.6,-77.2,0.056,0.44,0.01,0.6,29.86
30.18,6.14,90.9,27.25,729.6,-75.58,0.07,0.66,0.61,-0.53,29.03
29.88,6.35,90.8,27.64,717.12,-76.57,0.015,0.61,-0.34,-0.61,28.67
30.08,5.6,91.1,27.22,700.75,-76.23,0.056,0.1,0.68,0.42,29.13
30.06,5.82,90.5,27.64,699.97,-78.02,0.052,-0.42,0.2,-0.82,28.06
30.12,5.73,90.1,27.46,682.51,-79.52,0.008,0.37,0.17,0.9,28.79
30.18,6.46,89.1,26.81,695.91,-76.84,0.002,-0.54,-0.58,0.04,27.54
30.04,6.24,90.1,27.09,714.07,-79.05,0.076,0.53,0.86,1.04,27.94
29.95,6.28,88.6,26.98,695.14,-76.59,0.126,0.12,0.21,-0.37,28.29
29.94,6.44,89.6,26.55,704.09,-75.89,0.027,-0.37,0.29,-0.26,27.5
29.8,6.32,88.3,26.6,686.07,-76.71,0.013,0.8,0.58,0.25,27.7
29.61,6.24,88.8,26.64,682.56,-77.96,0.032,0.39,-0.56,-0.73,27.19
29.76,6.58,89.5,26.16,687.03,-73.84,0.002,0.34,0.5,-0.28,27.85
29.76,6.56,88.3,25.88,666.06,-76.82,0.042,0.25,-0.26,-0.36,27.87
29.54,6.82,88.7,26.13,655.4,-74.83,0.007,-0.02,-0.28,-0.38,27.26
29.81,6.3,87.0,26.43,662.57,-73.97,0.003,0.04,0.04,0.31,27.99
29.74,6.91,87.1,25.71,661.76,-74.31,0.069,0.13,-0.3,-0.51,26.86
29.42,6.72,86.5,25.5,637.4,-75.19,0.025,-0.8,-0.37,0.21,26.26
29.71,7.04,85.2,25.2,629.96,-73.55,0.02,-0.24,-0.4,0.7,26.06
29.48,7.34,87.2,25.74,633.56,-75.6,0.029,-0.07,-0.11,0.14,26.42
29.39,6.97,86.5,25.49,635.5,-74.6,0.158,-0.33,-0.8,-0.03,26.44
29.58,7.56,86.2,24.99,630.21,-75.77,0.006,0.38,-0.45,-0.47,27.15
29.41,6.74,86.6,24.61,603.05,-77.34,0.007,0.91,0.26,-0.84,25.56
29.61,7.79,84.4,24.46,631.5,-75.77,0.037,-0.16,-0.6,0.27,25.57
29.25,7.76,84.0,24.29,601.11,-78.17,0.052,0.2,0.24,0.22,25.85
29.11,7.18,85.9,24.27,600.04,-75.86,0.083,0.03,1.0,0.59,25.54
29.26,7.24,84.6,24.09,588.89,-76.57,0.048,0.19,1.0,0.29,25.1
29.35,7.11,84.6,23.88,620.17,-74.67,0.022,0.19,-1.02,0.12,25.16
29.12,7.89,83.0,24.38,590.94,-73.97,0.038,0.39,0.14,0.3,24.56
29.04,7.57,85.2,24.39,575.4,-77.62,0.023,0.46,-0.62,-0.06,24.67
29.2,7.6,84.3,23.3,588.0,-75.41,0.032,0.86,-0.7,-0.8,24.24
28.97,7.43,83.1,23.34,582.58,-75.4,0.002,0.26,0.02,-0.15,24.94
29.15,8.36,85.0,23.06,568.61,-74.04,0.031,-0.77,0.63,0.04,24.66
29.05,7.56,82.1,23.35,574.57,-74.7,0.011,1.18,0.57,-0.53,24.19
29.12,7.9,82.7,22.97,553.67,-74.38,0.023,1.54,-0.96,0.47,24.05
28.87,8.0,83.5,22.59,552.85,-75.5,0.004,0.95,0.17,-0.03,23.98
29.17,7.85,83.5,23.38,533.61,-77.93,0.024,-0.01,-0.18,-0.92,23.56
28.97,7.83,81.2,22.83,536.51,-77.22,0.033,0.21,-0.96,-0.56,22.91
29.06,7.93,82.0,22.17,563.96,-75.53,0.007,0.3,0.41,0.8,23.3
29.06,8.24,82.6,22.9,558.53,-78.1,0.003,0.85,-0.89,0.31,23.48
28.79,7.99,83.1,21.84,539.11,-77.01,0.014,0.61,-0.02,-0.41,23.52
29.01,8.6,82.8,22.31,551.54,-76.83,0.018,-0.04,0.5,0.37,23.02
28.71,7.9,82.1,22.81,529.87,-76.49,0.031,0.57,0.06,0.14,22.61
28.7,8.38,81.5,21.79,525.72,-75.81,0.006,0.27,-0.1,0.74,22.94
29.08,7.64,81.1,21.6,525.52,-75.97,0.019,0.15,0.3,1.26,22.65
28.96,7.95,81.5,21.63,520.63,-75.58,0.074,0.31,0.23,-0.44,22.03
29.06,7.94,82.2,22.23,516.78,-77.94,0.016,0.25,0.54,-0.01,21.59
28.76,7.86,80.7,21.84,527.55,-77.21,0.006,-0.21,0.13,0.95,21.97
28.8,8.28,80.6,21.05,514.93,-75.99,0.055,-0.37,0.53,0.42,22.67
28.84,8.17,81.6,21.2,518.01,-78.46,0.017,-0.06,0.5,-0.5,22.16
28.76,7.51,81.4,21.3,518.78,-75.7,0.03,0.59,0.56,0.84,22.42
28.66,8.79,80.1,20.72,510.07,-76.73,0.064,0.43,-1.19,0.39,21.69
28.63,8.24,79.4,20.37,494.36,-78.94,0.029,0.67,-0.35,0.78,21.58
28.76,8.18,79.0,21.04,488.54,-75.79,0.056,-0.14,0.55,-0.61,20.41
28.6,8.55,80.4,20.74,501.72,-76.79,0.032,-0.3,0.33,-0.57,20.63
28.59,8.44,79.3,20.57,496.82,-74.51,0.051,0.21,0.11,-0.07,21.48
28.76,8.04,80.9,20.76,497.86,-75.6,0.018,0.39,0.35,0.27,21.28
28.7,7.52,78.7,19.88,495.44,-79.84,0.117,-0.09,0.5,-0.56,20.2
28.82,8.25,81.4,20.11,520.19,-77.9,0.023,-0.22,-0.06,0.51,21.08
28.65,7.76,79.8,21.04,479.97,-77.36,0.034,0.19,-0.91,1.15,21.34
28.63,8.4,79.4,20.24,472.43,-77.28,0.006,-0.86,1.26,-0.3,20.99
28.75,7.76,79.6,20.18,494.88,-79.18,0.016,-0.92,-0.15,-0.33,20.58
28.6,7.82,79.3,19.93,487.17,-77.77,0.019,-0.03,0.11,0.89,19.73
28.62,7.52,81.2,19.19,493.63,-78.42,0.053,0.44,-1.24,-0.27,20.83
28.63,7.5,80.5,19.48,496.0,-79.38,0.045,-0.75,0.41,-0.68,20.25
28.69,7.8,80.1,20.03,502.86,-78.96,0.023,0.02,-0.51,0.74,20.76
28.93,7.73,79.1,19.47,474.95,-79.04,0.049,-0.55,-0.22,0.37,20.79
28.56,7.6,80.0,19.56,484.62,-75.68,0.05,-0.58,-0.09,0.75,20.83
28.88,8.31,79.5,19.68,494.8,-76.8,0.032,-0.2,0.81,0.02,20.58
28.83,7.83,78.1,19.19,498.7,-78.24,0.086,0.67,1.1,0.06,20.25
28.93,7.6,79.7,19.05,513.57,-81.32,0.058,0.54,0.2,-0.13,20.6
29.13,6.71,80.8,19.47,501.99,-76.8,0.007,-1.23,0.37,-0.18,19.94
28.94,7.73,80.0,19.32,492.81,-82.08,0.013,-1.3,0.19,-0.26,20.85
28.89,8.32,80.3,19.51,485.58,-81.1,0.004,0.49,-0.28,-0.46,20.04
28.64,7.31,81.4,18.91,490.1,-81.57,0.017,1.23,-0.99,-0.36,21.03
28.67,7.06,81.3,19.22,491.23,-80.83,0.012,-0.26,0.84,-0.2,20.2
28.87,7.28,82.3,19.64,505.27,-77.03,0.046,-0.23,0.23,0.13,20.5
28.64,6.74,79.1,20.43,503.0,-78.51,0.049,0.48,0.17,0.69,20.36
28.93,7.24,80.3,19.45,489.05,-79.42,0.018,0.19,0.73,-0.83,19.6
28.62,7.49,81.8,19.65,499.94,-79.93,0.021,0.53,-0.64,0.19,20.56
29.03,6.77,81.6,19.6,515.22,-81.48,0.062,0.05,-0.5,-0.86,20.06
28.88,6.71,81.4,19.55,512.25,-78.98,0.023,0.41,0.07,0.26,20.34
28.95,6.8,81.0,19.71,516.85,-78.16,0.081,-0.09,0.39,-0.91,20.44
28.87,6.6,81.8,19.16,517.56,-79.13,0.054,0.1,0.31,-0.88,20.05
28.75,6.23,81.9,19.4,532.7,-79.68,0.018,-0.66,0.54,0.26,20.27
29.15,6.49,80.5,19.65,521.62,-79.24,0.082,0.83,0.74,0.1,21.06
29.19,6.36,82.3,19.27,518.37,-80.79,0.046,0.52,-0.36,-0.72,20.08
29.01,6.87,81.9,19.81,516.16,-84.01,0.095,-0.34,1.62,0.55,20.9
29.16,6.73,83.1,19.03,531.02,-79.45,0.007,-0.14,-0.39,-0.13,20.58
29.06,6.73,82.9,20.04,507.45,-82.87,0.035,-0.04,0.23,0.26,21.2
29.17,6.47,84.4,19.77,533.46,-81.4,0.076,-0.21,-0.01,0.5,21.15
29.25,6.22,83.0,20.13,536.81,-78.85,0.0,-0.81,-0.1,0.87,20.67
29.26,5.82,82.4,20.3,528.89,-81.75,0.003,0.12,1.22,-0.01,21.3
29.38,6.41,81.5,20.52,537.03,-79.4,0.004,-0.87,0.87,-0.52,20.88
29.31,6.04,82.9,20.19,558.29,-81.76,0.016,0.59,0.14,0.56,21.88
29.28,5.48,84.2,19.57,556.48,-83.38,0.062,0.76,0.11,0.68,21.34
29.22,5.51,84.6,19.65,559.26,-82.38,0.02,-0.01,-1.3,0.43,21.26
29.28,5.33,83.8,19.91,565.47,-83.2,0.003,-0.06,-0.38,0.2,21.33
29.47,5.02,84.2,20.7,567.58,-80.9,0.007,-0.88,-0.13,0.58,21.46
29.23,5.68,84.8,20.05,583.41,-82.94,0.013,-0.2,-0.27,-0.15,21.59
29.57,5.12,85.3,20.56,576.63,-81.73,0.064,-0.9,0.16,0.02,22.11
29.44,5.2,86.0,20.6,565.29,-82.36,0.007,0.36,-0.15,0.42,21.74
29.41,5.37,85.0,20.98,600.73,-85.84,0.037,-0.43,0.18,0.21,21.73
29.41,5.23,85.1,21.21,592.75,-84.32,0.057,-0.12,0.05,0.52,22.62
29.65,5.01,87.6,21.11,587.83,-83.27,0.022,-0.6,0.4,-0.81,22.86
29.6,5.61,87.6,21.47,585.92,-84.0,0.029,0.23,0.18,-0.1,22.13
29.83,4.63,86.0,20.92,607.2,-83.36,0.023,0.03,1.07,0.43,22.46
29.52,4.59,87.6,21.79,606.9,-82.88,0.043,-1.1,-0.03,-0.05,23.21
29.64,5.11,88.7,21.6,628.68,-82.23,0.022,-1.46,0.73,0.37,23.04
29.73,4.72,88.2,21.95,614.39,-83.48,0.086,-0.19,-0.73,-0.22,23.64
29.69,4.66,86.8,21.63,614.41,-83.92,0.06,0.18,-0.41,0.69,23.42
29.81,4.48,87.8,21.23,636.71,-83.32,0.042,-0.06,-0.78,-0.17,23.48
29.88,4.85,86.5,22.31,641.99,-85.26,0.012,0.23,1.13,-0.39,23.29
29.94,4.76,87.4,22.16,639.43,-84.1,0.028,0.97,0.04,-0.12,23.2
30.1,4.68,88.4,22.77,649.53,-83.94,0.004,-0.18,-1.0,0.43,23.26
29.79,4.43,88.9,22.64,647.41,-84.53,0.015,0.79,-0.6,-0.12,23.88
30.02,4.33,88.4,23.67,655.15,-84.82,0.023,-0.33,0.24,-1.13,24.61
29.94,4.47,87.0,23.22,669.49,-83.88,0.013,-0.23,-0.29,-0.35,23.79
30.1,4.77,89.6,22.83,669.11,-86.49,0.003,-0.23,-0.4,0.0,24.32
30.14,4.91,90.3,22.51,666.17,-86.37,0.011,-0.6,-0.77,0.07,23.86
30.0,4.74,90.5,22.91,686.37,-85.53,0.077,0.52,0.73,0.42,25.24
30.04,4.52,90.0,23.03,654.16,-83.71,0.028,0.58,0.86,-0.23,24.53
30.24,4.64,90.3,23.33,703.26,-87.55,0.007,-1.25,0.67,-0.32,25.92
30.22,3.96,90.8,23.62,670.59,-83.99,0.048,-0.56,0.87,-0.02,25.36
30.22,4.08,91.2,23.92,686.24,-83.48,0.071,0.75,0.18,-0.19,25.96
30.36,4.43,91.0,24.44,696.93,-85.38,0.025,-0.27,-0.18,-0.15,24.81
30.4,4.22,89.5,23.81,700.65,-87.36,0.017,0.11,-1.21,-0.36,24.67
30.28,4.34,92.7,23.78,716.91,-88.36,0.013,-0.26,-0.5,0.4,25.67
30.27,4.52,91.4,24.7,700.93,-82.79,0.005,-0.64,-0.04,0.81,26.01
30.25,4.46,91.0,25.03,718.73,-87.85,0.002,-0.03,0.32,-0.98,26.4
30.43,3.88,91.9,24.54,714.88,-86.87,0.007,-1.05,-0.17,-0.19,26.93
30.29,4.21,92.5,25.23,728.09,-88.93,0.02,-0.3,-0.04,0.55,26.35
30.5,3.92,92.2,25.28,728.89,-89.36,0.002,0.57,-0.69,0.11,26.47
30.66,3.97,92.4,24.56,734.79,-85.3,0.116,-0.07,0.9,-0.12,26.7
30.49,3.69,92.8,25.09,732.6,-87.26,0.036,-0.37,0.0,0.86,27.1
30.5,4.25,93.5,25.29,737.15,-85.17,0.013,-0.55,-0.24,-0.32,26.61
30.83,3.69,92.8,26.3,749.19,-87.02,0.017,0.24,-0.82,0.35,26.54
30.79,4.35,93.9,25.92,759.72,-84.74,0.134,0.7,0.92,0.28,27.55
30.54,4.66,92.7,25.71,748.16,-87.11,0.013,0.41,-1.2,-0.61,27.03
30.67,4.43,95.6,25.78,749.22,-85.23,0.005,-0.01,0.16,-0.13,28.17
30.72,4.3,95.0,25.61,767.7,-88.2,0.017,-0.03,-0.37,0.05,26.98
30.72,4.77,94.1,26.67,764.79,-87.93,0.007,-0.18,-0.03,0.62,27.69
30.93,4.44,94.7,26.57,776.85,-88.23,0.027,-1.08,-0.05,0.9,27.61
30.75,4.11,93.6,26.78,762.81,-87.77,0.014,-0.4,0.3,-0.14,28.02
30.78,4.44,95.2,26.25,757.27,-89.33,0.009,-0.5,0.01,0.28,28.07
30.85,5.02,95.5,27.08,772.81,-88.41,0.01,-0.41,0.21,0.38,29.01
30.93,4.14,95.2,26.87,773.42,-88.38,0.098,0.37,-0.21,0.23,29.81
30.91,4.09,95.8,26.82,783.11,-84.03,0.014,0.08,-0.17,-0.37,28.33
30.88,4.73,95.2,27.37,780.22,-87.17,0.083,-0.53,0.52,0.03,28.66
30.64,4.52,95.2,26.89,796.55,-87.58,0.024,0.56,0.17,0.4,29.0
30.78,4.48,94.9,27.48,788.67,-85.87,0.025,1.07,0.56,-0.32,28.75
30.95,4.31,95.9,27.44,795.33,-87.68,0.003,0.38,-0.47,-0.56,29.52
30.89,4.15,94.9,28.01,797.53,-86.55,0.114,1.56,-0.07,-0.7,28.85
30.97,4.35,96.0,28.05,799.89,-86.01,0.022,0.03,-0.42,0.12,29.75
31.1,5.33,96.0,27.87,799.54,-86.09,0.057,1.01,-0.06,-0.89,29.65
30.74,4.9,96.9,28.04,806.58,-87.04,0.035,0.43,-0.56,-0.4,30.01
31.02,4.37,96.3,28.24,795.06,-86.83,0.02,1.0,-0.43,-0.78,29.8
30.85,5.37,94.5,28.12,818.41,-86.44,0.035,-0.29,0.47,-0.51,30.18
31.01,5.45,95.4,27.92,803.29,-86.16,0.003,-0.22,-0.58,-0.22,30.19
30.89,5.51,95.4,28.12,793.62,-86.43,0.002,0.38,0.13,-0.73,29.99
31.16,5.08,95.4,27.94,809.55,-86.68,0.013,-0.57,0.75,-0.19,30.36
30.92,5.19,96.8,28.76,799.94,-88.3,0.006,-0.89,-0.54,-0.55,30.78
30.82,5.38,94.2,28.64,815.72,-86.02,0.065,-1.17,0.52,-0.02,29.56
30.95,5.83,97.1,28.42,831.63,-88.64,0.011,-0.06,-0.47,-0.39,29.52
30.93,5.31,96.8,28.38,801.97,-86.75,0.033,0.83,-0.15,0.52,30.91
31.03,5.32,96.1,28.77,813.31,-86.53,0.073,0.3,0.6,0.21,30.81
30.94,5.83,96.2,28.24,792.42,-88.9,0.002,-0.59,-0.65,-0.53,31.07
31.18,6.06,96.0,28.41,814.35,-87.76,0.037,-0.31,1.57,0.38,30.49
30.86,5.75,96.0,28.82,800.62,-84.69,0.0,-0.09,-0.05,-0.66,31.28
30.85,6.04,96.7,29.72,802.75,-87.79,0.059,-1.07,1.32,0.35,31.77
30.78,5.95,95.6,29.06,797.35,-85.63,0.126,0.16,1.02,0.93,31.1
30.85,5.92,96.2,28.99,814.88,-88.23,0.008,-0.08,0.2,0.22,30.89
30.86,5.82,94.9,28.54,816.68,-88.47,0.005,0.21,-0.82,-0.56,30.97
30.85,5.8,96.0,28.64,805.74,-85.19,0.021,-0.22,0.42,-0.1,30.76
30.81,6.03,95.2,29.46,795.6,-84.58,0.091,-0.29,-0.63,-0.19,30.83
30.72,6.0,95.7,28.83,818.73,-86.16,0.011,-1.07,0.01,-0.35,30.88
30.67,6.45,94.6,29.02,793.76,-85.52,0.011,0.56,-0.01,-0.1,31.61
30.71,6.81,95.5,29.21,777.94,-84.02,0.029,0.03,-0.06,-0.06,30.39
30.88,6.58,95.0,28.85,802.28,-86.25,0.038,0.37,-0.08,0.34,30.59
30.89,6.32,96.2,28.81,784.64,-85.75,0.023,-0.69,-0.34,0.3,30.66
30.69,6.92,95.0,28.37,803.43,-86.12,0.008,0.51,-0.44,0.4,30.89
30.57,6.83,95.0,28.53,787.44,-86.81,0.07,0.33,-0.32,-0.69,30.71
30.65,6.96,94.2,29.14,794.86,-87.87,0.022,-0.33,0.64,-0.59,30.06
30.89,6.73,94.6,28.75,800.27,-86.81,0.088,0.78,-0.81,0.56,30.57
30.74,7.29,94.6,29.1,771.46,-83.67,0.019,-0.63,-0.4,-0.12,30.45
30.66,7.36,93.8,28.28,775.06,-82.87,0.004,0.57,1.2,0.12,30.44
30.69,7.03,93.5,29.08,777.0,-86.82,0.014,0.28,-0.12,0.1,30.73
30.73,7.37,93.1,28.73,790.04,-84.0,0.024,-0.05,0.41,-0.29,30.81
30.38,7.55,93.5,28.18,764.87,-85.36,0.006,0.42,-0.47,-0.04,29.94
30.45,7.15,92.8,29.03,762.18,-82.61,0.016,0.55,-0.76,-0.28,30.98
30.4,7.32,93.4,28.09,769.45,-84.83,0.003,0.29,0.25,-0.82,29.53
30.51,7.43,92.3,28.89,755.34,-85.67,0.067,0.63,-0.22,-0.26,29.77
30.43,7.14,92.7,28.44,758.96,-84.25,0.095,-1.09,0.65,0.36,29.89
30.47,7.66,91.8,28.06,738.15,-86.66,0.018,-0.13,-0.35,-0.19,30.17
30.29,7.89,93.3,28.95,771.93,-84.1,0.068,-0.13,-0.0,0.26,29.11
30.48,7.59,92.1,28.36,732.33,-84.66,0.006,-0.54,0.88,-0.0,30.59
30.28,7.79,91.9,28.56,738.51,-84.53,0.002,0.41,0.46,0.49,28.89
30.34,8.16,92.2,28.2,737.24,-84.9,0.012,-0.03,-0.03,0.58,30.12
30.37,7.66,92.9,27.88,752.45,-85.02,0.008,-0.31,0.18,0.09,29.23
30.33,7.94,91.3,27.55,715.74,-83.27,0.008,0.08,0.51,0.35,29.33
30.2,7.7,89.8,27.69,744.41,-83.46,0.045,0.83,-0.1,-0.18,28.29
30.23,7.73,91.7,27.71,727.67,-83.77,0.051,1.21,-0.99,-0.77,29.35
30.3,8.05,89.4,27.83,719.71,-82.77,0.025,0.81,-1.0,-0.94,28.88
30.12,8.06,89.9,27.3,701.08,-83.33,0.038,-0.53,0.01,-0.0,29.28
29.94,8.18,91.0,27.51,711.96,-83.42,0.01,-0.5,-0.14,-0.66,28.13
30.06,8.07,89.5,27.8,694.28,-83.96,0.036,-0.07,0.6,0.8,29.13
29.96,8.21,89.1,27.15,709.4,-81.18,0.042,0.24,0.81,-0.44,27.73
29.64,8.6,89.5,26.28,682.19,-79.25,0.086,0.48,0.37,0.1,28.39
29.95,8.44,89.1,26.86,685.9,-86.12,0.003,0.12,0.4,-0.12,27.56
29.87,8.24,88.3,26.68,676.57,-82.75,0.056,0.06,0.95,-0.72,28.79
29.96,8.31,89.3,26.54,667.31,-82.51,0.005,0.4,-1.14,-0.35,28.24
29.7,8.08,89.3,25.9,679.63,-81.87,0.017,-0.35,-0.89,0.01,28.35
29.57,8.14,89.2,26.42,672.58,-77.81,0.0,0.41,-0.66,0.03,27.46
29.74,8.34,88.3,26.0,674.31,-81.75,0.092,-0.06,-0.78,-0.19,27.29
29.73,8.22,87.0,26.01,639.4,-82.22,0.099,0.48,-0.08,0.17,27.24
29.66,8.44,86.3,26.24,662.82,-80.64,0.095,-1.08,0.15,-0.56,27.05
29.62,8.58,85.2,25.48,672.21,-80.17,0.003,-0.17,0.16,-0.18,26.79
29.45,8.17,87.6,25.59,637.61,-82.19,0.011,0.06,0.3,0.84,26.7
29.53,7.59,86.7,25.41,656.06,-81.28,0.015,0.82,0.18,-0.52,27.1
29.47,8.79,86.0,25.27,629.48,-81.07,0.115,0.61,-0.08,0.62,26.86
29.61,7.97,84.5,25.03,613.4,-78.45,0.046,-0.3,-0.32,-0.42,25.84
29.49,8.21,84.9,24.9,619.1,-80.52,0.031,0.58,-0.85,-0.53,26.43
29.38,8.36,84.2,25.47,627.71,-79.92,0.015,0.5,-0.05,0.05,25.43
29.59,8.54,86.5,24.59,603.94,-81.36,0.11,0.34,0.33,0.4,26.42
29.32,8.64,85.6,24.68,601.45,-79.63,0.037,-0.33,0.67,-0.37,25.28
29.39,7.96,83.8,24.47,608.57,-80.41,0.022,0.41,-0.49,-1.01,25.81
29.27,8.4,86.0,24.31,597.88,-80.44,0.022,0.57,1.37,0.64,25.59
29.46,8.07,83.8,24.3,598.97,-80.79,0.002,0.35,0.53,-0.37,25.05
29.24,8.8,84.5,23.76,590.84,-79.47,0.014,-0.39,0.41,-0.62,24.85
29.21,8.27,84.3,24.32,588.64,-79.89,0.004,0.39,0.13,0.13,24.75
29.16,7.85,83.7,23.36,574.98,-80.98,0.04,0.72,-1.63,-0.29,24.88
29.17,7.63,83.3,23.48,577.15,-80.77,0.063,0.24,0.23,0.11,24.86
29.26,7.03,83.4,22.97,561.16,-78.96,0.08,0.5,-0.15,-0.45,25.25
29.19,7.98,82.9,23.55,578.99,-79.01,0.114,1.07,0.76,-0.34,24.9
29.07,8.03,83.1,22.77,555.53,-78.08,0.007,0.54,-0.02,-0.53,24.28
29.24,7.9,83.0,23.21,569.01,-78.71,0.022,-0.44,0.72,-0.49,24.0
29.12,6.92,82.2,22.89,551.32,-80.42,0.04,0.08,-0.41,-0.1,23.52
28.94,7.2,83.3,22.72,551.71,-77.81,0.031,-0.2,-0.21,0.9,23.84
28.8,7.66,81.5,22.9,540.88,-79.84,0.233,0.1,-0.22,0.08,23.98
28.9,8.0,82.4,22.16,531.9,-76.88,0.009,1.02,0.3,-0.18,23.74
28.97,7.39,81.6,22.75,520.96,-76.87,0.027,-0.25,0.56,-0.08,23.25
28.97,7.67,81.0,21.96,524.31,-79.1,0.009,-0.76,-0.08,-0.76,22.75
29.05,6.97,81.3,22.11,528.19,-79.34,0.033,-0.08,0.52,0.82,22.91
28.73,7.28,80.9,21.76,530.23,-79.79,0.01,-0.53,0.16,0.6,23.0
28.79,7.07,81.8,21.92,535.02,-79.83,0.039,-0.09,-0.88,0.5,23.05
28.69,7.44,81.1,21.22,517.39,-75.34,0.031,-0.09,0.54,0.26,22.54
28.65,6.85,82.1,21.49,510.08,-78.89,0.006,0.37,-0.81,0.64,22.69
28.72,7.45,80.1,21.33,501.65,-78.17,0.008,-0.56,-1.18,0.22,22.61
28.83,6.78,79.0,21.36,518.2,-73.77,0.02,0.62,-0.35,0.25,21.94
28.87,6.48,81.0,21.23,524.68,-75.66,0.036,-0.7,-0.68,-0.26,21.71
28.65,6.42,82.0,20.68,521.1,-75.76,0.005,-0.68,0.23,0.23,22.5
28.65,6.47,80.9,21.32,513.26,-76.21,0.01,-0.15,0.33,0.81,21.99
28.53,6.69,79.7,20.74,510.42,-75.57,0.004,0.49,0.42,0.83,21.82
28.76,6.32,79.5,20.91,519.02,-80.58,0.003,-1.13,-0.09,-0.46,21.27
28.64,6.19,81.9,20.12,503.53,-77.16,0.017,0.15,-0.38,-0.68,20.57
28.92,6.62,79.9,20.32,504.98,-77.92,0.008,-0.01,-0.37,0.08,21.48
28.76,5.32,79.3,20.75,493.76,-79.17,0.01,-0.35,-0.05,-0.27,21.39
28.69,6.08,81.1,20.85,481.96,-78.94,0.03,-0.36,0.15,0.01,21.38
28.63,5.73,80.0,20.34,487.5,-76.92,0.034,-0.19,0.62,-0.15,21.02
28.52,5.8,78.4,20.08,493.16,-78.72,0.001,0.76,-0.94,-0.28,20.72
28.54,6.05,81.7,19.66,492.93,-76.88,0.013,1.16,0.47,0.74,20.97
28.63,5.85,80.5,20.24,510.81,-77.17,0.013,-0.31,0.16,-0.17,21.3
28.62,5.74,78.8,20.0,491.74,-74.01,0.063,-0.1,1.25,0.03,20.95
28.58,6.12,81.1,19.01,502.25,-75.41,0.018,-0.1,0.13,-0.76,20.13
28.75,5.68,79.2,19.16,485.81,-75.03,0.013,0.28,0.93,1.22,20.53
28.77,6.15,79.1,19.84,486.9,-77.91,0.006,1.0,0.03,-0.8,20.29
28.66,5.75,79.3,19.37,476.74,-74.32,0.056,-0.26,0.2,-0.08,21.14
28.95,5.18,81.6,19.25,482.77,-75.31,0.063,0.25,0.13,0.45,20.38
28.52,5.98,81.8,19.54,495.79,-76.31,0.11,-0.03,0.03,-0.42,21.02
28.74,5.42,79.7,19.66,491.08,-78.31,0.065,-0.84,0.13,-0.06,20.48
28.72,5.83,81.6,20.0,501.08,-75.52,0.044,0.61,0.61,0.77,20.2
28.69,5.12,78.5,19.19,494.26,-76.54,0.02,0.4,0.74,-0.06,19.96
28.69,5.22,81.1,19.6,489.87,-77.08,0.039,0.7,0.24,0.36,20.18
28.78,5.2,81.5,19.07,515.99,-75.69,0.028,-0.67,0.52,-0.65,20.32
28.77,4.96,81.7,19.24,494.83,-76.6,0.042,0.25,-0.29,0.25,19.86
28.76,5.33,80.7,19.47,508.81,-76.18,0.037,0.53,0.66,1.2,20.56
28.67,5.47,81.2,19.35,494.73,-77.85,0.018,0.27,0.03,0.67,19.96
28.65,4.15,80.3,18.92,507.55,-78.34,0.019,0.37,0.65,0.67,19.73
28.82,5.03,81.0,19.58,511.6,-73.82,0.032,0.83,0.53,0.57,19.8
28.83,4.46,81.0,19.67,506.41,-77.81,0.06,-0.67,-0.53,0.02,20.15
28.87,3.9,81.0,20.25,482.93,-77.75,0.018,0.57,-0.11,-0.66,20.58
28.9,4.79,82.3,19.52,508.95,-76.93,0.014,-0.01,0.14,-0.53,21.05
28.88,4.74,81.7,19.53,523.5,-74.77,0.057,-0.91,-0.92,-0.05,20.33
28.93,4.75,83.0,19.6,519.04,-77.03,0.01,-1.35,-0.89,0.29,20.6
28.88,4.61,82.0,19.05,520.93,-76.31,0.074,-0.36,0.21,-0.26,20.48
29.19,4.73,83.7,19.11,502.08,-77.46,0.023,0.65,-0.41,0.52,19.7
28.93,4.25,83.1,19.58,515.06,-74.39,0.014,0.06,-0.48,0.04,20.76
29.01,4.47,82.2,18.85,529.47,-79.3,0.015,-0.07,0.64,0.09,20.66
28.99,4.57,82.6,19.31,532.67,-75.83,0.024,0.35,1.19,0.28,20.1
29.02,4.74,82.0,19.59,544.05,-73.33,0.012,0.09,0.1,-0.57,21.47
29.14,4.32,83.0,20.17,533.9,-76.67,0.045,-0.44,0.62,-0.45,21.11
29.15,4.22,82.3,19.98,542.97,-77.68,0.119,0.6,0.79,-0.21,20.28
29.14,4.25,84.3,19.42,542.75,-79.6,0.052,-1.04,-0.97,-0.05,21.24
29.19,3.89,83.2,20.01,536.49,-75.86,0.004,0.79,0.22,-0.09,22.32
29.16,4.46,83.9,20.31,527.69,-75.07,0.012,-0.97,0.81,0.06,21.2
29.33,3.78,82.0,20.43,558.53,-74.81,0.022,-0.21,0.65,0.18,21.57
29.56,4.33,83.9,20.63,560.04,-74.34,0.064,-0.78,0.24,-0.09,21.17
29.24,4.23,84.0,20.77,556.28,-75.47,0.019,-0.43,-0.29,1.07,21.32
29.42,3.74,85.3,20.65,550.52,-79.12,0.012,-0.63,0.66,-0.48,22.23
29.41,3.75,85.2,20.71,577.34,-74.94,0.045,0.51,0.06,0.07,21.97
29.52,3.95,85.8,20.72,572.79,-78.09,0.04,-0.11,0.09,0.9,22.25
29.56,4.1,85.6,21.04,585.51,-77.51,0.005,0.16,-1.07,-0.41,21.85
29.53,4.66,86.5,20.58,603.13,-75.89,0.005,-0.76,0.49,-0.61,22.24
29.53,4.19,86.0,20.89,567.69,-76.54,0.021,-0.35,-0.44,0.57,22.16
29.52,4.4,84.9,20.83,586.79,-78.42,0.059,0.56,0.0,0.59,22.56
29.51,4.64,86.1,21.34,596.43,-76.67,0.01,0.19,-0.06,-0.53,22.4
29.63,4.6,86.4,21.22,617.85,-81.39,0.03,-0.67,0.49,0.16,23.29
29.52,4.29,84.1,21.79,591.77,-76.08,0.017,-0.22,-0.67,0.6,22.62
29.64,4.11,86.1,21.57,632.36,-78.22,0.001,0.12,-0.24,-0.16,23.03
29.88,4.5,88.8,22.06,619.27,-74.62,0.019,1.15,-0.16,0.36,22.28
29.79,4.17,87.2,21.07,621.89,-78.19,0.03,0.68,-0.74,0.53,23.62
29.92,4.95,87.6,21.69,625.84,-75.95,0.06,1.3,0.83,0.5,22.82
30.02,4.7,86.2,22.41,628.45,-76.53,0.01,0.31,0.03,-0.02,23.18
29.86,4.54,87.1,22.22,648.29,-76.82,0.027,-0.18,-0.93,-1.12,23.09
29.94,4.67,88.8,22.72,632.15,-76.91,0.078,0.46,-1.34,-1.01,23.17
29.91,4.62,88.3,22.58,651.31,-77.48,0.028,1.17,0.25,0.18,24.29
29.89,4.5,88.1,22.31,649.04,-77.36,0.071,-0.59,-0.12,0.26,23.74
29.9,4.8,90.2,23.41,650.28,-77.33,0.027,-1.04,0.32,0.68,23.63
30.15,4.63,88.9,22.69,688.78,-78.95,0.028,-1.24,0.23,-0.05,23.76
30.11,5.34,88.6,22.81,672.12,-79.65,0.038,1.02,-0.41,-0.38,24.97
30.34,4.6,90.0,23.5,679.04,-79.53,0.042,0.54,-0.84,0.63,24.55
30.27,5.02,89.5,23.05,689.25,-79.39,0.021,0.18,0.67,0.38,24.83
30.1,4.68,89.8,23.06,668.6,-78.74,0.031,-0.34,0.02,-0.08,25.38
30.32,4.74,90.6,23.39,705.23,-78.03,0.036,0.41,-0.98,-0.85,25.41
30.21,4.5,90.4,24.1,667.49,-79.18,0.005,0.23,1.1,0.2,25.42
30.43,5.22,89.8,24.71,689.71,-77.99,0.011,-0.06,0.06,0.75,26.01
30.25,5.01,91.8,24.12,697.59,-79.53,0.067,-0.53,-0.87,0.89,25.15
30.21,5.56,92.3,24.01,712.72,-76.41,0.008,-0.34,-0.56,-0.02,25.71
30.27,5.42,91.6,24.85,713.76,-79.7,0.03,0.52,0.31,0.46,26.36
30.31,5.41,92.5,24.35,714.51,-80.02,0.002,-0.08,-0.82,-0.08,26.89
30.33,5.01,91.9,24.56,720.61,-81.08,0.052,0.87,-0.55,0.44,27.1
30.39,5.68,90.9,25.01,715.42,-78.51,0.027,0.59,-0.35,0.41,26.0
30.59,5.38,93.4,25.41,714.63,-78.76,0.021,-0.39,-0.01,-0.89,26.67
30.73,5.22,92.8,25.19,741.18,-78.09,0.041,-0.27,0.28,-0.03,26.99
30.38,5.85,93.2,25.19,745.09,-78.65,0.043,0.6,-0.0,-0.7,26.89
30.71,5.42,93.2,26.27,758.15,-80.68,0.008,0.7,-1.03,0.28,27.39
30.53,5.24,93.3,25.37,738.47,-82.65,0.112,0.14,0.63,0.01,28.17
30.65,6.33,93.7,25.55,757.26,-80.74,0.073,-0.6,0.09,0.17,27.06
30.43,5.85,93.9,25.75,751.36,-79.6,0.007,-0.14,-0.84,0.35,27.07
30.72,5.57,95.0,26.22,769.86,-81.41,0.012,-0.54,0.62,0.22,27.97
30.44,5.88,94.5,26.0,771.84,-82.08,0.014,0.9,0.08,0.25,27.68
30.73,6.03,95.2,26.59,767.27,-82.04,0.046,0.09,0.48,0.67,28.28
30.75,6.66,95.6,26.42,765.2,-79.8,0.012,-0.14,-0.14,-0.05,28.23
30.76,5.89,93.3,26.46,781.52,-82.38,0.033,-0.38,-0.7,0.28,28.22
30.66,6.07,95.7,26.5,781.57,-80.96,0.032,-1.27,-0.48,-0.57,28.15
30.84,6.84,95.4,26.82,771.33,-80.77,0.025,-0.25,0.1,-0.17,28.6
30.83,6.48,95.4,27.11,767.84,-81.39,0.029,0.01,-0.29,0.85,28.53
30.78,6.76,95.9,27.06,781.05,-83.36,0.008,-0.53,-0.38,-0.5,29.26
30.89,6.62,95.0,27.27,801.77,-82.95,0.005,0.47,-1.39,0.39,28.98
30.82,7.44,95.8,27.04,800.63,-85.06,0.012,-0.71,-0.76,0.62,28.55
30.9,6.52,94.6,27.17,780.46,-83.38,0.02,0.1,-0.44,0.1,29.74
30.83,7.06,94.4,27.53,782.17,-85.54,0.023,0.33,0.33,0.17,29.24
30.89,7.5,96.0,27.68,808.73,-81.53,0.006,-0.14,0.26,-0.64,30.24
30.94,7.0,95.6,27.76,786.61,-85.13,0.036,-0.63,0.22,0.51,29.4
30.83,6.95,95.7,27.64,804.9,-84.94,0.003,-0.08,0.47,-0.3,29.29
30.73,7.47,95.2,27.97,795.34,-83.91,0.13,-0.64,0.31,0.26,29.59
30.92,7.61,96.2,28.04,819.21,-84.4,0.047,-0.07,-0.72,0.23,29.76
31.04,7.13,95.6,28.08,796.73,-80.8,0.07,0.17,-0.14,-0.79,29.79
30.93,7.87,95.9,27.98,817.1,-82.08,0.019,-0.04,0.01,-0.02,29.73
30.94,7.5,95.6,28.47,808.6,-84.33,0.092,-0.47,0.48,-0.38,29.88
30.89,7.7,95.3,28.36,810.2,-81.76,0.125,-0.34,-0.64,0.04,30.8
30.99,8.05,95.8,28.17,788.75,-83.55,0.019,0.93,-0.33,0.6,30.11
30.88,7.88,96.9,28.46,787.05,-84.39,0.054,0.93,0.26,0.27,31.13
30.84,7.7,95.6,28.37,807.33,-85.83,0.033,-0.17,-0.1,0.1,30.75
31.03,7.55,95.9,28.63,812.31,-85.47,0.007,-0.38,1.0,0.32,30.37
30.83,8.61,95.8,29.19,798.73,-81.41,0.015,-0.08,-0.59,-0.43,30.71
30.99,7.61,95.4,28.79,799.09,-84.09,0.038,-0.75,0.56,0.39,30.28
31.01,7.98,96.9,28.86,815.42,-85.26,0.005,-0.42,-0.07,-0.05,30.96
30.94,8.08,94.8,29.33,815.1,-84.9,0.012,0.5,-0.26,-1.18,31.11
30.71,8.13,95.8,28.96,807.61,-84.91,0.012,0.65,0.47,0.74,30.85
30.86,8.63,95.1,29.05,816.15,-85.3,0.016,0.68,1.37,-0.07,30.43
30.82,8.04,96.2,28.98,795.81,-89.01,0.0,-0.86,-1.58,-0.33,30.9
30.77,8.03,95.7,28.82,803.04,-84.15,0.011,0.2,-0.37,1.07,30.4
30.84,8.55,96.5,29.13,821.97,-82.84,0.007,0.19,-0.89,0.18,30.14
30.9,8.07,96.0,29.58,804.91,-85.18,0.084,-0.35,0.09,-0.61,30.8
30.74,8.39,95.4,28.53,804.08,-85.02,0.054,0.7,-0.28,-0.38,30.05
30.75,8.21,95.9,28.84,824.31,-87.02,0.022,1.31,0.39,0.06,30.53
30.73,8.44,95.8,28.7,785.54,-86.45,0.003,-0.17,-0.98,0.7,30.84
30.88,8.39,94.3,28.74,805.64,-85.39,0.088,0.91,-0.7,-0.09,31.3
30.69,8.07,95.5,29.41,812.3,-85.77,0.015,-0.68,-0.31,0.21,30.4
30.55,7.64,95.0,28.92,790.26,-86.37,0.044,-0.13,-0.64,0.5,30.23
30.49,7.7,95.0,29.21,799.82,-84.61,0.008,0.09,-1.32,-0.25,30.92
30.71,7.65,94.2,28.7,778.97,-85.99,0.03,1.0,-0.13,-0.03,30.66
30.55,8.17,93.7,28.68,779.35,-85.47,0.017,-0.83,0.27,0.14,30.57
30.7,7.49,93.4,28.51,787.36,-87.18,0.021,1.02,-0.13,-0.33,29.9
30.43,8.14,91.3,29.34,788.66,-85.15,0.007,-0.93,0.95,-0.35,30.88
30.5,8.22,93.3,29.06,788.92,-88.06,0.062,0.57,-0.04,0.42,29.55
30.38,8.42,95.7,28.38,790.32,-86.57,0.035,0.08,0.31,0.58,30.41
30.57,8.3,94.2,29.09,770.73,-86.06,0.016,0.7,0.04,-0.04,30.76
30.57,8.4,93.6,28.55,780.01,-87.29,0.014,0.06,0.2,-0.05,30.25
30.51,8.24,93.9,28.74,761.2,-86.65,0.002,0.14,0.23,-0.09,30.03
30.31,7.99,92.7,28.53,770.08,-85.73,0.015,-0.53,0.57,-0.15,29.64
30.32,8.03,92.4,27.94,759.46,-85.75,0.008,0.84,-0.29,-0.35,29.74
30.41,7.78,92.3,28.08,758.07,-86.86,0.055,-0.16,-0.09,-1.03,30.77
30.15,8.07,91.7,28.77,753.97,-87.47,0.011,0.96,-0.05,-0.86,29.58
30.29,7.49,91.6,28.55,729.7,-86.26,0.026,-0.03,-0.08,0.48,29.89
30.47,8.25,91.9,27.77,730.44,-83.76,0.031,0.5,-0.49,0.79,29.27
30.24,7.61,91.7,28.12,738.54,-86.07,0.028,-0.86,-1.99,-0.48,29.38
30.05,7.9,92.5,27.88,716.39,-84.41,0.029,-0.2,-0.79,0.01,28.75
30.12,7.9,92.1,28.26,737.24,-86.64,0.046,-0.29,0.41,0.0,29.27
30.09,8.11,89.8,27.68,733.23,-86.5,0.018,-0.0,0.23,-0.14,29.03
30.39,7.21,90.5,27.38,723.3,-90.37,0.005,-0.91,0.1,-0.12,29.6
30.3,7.56,89.6,27.81,704.27,-87.25,0.02,0.12,0.24,0.3,28.6
30.15,7.77,88.2,27.85,724.66,-85.52,0.0,0.6,0.17,0.8,28.64
29.99,8.08,90.1,27.46,726.56,-86.58,0.039,0.66,1.18,0.2,29.05
30.14,7.49,90.3,27.41,702.92,-87.12,0.003,0.4,0.01,0.3,28.54
29.82,7.26,89.6,26.67,701.77,-86.9,0.01,-0.47,0.7,0.01,28.35
30.05,7.99,89.7,26.52,693.85,-84.34,0.013,0.8,0.47,0.47,28.21
30.0,7.56,88.8,26.37,692.27,-87.9,0.058,-0.35,-0.27,0.42,27.75
29.84,7.67,88.0,27.08,680.86,-85.39,0.044,0.61,-0.55,-0.22,27.83
29.96,6.83,88.3,26.45,676.77,-84.47,0.06,-0.13,-0.19,0.25,27.89
29.73,7.28,89.4,26.74,681.2,-85.85,0.152,1.31,-0.06,-0.29,27.24
29.6,6.73,88.4,26.11,690.62,-88.18,0.025,-0.08,-0.26,-0.07,27.14
29.84,6.6,86.6,26.18,648.15,-85.88,0.005,-0.03,-0.06,-0.6,27.9
29.67,7.09,87.7,25.76,656.1,-85.97,0.021,-0.21,-0.5,1.24,27.46
29.72,7.04,88.3,25.79,640.31,-84.45,0.057,-0.28,-0.21,1.36,27.22
29.83,6.63,87.7,25.17,663.0,-86.94,0.011,-0.19,0.03,0.36,26.73
29.5,7.13,87.8,25.51,636.18,-89.87,0.026,-0.11,-0.08,0.27,26.88
29.53,6.52,85.4,25.33,622.61,-88.06,0.005,0.15,0.14,0.0,25.67
29.7,6.48,86.4,24.74,638.42,-86.84,0.005,-0.69,-0.28,-0.49,25.99
29.56,6.47,85.8,25.33,644.5,-86.48,0.028,1.59,-0.33,-0.33,26.56
29.36,6.33,86.3,25.24,628.73,-85.23,0.087,0.53,0.07,0.25,25.88
29.3,6.72,84.9,24.65,619.21,-86.52,0.009,0.01,0.48,0.49,25.9
29.32,5.94,84.7,24.31,616.35,-87.12,0.034,-0.81,-0.03,-0.23,25.96
29.26,5.96,85.1,25.19,621.54,-87.47,0.046,-0.76,0.14,0.47,25.36
29.35,5.75,84.1,24.52,593.82,-86.41,0.009,0.69,0.15,-0.4,25.25
29.3,6.6,84.9,23.45,596.67,-85.83,0.008,0.23,-0.05,0.13,25.19
29.29,5.86,82.8,23.98,588.54,-85.64,0.049,-0.95,0.4,0.35,25.23
29.13,5.65,85.1,23.75,576.72,-84.92,0.002,-0.29,0.03,1.04,24.35
29.19,5.72,81.8,23.58,580.5,-85.43,0.012,-0.68,0.79,0.41,24.96
28.92,5.99,84.5,24.06,590.32,-88.03,0.022,0.67,-0.37,-0.33,24.67
29.16,5.86,83.1,23.62,580.44,-87.68,0.009,0.64,0.1,-0.03,24.56
29.26,5.42,82.2,23.61,576.82,-86.18,0.003,0.06,-0.14,-0.54,24.06
28.92,5.4,83.3,23.19,567.52,-86.03,0.068,-0.03,-0.23,0.49,24.18
29.12,5.01,83.7,23.39,567.05,-83.26,0.018,0.66,-0.39,-0.03,24.43
28.96,5.42,83.7,22.81,549.66,-86.61,0.005,0.87,0.41,-0.2,24.16
29.11,5.69,83.5,22.88,550.51,-84.4,0.106,-0.18,0.18,-0.3,24.22
29.01,5.07,81.7,22.82,551.56,-82.69,0.071,0.33,0.96,-0.44,23.22
29.02,5.37,82.4,22.29,548.55,-83.96,0.01,0.1,-0.01,-0.34,23.7
28.95,4.94,80.6,21.64,545.22,-83.44,0.001,-0.44,0.47,0.8,23.03
29.08,4.72,81.9,21.64,536.98,-82.58,0.012,-0.31,-0.34,-0.01,22.23
28.94,5.19,82.0,22.91,531.04,-84.01,0.003,-0.5,-0.07,0.93,23.36
28.8,5.63,81.3,22.19,562.96,-83.32,0.017,0.11,-0.66,-0.27,23.16
28.88,5.04,79.9,22.07,537.14,-84.3,0.025,-0.04,0.16,0.63,23.3
28.8,4.69,80.8,22.2,529.01,-81.48,0.002,0.17,0.5,-0.43,21.99
28.85,4.66,82.7,21.18,519.47,-83.63,0.115,0.71,0.88,0.65,22.5
28.76,5.29,81.3,21.19,514.35,-85.14,0.021,-0.06,-0.08,0.5,22.22
28.72,4.76,80.5,20.94,514.74,-85.19,0.032,0.82,0.07,-0.01,22.64
28.81,4.39,80.7,22.03,516.29,-84.57,0.009,-0.19,0.6,-0.72,21.5
28.78,4.55,81.0,20.74,492.01,-86.01,0.027,-0.05,0.88,0.35,21.84
28.89,4.59,79.3,21.42,492.71,-81.35,0.02,0.19,-0.25,0.08,21.86
28.7,4.63,79.3,20.64,499.77,-81.22,0.058,0.58,0.63,-0.42,22.0
28.5,4.9,79.8,20.79,506.08,-81.93,0.007,0.11,0.25,0.62,21.76
28.69,4.8,79.9,21.1,499.63,-83.09,0.0,-0.08,0.19,0.17,21.48
28.53,4.44,81.7,20.66,514.96,-84.61,0.006,0.56,0.97,0.09,21.26
28.77,4.34,80.3,20.41,483.67,-83.77,0.008,-0.56,-1.08,0.01,21.25
28.51,4.44,79.7,21.16,489.44,-82.02,0.017,0.41,-0.42,-0.41,21.5
28.59,4.12,80.2,19.64,510.76,-83.24,0.014,0.36,-0.25,0.07,20.78
28.66,4.57,78.5,19.86,495.64,-82.52,0.01,0.42,0.34,-0.05,20.93
28.89,4.2,79.3,20.0,502.09,-84.31,0.01,0.54,-0.58,0.57,20.85
28.57,4.39,79.4,20.4,512.82,-83.72,0.007,0.22,0.36,-0.41,20.03
28.7,4.74,79.2,19.79,484.6,-82.94,0.002,1.59,-0.38,0.34,20.01
28.77,4.38,81.0,20.23,489.93,-80.3,0.045,0.21,0.36,-0.44,20.13
28.88,4.28,80.5,19.23,487.74,-81.49,0.001,-0.43,-0.05,-0.06,20.58
28.8,4.05,79.0,20.17,470.61,-82.82,0.03,-0.01,1.1,0.13,20.81
28.84,4.18,79.0,20.03,486.91,-82.09,0.059,-0.31,-0.64,-0.03,20.31
28.82,3.86,79.0,19.29,498.84,-79.32,0.014,-0.29,0.41,0.45,19.86
28.58,4.36,79.9,19.6,495.6,-80.2,0.028,-0.27,0.2,-0.1,20.84
28.77,3.57,80.3,19.48,496.72,-82.64,0.03,0.45,-0.16,0.3,20.54
28.84,4.51,80.5,19.69,487.26,-80.77,0.004,-0.95,0.26,-0.04,20.3
28.63,4.45,79.4,19.91,485.1,-80.66,0.008,-0.89,-0.34,-0.33,20.46
28.69,4.27,80.2,19.23,505.15,-79.58,0.007,-0.75,0.08,0.63,19.92
28.67,4.1,80.3,19.58,488.44,-82.31,0.004,-0.09,-0.35,0.7,20.74
28.87,4.28,81.4,19.52,497.46,-81.15,0.033,-0.91,0.11,0.1,20.44
28.79,3.77,81.2,19.46,497.42,-78.78,0.019,-0.32,0.21,-0.44,20.24
28.77,4.58,79.5,19.92,511.81,-79.03,0.014,0.77,-0.08,-0.09,20.16
28.67,4.31,79.2,19.46,508.48,-80.94,0.06,0.13,0.37,-0.05,20.33
28.83,4.84,80.8,18.98,487.53,-79.22,0.089,-0.65,-0.18,0.32,20.5
28.79,4.54,80.5,19.66,490.47,-80.47,0.02,0.19,0.16,0.78,19.63
28.91,4.53,80.3,19.97,510.14,-79.08,0.056,0.77,-0.7,0.89,20.03
28.76,4.62,80.6,19.48,505.86,-78.36,0.074,0.02,-0.26,-0.2,20.23
28.94,4.24,81.8,19.92,504.24,-80.48,0.011,-0.36,-0.08,0.3,20.24
28.89,4.44,80.3,19.32,521.39,-79.81,0.001,-0.03,0.88,0.49,20.14
28.81,4.66,83.1,19.64,515.67,-79.0,0.039,-0.89,0.13,0.1,20.78
28.82,4.58,81.2,18.98,517.03,-79.76,0.011,-0.65,0.05,0.17,20.23
28.87,4.55,82.5,19.35,527.14,-79.81,0.001,-0.39,0.55,0.66,20.13
29.01,4.69,81.6,19.67,518.56,-78.24,0.015,-0.39,-0.52,-0.3,20.42
29.07,4.84,81.1,19.89,541.08,-77.04,0.02,-0.2,0.29,0.22,21.27
29.11,5.58,82.4,19.86,520.73,-79.41,0.015,-0.61,0.27,0.43,20.74
29.15,4.84,81.7,20.21,538.52,-79.55,0.01,0.44,-0.34,-0.61,20.6
29.04,4.8,83.0,19.29,549.74,-79.57,0.059,0.14,0.33,-0.8,20.74
29.29,5.01,83.0,20.4,525.19,-78.34,0.021,-0.19,-0.82,0.2,20.25
29.14,5.57,82.7,19.7,539.2,-76.08,0.047,0.0,0.29,0.87,20.95
29.28,5.66,83.6,19.6,557.84,-78.58,0.012,-0.25,1.05,0.2,21.21
29.23,5.84,84.5,20.47,561.87,-75.89,0.011,-0.87,0.47,-0.13,21.38
29.33,5.34,83.8,19.79,552.56,-78.5,0.048,-0.33,0.03,-0.09,21.23
29.29,5.58,83.5,20.76,551.0,-79.64,0.072,-0.82,-0.34,-0.03,21.1
29.39,5.14,84.6,19.59,572.07,-75.02,0.039,-0.31,1.05,0.75,21.86
29.37,5.42,84.9,20.18,578.6,-77.69,0.012,-0.11,-1.37,0.23,21.45
29.5,5.27,84.5,20.85,559.45,-75.97,0.084,-0.61,-0.32,0.77,21.32
29.34,5.81,86.1,20.88,563.47,-76.07,0.041,0.13,-0.1,0.73,21.52
29.26,5.76,85.0,19.83,582.25,-76.24,0.028,0.55,-0.36,0.53,21.81
29.39,5.89,86.7,20.62,590.84,-77.47,0.022,1.14,-0.24,-0.84,21.95
29.67,5.64,85.2,20.36,586.18,-76.4,0.03,0.4,0.7,0.43,21.97
29.55,6.22,86.6,21.12,600.64,-77.33,0.001,0.7,-0.25,-0.04,22.44
29.62,5.32,86.0,21.21,591.48,-78.98,0.032,-0.1,0.27,-0.4,22.41
29.51,6.04,86.7,21.22,582.22,-77.36,0.01,-0.71,-0.05,-0.18,22.94
29.68,6.16,85.1,21.4,603.96,-75.54,0.016,-0.72,-0.34,-0.13,22.75
29.59,5.66,88.7,21.17,613.7,-75.08,0.026,-0.14,0.83,0.47,22.72
29.64,6.46,87.4,21.43,615.22,-75.01,0.011,-0.09,-0.24,-0.52,22.8
29.73,6.37,88.3,22.19,611.33,-76.57,0.007,0.57,0.73,-0.65,22.99
29.87,6.66,86.6,21.78,609.73,-74.59,0.007,-0.3,0.58,-0.34,22.86
29.91,7.17,88.1,21.88,627.73,-77.9,0.106,0.04,-0.56,0.36,23.35
29.95,6.74,88.0,22.62,646.86,-72.39,0.005,0.02,-0.04,-0.57,23.78
29.73,7.01,87.6,21.94,655.46,-76.38,0.041,-0.82,1.32,-0.98,24.06
29.95,7.2,89.7,23.01,659.8,-76.15,0.082,0.24,-0.31,-0.23,23.97
29.96,7.01,89.1,23.19,644.79,-78.05,0.067,-0.55,0.39,-0.27,25.41
29.83,6.67,89.2,22.43,646.44,-76.91,0.023,-0.44,0.43,0.18,24.34
30.05,6.51,89.9,23.25,667.95,-75.1,0.014,-0.0,-0.3,0.34,23.68
30.06,7.18,89.0,22.31,674.34,-75.36,0.019,-0.41,0.42,0.14,24.7
30.18,7.02,90.1,23.25,676.98,-78.26,0.001,0.59,-0.84,0.52,25.14
30.16,7.59,90.2,23.01,657.8,-75.62,0.033,0.56,0.53,0.22,24.75
30.12,7.12,90.5,23.69,674.21,-78.57,0.028,-0.22,0.07,0.07,24.43
30.33,7.33,91.5,23.78,687.48,-74.2,0.017,0.15,-1.2,-0.66,24.46
29.98,7.04,90.6,23.72,697.51,-74.16,0.111,1.02,-0.19,-0.32,25.3
30.27,7.35,90.7,23.58,705.14,-77.56,0.006,-0.59,-0.88,-0.71,25.1
30.1,7.23,90.9,24.44,703.68,-75.69,0.026,0.01,-0.53,-0.58,25.59
30.23,7.31,91.1,24.26,710.27,-78.12,0.025,-0.72,-0.23,0.18,25.68
30.43,7.6,92.7,24.17,712.48,-76.67,0.003,0.15,0.4,-0.39,26.58
30.25,7.49,92.0,24.39,723.1,-75.62,0.019,-1.27,-0.68,0.57,26.49
30.26,8.51,93.1,24.69,723.91,-75.85,0.001,0.1,-0.25,1.1,26.09
30.74,8.02,92.7,24.83,725.92,-75.55,0.017,0.41,-0.72,-0.64,26.31
30.32,8.14,92.0,25.13,726.97,-75.76,0.001,-0.19,-0.51,0.74,27.01
30.71,7.82,91.7,25.5,734.79,-75.5,0.005,0.06,0.88,0.13,26.85
30.52,7.93,91.9,25.68,743.06,-77.0,0.019,-0.66,0.16,0.06,27.08
30.5,7.81,92.5,25.38,745.04,-76.36,0.041,0.1,-0.83,-0.65,27.59
30.65,8.76,94.3,25.75,750.23,-76.05,0.021,0.54,0.7,-0.96,26.96
30.77,7.97,94.7,25.68,763.81,-76.41,0.023,0.73,0.66,-0.11,27.8
30.5,7.86,93.9,26.31,756.9,-72.12,0.014,-0.27,-0.17,0.59,27.41
30.59,7.84,94.7,25.98,751.52,-76.07,0.028,-0.58,0.5,-0.1,26.82
30.78,8.19,93.7,26.21,770.5,-78.32,0.052,-0.88,0.99,-0.56,27.4
30.73,8.54,93.8,26.3,751.55,-77.93,0.072,0.73,0.05,-0.02,27.64
30.85,8.46,95.1,26.6,757.83,-75.97,0.152,-0.35,-0.54,0.53,28.69
30.8,7.93,94.7,26.79,775.31,-76.57,0.042,-0.32,0.48,0.17,28.24
30.97,7.93,95.3,27.19,780.31,-76.71,0.004,-1.35,-0.39,-0.04,28.31
30.79,8.55,94.9,27.25,765.77,-78.84,0.005,-0.19,-0.4,0.31,29.16
30.81,8.82,94.7,26.97,777.33,-78.61,0.021,1.67,-0.53,-0.04,28.38
30.84,8.15,94.9,27.06,777.91,-78.3,0.034,1.14,0.39,0.76,28.66
30.8,8.56,95.5,27.12,781.79,-78.16,0.004,0.03,0.62,0.1,28.96
30.93,7.76,95.5,27.66,798.64,-78.76,0.015,0.82,-0.19,-0.36,29.04
30.87,7.94,94.7,27.51,798.68,-75.78,0.026,-0.4,0.73,0.48,29.32
30.94,7.89,95.4,28.4,793.69,-76.64,0.007,0.92,-0.24,-1.22,29.51
30.97,8.31,94.4,27.62,790.55,-75.7,0.036,0.13,-0.07,0.18,29.07
30.92,8.12,95.4,28.28,784.5,-75.05,0.012,0.41,-0.56,-0.25,28.76
30.94,8.23,95.0,28.38,814.03,-76.78,0.009,-0.32,-0.31,-0.39,29.77
30.76,8.51,93.4,28.47,807.44,-78.4,0.002,0.31,0.62,-0.38,28.97
30.82,7.93,97.6,27.92,795.99,-76.12,0.034,1.84,-0.32,-0.41,29.93
30.99,8.13,95.3,28.09,811.64,-79.41,0.007,0.62,-0.49,-0.27,30.19
31.07,7.68,95.2,28.15,804.98,-78.33,0.004,-0.33,-0.57,-0.42,30.43
30.67,8.4,97.3,28.8,803.9,-77.93,0.011,-1.3,-1.1,-0.12,30.01
30.83,8.35,95.0,28.21,812.05,-77.41,0.039,-0.42,-0.59,0.01,30.94
30.9,8.1,94.8,28.24,801.05,-76.02,0.01,0.06,-0.87,-0.58,29.65
30.79,7.99,95.8,28.75,805.65,-79.22,0.001,-0.34,-0.41,-0.51,30.86
30.8,7.77,95.6,28.11,810.76,-80.03,0.028,0.08,-0.15,-0.15,30.03
30.95,7.46,95.5,28.9,804.85,-75.81,0.026,-0.11,-0.17,0.25,30.41
31.08,7.93,95.2,28.29,816.68,-76.71,0.061,0.61,0.12,-0.67,30.51
30.64,8.02,95.8,28.59,828.66,-73.83,0.005,-1.09,0.25,-0.56,31.03
30.86,8.35,97.2,29.19,802.26,-80.75,0.089,-0.07,-0.62,0.14,30.1
30.93,7.58,94.6,28.63,792.82,-78.33,0.002,0.25,0.78,-0.14,31.43
30.96,7.73,96.5,28.97,788.97,-80.87,0.025,-1.53,0.41,-0.42,29.75
30.89,7.93,97.0,29.32,806.83,-76.33,0.046,-0.62,0.49,-0.41,30.61
31.05,7.88,95.2,28.53,800.91,-81.71,0.043,0.71,-0.02,-0.4,30.89
30.83,7.29,95.9,29.01,808.66,-80.48,0.032,-0.04,0.47,-0.52,31.09
30.98,7.34,95.4,29.2,806.8,-78.73,0.099,0.28,1.13,0.55,30.12
30.73,7.2,94.1,28.49,788.18,-79.09,0.017,-0.5,0.59,-0.36,29.91
30.8,7.03,96.3,28.63,784.64,-79.48,0.032,-0.7,0.4,-0.29,31.22
30.63,7.68,95.3,29.56,804.18,-78.87,0.004,-0.01,-1.32,0.43,30.79
30.87,7.19,94.7,28.6,800.86,-78.1,0.013,0.85,0.38,-0.41,29.93
30.73,7.08,93.8,28.87,793.39,-79.17,0.004,-0.26,0.18,0.77,30.47
30.76,7.11,95.3,28.28,779.06,-80.55,0.025,-0.03,-0.32,-0.1,30.36
30.67,6.98,94.9,28.7,798.2,-81.33,0.064,0.23,-0.38,0.64,31.09
30.75,6.83,95.1,29.22,803.91,-79.76,0.013,0.56,0.46,-0.05,30.46
30.71,6.59,94.9,29.27,791.53,-79.67,0.036,0.43,0.92,0.52,30.5
30.52,7.22,93.7,29.18,777.71,-79.58,0.009,0.57,-0.08,0.75,30.43
30.5,6.51,91.5,28.86,783.92,-81.07,0.024,-0.8,-0.29,0.19,31.16
30.59,6.33,94.0,28.46,766.98,-83.33,0.005,0.08,-0.55,-0.24,30.81
30.65,6.51,93.7,28.93,788.25,-79.95,0.0,-0.08,-0.93,-0.36,30.67
30.77,7.1,93.8,28.59,775.4,-81.8,0.14,-0.33,-0.06,0.23,30.41
30.55,6.13,94.7,28.13,753.68,-80.94,0.055,-0.35,0.43,0.05,30.35
30.61,6.52,93.3,28.65,765.02,-81.2,0.03,0.73,0.3,-0.37,29.84
30.27,6.16,93.7,29.02,769.21,-83.46,0.009,-0.63,-0.58,0.56,30.48
30.68,6.23,93.2,28.9,757.68,-81.62,0.041,-1.21,0.31,-0.08,29.9
30.48,6.36,91.6,28.86,754.58,-81.21,0.003,-0.42,-0.12,-0.76,29.46
30.37,5.49,91.5,28.48,741.32,-80.64,0.03,-0.78,-0.85,-0.05,29.83
30.33,5.66,93.3,27.97,755.34,-84.82,0.049,0.48,-1.14,-0.12,29.8
30.19,6.13,91.4,28.42,739.21,-84.45,0.034,-0.09,0.12,0.27,30.24
30.19,5.81,92.2,28.18,720.06,-83.12,0.043,0.44,0.98,-1.39,29.95
30.49,5.77,90.9,27.95,733.74,-82.88,0.002,-0.43,-1.12,-0.84,29.11
30.11,5.85,92.1,28.18,743.02,-85.05,0.001,-0.54,0.21,0.76,29.81
30.07,5.3,91.4,28.01,725.0,-83.66,0.017,0.78,-0.06,-0.02,28.25
30.08,5.81,90.8,27.54,741.84,-84.75,0.047,0.11,-0.11,-0.1,29.34
29.98,5.67,91.3,27.42,724.26,-84.67,0.011,-0.04,0.33,0.26,28.78
30.1,5.43,90.7,27.14,718.81,-83.01,0.04,-0.19,-0.46,-0.52,28.37
30.19,5.43,89.7,27.53,709.52,-84.06,0.002,-0.6,0.45,-0.14,28.34
29.95,5.57,90.1,27.64,705.44,-85.14,0.032,-0.27,0.52,-0.01,29.27
29.83,4.98,90.3,27.0,698.75,-82.33,0.077,0.18,0.57,-0.58,28.73
29.99,5.29,90.4,26.71,693.58,-84.75,0.018,0.95,0.42,-0.28,28.57
29.92,5.55,89.2,27.14,697.08,-81.7,0.002,0.24,-0.48,-0.9,28.67
30.01,5.16,90.5,27.39,677.54,-86.61,0.038,-0.95,-0.17,0.62,28.05
29.8,4.84,88.2,27.41,671.23,-83.01,0.065,0.11,-0.57,-0.49,28.55
29.79,5.55,87.3,27.11,665.82,-84.16,0.014,0.24,-0.25,-0.38,27.77
29.77,4.87,87.2,26.44,692.54,-84.68,0.014,0.88,-0.25,0.58,26.45
29.76,5.17,88.0,26.0,672.4,-84.69,0.012,0.4,0.43,0.07,28.2
29.67,4.57,87.8,26.39,665.13,-84.53,0.003,-0.22,-0.03,-0.06,26.23
29.62,4.97,87.7,26.02,646.49,-84.35,0.011,0.06,-1.02,-0.19,27.15
29.43,4.44,86.8,25.83,658.28,-82.78,0.017,-0.34,0.19,0.07,27.4
29.55,4.65,88.8,26.43,645.85,-85.03,0.016,0.08,-0.17,-0.65,26.0
29.67,4.33,88.0,26.1,644.14,-83.08,0.007,1.68,0.52,0.89,26.73
29.65,5.05,85.6,25.7,627.21,-85.49,0.024,0.35,0.3,-0.6,26.56
29.46,4.37,86.2,25.29,633.58,-85.0,0.023,-1.36,-0.37,-0.11,26.83
29.64,4.07,86.1,25.18,622.75,-85.58,0.014,-0.02,0.14,-0.73,26.5
29.44,4.4,86.4,24.49,614.37,-87.95,0.082,0.74,0.93,0.84,25.61
29.25,4.5,84.4,25.25,624.43,-86.63,0.101,0.37,-1.07,-0.63,25.72
29.18,4.31,84.0,25.19,596.81,-83.17,0.034,0.24,0.37,-0.45,25.39
29.5,4.05,84.1,24.32,612.97,-86.91,0.01,0.34,-0.5,0.39,24.91
29.28,4.58,86.1,24.21,609.35,-84.51,0.084,-0.1,-0.75,-0.17,25.23
29.14,4.63,84.1,24.62,588.93,-89.04,0.038,-0.01,-0.06,-0.9,25.92
28.99,3.74,85.1,24.02,584.8,-86.48,0.017,-0.14,-0.1,0.04,25.34
29.18,3.96,84.7,24.38,586.1,-85.32,0.063,-0.04,0.01,0.33,25.17
29.25,4.17,83.8,23.56,586.55,-86.12,0.005,-0.16,-0.03,-0.06,24.36
29.09,4.05,84.4,23.57,577.66,-85.56,0.033,0.2,-0.58,-0.42,23.9
29.02,4.36,82.6,23.71,579.05,-89.93,0.01,0.88,0.47,-0.16,24.75
29.05,4.75,83.0,23.27,587.94,-87.8,0.024,-0.9,-0.27,0.35,24.76
29.24,4.09,81.4,23.1,560.92,-87.27,0.01,0.13,1.14,0.92,24.26
28.9,4.68,83.0,22.94,544.61,-87.92,0.026,0.32,0.35,-0.17,24.35
28.96,3.77,82.1,23.18,565.87,-86.64,0.017,0.33,0.56,-0.06,23.75
29.16,4.36,84.3,23.13,570.39,-89.24,0.026,-0.5,0.11,0.47,23.75
29.05,4.06,82.4,22.82,553.52,-87.08,0.002,-0.3,1.13,0.31,23.29
28.99,4.39,82.9,22.27,534.85,-83.71,0.0,0.58,0.46,0.47,23.58
28.87,3.74,82.6,22.85,540.73,-87.22,0.046,0.12,0.79,-0.3,23.2
28.93,3.9,81.8,22.32,527.13,-89.18,0.01,-0.07,0.41,-0.28,23.37
28.84,4.45,82.5,22.46,541.2,-85.25,0.036,-0.22,0.12,-0.42,23.3
28.78,4.15,81.6,21.51,517.82,-87.69,0.001,0.29,-0.06,-0.53,22.71
28.73,4.27,81.8,22.24,525.02,-89.16,0.033,-0.06,0.17,-0.13,22.91
28.94,4.95,83.2,21.57,514.79,-87.17,0.038,0.6,-0.07,0.02,22.29
28.82,4.47,81.3,21.42,523.03,-87.72,0.037,-0.53,0.57,-0.88,23.16
28.85,4.74,80.6,21.59,515.16,-86.75,0.057,-0.18,0.17,0.02,22.87
28.82,4.28,80.3,20.61,517.78,-86.91,0.06,0.77,0.48,-0.45,22.3
28.84,4.15,80.7,21.33,513.55,-86.19,0.007,0.03,0.33,0.14,21.75
28.74,4.57,80.8,20.99,500.91,-86.75,0.026,-0.84,-0.19,0.26,22.03
28.7,4.19,80.6,21.47,514.64,-83.59,0.001,1.01,-0.41,-0.18,21.33
28.65,4.48,79.2,20.96,505.62,-88.03,0.003,0.16,0.57,0.27,21.87
28.57,4.81,78.6,20.41,494.09,-89.06,0.016,0.4,0.42,-0.46,20.74
28.6,4.76,79.6,20.37,524.4,-88.42,0.001,-0.47,-0.27,0.03,21.06
28.68,4.95,80.3,19.69,504.92,-85.31,0.013,-0.32,-1.21,-0.55,21.53
28.52,5.08,80.3,21.31,496.94,-89.53,0.031,-0.16,0.39,0.35,21.85
28.55,4.6,80.5,19.49,511.08,-85.57,0.051,-0.5,0.75,-0.23,21.34
28.83,4.74,80.4,20.09,513.96,-83.77,0.017,-0.24,-0.54,-0.25,20.98
28.73,4.43,79.7,20.45,492.86,-84.9,0.02,-0.61,0.26,-0.44,20.63
28.65,5.03,79.2,20.62,496.7,-87.61,0.0,-1.12,0.73,0.92,20.73
28.97,5.43,80.4,20.67,482.42,-85.93,0.06,-0.82,-0.41,-0.54,20.16
28.5,5.72,80.2,19.93,490.06,-85.57,0.124,-0.52,-1.15,-0.15,20.63
28.82,5.4,79.1,20.07,488.92,-87.52,0.018,-0.27,0.78,-0.13,21.61
28.69,5.82,80.5,19.72,492.3,-88.47,0.011,-0.28,-0.94,-0.49,20.71
28.8,5.6,80.8,19.22,493.48,-86.89,0.006,0.18,0.1,-0.71,20.77
28.72,5.59,80.7,19.35,495.61,-85.43,0.039,0.88,0.33,-0.3,19.81
28.49,5.44,80.8,19.06,492.4,-84.72,0.016,-0.22,-0.16,0.27,21.07
28.73,4.98,79.5,19.72,478.09,-86.52,0.012,-0.4,1.29,0.44,21.07
28.77,6.14,80.8,19.45,481.15,-86.93,0.027,0.73,0.07,0.14,20.51
28.47,5.83,80.1,19.47,485.56,-86.74,0.05,0.01,0.31,-0.85,20.64
28.98,6.34,81.9,19.74,488.84,-83.63,0.037,-0.04,-0.22,-0.12,20.1
28.8,5.71,81.0,19.56,502.97,-86.16,0.05,0.52,0.22,0.98,20.23
28.85,6.8,80.7,19.68,481.79,-85.31,0.023,-0.52,0.26,-0.08,21.4
28.64,6.07,81.8,20.06,490.96,-84.58,0.026,-0.33,-0.14,-0.53,20.12
28.88,6.01,80.1,19.14,505.33,-86.63,0.0,-0.06,-0.55,-0.37,21.03
28.94,6.23,81.1,18.75,494.22,-87.14,0.017,0.96,-0.81,-0.27,21.12
28.86,6.42,82.5,19.2,503.39,-85.82,0.049,-1.18,-0.43,0.35,20.48
28.84,6.42,81.5,19.33,499.11,-87.18,0.029,0.08,1.01,-0.3,20.26
28.75,6.37,81.1,19.56,504.94,-86.71,0.035,-0.49,-1.03,0.62,19.79
28.85,6.05,80.9,19.67,502.09,-88.96,0.005,-0.96,0.97,-0.21,20.56
28.84,6.43,80.4,19.06,513.2,-84.24,0.074,-0.4,1.11,0.1,20.37
28.99,7.06,81.1,19.02,493.38,-87.01,0.041,-0.0,-0.02,-0.51,20.35
28.84,6.55,80.8,19.95,507.63,-83.76,0.068,0.02,0.92,0.47,20.24
29.03,6.37,81.5,19.61,516.8,-86.94,0.01,-0.38,-0.02,0.11,20.59
28.88,6.64,81.7,19.65,521.88,-87.45,0.026,0.34,-0.23,1.15,20.7
28.98,7.0,82.8,19.66,534.31,-87.91,0.049,-1.05,-0.41,-0.03,20.54
29.11,6.86,81.8,19.66,518.44,-88.54,0.016,-0.31,-0.22,-0.39,21.08
28.97,7.08,81.8,19.58,540.23,-82.77,0.012,0.49,0.32,0.07,20.66
29.16,6.98,83.2,19.46,522.07,-83.84,0.016,0.36,-0.03,-0.31,20.67
29.18,7.59,83.2,19.57,545.28,-84.64,0.03,1.29,-0.28,0.66,20.35
29.1,7.5,82.7,20.58,543.62,-82.7,0.014,0.45,-0.7,-1.55,20.79
29.3,8.08,83.5,20.52,529.87,-86.03,0.007,-0.81,-0.88,0.13,20.92
29.2,7.36,83.0,20.28,545.75,-86.06,0.021,0.6,-0.77,0.17,20.05
29.35,7.44,83.3,20.0,545.95,-84.21,0.002,-0.28,-0.44,-0.43,21.32
29.47,7.94,84.9,20.3,556.6,-85.15,0.071,0.91,2.08,0.53,21.57
29.25,7.75,83.8,19.69,552.1,-82.34,0.081,0.76,0.68,0.34,22.18
29.39,7.41,83.8,20.62,555.33,-79.46,0.124,-0.87,0.82,0.14,21.02
29.27,7.9,84.3,20.27,576.26,-82.3,0.042,0.16,0.04,-0.95,21.46
29.25,7.9,83.0,20.46,565.84,-83.35,0.049,-0.15,-0.63,-0.53,21.79
29.38,7.29,84.6,20.58,579.42,-83.62,0.055,-0.19,-0.99,0.98,21.69
29.28,7.68,85.2,20.58,573.32,-81.08,0.006,1.06,0.28,0.0,21.53
29.36,7.97,86.8,21.03,596.72,-83.33,0.007,0.07,-0.08,0.71,21.36
29.58,8.38,85.5,21.41,577.83,-82.46,0.051,0.57,-0.09,-0.72,22.1
29.48,8.19,86.1,21.26,583.09,-84.68,0.016,0.39,-0.47,-0.49,22.68
29.66,7.85,86.2,21.1,609.16,-83.81,0.047,-0.13,-0.17,-0.24,22.32
29.64,7.84,88.0,20.82,594.2,-82.17,0.005,0.13,-1.04,0.17,22.43
29.86,8.32,87.2,21.33,619.44,-81.01,0.002,-0.97,-0.47,0.5,22.74
29.74,7.37,85.5,21.41,617.18,-82.94,0.015,-0.28,-0.2,-0.26,23.02
29.84,7.88,87.9,21.85,611.59,-81.79,0.01,-0.06,0.65,0.91,22.99
29.79,8.56,86.4,21.46,599.91,-83.91,0.05,-0.08,-0.29,0.29,22.51
29.82,8.25,86.9,21.51,622.79,-81.61,0.075,-0.1,0.77,-0.19,23.33
29.95,7.94,86.7,22.05,628.97,-80.45,0.032,-0.39,-0.05,-0.01,23.04
29.93,7.82,89.4,22.4,644.61,-81.9,0.003,-0.13,-0.69,-0.04,23.15
29.91,8.44,89.1,22.27,653.83,-82.06,0.0,-0.89,-0.2,0.0,23.16
29.94,8.22,89.4,22.7,636.11,-82.38,0.045,1.16,0.43,-0.32,23.71
30.02,8.13,89.5,22.05,656.0,-82.24,0.062,-0.78,0.36,-0.19,23.69
29.9,8.31,89.5,22.81,660.67,-79.38,0.089,-0.22,-0.5,-0.17,23.94
29.93,8.25,88.9,22.33,668.77,-82.09,0.038,0.36,0.99,-0.2,23.82
30.22,8.22,89.6,23.86,668.04,-81.19,0.001,0.78,0.39,0.1,24.73
30.31,7.78,89.3,23.54,648.63,-82.4,0.02,0.79,0.87,0.17,24.38
30.01,7.86,89.3,23.36,671.49,-80.93,0.02,0.11,0.18,0.15,24.4
30.07,8.38,89.7,22.81,666.45,-79.23,0.001,-0.56,0.81,0.18,24.18
30.32,8.31,92.3,23.04,680.91,-82.27,0.073,0.82,-0.21,-0.09,25.69
30.28,8.23,90.4,24.33,697.64,-81.89,0.043,-0.08,0.47,-0.1,24.56
30.33,7.92,91.7,23.41,695.76,-78.06,0.007,-0.82,-0.42,-0.72,25.46
30.39,8.3,92.8,24.14,709.01,-80.98,0.032,-0.02,0.9,-0.34,25.77
30.28,7.93,92.0,24.76,705.72,-78.78,0.05,-0.2,-1.35,0.09,25.52
30.38,8.4,91.0,24.31,694.05,-80.63,0.058,-0.48,0.99,-0.22,26.0
30.4,7.75,91.2,24.0,686.49,-80.93,0.061,0.11,-1.03,-0.41,26.2
30.3,7.79,92.1,23.95,717.79,-76.28,0.046,-1.26,-1.26,1.42,26.5
30.47,7.86,94.0,24.85,718.71,-79.82,0.029,-0.91,-0.71,0.36,26.56
30.61,8.12,93.6,24.48,715.55,-78.4,0.003,0.04,0.09,0.32,26.36
30.44,7.81,93.1,25.02,712.71,-79.45,0.009,-0.38,0.2,-0.53,26.48
30.53,7.79,92.7,24.79,726.69,-79.42,0.023,-0.09,0.34,-0.15,27.62
30.56,7.61,93.4,25.1,736.32,-77.13,0.014,0.99,-0.41,-0.51,27.4
30.53,7.76,93.4,25.26,749.08,-79.46,0.037,0.05,-0.06,-0.18,26.84
30.67,7.61,93.6,25.51,748.36,-80.22,0.004,-0.92,-0.22,0.06,27.4
30.53,7.34,92.9,25.49,766.52,-79.08,0.086,0.5,-0.04,0.18,27.58
30.79,7.56,93.1,25.99,743.94,-78.45,0.012,-0.12,0.21,0.19,27.57
30.73,7.5,94.2,26.38,766.87,-79.13,0.022,0.86,-0.08,-0.06,28.42
30.56,8.1,93.2,26.04,762.19,-79.29,0.012,0.1,0.12,-0.18,27.83
30.9,7.16,93.8,26.4,772.2,-80.09,0.048,0.41,-0.81,-0.27,27.98
30.74,7.02,94.5,26.11,764.32,-78.89,0.005,0.47,0.61,0.01,28.48
30.65,7.3,94.9,26.02,782.71,-80.16,0.013,-0.2,0.38,0.09,27.92
30.89,6.85,95.6,26.84,778.14,-79.33,0.029,-0.87,0.14,0.3,28.22
30.83,6.76,93.9,27.14,771.46,-76.6,0.001,0.93,-0.49,-0.18,29.15
30.57,6.58,94.0,26.29,781.08,-76.08,0.028,0.44,-0.44,-0.06,28.68
30.74,6.71,96.1,27.05,781.61,-77.51,0.036,0.26,-0.13,-0.63,28.5
30.85,6.65,96.6,27.35,791.58,-79.74,0.09,-0.42,0.67,-0.26,29.02
30.57,6.41,94.5,27.41,777.44,-78.11,0.111,-0.65,-0.59,0.58,29.12
30.85,6.65,94.7,27.22,791.35,-75.58,0.009,-0.17,-0.79,-1.14,29.72
30.87,5.94,95.9,27.55,797.86,-76.53,0.033,0.71,-0.51,-0.04,29.73
30.72,6.73,95.6,27.97,796.37,-78.9,0.003,0.53,0.45,-0.05,29.49
30.9,6.34,95.7,27.45,811.49,-75.83,0.038,-1.1,0.18,-0.29,30.18
30.88,6.31,95.1,28.39,807.59,-77.53,0.012,0.48,0.41,-0.9,30.12
30.74,6.53,96.4,27.46,801.47,-77.82,0.007,-0.75,-0.45,-0.09,29.86
31.0,6.39,95.7,28.35,805.24,-76.32,0.001,-0.05,-0.0,0.38,29.47
30.99,6.02,95.7,28.14,807.42,-76.88,0.022,-0.17,0.5,0.3,30.61
30.86,6.26,95.0,28.03,809.73,-74.05,0.006,1.73,-0.44,-0.07,30.49
30.87,6.52,96.6,27.65,788.52,-75.56,0.026,-0.98,1.0,0.65,29.58
30.99,5.68,95.7,28.78,804.69,-76.66,0.021,-0.59,0.47,0.18,29.9
30.88,6.13,96.0,28.11,793.63,-75.54,0.029,-1.29,-0.18,-0.95,29.68
30.67,5.5,97.0,28.5,821.87,-77.78,0.008,0.31,0.91,0.21,29.85
30.96,6.11,95.2,28.74,808.94,-74.05,0.004,1.07,-0.27,0.63,30.85
30.8,5.47,95.9,29.47,807.91,-75.75,0.046,0.64,-0.77,0.01,30.43
30.84,5.39,94.7,28.56,818.96,-72.88,0.142,-1.05,0.01,-0.26,30.18
31.06,5.88,95.5,28.76,814.19,-77.34,0.014,0.1,-0.29,0.22,30.8
30.86,5.68,96.9,28.93,798.51,-79.29,0.015,0.62,0.07,-0.32,30.88
30.87,5.19,94.6,28.87,808.76,-76.52,0.06,-0.19,0.68,-0.59,31.11
30.92,5.37,96.0,28.6,805.62,-79.35,0.006,-0.72,-0.04,-0.39,30.85
30.91,5.05,97.0,29.42,790.88,-72.65,0.013,0.55,-0.33,-0.1,30.89
30.73,4.72,96.1,28.77,800.62,-76.18,0.01,0.2,0.02,0.19,30.33
30.82,5.19,95.2,29.12,804.73,-78.02,0.004,0.84,0.55,0.55,30.72
30.82,4.96,94.7,28.89,804.31,-76.94,0.024,0.48,-0.58,0.22,30.68
30.84,4.72,93.9,28.77,789.37,-78.47,0.03,1.97,-1.07,-1.61,29.76
30.82,5.34,96.6,29.36,814.29,-77.43,0.063,0.59,-0.37,-0.12,30.84
31.08,4.62,94.9,29.09,800.18,-73.52,0.031,-0.15,-0.29,-1.16,30.01
30.62,4.88,93.7,28.23,799.86,-75.25,0.002,-0.86,-0.06,-0.06,30.98
30.86,5.1,94.2,29.1,801.63,-75.13,0.002,-0.41,-0.27,-0.02,30.52
30.86,4.65,94.1,28.77,787.73,-75.52,0.002,-0.03,-0.34,-0.01,30.51
30.76,4.46,94.4,28.42,798.02,-75.98,0.009,0.24,-0.62,0.99,30.43
30.6,4.72,96.6,29.29,787.49,-78.2,0.009,0.65,-0.55,0.1,30.36
30.86,4.72,95.2,28.66,779.75,-75.59,0.045,-1.03,0.71,-0.5,30.48
30.38,4.8,94.7,28.99,791.88,-72.54,0.002,0.91,-0.29,-0.04,30.91
30.53,5.06,95.2,29.19,798.36,-74.63,0.028,-0.31,-1.0,-0.2,30.06
30.73,4.32,95.5,28.75,787.85,-75.52,0.027,-0.53,-0.4,-0.5,30.45
30.52,4.48,94.3,28.88,786.86,-76.47,0.022,1.11,0.61,0.55,31.23
30.73,4.01,94.8,28.5,769.33,-77.28,0.001,-0.86,-0.3,0.54,30.06
30.34,4.56,93.0,29.08,755.35,-71.08,0.052,-0.75,-0.05,-0.01,30.26
30.36,4.39,92.6,28.57,782.89,-75.04,0.014,-0.53,0.13,0.91,30.54
30.4,4.25,92.3,28.77,785.08,-76.2,0.018,-0.14,-0.11,-0.19,31.0
30.49,4.1,93.2,29.04,776.39,-76.63,0.033,0.79,-0.55,0.26,30.67
30.38,4.16,90.6,27.8,753.93,-77.66,0.033,0.7,-0.22,0.16,29.92
30.32,4.32,93.6,28.13,741.96,-74.05,0.01,0.74,-0.27,0.48,30.04
30.52,3.94,91.9,28.24,738.97,-76.06,0.0,-0.03,-0.02,0.7,29.71
30.5,4.13,92.8,28.26,728.81,-75.62,0.049,-0.07,1.33,-0.2,30.14
30.24,4.22,90.8,28.35,740.49,-78.38,0.042,0.15,-0.39,0.13,29.56
30.05,3.74,92.6,28.47,753.46,-75.82,0.031,0.26,0.98,0.97,30.18
29.97,3.89,92.6,27.69,731.73,-76.73,0.082,0.11,-0.64,-0.54,28.62
30.22,4.0,91.3,27.78,731.84,-76.19,0.007,0.47,-0.4,0.61,29.53
30.24,4.67,91.4,28.15,738.16,-77.28,0.003,0.29,-0.62,-0.11,29.47
30.13,3.96,89.9,27.77,715.87,-77.06,0.204,0.11,-0.48,-0.07,28.05
30.09,4.2,90.6,26.95,735.71,-76.22,0.061,-0.34,0.75,-0.6,28.28
29.96,3.91,91.1,26.81,730.66,-78.47,0.001,0.57,-0.01,-0.5,29.33
30.11,4.01,89.8,27.15,704.75,-78.62,0.012,-0.32,-1.02,-0.09,28.89
30.19,3.82,91.0,27.4,695.55,-79.87,0.022,0.07,-0.52,-0.49,28.87
29.69,4.48,88.1,27.27,703.51,-77.11,0.03,-0.53,-1.4,0.25,29.09
29.92,3.9,89.0,26.65,688.23,-76.77,0.016,-0.48,-0.1,0.23,28.14
29.77,4.59,87.5,27.07,675.27,-78.97,0.003,-0.99,-0.07,0.13,28.81
29.68,4.49,89.1,26.8,694.74,-79.51,0.019,-0.45,-0.21,-0.25,29.17
29.69,4.36,88.4,26.2,689.15,-77.81,0.024,-0.1,0.73,-0.54,28.36
29.83,4.69,88.2,26.24,673.57,-76.82,0.011,-0.21,-0.6,0.19,27.88
29.8,5.38,88.6,25.64,654.4,-80.42,0.005,0.61,0.14,-0.11,27.53
29.89,4.63,87.6,25.76,649.72,-78.71,0.022,-0.31,-0.49,-0.02,27.49
29.68,4.19,89.8,25.38,658.07,-76.43,0.01,0.16,0.65,0.32,27.32
29.44,5.01,87.9,25.36,646.98,-79.39,0.008,0.14,-0.98,0.09,27.11
29.59,4.67,87.1,26.35,643.54,-79.21,0.039,-0.13,-0.37,-0.18,26.5
29.41,5.29,86.3,25.48,652.15,-77.38,0.025,-0.16,1.17,1.1,26.95
29.4,4.55,85.8,24.85,644.24,-78.83,0.041,0.22,-0.34,-0.36,26.72
29.58,5.14,86.7,25.47,645.69,-78.06,0.018,-0.66,-0.87,-0.66,27.01
29.5,4.81,85.6,25.28,617.02,-77.54,0.002,0.5,0.15,-0.03,26.53
29.52,5.66,86.6,25.1,618.53,-76.69,0.02,-0.37,0.85,-0.14,25.85
29.37,4.84,85.5,24.58,624.62,-77.36,0.027,0.26,0.24,0.15,25.54
29.48,5.88,85.3,24.95,616.61,-76.38,0.045,-0.02,0.16,-0.54,25.81
29.3,5.17,85.2,24.2,622.58,-76.35,0.026,0.84,-0.64,-0.85,25.31
29.45,5.36,84.7,24.71,606.64,-78.49,0.048,0.16,0.31,0.58,25.55
29.33,5.68,84.9,24.59,616.14,-79.34,0.022,1.0,-0.38,0.32,25.06
29.23,5.0,86.1,24.11,598.34,-80.04,0.028,0.15,-0.48,0.29,25.68
29.25,5.59,84.6,23.47,598.89,-80.86,0.001,0.28,-0.99,-0.5,25.24
29.2,5.28,84.3,24.11,580.43,-82.54,0.059,-0.57,-0.29,-0.12,25.24
29.36,5.48,84.4,23.47,579.27,-80.84,0.005,0.36,-0.85,-0.01,24.61
29.17,5.53,83.5,23.62,583.76,-78.47,0.04,0.48,-0.45,0.83,24.6
29.12,5.75,82.6,23.62,586.39,-81.53,0.018,-0.66,-0.16,-0.31,24.72
29.06,5.81,80.7,22.95,573.23,-78.37,0.067,-0.75,0.7,0.37,24.34
29.16,5.55,81.3,23.84,560.87,-80.66,0.011,1.16,-1.04,-0.52,24.32
29.12,5.83,83.3,22.92,571.33,-79.1,0.107,0.1,-0.01,0.07,23.61
28.98,5.17,82.9,22.56,531.58,-79.3,0.04,0.22,0.25,0.72,24.07
28.85,6.24,82.3,23.0,535.32,-82.01,0.029,0.76,-0.47,0.53,23.34
28.86,6.53,84.1,23.05,552.49,-78.53,0.085,-0.03,-0.43,0.02,24.26
28.92,6.15,82.0,21.64,542.06,-78.46,0.023,-0.48,0.85,-0.68,23.36
29.08,5.69,80.0,21.75,544.32,-80.58,0.014,-0.28,-0.66,-0.23,23.57
28.87,6.47,82.3,21.82,535.37,-84.93,0.036,0.54,1.01,-0.43,22.81
28.81,6.09,82.5,22.7,537.0,-82.99,0.008,-0.87,0.28,-0.18,22.76
28.65,6.45,82.0,21.66,519.84,-84.16,0.022,0.01,1.03,0.45,22.6
29.03,6.68,82.2,22.23,530.5,-82.22,0.067,-0.29,0.4,-0.25,21.87
28.9,6.71,79.7,21.65,531.67,-83.09,0.017,0.32,-1.21,0.79,21.38
28.91,6.94,81.1,20.94,530.99,-81.61,0.017,0.46,0.36,-0.65,22.19
28.91,6.74,80.2,21.63,536.11,-84.27,0.012,0.79,-0.64,0.33,21.42
28.77,6.82,81.2,21.31,515.73,-86.09,0.032,0.08,0.04,-0.46,22.17
28.78,7.06,81.9,20.78,513.49,-81.22,0.009,0.4,0.53,0.01,21.87
28.94,6.89,80.3,20.74,493.11,-81.24,0.049,-0.69,0.1,-0.4,20.69
28.77,6.77,81.0,20.5,500.76,-86.41,0.03,-0.46,-0.04,1.1,21.49
28.81,7.18,79.7,20.54,502.02,-83.89,0.095,0.78,0.2,0.09,21.58
28.84,6.78,80.3,20.88,512.47,-83.83,0.077,-0.63,1.34,-0.68,22.05
28.8,7.16,79.9,20.24,494.03,-84.24,0.011,1.38,0.68,-0.52,21.2
28.7,6.83,81.6,20.49,506.41,-81.55,0.052,-0.28,-1.33,-0.49,20.63
28.71,7.14,79.3,20.47,496.9,-83.38,0.002,0.02,0.81,0.29,20.49
28.8,7.22,80.2,20.26,493.75,-86.4,0.012,0.29,-0.01,-0.27,20.9
28.8,7.14,81.2,19.63,496.78,-82.78,0.044,-0.57,0.1,0.18,20.63
28.84,7.82,78.5,20.37,489.3,-83.79,0.002,0.28,0.15,0.47,20.86
28.77,7.85,80.4,19.63,488.0,-84.0,0.027,0.61,0.61,-0.68,20.93
28.77,8.0,80.1,19.76,474.47,-83.23,0.043,-0.34,-0.96,0.78,21.01
28.65,7.6,79.5,19.73,488.43,-87.24,0.037,-0.45,-0.16,-0.56,20.95
28.63,7.58,81.0,19.82,485.65,-84.49,0.045,0.68,0.35,0.62,20.42
28.8,8.0,81.4,19.8,484.99,-83.81,0.005,-0.58,0.45,-0.05,20.86
28.64,7.84,80.6,19.95,494.18,-85.56,0.011,-0.41,1.21,0.95,19.94
28.71,7.88,79.8,19.55,496.62,-85.48,0.043,0.59,0.15,-0.23,20.56
28.89,7.12,78.9,19.19,492.53,-85.58,0.027,0.44,-0.01,-0.22,20.55
28.88,8.15,80.3,19.95,500.49,-83.69,0.003,0.69,-0.72,0.31,20.47
28.77,8.15,80.1,19.39,496.78,-86.76,0.077,-0.61,-0.41,-0.5,19.98
28.71,8.0,80.2,19.44,488.72,-85.53,0.006,-0.6,-0.5,-0.64,19.99
28.74,8.27,79.9,19.12,487.85,-86.06,0.027,0.21,0.07,0.37,20.6
28.87,8.24,79.9,19.15,496.57,-83.27,0.007,0.32,-0.46,0.48,20.15
28.78,7.88,80.5,19.93,500.29,-85.34,0.051,0.11,-0.5,0.56,20.55
28.73,8.04,79.6,18.93,509.8,-85.65,0.026,0.65,-0.16,0.34,20.06
28.96,7.83,81.5,18.98,509.15,-88.85,0.016,0.0,-0.29,-0.33,21.44
28.85,8.59,80.1,19.24,493.39,-87.84,0.04,0.07,-1.61,0.09,20.19
28.77,8.46,80.9,19.51,499.51,-84.79,0.013,0.76,-0.24,-0.49,20.79
28.92,7.93,80.7,19.07,509.1,-86.25,0.0,-0.5,-0.14,0.84,21.27
28.99,8.37,81.6,18.86,515.09,-85.13,0.003,0.19,-0.34,0.25,20.79
28.78,8.28,81.7,19.0,515.95,-84.91,0.002,0.22,-0.43,0.38,20.22
28.89,7.99,81.8,19.3,508.22,-84.4,0.007,-0.38,1.07,0.23,20.36
28.91,8.24,80.6,19.12,498.76,-87.96,0.072,0.01,-0.43,-0.17,19.1
29.02,8.46,81.5,20.28,503.88,-83.7,0.006,-0.02,-0.25,0.85,19.53
29.06,8.48,83.1,20.23,519.3,-85.88,0.026,-0.37,0.76,0.05,20.5
28.94,8.89,81.7,19.98,522.84,-85.79,0.046,-0.78,-0.36,0.63,20.32
28.85,8.21,83.0,19.74,511.4,-89.25,0.04,-0.51,-0.18,-0.14,20.16
29.18,8.09,82.3,19.79,525.93,-85.63,0.012,0.0,-1.56,1.3,20.68
28.95,8.32,82.2,20.17,535.01,-87.88,0.019,-0.28,-0.37,0.24,20.5
29.14,8.08,82.8,19.81,520.52,-86.49,0.002,-0.83,0.26,-0.21,20.41
29.12,7.94,82.2,19.54,546.54,-83.93,0.003,1.0,0.97,-0.49,21.27
29.18,7.81,83.8,20.63,535.28,-86.17,0.009,0.04,-0.4,0.5,20.43
29.39,7.03,82.6,20.16,555.31,-86.48,0.005,-0.04,-0.52,-0.05,21.31
29.59,8.25,83.9,20.54,541.18,-86.22,0.002,-0.88,-0.01,-0.61,21.21
29.06,7.51,84.5,20.74,540.13,-87.98,0.009,0.6,-0.07,-0.18,21.75
29.4,7.7,84.2,19.57,549.8,-89.22,0.023,0.94,-0.07,-0.16,21.11
29.29,8.02,83.6,19.97,557.51,-85.99,0.007,0.2,0.37,-0.42,20.86
29.47,7.79,84.5,20.29,558.74,-86.76,0.01,-0.21,0.88,0.64,21.25
29.49,8.49,84.0,20.63,564.72,-85.01,0.052,-0.03,0.25,-0.31,21.59
29.58,7.35,84.6,20.87,574.56,-88.34,0.042,-0.21,0.39,-0.27,22.11
29.47,8.43,84.6,20.62,573.92,-88.91,0.001,-0.35,0.57,-0.07,22.15
29.37,8.13,84.6,21.2,579.46,-85.93,0.003,-0.18,0.87,0.22,21.86
29.62,7.93,86.0,21.07,567.58,-87.99,0.079,0.31,0.28,0.01,22.04
29.55,8.04,86.5,21.18,593.21,-89.33,0.013,0.22,-0.45,1.1,22.47
29.55,7.68,86.8,20.98,593.08,-87.87,0.001,1.46,0.59,0.02,22.74
29.55,6.99,86.4,21.31,614.81,-88.56,0.015,0.75,1.21,0.84,22.58
29.76,7.59,87.6,21.42,594.1,-89.28,0.043,-1.2,-0.33,0.33,22.7
29.87,6.93,86.2,21.77,590.24,-86.33,0.07,0.48,0.22,-0.06,22.82
29.57,7.16,88.0,21.1,619.38,-86.09,0.036,1.65,0.34,0.29,22.97
29.82,7.23,87.9,21.93,621.58,-87.4,0.01,0.65,0.22,0.14,23.11
29.73,6.92,87.5,21.24,612.97,-84.15,0.13,-0.42,0.34,0.34,22.75
29.64,7.41,87.9,21.65,612.72,-87.26,0.005,0.54,-0.54,-0.33,22.65
29.87,6.99,88.8,22.3,648.38,-85.9,0.014,-0.17,0.55,-0.2,23.09
29.78,7.11,88.7,21.93,652.15,-89.13,0.013,-0.65,0.79,-0.28,23.41
29.73,6.91,88.7,22.37,618.16,-88.51,0.02,0.09,-0.43,0.57,24.01
29.86,6.88,88.3,22.18,643.47,-85.14,0.004,0.82,-0.58,0.81,23.79
29.86,6.51,88.2,22.85,669.72,-84.93,0.029,0.73,-0.05,-0.19,24.14
29.94,6.35,89.3,22.8,653.35,-86.98,0.03,-0.13,0.19,-0.55,24.25
29.89,6.58,88.5,22.92,658.22,-85.69,0.018,-0.31,-0.01,-0.52,24.57
30.04,6.26,90.3,23.46,665.3,-86.08,0.003,0.91,0.03,0.58,24.36
30.03,6.9,88.5,23.37,661.9,-85.67,0.043,0.76,-0.17,-0.25,24.41
30.2,5.99,90.4,23.54,661.02,-87.95,0.079,-0.22,0.23,0.02,24.2
30.26,7.03,90.2,23.91,693.53,-82.52,0.013,-0.4,-1.11,0.26,25.15
30.25,6.34,90.3,24.09,669.48,-81.42,0.008,0.06,-0.48,0.49,23.99
30.22,6.2,90.7,23.49,695.24,-87.17,0.092,-0.43,-0.17,-0.85,25.41
30.25,5.94,88.8,24.23,706.46,-86.37,0.004,0.93,0.32,-0.09,25.87
30.21,6.23,91.0,24.27,687.86,-84.91,0.02,-0.14,0.64,0.16,25.61
30.24,5.89,90.9,24.73,697.85,-84.59,0.036,1.06,0.78,-0.84,25.98
30.46,5.97,91.1,23.97,723.89,-86.69,0.001,-0.6,-0.59,-0.49,25.83
30.19,6.06,94.5,24.33,721.69,-84.76,0.05,-0.63,-0.93,0.49,26.16
30.42,5.93,91.1,24.65,714.73,-86.02,0.033,0.04,-0.81,-0.55,26.26
30.42,6.03,92.8,25.36,737.4,-87.4,0.041,0.1,-0.74,0.66,26.76
30.56,5.75,92.0,24.92,741.84,-86.06,0.007,-0.01,-0.84,0.22,26.53
30.34,5.23,92.1,25.15,736.78,-85.04,0.009,-0.49,-0.57,0.63,26.33
30.54,4.82,92.0,25.08,729.32,-84.78,0.16,-0.13,-0.18,0.05,27.09
30.6,5.44,94.2,25.74,738.34,-86.53,0.013,-0.3,1.09,0.17,27.07
30.36,5.37,94.4,25.84,749.39,-85.61,0.001,-0.99,-0.93,-0.46,26.99
30.48,5.82,93.1,25.56,748.6,-83.85,0.013,-0.32,0.03,-0.4,27.68
30.62,5.14,94.5,25.53,763.74,-84.1,0.014,-0.19,-0.49,-0.13,28.37
30.72,5.22,93.1,26.3,742.81,-84.9,0.065,-0.9,-0.75,0.21,27.91
30.7,5.28,93.8,26.35,746.82,-84.89,0.01,0.53,0.99,0.16,28.19
30.77,5.14,94.8,26.08,767.11,-82.85,0.047,1.01,-0.33,-0.49,28.08
30.59,5.18,93.6,26.69,763.81,-82.78,0.003,0.02,-0.08,0.04,28.73
30.55,4.63,94.0,26.8,765.77,-85.08,0.021,-0.81,0.46,-0.39,28.56
30.76,4.52,94.7,27.14,757.55,-88.68,0.016,-0.13,-0.27,-0.37,28.21
30.62,4.68,94.9,27.13,778.49,-86.7,0.012,-0.08,-0.93,-0.99,28.8
30.68,4.06,94.1,26.84,780.71,-86.28,0.045,0.13,0.8,0.79,28.87
30.91,4.65,96.9,26.81,790.58,-84.14,0.028,1.08,-0.45,0.22,28.66
30.84,4.42,94.5,27.9,787.41,-82.94,0.09,-0.65,0.26,0.61,29.44
30.76,4.67,96.1,27.13,787.94,-82.61,0.013,0.19,-0.26,-0.76,28.56
30.76,4.45,95.9,26.79,803.44,-84.93,0.004,0.49,-0.03,-0.26,29.33
30.92,4.18,94.9,27.11,780.81,-84.31,0.008,0.45,0.23,-0.42,29.13
30.89,4.84,96.0,26.93,801.43,-83.49,0.034,0.67,0.25,-0.14,28.77
30.72,4.44,95.0,28.18,781.33,-83.37,0.032,-0.0,0.19,0.35,29.56
30.64,4.64,95.8,28.49,791.49,-83.79,0.03,-0.01,-0.34,-0.08,29.45
31.11,4.41,96.5,28.03,789.43,-79.08,0.038,0.11,-0.71,-0.18,29.48
30.74,4.46,95.4,27.47,810.92,-82.31,0.003,0.0,-0.85,0.39,29.38
30.96,3.89,96.2,28.55,803.83,-84.29,0.01,-0.46,0.06,0.01,30.7
31.08,4.66,95.5,28.37,805.58,-82.52,0.026,0.12,0.11,-0.34,29.0
30.92,4.52,96.1,28.72,795.73,-83.03,0.017,0.31,-0.19,0.44,29.2
30.83,4.24,96.1,28.57,804.72,-82.66,0.021,-0.33,-0.06,0.15,30.35
30.73,4.31,95.7,27.96,800.85,-83.44,0.007,0.29,-0.25,-0.79,30.39
30.73,4.52,94.5,28.74,812.93,-83.23,0.028,-0.44,1.09,0.44,29.72
30.94,4.1,96.6,28.03,799.64,-84.73,0.012,-0.2,-0.66,0.59,30.1
31.07,3.73,97.6,28.36,823.15,-82.05,0.048,-0.09,-0.73,-0.29,30.65
30.84,4.09,96.1,29.05,793.23,-81.51,0.027,0.65,0.09,0.02,30.34
30.82,4.25,95.5,29.08,801.9,-82.28,0.179,0.19,-0.1,-1.16,30.82
30.96,4.19,96.1,28.46,826.57,-79.93,0.027,0.49,-0.53,-0.89,30.52
30.79,4.6,96.8,28.43,805.11,-81.2,0.002,0.15,-0.53,-0.12,30.37
30.89,3.93,96.8,28.88,795.82,-80.94,0.007,0.3,-0.08,0.4,30.03
30.86,3.98,96.5,29.6,810.51,-80.51,0.009,-0.15,-0.19,-0.37,30.61
30.79,3.93,96.1,29.12,802.76,-80.78,0.001,0.01,-0.89,-0.26,30.4
30.83,4.39,96.2,29.78,798.2,-80.51,0.075,0.61,0.12,0.3,31.08
31.03,3.82,95.6,28.91,794.48,-82.54,0.03,-0.9,0.11,0.55,31.07
30.88,4.53,94.7,29.29,831.86,-78.64,0.05,0.0,0.98,0.48,30.6
30.92,4.05,95.1,28.88,800.24,-82.21,0.027,0.11,0.19,0.42,30.69
30.66,4.13,95.0,28.72,781.93,-78.67,0.058,0.31,0.36,-0.54,30.55
30.89,4.92,95.4,28.67,814.4,-79.4,0.03,0.12,0.34,-0.39,30.48
30.82,4.79,93.6,29.12,803.7,-80.6,0.003,0.05,0.63,-0.18,30.25
30.54,4.49,95.3,29.44,787.92,-79.07,0.001,-0.61,-0.65,-0.53,30.68
30.77,4.1,93.2,28.86,784.09,-79.96,0.018,-0.32,-0.04,-0.02,30.52
30.62,5.14,95.0,29.45,797.86,-77.92,0.031,0.77,-0.14,-0.22,31.2
30.48,4.52,95.4,29.57,786.22,-80.35,0.056,0.99,0.31,-0.25,30.43
30.65,4.7,95.1,29.2,766.85,-79.17,0.068,0.42,-0.3,-0.04,31.5
30.68,4.95,93.5,28.98,801.28,-80.13,0.052,-0.47,1.06,-0.57,31.21
30.61,4.13,94.5,28.6,776.22,-80.35,0.003,0.53,0.27,0.75,30.15
30.56,4.58,94.4,29.24,792.55,-78.95,0.042,0.43,0.45,0.07,30.36
30.5,4.81,95.1,28.34,787.28,-76.56,0.013,-0.45,-0.46,0.44,29.71
30.81,4.92,93.8,28.9,761.27,-77.81,0.058,-0.01,-0.09,0.07,30.1
30.35,4.55,94.1,28.18,778.27,-78.64,0.052,1.94,-0.28,-0.51,30.35
30.57,5.1,92.8,28.21,757.97,-78.48,0.032,0.36,-0.17,0.61,30.21
30.44,5.07,92.3,28.49,742.25,-80.59,0.074,-0.13,0.59,0.29,29.73
30.3,5.63,93.4,28.69,752.99,-79.37,0.023,-0.56,0.14,-0.06,29.94
30.37,5.49,93.2,28.72,757.43,-79.14,0.008,0.08,-0.79,-0.14,30.08
30.18,5.17,91.8,28.3,744.95,-77.64,0.032,0.43,-1.12,0.03,29.74
30.25,5.26,91.1,28.07,742.52,-76.31,0.006,1.57,0.88,-0.42,30.24
30.28,5.7,92.0,27.85,752.95,-77.91,0.043,0.5,-0.88,0.17,29.57
30.07,5.55,91.7,28.29,738.41,-77.26,0.063,0.23,-0.36,0.11,28.86
30.29,5.12,91.6,28.18,724.66,-77.42,0.033,0.67,0.8,-0.65,28.75
30.08,6.23,91.9,27.91,735.77,-77.17,0.02,-1.05,-0.34,-0.08,29.13
29.99,5.38,91.8,27.86,726.32,-77.28,0.091,-0.8,-0.27,-0.35,28.69
30.0,6.49,90.8,28.21,694.64,-76.62,0.047,0.01,-0.15,-0.2,28.4
30.35,5.95,89.7,27.9,719.58,-78.18,0.019,0.17,-0.11,-0.04,28.76
29.82,5.71,89.7,26.94,714.59,-75.71,0.024,-1.46,-0.35,0.11,29.12
30.08,5.26,89.6,27.63,706.2,-78.56,0.038,1.28,-0.33,-0.43,28.49
29.9,6.28,89.7,27.69,710.18,-79.24,0.017,-0.48,0.68,-0.33,28.68
29.92,5.66,89.1,26.8,689.75,-76.53,0.015,-0.8,0.18,0.67,28.99
30.0,6.3,89.1,27.29,695.01,-76.85,0.061,0.37,-0.57,-0.64,28.43
29.96,6.85,89.1,27.89,671.1,-77.16,0.013,1.34,1.17,-0.5,27.76
29.77,6.01,88.3,26.88,685.93,-77.2,0.148,-1.21,0.87,-0.26,27.99
29.66,6.64,88.8,26.5,696.45,-75.56,0.012,0.41,0.36,-0.65,27.68
29.86,6.25,89.8,26.41,662.0,-77.75,0.042,-1.25,0.0,-0.2,27.9
29.82,6.91,87.9,26.36,659.36,-77.94,0.021,0.13,-0.24,-0.01,27.63
29.68,6.66,87.3,25.63,654.85,-75.6,0.002,-1.42,0.55,-0.23,27.29
29.74,6.71,87.8,25.47,658.23,-75.13,0.048,-0.57,1.45,-1.03,27.28
29.6,7.15,86.7,25.99,641.28,-77.49,0.054,0.13,1.35,0.42,26.97
29.52,7.05,86.9,25.74,651.1,-74.34,0.041,0.6,-0.48,-0.26,26.3
29.58,6.69,86.3,25.85,650.33,-76.6,0.076,0.52,0.78,-0.3,26.01
29.61,7.54,85.7,25.37,642.19,-76.7,0.002,0.51,-0.45,-0.97,26.97
29.55,6.61,85.6,25.35,614.16,-75.86,0.011,-0.15,0.85,0.23,26.87
29.54,7.22,85.5,25.51,636.81,-75.98,0.129,-0.21,-0.15,0.25,26.38
29.36,6.96,85.0,24.23,631.27,-74.87,0.021,0.26,0.26,0.0,26.52
29.6,6.82,86.6,24.56,625.26,-72.5,0.009,-0.14,-0.52,0.22,26.66
29.34,6.99,85.7,24.55,615.79,-77.57,0.014,0.03,-0.96,-0.2,25.63
29.34,7.38,85.9,24.52,609.4,-76.58,0.086,0.03,0.21,0.7,25.36
29.16,7.56,83.8,23.93,612.7,-76.54,0.038,0.62,-0.07,0.49,25.78
29.27,7.83,84.4,23.96,616.83,-73.11,0.004,-0.07,-0.96,-0.18,25.88
29.32,8.01,84.7,24.37,583.35,-78.51,0.009,0.21,0.35,-0.1,24.89
29.32,7.7,85.5,24.14,598.99,-76.26,0.003,-0.06,-0.47,-0.99,25.59
29.39,7.54,83.4,22.85,582.74,-75.21,0.059,-1.26,-1.27,-0.3,24.69
29.23,8.03,82.7,23.6,577.77,-74.38,0.014,0.28,-0.49,0.02,24.76
29.18,7.59,83.7,23.48,559.23,-76.51,0.114,-0.54,1.06,-0.04,24.37
29.06,7.34,82.8,23.06,567.35,-74.13,0.119,0.01,0.44,-0.88,24.45
29.01,8.14,84.5,23.18,555.91,-77.3,0.032,-0.1,0.3,0.37,23.78
29.18,8.3,83.4,23.22,557.01,-76.76,0.035,0.28,0.47,1.99,24.45
29.15,7.69,82.5,23.19,546.52,-78.75,0.02,-0.8,-0.44,-1.11,23.23
28.88,8.56,82.3,22.83,548.96,-74.88,0.016,0.86,-1.01,0.58,23.35
29.08,8.18,82.3,22.87,545.42,-77.49,0.014,0.19,-0.29,0.67,24.09
29.04,8.17,80.7,22.51,546.59,-76.48,0.078,-0.13,0.24,0.07,24.33
28.81,7.91,82.1,21.57,525.72,-74.02,0.015,0.06,0.06,0.15,23.06
28.99,8.4,81.5,22.18,523.76,-77.71,0.1,0.68,-0.18,0.29,23.74
28.78,7.66,82.2,21.66,538.29,-74.54,0.046,0.03,0.17,0.62,23.5
28.59,8.03,80.8,22.0,523.27,-74.77,0.008,-0.01,0.44,0.51,23.01
28.84,7.93,82.0,21.75,538.68,-76.56,0.013,0.08,-0.35,-0.13,22.51
28.88,7.78,81.7,21.61,527.0,-76.53,0.005,0.52,0.31,-0.42,23.13
28.82,8.44,81.3,21.27,527.75,-77.41,0.005,-0.28,0.86,0.38,22.36
29.16,8.29,82.0,21.3,532.85,-76.71,0.024,0.11,0.83,0.69,22.49
28.84,8.44,79.4,21.43,512.84,-77.59,0.01,0.13,-0.52,0.6,21.31
28.8,8.12,81.1,20.88,507.51,-74.25,0.088,0.35,0.68,-0.83,21.89
28.82,8.5,80.6,20.87,519.43,-76.56,0.014,0.6,-0.34,0.6,21.69
28.71,8.22,80.5,20.36,513.41,-75.31,0.001,0.05,0.22,0.15,21.87
28.86,8.05,79.7,20.96,504.17,-77.95,0.004,-0.28,0.76,0.29,21.58
28.78,7.99,79.3,20.31,517.84,-74.94,0.014,0.41,-1.42,-0.74,21.39
28.77,7.58,81.0,20.66,499.82,-75.75,0.022,-0.94,-0.84,0.07,21.48
28.65,8.51,80.9,20.8,500.44,-76.44,0.001,-0.65,-0.36,0.08,21.07
28.53,8.46,81.6,20.9,498.64,-76.32,0.013,-0.61,-0.4,-0.07,20.62
28.65,9.0,81.7,20.25,487.55,-77.24,0.04,-0.43,-0.71,0.24,21.01
28.74,8.0,78.9,20.49,496.28,-76.29,0.003,-0.83,-0.04,-0.09,21.01
28.65,7.88,79.9,20.19,508.25,-76.35,0.004,0.57,-0.34,-0.98,21.32
28.74,7.54,80.2,19.45,497.65,-76.7,0.011,-0.21,0.13,-0.34,20.86
28.67,8.31,80.8,19.51,492.59,-76.78,0.003,-1.03,-0.35,0.26,21.02
28.75,8.21,81.1,20.26,489.89,-77.51,0.014,-0.72,1.17,-0.53,20.5
28.58,8.42,79.2,20.3,494.21,-80.2,0.038,0.19,-0.19,-0.24,20.72
28.73,7.64,79.6,19.08,497.94,-78.23,0.123,-0.98,0.28,0.59,19.97
28.63,8.09,81.1,19.88,496.24,-79.31,0.001,0.06,0.93,-0.01,20.35
28.53,7.68,78.7,19.8,486.69,-80.22,0.026,-0.02,-0.67,0.31,19.46
28.7,8.19,79.2,19.38,493.28,-77.74,0.008,-0.09,-0.15,0.62,20.03
28.91,7.9,80.4,19.34,495.01,-75.97,0.018,-0.01,-0.73,-0.55,19.95
28.55,7.23,81.8,19.2,480.47,-81.96,0.153,-0.66,-0.85,-0.42,20.67
28.75,7.6,78.8,18.86,492.72,-80.07,0.15,-0.32,-0.99,-0.33,20.53
28.84,7.01,80.3,19.13,470.07,-78.83,0.028,-0.77,-0.72,0.03,20.79
29.03,7.19,80.7,19.72,497.32,-78.19,0.005,-0.46,0.87,-0.51,19.81
28.71,7.15,81.6,19.33,500.06,-79.53,0.021,-0.39,-0.63,0.75,20.65
28.71,7.23,80.8,19.69,502.04,-78.37,0.054,-0.36,0.22,-0.72,20.08
28.66,7.28,79.1,18.71,491.89,-77.46,0.026,-0.22,0.59,0.42,21.02
28.95,7.34,79.6,19.56,500.35,-79.01,0.038,0.17,-0.19,0.66,20.23
28.72,7.27,81.8,19.67,513.07,-78.95,0.044,-0.08,0.9,-1.05,20.95
28.8,7.16,81.2,18.49,514.69,-82.04,0.018,-0.24,-0.15,-0.7,21.46
28.64,7.2,80.1,19.22,502.13,-83.18,0.033,-0.53,0.19,-0.17,20.49
28.98,6.66,81.5,19.53,505.83,-80.84,0.004,-0.53,0.13,0.18,21.06
29.04,6.98,81.5,19.88,517.7,-79.99,0.014,0.19,-1.06,-0.3,20.23
29.02,7.32,79.4,18.96,493.88,-79.85,0.021,-0.21,0.54,-0.35,20.92
28.75,6.77,79.8,19.96,508.1,-80.01,0.039,-0.1,0.45,-0.04,20.4
29.03,6.9,81.9,19.65,527.26,-81.35,0.019,0.86,-0.8,-0.38,20.69
28.78,6.8,83.4,19.18,526.37,-80.1,0.095,-0.7,-0.38,-1.1,20.71
29.01,6.86,82.2,19.92,523.15,-80.84,0.01,-0.39,0.77,-0.3,20.49
29.06,6.61,80.2,20.42,507.37,-80.74,0.006,0.82,-0.28,-0.62,20.02
29.09,6.71,81.0,19.54,525.03,-80.8,0.007,-0.11,1.01,0.07,20.13
29.15,6.53,83.0,19.56,522.84,-82.03,0.014,-0.03,0.97,-0.37,21.2
29.11,6.5,83.3,19.43,535.39,-81.91,0.023,1.16,-0.47,-0.54,20.88
28.9,6.36,82.7,20.47,527.44,-78.58,0.011,1.45,-0.03,-0.09,21.26
29.23,5.85,82.7,19.63,528.85,-80.44,0.061,0.74,-0.88,-0.49,20.75
29.2,5.73,83.9,19.62,522.14,-82.09,0.036,-0.27,-0.43,-0.92,20.89
29.11,5.9,84.3,19.81,558.79,-81.7,0.009,0.18,-1.06,-0.01,20.97
29.06,6.39,84.2,19.89,546.46,-82.49,0.043,-0.91,-0.9,-0.58,20.54
29.47,5.8,83.1,19.98,556.01,-81.88,0.026,0.06,-0.11,0.26,21.16
29.46,5.87,84.8,20.0,558.49,-82.01,0.035,0.18,0.14,0.22,21.27
29.43,5.12,84.0,20.11,552.01,-83.35,0.086,-0.15,-0.0,-0.4,21.5
29.29,5.69,84.1,20.5,554.35,-82.0,0.008,0.02,-0.73,0.63,21.51
29.11,5.59,84.3,21.02,561.22,-82.39,0.076,1.04,0.88,0.32,22.26
29.53,4.69,85.0,20.3,568.46,-83.64,0.036,-0.17,0.19,-0.46,21.6
29.52,5.51,85.7,20.3,583.84,-81.72,0.007,0.1,-0.35,0.72,22.28
29.46,4.86,83.9,20.97,576.78,-84.03,0.072,0.09,-0.31,-1.65,22.19
29.67,5.07,85.1,21.15,606.82,-84.67,0.017,0.39,0.18,0.58,22.21
29.68,5.52,85.6,21.62,604.31,-82.14,0.007,-0.03,1.36,0.29,22.62
29.63,5.2,87.0,21.69,606.86,-84.9,0.009,-0.11,0.62,-0.33,22.32
29.65,4.95,85.8,20.76,602.36,-82.79,0.039,0.59,-0.05,-0.36,22.38
29.68,4.87,86.4,20.74,623.53,-81.04,0.086,-0.14,0.04,-0.16,22.58
29.79,4.84,87.6,21.76,611.09,-82.23,0.008,-0.25,0.82,-0.12,22.95
29.64,4.96,87.2,21.88,617.86,-84.76,0.075,0.14,0.65,-0.81,22.27
29.83,4.49,88.7,22.34,624.82,-85.07,0.002,-0.02,0.23,0.14,23.08
29.7,5.13,87.6,22.09,635.1,-82.81,0.004,-0.06,-0.71,0.56,23.57
30.01,4.4,89.5,21.89,639.44,-84.0,0.014,0.47,0.06,0.62,23.44
29.95,4.18,89.9,22.59,633.33,-86.91,0.027,-0.38,0.61,-0.25,23.64
29.83,4.94,88.8,22.0,637.77,-83.59,0.026,-0.53,0.35,0.1,23.93
29.96,4.47,89.0,23.2,654.52,-85.02,0.001,0.29,-0.01,0.6,23.94
29.88,4.58,89.4,22.74,660.3,-84.62,0.001,0.39,-0.1,-0.03,23.41
30.2,4.71,89.9,22.53,654.24,-84.64,0.032,0.07,0.51,0.77,24.8
30.25,4.26,89.6,22.62,647.32,-84.53,0.018,-0.66,-0.07,-0.49,25.42
30.17,4.48,90.6,23.15,666.12,-81.94,0.02,1.36,-0.76,-0.2,25.15
30.31,4.6,90.3,23.2,679.41,-82.9,0.001,0.28,-0.71,-0.75,24.61
30.17,4.86,91.3,23.32,696.19,-87.52,0.2,0.25,-0.73,0.31,24.51
30.28,4.19,89.3,23.06,671.09,-84.7,0.027,-0.69,-0.31,-0.47,25.63
30.36,4.18,90.8,23.61,683.71,-87.87,0.074,-0.26,1.14,0.43,25.24
30.25,4.46,91.7,24.11,688.94,-83.62,0.014,0.31,-0.03,0.35,25.72
30.29,4.33,90.2,23.71,711.22,-84.0,0.025,0.37,0.48,0.86,25.12
30.42,4.21,91.7,24.21,702.08,-86.87,0.017,-0.29,-0.28,0.21,25.88
30.42,4.71,92.1,24.66,698.08,-86.08,0.004,1.14,-0.72,0.05,25.99
30.28,3.72,93.2,24.64,717.41,-84.65,0.017,0.3,0.64,-0.72,26.56
30.14,3.79,91.8,24.15,712.38,-86.31,0.008,-0.36,-0.98,0.22,26.49
30.41,3.7,92.4,24.84,708.72,-86.95,0.009,-0.41,-0.35,0.7,26.39
30.21,4.56,92.0,25.39,716.51,-86.12,0.042,-0.48,-0.74,0.76,27.24
30.37,4.35,92.6,25.2,747.17,-84.16,0.013,-0.63,-0.75,-0.15,26.54
30.41,3.79,94.2,25.58,737.99,-88.62,0.041,-0.02,0.77,0.04,27.42
30.47,4.17,93.0,25.66,739.46,-87.67,0.122,0.18,-0.31,0.54,27.19
30.66,4.2,92.7,25.07,740.03,-87.35,0.012,0.93,0.26,0.08,27.42
30.71,3.56,93.3,26.23,749.5,-83.72,0.008,0.45,0.32,0.4,28.46
30.67,4.29,93.2,26.19,753.34,-84.54,0.042,0.71,0.17,0.78,26.57
30.71,3.9,93.4,25.8,757.32,-87.95,0.026,-0.3,-0.26,0.26,27.02
30.74,4.48,93.5,26.49,759.31,-86.8,0.048,0.22,-1.21,-0.88,28.2
30.38,3.95,93.7,26.13,770.5,-85.4,0.005,0.0,-0.87,0.61,28.24
30.7,4.38,93.3,26.28,765.58,-85.53,0.032,-0.69,-0.31,-0.33,28.07
30.5,4.73,94.5,26.13,759.0,-86.59,0.038,0.38,0.17,-0.5,28.61
30.8,4.66,93.8,26.21,765.96,-86.77,0.004,0.67,-0.96,-0.4,27.85
30.5,4.55,95.6,26.76,755.48,-83.9,0.005,-0.34,-1.48,-0.01,29.22
30.75,4.41,94.6,26.75,798.6,-87.1,0.084,0.72,0.64,-0.17,29.12
30.85,4.02,95.3,26.44,789.9,-89.3,0.006,0.27,0.06,-0.43,29.37
30.67,4.38,95.4,27.2,775.78,-86.69,0.035,-0.13,0.04,-0.53,28.2
30.93,4.48,93.7,27.38,783.94,-86.51,0.024,0.39,0.15,-0.26,29.38
30.89,4.51,95.1,27.42,782.93,-87.13,0.053,0.9,-0.06,0.0,29.07
30.89,4.18,96.8,27.53,807.13,-88.86,0.002,1.13,0.67,0.98,30.14
30.93,4.82,94.9,27.68,779.77,-86.42,0.0,0.11,-0.4,0.71,29.4
30.82,4.39,97.4,27.7,797.24,-88.46,0.042,0.67,-0.24,-0.25,29.05
30.89,5.26,96.1,27.87,796.98,-87.0,0.063,0.96,0.68,0.83,29.75
30.88,4.89,96.2,28.03,808.17,-87.71,0.03,0.04,-0.97,-0.03,28.94
30.88,5.2,96.0,27.74,800.54,-85.49,0.015,0.31,0.3,1.13,30.14
30.81,5.25,96.7,27.59,785.53,-89.32,0.017,-1.04,1.01,0.12,29.64
30.74,5.65,96.8,28.24,801.99,-88.71,0.045,-0.44,-0.11,0.19,29.83
30.86,5.14,95.9,28.26,796.01,-86.85,0.022,0.02,-0.77,0.15,30.08
30.85,5.03,95.6,28.45,807.6,-86.93,0.035,-0.93,-0.78,-0.33,29.94
30.81,5.1,94.8,28.77,822.07,-87.26,0.089,-0.34,0.35,0.86,30.79
31.0,5.73,96.6,28.43,791.1,-86.37,0.01,0.77,-0.43,-0.19,30.1
30.76,4.95,96.1,28.46,801.1,-86.58,0.005,-0.01,0.69,-0.19,30.48
30.88,5.15,95.3,28.74,804.03,-85.48,0.057,0.79,-0.35,0.4,30.56
31.03,5.56,95.5,28.28,806.04,-86.55,0.036,0.37,-0.14,-0.73,30.41
31.0,5.51,95.9,28.7,817.39,-84.13,0.02,-0.83,-0.69,0.01,30.13
31.03,5.92,95.2,28.7,808.23,-88.33,0.025,-0.47,0.4,-0.2,29.59
30.81,5.3,95.9,29.09,813.95,-84.23,0.072,0.01,0.02,-0.75,30.98
30.96,5.75,94.6,28.67,803.2,-86.57,0.094,0.28,0.61,-0.15,30.16
30.73,5.79,95.4,28.9,811.26,-89.29,0.0,0.2,-0.94,0.07,31.41
30.82,5.6,94.8,28.85,816.09,-90.12,0.039,-0.19,-0.58,0.22,30.39
30.82,6.26,95.9,28.06,800.18,-87.29,0.111,-0.17,-0.06,-0.67,31.17
30.76,6.04,94.8,28.77,814.35,-85.35,0.006,0.33,-0.1,-0.73,30.73
30.77,6.11,95.1,28.97,805.95,-84.95,0.006,-0.87,0.59,0.51,31.32
30.74,5.98,97.3,28.67,814.61,-87.59,0.004,-0.57,-0.28,0.93,30.85
30.67,6.19,96.1,28.95,800.72,-87.12,0.017,0.27,0.12,-0.53,30.89
30.88,6.07,95.7,29.47,804.97,-84.29,0.045,-0.33,-0.15,-0.47,30.23
30.74,6.71,96.2,29.34,799.03,-88.4,0.023,0.22,0.21,-0.34,30.99
30.76,6.83,95.4,28.34,796.61,-87.12,0.015,0.08,-0.38,-0.51,31.05
30.74,7.1,93.8,29.25,798.14,-84.87,0.026,-1.15,-0.08,-0.21,30.73
30.71,6.8,93.7,29.17,798.76,-86.92,0.013,-0.47,0.91,-0.41,31.07
30.69,6.64,92.5,28.92,778.6,-85.18,0.021,0.55,0.51,0.19,30.77
30.62,6.67,94.7,28.11,802.99,-86.02,0.019,-0.41,0.64,-0.1,31.06
30.81,7.03,93.5,29.17,767.48,-86.38,0.074,0.81,-0.67,0.12,30.58
30.71,7.02,93.7,28.72,776.52,-86.85,0.023,-0.57,0.52,0.77,30.93
30.59,6.97,93.8,28.9,779.58,-86.12,0.032,1.05,0.97,0.53,30.55
30.51,7.02,93.4,28.45,781.68,-81.77,0.011,-0.2,-0.6,-0.16,31.21
30.53,7.51,93.7,28.48,790.22,-86.05,0.013,0.45,-0.13,0.3,30.2
30.57,7.1,93.3,29.02,752.65,-84.68,0.113,0.42,-0.36,1.14,30.23
30.67,7.69,93.0,29.2,762.82,-84.23,0.028,0.94,0.08,-0.87,29.93
30.3,7.41,91.9,28.43,743.17,-80.75,0.011,0.13,0.16,-0.12,29.97
30.51,7.3,93.1,29.04,761.19,-82.34,0.002,0.41,-0.14,-0.17,29.84
30.54,7.24,94.5,28.29,759.91,-87.08,0.028,-0.27,-0.03,0.14,30.79
30.2,7.48,92.8,28.22,769.31,-83.54,0.003,-0.12,-0.06,-0.32,30.72
30.33,7.74,94.1,27.8,750.73,-83.13,0.005,-0.34,1.32,0.35,29.75
30.19,7.53,91.7,28.39,755.98,-82.31,0.007,-0.28,-0.27,0.96,30.27
30.34,7.95,91.7,28.06,747.3,-86.31,0.031,-1.69,1.72,-0.79,29.54
30.21,7.61,91.7,27.99,732.94,-84.04,0.015,-0.1,0.29,-0.04,29.67
30.21,7.75,91.3,27.81,718.94,-84.37,0.039,-0.0,0.07,-0.19,30.01
30.14,7.45,92.2,27.5,731.45,-83.06,0.007,-0.93,1.02,0.01,29.19
30.25,8.04,89.2,27.97,709.36,-84.18,0.065,0.58,0.44,-0.59,28.77
30.15,7.83,90.4,27.63,732.74,-83.97,0.007,-0.47,0.33,-0.14,29.24
30.12,8.43,91.8,27.82,713.61,-85.43,0.001,0.03,-0.61,0.36,28.61
30.08,8.2,89.9,27.1,722.57,-82.06,0.018,0.47,-0.29,0.03,28.82
30.09,8.04,90.8,27.4,701.13,-83.28,0.004,-0.24,-0.54,0.6,28.81
29.96,8.42,90.3,27.95,703.88,-83.35,0.017,0.07,-0.93,0.5,28.82
30.16,8.2,89.5,26.83,698.5,-83.24,0.105,0.02,0.06,-0.2,28.69
29.78,8.4,89.6,26.79,691.13,-83.26,0.048,0.14,0.72,0.11,28.4
29.68,7.86,89.0,26.66,682.38,-81.16,0.019,0.08,-0.1,-0.68,28.48
29.64,8.28,87.1,26.34,685.72,-81.61,0.039,-0.07,-0.13,-0.15,28.62
29.57,8.31,88.9,27.16,667.59,-85.26,0.017,-0.57,-0.31,0.78,28.19
29.87,7.71,87.8,25.64,659.79,-84.35,0.0,0.75,-1.0,-0.28,28.12
29.82,8.64,86.9,25.88,679.32,-84.75,0.048,0.08,-0.02,0.04,27.2
29.86,7.84,88.1,26.34,669.16,-85.48,0.043,-0.23,-0.14,-0.51,27.49
29.56,7.81,87.8,25.78,657.53,-79.99,0.075,-0.85,0.87,-0.57,27.42
29.74,7.35,88.1,25.89,668.49,-80.51,0.004,0.62,-0.94,0.58,28.03
29.62,8.34,86.8,25.75,644.14,-79.09,0.05,-0.63,-1.16,-0.06,26.06
29.6,7.7,87.5,25.79,655.02,-81.79,0.05,0.27,-0.46,0.01,27.14
29.62,8.04,86.6,25.5,638.53,-79.73,0.014,-0.12,0.07,-0.42,26.84
29.42,8.43,86.6,25.19,621.53,-80.21,0.015,0.39,1.17,-0.1,26.76
29.79,8.23,86.4,25.22,645.27,-83.8,0.016,0.94,-0.17,-0.04,25.76
29.61,7.97,84.7,24.96,631.74,-79.04,0.013,-0.6,-0.67,-0.54,26.22
29.35,7.66,85.9,25.47,615.69,-81.3,0.026,-0.67,0.05,0.48,26.73
29.25,8.09,85.4,24.53,619.27,-79.8,0.022,0.24,0.4,-0.13,25.35
29.34,8.35,84.9,24.77,603.09,-81.05,0.026,0.72,-0.65,-0.28,25.94
29.34,8.28,85.0,24.75,610.6,-82.48,0.028,-0.19,-0.47,-0.47,25.25
29.42,8.58,86.7,23.81,573.63,-79.56,0.036,-0.01,0.57,-0.1,26.0
29.12,7.81,82.9,23.74,582.62,-77.5,0.01,-0.84,-0.39,-0.25,25.5
29.26,7.58,84.1,24.65,597.94,-81.61,0.006,0.61,-0.77,0.09,25.19
29.02,8.03,84.6,23.59,581.05,-79.33,0.023,0.04,0.2,0.71,24.54
29.22,7.97,82.8,23.68,581.08,-77.64,0.017,0.6,-0.21,0.28,24.62
29.13,7.86,83.8,23.46,561.07,-83.19,0.037,0.18,-0.19,0.04,24.37
29.35,7.6,83.6,23.36,588.62,-80.77,0.025,-0.1,0.37,-0.18,24.0
28.9,6.98,81.9,23.1,577.73,-79.15,0.035,0.61,0.38,0.37,24.13
29.23,7.42,82.5,23.12,559.58,-79.71,0.006,0.1,-0.54,-0.51,23.26
28.83,7.84,84.2,22.65,553.4,-79.86,0.14,-0.79,-0.74,-0.24,24.17
28.85,7.71,81.3,22.71,563.69,-80.63,0.008,0.52,0.24,-0.08,23.56
28.79,7.86,82.0,21.96,569.26,-78.54,0.015,0.84,0.19,-0.36,23.29
29.0,7.62,82.1,22.46,555.11,-79.9,0.038,-0.44,-0.48,-0.08,22.85
28.8,7.68,82.0,22.48,563.54,-80.33,0.001,-0.05,-0.52,-0.86,23.44
28.76,7.63,81.5,22.56,528.94,-80.12,0.053,1.21,0.71,0.11,23.9
28.93,7.34,81.8,22.49,526.43,-76.35,0.026,-0.2,-0.31,1.62,22.86
28.94,7.28,81.5,21.82,519.31,-79.31,0.064,-0.63,-0.3,0.18,23.39
28.87,6.34,82.0,22.12,532.31,-77.29,0.023,-0.35,0.74,0.08,22.93
28.83,6.95,81.9,21.29,526.46,-78.76,0.001,-0.17,-0.53,-0.58,22.5
29.05,6.89,81.5,21.38,520.12,-80.27,0.02,0.69,-0.59,-0.45,23.21
28.83,6.98,81.2,22.01,526.8,-78.85,0.068,-0.26,0.37,-0.4,21.61
28.9,6.66,79.6,21.38,528.22,-78.45,0.009,0.47,1.04,-0.54,22.23
28.8,7.15,80.9,21.28,497.97,-77.41,0.012,0.21,0.99,0.27,21.91
28.64,6.53,81.6,21.02,504.71,-77.18,0.001,0.04,-0.01,-0.28,22.06
28.83,7.05,79.3,21.62,516.48,-79.14,0.057,0.01,0.71,-0.23,21.35
28.67,6.36,79.4,21.05,501.34,-75.18,0.061,-1.35,-0.56,1.17,22.02
28.73,6.4,81.6,21.27,495.91,-74.98,0.005,0.3,-0.54,-0.28,20.94
28.77,6.3,79.1,20.44,512.1,-76.97,0.007,0.7,0.09,0.37,21.74
28.49,6.28,80.2,20.21,487.19,-76.5,0.023,-0.36,0.15,0.26,21.18
28.52,6.71,79.8,20.19,495.39,-78.14,0.007,0.71,0.22,0.56,21.47
28.82,6.18,81.3,20.58,500.16,-79.13,0.007,-0.25,-0.1,0.05,20.91
28.63,6.11,80.3,20.85,489.75,-76.83,0.015,-0.05,0.17,0.29,20.76
28.63,5.9,80.7,20.45,502.09,-77.27,0.025,0.15,-0.27,-0.55,21.65
28.72,5.97,80.1,20.41,487.5,-74.21,0.001,0.82,-0.38,-0.14,21.62
28.65,6.04,81.6,20.09,506.35,-72.92,0.063,-1.15,0.09,0.13,20.4
28.75,5.84,79.4,19.51,490.24,-77.74,0.039,0.41,0.02,1.11,20.85
28.69,5.78,80.3,20.6,497.61,-76.24,0.003,0.19,-0.23,-0.11,21.03
28.73,6.06,81.0,20.06,497.9,-75.11,0.026,0.36,0.38,0.07,20.63
28.62,5.76,81.2,19.95,483.87,-75.66,0.004,-0.07,0.91,-0.05,20.59
28.73,5.26,79.8,20.02,469.48,-75.69,0.035,-0.19,0.49,1.02,20.84
28.85,5.51,78.4,19.06,493.64,-74.31,0.006,1.24,0.22,0.38,20.72
28.65,5.3,79.8,19.44,490.93,-74.12,0.008,-0.37,-0.57,0.13,20.28
28.84,5.55,81.5,19.79,496.11,-75.65,0.056,0.01,-0.14,-0.33,20.63
28.73,5.36,79.6,19.48,488.78,-72.78,0.011,1.23,0.56,0.19,20.28
28.84,5.6,80.5,19.47,487.39,-74.82,0.054,0.58,-0.16,0.28,20.22
28.77,4.97,80.1,19.92,512.59,-77.15,0.043,-1.0,-0.02,-0.15,20.04
28.77,5.07,80.3,19.49,478.74,-74.58,0.012,-0.69,0.24,-0.54,20.03
28.82,4.75,81.5,20.26,501.92,-77.11,0.035,0.6,0.73,-0.55,20.41
28.94,4.99,80.7,19.4,490.11,-75.81,0.0,0.05,-0.34,-0.48,19.69
28.84,4.49,82.3,19.69,493.92,-74.77,0.026,1.54,0.57,0.25,19.68
28.88,4.98,81.5,19.57,495.68,-76.95,0.053,0.12,0.33,0.82,20.24
28.8,4.82,81.0,19.2,492.54,-74.81,0.056,0.46,-0.35,0.66,20.31
29.05,4.83,80.9,19.04,508.16,-75.66,0.029,0.24,-1.41,0.46,19.9
28.96,4.96,81.4,19.43,518.37,-77.76,0.013,0.78,-0.9,0.41,21.04
28.91,4.74,80.2,20.1,511.32,-78.68,0.107,1.3,0.11,0.16,20.07
28.9,4.25,80.5,19.31,509.96,-78.63,0.137,0.2,0.3,0.12,20.13
29.06,4.42,82.1,19.65,501.5,-76.52,0.001,0.95,1.13,-0.23,20.13
28.89,4.52,82.4,19.41,519.11,-76.96,0.005,0.46,0.31,0.05,20.85
28.77,4.4,80.7,19.61,538.22,-73.55,0.112,0.18,-0.24,0.27,21.19
29.02,4.4,82.7,19.97,515.69,-76.38,0.152,0.05,-1.31,-0.02,20.17
29.18,4.91,82.0,19.65,518.71,-77.08,0.086,-0.74,0.39,-1.14,20.95
29.25,4.42,81.6,19.44,519.96,-75.86,0.002,1.09,-0.42,-0.4,20.78
29.07,4.48,82.2,20.27,523.89,-76.04,0.032,0.08,0.33,0.12,20.43
29.12,3.73,83.4,19.55,504.67,-77.07,0.002,-0.58,-0.81,-0.09,20.91
29.2,4.53,83.4,20.06,539.64,-76.2,0.019,-0.31,0.41,0.41,20.35
29.13,5.14,83.3,19.37,530.7,-76.68,0.114,-0.65,1.06,-0.41,20.85
29.26,4.67,83.6,20.41,526.73,-77.07,0.06,0.36,0.42,0.16,20.63
29.21,4.11,82.6,20.94,554.15,-77.13,0.004,0.91,-0.15,0.62,20.98
29.37,4.92,84.1,20.1,539.69,-75.64,0.023,-0.37,-0.05,-0.01,21.23
29.37,4.23,83.5,19.83,551.1,-77.44,0.005,-0.66,0.89,-0.09,21.9
29.41,4.3,85.7,20.54,573.23,-78.78,0.005,-1.29,0.3,0.51,21.42
29.32,4.12,84.0,20.39,548.65,-76.83,0.004,-0.65,0.41,-0.63,21.1
29.61,4.11,86.3,21.2,551.67,-76.82,0.003,-0.7,-0.61,-0.18,21.62
29.47,3.53,84.7,20.34,574.03,-77.82,0.007,1.12,-0.91,-0.77,20.89
29.47,4.44,84.9,20.18,587.24,-73.17,0.075,-0.9,0.3,-0.04,22.18
29.38,4.12,85.0,20.86,564.49,-75.77,0.013,0.31,-0.76,0.52,21.63
29.5,4.16,84.5,21.06,588.87,-77.32,0.058,0.24,-0.85,-0.04,22.83
29.55,4.31,86.8,20.7,595.23,-78.16,0.001,-0.05,-0.92,-0.57,22.56
29.48,4.12,86.0,21.42,573.51,-79.1,0.027,-0.24,1.1,0.53,22.37
29.57,4.34,86.7,21.22,606.82,-79.01,0.026,1.08,-0.44,0.17,22.34
29.62,4.64,87.7,21.22,612.39,-77.76,0.076,0.23,-0.38,-0.36,22.42
29.68,4.42,86.6,21.63,605.34,-76.17,0.004,-0.83,0.45,0.44,22.58
29.5,4.28,86.9,21.46,625.85,-76.22,0.042,-0.2,-0.25,0.2,22.86
29.73,4.31,87.3,21.43,629.61,-77.14,0.047,-0.07,-0.82,0.81,22.85
29.73,4.44,86.4,21.26,624.21,-76.66,0.022,-0.4,1.39,-0.05,23.37
29.81,4.16,86.2,21.74,623.64,-77.42,0.008,0.03,0.55,0.4,23.89
29.97,4.51,86.8,22.96,623.41,-77.03,0.013,0.5,0.38,-0.96,23.49
30.13,4.69,89.2,22.24,637.77,-78.1,0.023,0.1,-0.45,-0.58,24.04
30.0,4.55,88.2,22.01,648.86,-79.22,0.02,0.41,0.27,-0.17,23.22
29.8,4.44,89.3,22.95,644.95,-78.32,0.036,0.34,-0.54,0.16,24.05
29.94,4.52,88.8,22.63,631.24,-79.24,0.009,0.47,-0.32,-0.1,24.1
30.09,4.85,87.9,22.89,670.93,-77.99,0.011,0.91,0.15,-0.21,23.66
30.11,4.38,90.1,23.03,665.16,-80.15,0.071,-0.46,-0.48,-0.03,24.28
30.21,4.51,89.0,23.6,664.46,-78.67,0.041,-1.01,0.79,0.34,24.88
30.11,4.33,90.4,22.76,681.81,-76.4,0.013,0.41,0.37,-0.16,23.62
30.11,4.88,90.9,23.89,693.45,-75.89,0.038,1.23,0.28,-0.07,24.78
30.4,5.18,90.4,23.78,655.12,-77.61,0.001,0.08,-0.79,0.21,24.84
30.23,5.38,91.0,23.7,692.38,-77.32,0.013,-0.64,0.4,1.03,25.3
30.13,5.51,89.8,23.52,678.63,-80.61,0.005,0.27,-0.3,-0.21,25.71
30.46,4.9,93.5,23.89,702.71,-80.29,0.01,-0.97,0.25,0.67,25.79
30.13,5.24,91.7,24.14,703.77,-78.93,0.025,0.08,-0.28,-0.37,26.07
29.92,5.11,92.2,24.91,713.57,-76.72,0.031,-1.13,-0.56,0.28,26.31
30.46,5.8,92.6,24.93,706.89,-77.56,0.1,-0.36,0.6,-0.51,25.86
30.51,5.76,91.9,24.44,697.75,-81.43,0.028,1.35,-0.52,0.43,25.2
30.48,5.49,92.3,25.43,716.52,-79.78,0.011,-0.76,-0.23,0.24,26.6
30.3,5.32,93.3,25.21,729.56,-78.89,0.046,0.28,-1.22,0.56,26.09
30.48,4.55,92.4,25.19,740.04,-78.23,0.015,0.39,0.83,-0.53,26.76
30.48,5.22,93.2,25.07,722.49,-80.84,0.004,-0.6,-0.02,-0.07,26.24
30.47,5.17,93.4,25.12,748.71,-80.8,0.028,0.98,0.57,-0.33,26.67
30.73,5.36,92.7,25.66,736.1,-80.34,0.024,-0.33,-0.04,-0.25,27.35
30.46,6.44,93.8,25.75,750.26,-82.6,0.001,0.02,-1.12,-0.66,27.1
30.65,5.56,92.3,25.62,745.49,-81.18,0.006,-0.04,0.72,-0.3,26.76
30.78,5.7,94.5,26.29,756.27,-80.2,0.005,0.46,0.08,0.3,27.04
30.7,5.82,95.2,26.09,767.13,-81.84,0.017,1.52,-0.49,-0.07,28.18
30.83,6.95,94.9,26.32,749.59,-78.78,0.158,-0.53,1.23,0.85,27.73
30.77,6.23,95.5,26.69,758.6,-80.82,0.042,0.22,-0.36,0.07,27.89
30.77,6.62,93.8,26.74,770.67,-83.8,0.011,0.73,-0.5,0.45,27.92
30.78,6.45,94.4,26.01,796.14,-82.7,0.09,-0.62,-1.43,-0.32,27.69
30.83,5.88,94.8,26.97,766.68,-84.9,0.023,-0.2,0.16,-0.78,28.33
30.72,7.01,95.0,26.85,798.78,-82.4,0.056,0.54,0.07,0.16,29.06
30.63,6.74,94.6,26.8,801.36,-83.69,0.125,-0.39,-0.07,0.38,28.39
30.92,6.66,94.4,27.1,783.15,-82.34,0.05,-0.3,1.2,0.04,28.07
30.95,7.3,96.6,27.09,783.81,-82.88,0.053,-1.72,-0.34,0.07,29.26
30.86,6.74,94.7,27.36,782.41,-82.08,0.09,-0.48,0.55,0.62,29.1
30.77,6.87,96.7,27.42,791.05,-80.69,0.007,-1.04,-0.79,-0.03,29.26
30.66,6.88,95.9,27.78,779.93,-81.02,0.057,-0.01,0.52,-0.39,29.45
30.87,7.37,95.8,27.11,795.36,-80.63,0.006,-1.28,-0.93,0.86,28.71
30.71,7.36,96.1,27.81,813.06,-83.38,0.024,-0.26,0.01,0.98,29.47
30.7,7.27,97.0,27.84,793.81,-83.79,0.003,0.1,0.14,0.77,29.72
30.88,6.93,93.7,28.73,799.2,-84.62,0.012,-0.12,-0.72,0.48,29.7
30.8,7.2,96.1,27.35,786.12,-84.54,0.005,0.38,-0.12,-0.07,29.79
30.93,7.06,96.0,28.45,808.26,-83.1,0.054,0.33,-0.47,0.32,30.36
30.88,7.78,96.1,28.36,808.39,-85.81,0.028,-0.91,0.15,0.03,30.16
30.83,7.02,96.7,28.56,807.46,-84.54,0.007,-0.01,0.29,-0.22,30.32
30.7,8.03,95.5,28.21,805.57,-86.01,0.058,-1.27,0.25,-0.74,30.08
30.8,7.99,95.1,28.55,805.58,-84.18,0.031,-0.11,-0.46,0.2,29.19
30.8,7.38,94.9,28.56,814.13,-85.88,0.002,-0.51,0.38,0.48,30.15
30.75,7.58,95.3,29.81,809.27,-86.54,0.011,-0.21,-0.39,0.03,30.33
30.85,7.54,96.5,28.53,813.0,-84.77,0.004,-0.19,-0.24,0.69,30.32
30.75,7.93,96.4,28.42,812.14,-87.02,0.003,0.28,1.35,0.37,30.42
30.86,8.27,96.6,29.44,821.2,-84.42,0.034,-0.03,-0.14,-0.65,30.58
30.91,8.24,95.5,28.91,816.56,-85.68,0.004,-0.38,-0.96,0.59,30.92
30.77,7.8,95.5,29.01,811.38,-84.87,0.005,-1.26,0.98,-0.21,30.24
30.91,8.34,97.1,29.26,824.14,-87.93,0.045,0.38,-0.06,-0.58,30.53
30.69,8.35,96.6,28.93,812.5,-83.23,0.077,-0.78,-0.86,-0.34,31.25
30.71,7.97,96.3,28.78,820.54,-87.07,0.009,-0.97,-1.54,0.89,30.01
30.82,8.06,94.2,29.0,812.6,-82.74,0.089,-0.67,-0.6,0.88,30.57
30.9,8.55,97.1,28.68,786.99,-86.17,0.01,0.51,0.29,-0.18,29.82
30.91,8.43,95.4,28.48,817.19,-83.66,0.014,-0.09,0.35,0.5,30.59
30.98,8.5,95.5,28.7,804.06,-84.28,0.032,0.35,-0.67,0.22,30.74
30.73,8.92,95.6,28.17,800.62,-86.47,0.041,-0.67,0.7,-0.16,29.97
30.74,8.33,95.3,28.87,802.23,-84.84,0.131,-0.15,0.08,0.15,30.77
30.62,8.27,94.9,28.82,794.09,-86.44,0.044,1.13,-0.19,-0.9,30.4
30.57,8.59,95.0,29.2,797.79,-86.39,0.017,-0.2,-0.54,-0.27,31.09
30.73,8.79,95.3,29.02,787.45,-85.0,0.003,-0.64,0.1,-0.04,30.82
30.59,8.02,95.3,28.9,803.8,-88.52,0.03,-0.34,-0.74,0.17,30.39
30.81,8.14,95.5,29.34,787.48,-87.15,0.055,0.3,0.1,0.64,30.49
30.46,7.89,93.5,28.75,782.22,-85.64,0.054,0.85,-0.3,1.14,31.15
30.67,8.3,93.8,28.48,774.08,-85.03,0.038,-1.45,1.27,-0.37,30.44
30.47,8.45,94.7,27.95,783.17,-86.2,0.042,-0.14,-0.53,0.23,29.9
30.47,7.89,92.6,28.8,779.38,-87.53,0.004,-0.37,-0.14,0.26,29.93
30.61,8.51,93.8,28.72,778.3,-85.86,0.004,-0.21,-0.03,-1.4,30.25
30.44,8.01,92.9,29.13,760.92,-87.12,0.026,-0.55,0.9,0.29,30.72
30.43,7.97,93.8,28.33,751.84,-83.37,0.002,-0.57,-0.24,-0.33,30.0
30.37,8.45,92.5,28.84,770.65,-86.44,0.006,-0.74,-1.21,-0.9,29.69
30.65,7.9,92.6,27.64,775.67,-89.23,0.04,-0.53,0.38,0.02,30.05
30.33,7.64,92.5,27.99,746.88,-87.53,0.001,-0.13,-1.33,0.47,30.1
30.38,8.25,92.7,28.5,769.25,-88.18,0.005,-0.1,0.88,-0.39,30.09
30.32,7.96,93.1,28.53,752.31,-88.95,0.047,0.29,0.4,0.85,29.11
30.34,8.32,92.9,27.63,745.41,-88.68,0.078,0.09,-0.74,-0.3,29.82
30.21,8.18,92.1,27.85,737.43,-87.18,0.009,0.06,0.07,1.0,29.7
30.23,7.37,90.8,28.05,723.39,-88.19,0.021,0.48,0.36,-0.05,29.32
30.27,8.24,93.5,27.91,742.85,-86.55,0.065,-0.71,-0.64,0.76,29.84
30.09,8.37,91.1,28.04,720.88,-86.56,0.049,-0.39,0.9,-0.05,29.46
30.29,8.07,91.2,28.07,716.42,-87.32,0.058,-0.29,0.94,-0.05,28.82
30.27,8.03,90.9,27.2,729.65,-87.05,0.012,-0.07,-0.43,-0.23,29.24
30.17,7.58,90.8,27.7,696.34,-84.28,0.01,0.5,0.23,-0.14,28.17
30.07,7.46,89.6,27.18,695.32,-84.74,0.039,0.11,0.35,-0.26,28.61
29.67,7.62,90.4,27.43,705.69,-86.72,0.022,0.67,-1.2,-0.12,28.51
30.04,7.77,91.2,27.04,704.06,-86.7,0.061,0.92,-0.59,0.66,28.81
29.91,7.71,87.9,27.46,701.19,-86.21,0.041,-0.27,0.07,0.32,29.63
29.89,7.25,89.3,27.16,688.49,-86.38,0.013,-1.04,-0.43,-0.81,28.16
29.66,7.15,88.1,26.49,711.94,-86.33,0.052,0.72,0.45,-0.09,28.72
29.91,6.8,89.6,26.12,679.45,-89.28,0.077,-0.13,-0.5,0.73,28.53
29.65,7.38,89.5,26.99,674.48,-86.83,0.004,-0.16,-0.35,0.46,27.31
29.8,7.0,88.2,26.2,663.85,-85.77,0.023,0.38,0.19,-0.4,28.24
29.86,6.96,88.1,26.1,668.06,-87.17,0.025,-0.07,0.4,-0.23,27.27
29.66,7.5,87.1,26.43,667.97,-88.11,0.002,-0.06,-1.09,0.31,27.4
29.83,7.09,85.7,25.68,668.84,-86.96,0.0,-0.0,-0.02,-0.35,28.17
29.56,6.94,87.1,25.97,636.88,-86.64,0.006,-0.57,0.68,-0.59,27.3
29.69,7.02,86.9,25.76,644.29,-88.79,0.054,-0.48,0.47,-0.0,26.68
29.42,7.13,86.8,25.58,646.19,-87.48,0.031,0.62,0.17,0.33,26.96
29.67,6.14,83.9,25.88,642.58,-85.53,0.006,0.63,0.2,0.15,26.01
29.62,6.38,84.9,25.48,631.77,-85.95,0.028,0.02,-0.36,-0.08,26.88
29.54,6.41,84.9,25.52,632.15,-86.07,0.03,-0.14,-0.01,-0.21,26.04
29.4,6.11,85.9,24.94,613.67,-84.14,0.019,0.39,0.1,0.47,25.15
29.25,6.25,86.0,24.62,632.41,-86.15,0.022,-0.17,0.88,-0.47,25.83
29.33,5.79,84.4,25.09,621.86,-86.09,0.035,0.09,0.36,0.39,25.6
29.48,6.45,84.9,24.38,593.62,-84.49,0.069,1.13,0.28,0.4,25.85
29.33,5.95,84.4,24.47,591.5,-86.19,0.058,0.9,-0.49,-0.22,25.02
29.1,6.09,86.3,24.42,587.0,-85.36,0.037,-0.74,0.04,0.15,25.46
29.12,5.97,84.1,23.85,599.53,-88.73,0.058,0.1,-0.37,0.28,24.89
29.38,6.04,83.8,23.7,575.24,-85.17,0.03,-0.69,-0.21,-0.06,24.97
29.26,5.06,83.3,23.73,580.17,-86.38,0.042,0.43,0.35,-0.44,25.26
29.02,5.86,82.2,23.93,583.49,-85.89,0.064,-0.6,0.35,-0.65,25.11
28.93,5.57,84.1,23.64,573.81,-83.46,0.063,0.95,-0.22,-0.52,25.02
29.04,5.71,83.1,22.9,572.67,-85.02,0.05,-0.74,-0.14,0.41,24.05
28.87,5.16,82.8,23.91,555.11,-84.89,0.024,-0.64,-0.25,-0.68,24.31
29.04,5.57,83.1,23.21,567.48,-86.12,0.006,-0.78,-0.06,0.16,24.17
29.33,5.76,81.5,22.78,551.26,-85.58,0.055,-0.38,0.04,-0.21,24.38
28.82,5.36,84.0,22.73,550.09,-83.16,0.043,0.23,-0.18,-0.52,23.59
28.97,5.02,80.9,22.56,551.76,-84.44,0.044,0.63,0.04,-0.7,22.98
29.12,4.97,83.6,22.37,546.55,-82.49,0.004,-0.52,0.8,-0.08,23.76
29.03,5.28,82.0,22.77,542.01,-86.19,0.058,0.46,-0.34,0.64,23.81
28.9,5.22,81.6,23.06,530.61,-87.04,0.048,-0.21,0.35,0.04,23.25
28.88,5.09,82.2,21.91,531.59,-85.01,0.015,-0.84,0.55,1.39,22.54
28.74,4.91,81.3,21.79,531.18,-83.09,0.02,0.58,0.4,0.91,23.71
28.83,4.93,82.2,21.79,514.1,-84.07,0.093,-0.21,-0.5,-0.48,22.75
28.88,4.79,81.5,21.21,520.04,-86.19,0.001,-0.34,0.46,-0.59,22.3
28.96,4.65,81.7,21.75,525.48,-84.92,0.004,1.01,0.26,0.44,22.87
28.74,4.94,81.8,21.5,505.89,-83.17,0.051,0.46,0.71,-0.44,22.97
28.78,4.75,80.8,21.37,527.43,-82.48,0.028,1.48,0.44,-0.39,21.53
28.67,5.0,81.6,20.55,525.88,-84.88,0.002,-0.15,-0.06,0.3,22.26
28.8,4.9,81.1,20.29,498.2,-81.73,0.036,0.17,0.62,0.83,22.45
28.85,4.61,81.6,20.84,521.82,-82.52,0.015,-0.66,-0.76,0.43,21.77
28.82,4.66,80.2,21.09,504.55,-84.48,0.018,0.5,-0.31,0.05,21.76
28.6,4.16,81.5,20.13,508.05,-80.53,0.008,-0.36,0.19,0.58,21.54
28.75,4.39,79.7,20.96,496.93,-83.99,0.006,-0.71,-1.01,0.84,22.1
28.64,4.48,78.7,20.44,509.3,-83.58,0.017,-0.45,0.18,-0.08,20.94
28.84,3.88,79.1,20.16,502.45,-81.63,0.026,0.03,-0.22,-0.46,21.18
28.69,4.45,79.9,20.39,488.71,-83.19,0.007,1.52,-0.27,-0.34,22.05
28.52,4.01,80.3,19.82,483.82,-80.34,0.018,0.09,-0.65,-0.05,20.85
28.68,4.02,80.1,19.3,479.64,-80.82,0.027,-0.14,0.08,-0.2,20.4
28.76,4.1,80.7,20.53,495.05,-81.76,0.02,0.44,-0.08,0.17,20.93
28.73,4.23,79.1,20.01,497.98,-80.98,0.019,0.12,-0.33,-0.52,21.29
28.64,3.83,81.4,19.7,498.0,-82.85,0.01,-0.96,0.67,0.14,20.77
28.63,4.47,81.1,19.69,489.71,-82.5,0.004,0.17,0.56,-0.22,20.53
28.58,4.26,80.8,19.55,478.87,-83.87,0.09,0.77,-0.1,0.02,20.86
28.66,4.78,81.0,19.64,483.32,-81.12,0.07,-0.14,0.43,0.7,21.6
28.61,4.29,78.8,19.67,501.53,-78.29,0.08,0.16,-0.74,1.02,20.45
28.83,4.37,80.6,19.9,485.19,-82.28,0.024,0.1,-0.29,0.03,21.33
28.61,3.95,80.7,19.37,491.65,-84.09,0.009,0.63,-1.52,0.72,20.62
28.74,3.86,80.9,19.2,479.8,-80.05,0.012,-0.29,0.12,0.12,20.08
28.74,4.4,80.9,19.34,494.42,-80.51,0.028,-0.16,-0.49,-0.72,21.05
28.86,3.9,80.6,20.36,487.13,-80.04,0.038,0.14,-0.09,0.1,20.22
28.89,4.44,80.6,19.53,502.98,-81.24,0.031,-0.33,0.69,-0.63,19.72
28.85,4.77,81.3,19.59,501.22,-83.2,0.006,-0.48,-0.47,0.64,20.44
28.83,4.57,80.0,19.34,489.64,-81.86,0.066,0.38,0.7,-0.16,20.12
28.67,4.48,80.8,20.02,494.61,-83.21,0.029,0.6,-0.54,-1.06,21.03
28.68,4.41,80.2,19.71,491.79,-78.8,0.06,-0.37,0.13,-0.72,20.46
28.73,4.24,80.6,19.04,484.68,-79.19,0.029,-0.27,-0.05,-0.3,20.09
28.93,4.36,78.7,19.46,492.02,-80.36,0.016,0.0,0.51,-1.02,20.66
28.87,4.25,80.3,19.27,504.45,-81.43,0.003,0.34,-0.03,0.15,20.33
28.98,4.06,80.7,19.56,507.74,-80.1,0.011,-0.21,-0.62,0.56,20.47
29.02,4.51,80.9,19.78,508.14,-82.1,0.006,-0.28,1.0,-0.23,19.41
28.83,4.87,81.1,19.02,505.94,-80.22,0.098,0.29,1.14,0.06,19.93
28.94,4.19,80.6,19.6,520.73,-75.92,0.015,-0.63,-0.73,0.94,20.52
28.96,5.05,81.4,19.22,514.61,-78.85,0.071,-0.17,0.44,-0.32,19.95
28.95,5.04,82.7,20.03,523.72,-75.44,0.012,-2.03,-0.09,-0.31,20.27
28.94,4.84,81.7,19.91,501.8,-81.63,0.004,0.04,-0.44,-0.25,20.93
29.17,4.9,83.2,18.92,483.28,-79.06,0.05,0.04,-0.78,0.36,20.82
29.06,4.77,83.3,19.26,528.45,-80.29,0.019,0.12,0.54,-0.44,21.14
29.09,4.9,82.0,19.24,514.58,-79.41,0.057,-1.29,0.49,-0.03,20.74
29.01,4.8,83.1,19.74,530.05,-78.43,0.025,-0.45,0.41,0.79,20.53
29.22,5.01,81.8,19.93,532.61,-78.99,0.003,0.4,0.42,-0.61,21.44
29.04,5.11,82.2,20.17,555.08,-79.85,0.001,1.38,-0.87,0.34,20.97
29.25,5.69,83.4,19.87,546.88,-78.9,0.005,0.34,-0.03,0.55,20.6
29.28,5.36,83.9,19.93,548.33,-79.43,0.012,1.18,-0.33,0.42,21.77
29.2,5.19,85.0,20.21,558.93,-77.43,0.016,0.84,0.49,0.5,21.24
29.32,5.3,83.8,21.29,558.23,-76.41,0.06,0.17,-0.47,-0.35,21.69
29.34,5.18,84.3,19.74,554.05,-75.88,0.063,0.59,1.23,0.46,21.52
29.34,5.3,84.4,19.7,573.51,-77.32,0.018,1.09,0.2,-0.42,21.89
29.38,5.81,86.0,20.27,555.96,-77.54,0.032,0.05,0.83,-0.03,21.87
29.42,5.46,85.9,20.3,574.62,-79.66,0.004,-0.67,-0.79,-0.66,21.6
29.46,5.49,85.3,20.39,560.33,-77.42,0.091,0.27,-0.29,0.05,21.69
29.48,5.57,85.9,20.75,582.34,-76.86,0.012,-0.14,-1.26,0.02,22.24
29.37,5.61,85.8,20.45,586.79,-77.61,0.031,-0.28,-0.4,0.73,22.12
29.52,6.24,86.6,20.76,606.24,-78.79,0.024,0.04,0.65,-0.53,22.2
29.61,6.02,86.7,20.98,578.51,-75.81,0.044,-0.43,0.19,-0.14,22.15
29.62,5.96,86.0,21.11,592.89,-78.12,0.146,-0.28,0.94,-0.44,22.35
29.76,6.13,86.5,21.27,611.91,-75.48,0.017,-0.34,0.71,-0.27,21.99
29.75,6.26,86.8,21.39,611.87,-75.53,0.011,-0.27,0.85,-0.77,22.93
29.61,6.05,87.1,21.28,615.2,-79.85,0.003,-0.29,-0.37,-0.6,22.61
29.73,5.93,86.8,21.6,608.75,-75.35,0.047,0.83,-0.92,0.33,23.05
29.74,6.83,87.7,21.82,617.34,-76.84,0.011,-0.72,-0.51,-0.71,23.13
29.81,6.8,87.3,22.29,640.67,-78.97,0.018,0.65,-1.04,-1.03,23.38
29.85,6.69,87.5,21.57,632.69,-77.34,0.094,1.3,-0.57,0.39,23.46
29.96,6.92,88.1,22.23,641.97,-74.91,0.088,-0.59,-1.15,-0.42,23.78
29.94,7.3,88.7,22.42,642.08,-76.32,0.036,-0.04,-0.27,0.62,23.4
30.1,6.63,89.7,22.57,636.43,-77.25,0.003,-0.07,0.47,-0.06,23.88
30.02,6.53,89.5,22.73,662.62,-76.09,0.018,-1.01,1.47,0.01,24.08
29.92,7.13,90.1,22.33,663.34,-76.42,0.072,0.29,0.06,-0.75,23.88
30.0,6.56,90.9,22.99,686.38,-77.98,0.021,0.19,0.58,-0.3,23.99
30.16,7.08,89.2,23.12,658.17,-77.98,0.124,0.67,1.16,-0.21,24.32
29.93,7.05,90.5,23.42,681.53,-75.79,0.006,0.25,0.58,0.45,24.77
29.99,7.41,90.8,23.32,665.15,-75.14,0.027,0.12,0.24,0.13,24.43
30.19,7.13,90.6,23.34,684.78,-76.67,0.006,-0.41,-0.49,0.09,25.4
30.33,7.69,91.4,24.03,697.87,-75.68,0.048,-1.1,-0.14,-0.3,24.95
30.41,7.17,91.0,23.4,672.24,-77.2,0.075,0.36,0.72,-0.03,25.35
30.26,7.67,91.7,23.49,695.74,-73.21,0.002,0.93,0.18,0.59,25.79
30.44,7.31,90.2,23.69,696.93,-76.03,0.017,-0.86,-0.33,0.24,25.09
30.35,7.73,91.6,24.4,700.26,-78.75,0.001,0.43,-0.83,-0.02,26.39
30.19,7.32,92.4,24.18,715.8,-77.54,0.002,-0.04,-0.04,-0.29,25.65
30.4,7.67,92.9,24.54,727.76,-76.47,0.014,-0.58,-0.48,0.44,26.7
30.36,8.12,91.6,25.21,719.75,-74.46,0.026,0.91,0.68,0.09,26.54
30.57,7.81,92.4,24.47,727.61,-75.04,0.057,0.18,-0.77,0.21,25.77
30.48,8.17,91.8,24.43,731.09,-77.02,0.088,0.15,0.94,0.13,26.59
30.36,7.85,92.6,25.47,734.28,-78.41,0.009,-0.91,-0.5,0.42,26.5
30.36,7.75,93.3,25.03,727.6,-76.41,0.008,0.99,0.32,-0.79,27.62
30.56,7.99,94.1,25.06,753.72,-77.11,0.005,-0.42,-0.39,0.03,27.21
30.3,8.16,94.2,25.58,749.64,-76.42,0.001,0.2,-0.24,-0.44,26.5
30.55,7.44,93.8,25.69,754.59,-76.24,0.023,0.59,-1.44,-0.29,27.94
30.66,8.2,93.3,25.59,746.44,-75.78,0.023,0.22,0.41,-0.44,27.8
30.53,7.79,93.9,26.24,753.66,-76.44,0.003,0.51,-0.47,0.2,27.9
30.8,7.74,96.2,25.9,760.14,-79.5,0.001,0.62,0.35,0.73,27.89
30.84,8.28,93.2,26.02,750.1,-75.91,0.014,1.41,-0.19,0.67,27.45
30.6,8.54,93.5,25.8,751.98,-75.7,0.002,-0.77,-0.19,0.38,28.79
30.7,8.22,94.7,25.72,766.16,-77.27,0.002,0.0,-1.49,0.81,28.2
30.87,7.76,95.3,26.79,780.58,-78.54,0.02,0.92,1.39,-0.0,29.01
30.77,7.98,95.6,26.37,771.89,-75.7,0.05,-0.02,-0.51,-0.47,28.58
30.62,8.06,95.2,26.91,771.16,-76.98,0.033,-1.34,0.89,-0.09,28.62
30.78,8.25,93.9,27.76,776.01,-77.86,0.005,0.86,1.13,0.23,28.14
30.71,8.18,95.0,27.37,782.28,-76.53,0.032,0.09,-0.32,0.56,28.67
30.96,8.35,93.9,27.33,785.83,-75.19,0.013,-0.61,-0.48,0.65,29.6
30.91,8.5,95.7,27.58,813.42,-77.6,0.003,0.14,0.04,-0.87,29.48
30.81,8.3,95.9,28.3,804.57,-77.29,0.014,0.32,0.0,-1.03,29.51
30.88,8.45,95.5,26.99,806.39,-77.47,0.06,-0.49,-0.92,-0.13,29.65
30.71,8.09,94.7,27.7,809.8,-78.94,0.007,-0.07,-0.68,0.48,29.52
30.79,9.15,95.1,28.37,789.96,-77.29,0.02,0.39,0.66,-0.22,29.43
31.07,8.31,94.5,28.06,789.4,-74.79,0.013,-0.56,-0.26,-0.24,29.4
30.9,8.33,95.8,28.46,792.09,-79.99,0.048,0.45,0.42,-0.29,29.63
31.0,8.63,98.4,27.91,817.88,-77.76,0.027,1.02,0.16,-0.21,29.96
30.92,8.1,95.9,27.78,800.29,-76.3,0.016,-1.11,0.19,0.2,29.68
31.06,7.86,95.6,28.96,794.32,-79.35,0.017,0.12,-0.3,-0.98,30.07
30.66,8.41,96.2,28.4,803.44,-77.42,0.07,0.29,0.71,0.49,30.17
30.88,8.4,95.1,28.73,806.13,-76.48,0.009,0.09,-0.15,0.37,30.14
31.1,8.0,95.1,28.82,811.8,-80.17,0.003,0.49,-0.3,-0.74,29.62
31.01,8.44,95.5,29.02,812.08,-75.69,0.058,0.2,-0.22,0.14,29.92
31.05,7.85,96.7,28.74,801.58,-78.3,0.019,0.58,-0.53,0.19,30.33
30.89,8.11,96.2,28.81,816.85,-78.88,0.001,0.5,0.51,-0.51,29.6
30.82,8.24,95.8,28.92,803.57,-80.63,0.071,-0.61,-0.94,-0.26,30.91
30.75,7.77,96.5,28.56,808.22,-79.44,0.03,-0.9,-0.04,-0.24,31.06
30.74,7.83,97.2,29.2,816.31,-81.19,0.009,-0.74,0.3,-1.0,30.92
30.96,7.95,96.4,28.67,802.53,-81.84,0.036,1.0,1.24,-0.34,30.72
30.91,7.48,94.9,29.29,802.6,-78.56,0.009,-0.4,1.09,0.46,30.15
30.83,7.29,94.2,29.21,813.4,-78.76,0.015,0.08,0.23,-0.49,30.78
30.89,7.88,94.2,28.18,797.94,-81.57,0.013,0.58,-0.07,0.03,31.24
30.83,7.51,96.2,29.25,801.54,-78.89,0.041,-0.05,-0.56,0.21,30.24
30.92,7.2,94.8,29.07,809.68,-81.27,0.003,0.48,-0.76,-0.47,31.72
30.9,7.32,96.0,29.46,823.23,-79.21,0.01,0.4,-0.51,0.52,31.03
30.65,7.38,94.9,29.61,807.17,-78.81,0.069,-0.38,0.39,-0.19,30.27
30.79,6.69,95.5,29.04,804.12,-82.87,0.065,-0.7,-0.33,-0.2,30.28
30.54,7.31,95.6,29.12,802.82,-79.89,0.106,0.54,0.78,0.05,30.47
30.74,7.15,94.3,28.54,784.76,-79.01,0.001,0.28,0.01,1.76,30.64
30.77,7.46,95.4,28.91,794.49,-81.83,0.004,-0.33,-0.33,0.45,30.48
30.52,6.82,94.1,29.53,790.73,-80.75,0.103,0.63,-1.1,0.02,29.48
30.61,7.23,93.9,28.93,791.8,-79.16,0.01,-0.09,-0.66,-0.3,30.05
30.64,6.73,95.0,29.22,787.17,-81.06,0.039,0.18,-0.94,0.59,30.53
30.64,6.72,94.7,28.86,787.09,-79.09,0.088,0.19,-0.58,0.78,30.56
30.56,6.68,94.4,28.79,777.33,-78.63,0.053,-0.25,0.24,0.32,30.8
30.43,7.15,93.0,28.99,778.06,-78.85,0.015,-0.53,-0.02,0.05,30.12
30.54,6.08,93.4,27.72,762.09,-81.85,0.029,0.85,-0.36,0.52,30.39
30.32,6.52,94.1,28.82,767.95,-82.79,0.016,0.95,0.73,0.42,30.27
30.46,6.31,95.1,27.85,781.71,-80.41,0.011,-0.48,-0.21,-0.16,29.86
30.41,6.22,94.6,28.54,767.53,-81.68,0.041,-0.1,0.58,0.35,30.37
30.42,6.33,92.6,28.22,760.56,-81.76,0.119,0.42,0.74,-0.31,30.24
30.34,6.41,92.2,28.04,776.05,-78.85,0.018,0.26,-0.56,0.16,30.89
30.2,6.16,93.9,28.89,739.7,-82.12,0.024,0.95,-0.44,-0.82,30.31
30.3,6.3,92.8,28.68,738.32,-83.09,0.017,0.33,1.22,0.47,29.17
30.43,5.78,91.7,28.09,762.56,-87.02,0.112,0.16,0.6,-0.47,30.07
30.44,5.76,92.0,28.96,741.81,-83.93,0.039,-1.07,-0.23,0.41,29.03
30.55,5.4,90.7,28.38,734.75,-82.88,0.021,-1.09,0.6,-0.25,30.08
30.43,6.23,92.2,27.89,720.93,-81.21,0.043,-0.37,-0.74,-0.44,29.27
30.05,5.5,92.3,27.19,733.06,-80.61,0.005,-0.25,-0.74,-0.59,29.41
30.11,5.4,92.2,27.71,729.61,-82.69,0.001,0.09,-0.67,0.02,29.69
30.12,5.6,91.6,27.42,708.73,-83.57,0.021,0.55,0.27,0.38,29.23
30.08,5.68,90.3,27.38,713.71,-83.88,0.035,-0.06,0.73,-0.7,29.25
30.07,5.07,91.0,27.57,707.13,-82.68,0.003,-0.31,-0.18,-0.29,28.54
30.31,5.57,91.2,27.1,708.37,-84.53,0.009,0.37,0.86,0.29,28.3
29.86,5.06,90.5,27.66,689.88,-82.19,0.12,-0.19,-0.13,-0.22,28.55
29.87,5.52,90.2,26.89,708.8,-81.86,0.006,0.25,-0.57,1.18,28.67
30.12,4.86,89.4,26.6,700.6,-81.9,0.005,-0.61,0.39,-0.6,28.23
29.81,5.19,88.3,27.06,682.94,-86.05,0.014,0.23,-1.39,0.14,28.79
29.9,4.92,90.3,26.7,679.5,-83.47,0.216,-0.32,0.83,0.46,28.22
29.94,4.51,88.5,26.88,675.35,-84.43,0.011,0.51,-0.26,-0.5,27.72
29.84,4.37,89.3,26.5,663.97,-86.87,0.007,-0.14,0.34,0.76,27.64
29.77,4.52,90.0,25.82,662.32,-84.45,0.006,-0.11,0.54,0.57,27.33
29.83,4.99,88.5,26.28,659.05,-85.05,0.047,-0.44,-0.99,-0.28,27.59
29.57,4.06,88.5,25.72,672.86,-85.28,0.054,0.68,0.76,0.42,27.09
29.59,4.7,86.5,25.95,661.18,-82.29,0.038,0.17,-0.1,-0.21,27.17
29.68,4.63,86.5,25.54,656.03,-87.1,0.064,0.98,0.53,-0.71,27.55
29.33,4.01,87.8,25.54,645.36,-85.02,0.07,0.14,0.75,0.36,26.96
29.72,4.23,86.1,25.48,625.47,-84.75,0.047,-0.86,-0.28,0.06,26.6
29.55,4.2,85.2,25.57,631.23,-89.1,0.031,0.52,0.45,-0.05,26.37
29.5,4.42,84.7,24.98,636.36,-85.15,0.044,0.67,1.09,0.01,26.82
29.25,4.81,85.6,24.05,609.11,-85.0,0.096,-0.19,-0.51,0.09,26.29
29.26,4.66,85.4,24.54,623.13,-84.18,0.038,-0.68,0.68,-0.43,26.27
29.33,4.21,86.1,24.77,635.09,-89.7,0.04,1.12,0.67,-0.43,25.58
29.45,4.04,84.3,24.99,617.62,-85.7,0.013,0.12,0.63,-0.01,25.11
29.07,3.8,86.0,24.53,616.32,-86.45,0.02,0.63,-0.55,0.23,26.0
29.38,4.14,83.7,24.62,599.59,-85.27,0.098,-0.37,0.21,0.27,25.74
29.21,3.97,83.5,24.18,602.37,-85.37,0.065,0.18,2.5,0.31,24.73
29.2,4.21,84.3,24.05,580.85,-85.58,0.005,-0.07,0.62,0.62,25.33
29.23,4.21,84.0,23.74,591.38,-85.85,0.003,-0.1,-0.6,-0.58,25.38
29.2,4.06,84.2,24.04,585.43,-86.23,0.018,0.17,0.27,0.35,24.51
29.06,4.07,82.6,24.1,577.32,-86.01,0.006,-1.55,-1.18,0.33,24.49
29.19,3.99,83.6,23.03,583.18,-89.04,0.097,0.51,0.47,0.03,25.11
28.81,4.05,81.8,23.3,560.32,-81.75,0.042,0.52,0.91,0.33,24.69
29.01,4.64,81.2,22.66,559.61,-85.42,0.055,-0.33,0.24,-0.28,23.74
29.05,4.37,84.2,23.52,558.29,-83.96,0.032,0.28,-0.98,-0.27,23.62
28.97,4.38,83.4,22.85,542.99,-86.51,0.047,0.87,-0.25,0.54,23.63
28.77,4.54,82.4,22.64,551.6,-85.75,0.008,-0.28,-0.07,0.23,23.67
29.06,4.53,80.6,22.1,528.28,-89.04,0.131,0.09,0.35,0.3,23.63
28.79,4.7,81.7,22.28,552.19,-84.17,0.027,-0.34,-0.53,-0.23,22.77
28.91,4.47,82.2,22.2,538.54,-84.7,0.012,-0.92,-0.96,-0.16,22.88
28.92,4.38,81.3,21.71,529.33,-88.18,0.13,-0.19,-0.02,-0.27,22.23
28.88,4.16,82.8,22.0,522.77,-87.7,0.001,-0.33,-0.05,-0.12,23.14
29.0,4.12,81.9,21.52,525.46,-87.1,0.035,0.29,-0.38,0.45,22.72
28.84,4.67,80.5,21.84,531.51,-86.26,0.053,0.74,-0.62,-0.39,22.47
28.88,4.4,79.9,21.22,527.04,-87.22,0.003,0.18,-0.9,-0.25,22.26
28.81,4.06,81.7,21.49,511.57,-85.88,0.05,-0.18,-0.35,0.05,22.23
28.87,3.88,81.6,21.25,507.36,-86.57,0.037,-0.37,0.58,0.53,22.33
28.95,5.2,81.4,21.3,519.72,-86.55,0.011,0.67,1.44,0.14,21.57
28.79,4.3,82.0,21.14,503.39,-86.93,0.004,0.64,0.81,-0.84,21.63
28.85,4.44,80.9,21.0,508.82,-84.91,0.045,-0.2,0.4,1.09,21.4
28.92,5.06,80.6,20.6,507.2,-85.72,0.076,0.17,-0.42,0.48,20.67
28.9,4.38,81.0,20.94,506.96,-87.55,0.017,0.22,0.18,0.18,22.3
28.68,4.95,81.3,20.75,510.45,-85.62,0.025,-0.42,0.59,-0.39,21.75
28.85,5.4,80.8,20.77,487.41,-88.3,0.015,-0.06,0.15,0.4,21.06
28.75,5.54,80.2,20.44,479.25,-87.8,0.043,-0.49,0.62,0.41,21.38
28.85,4.83,80.9,20.3,491.16,-85.66,0.059,0.93,0.39,0.23,20.72
28.78,5.02,80.2,19.92,513.47,-86.11,0.028,-0.6,1.64,-0.54,21.3
28.74,4.97,79.7,19.96,514.45,-86.57,0.02,-0.36,0.72,-0.74,21.98
28.75,5.14,80.1,19.94,511.47,-86.23,0.037,0.37,-1.26,0.24,21.32
28.73,5.6,79.8,20.37,490.31,-84.45,0.017,0.01,-0.77,0.31,20.07
28.74,4.86,79.9,19.52,473.66,-86.97,0.029,-0.08,-0.05,0.47,20.17
28.68,5.54,79.3,19.42,467.45,-86.85,0.022,0.74,1.02,-0.17,20.13
28.67,5.36,80.8,19.8,484.29,-84.76,0.006,0.21,-0.42,-1.0,20.49
28.92,5.9,80.2,19.5,488.16,-88.37,0.015,-0.12,-0.22,-0.27,20.57
28.77,5.95,80.6,19.57,503.02,-87.44,0.009,-0.25,-0.49,0.06,21.11
28.65,5.51,80.4,19.5,498.71,-85.69,0.01,-0.47,-0.1,-1.32,19.96
28.69,5.67,79.4,19.39,492.49,-87.6,0.0,-0.42,0.78,0.45,20.47
28.86,6.04,81.2,19.3,481.66,-86.53,0.053,-0.25,-1.38,0.58,19.37
28.65,6.14,80.0,19.21,481.45,-88.31,0.001,-0.26,-0.19,-0.94,19.98
28.57,5.18,80.0,19.37,494.26,-86.1,0.044,-0.45,-0.74,-0.45,19.82
28.59,6.27,80.5,18.96,499.5,-88.82,0.006,0.49,0.58,-0.34,19.48
28.56,6.57,80.6,19.66,497.41,-88.35,0.081,0.51,0.21,-0.29,20.62
28.63,6.23,82.5,19.12,484.27,-85.85,0.049,-0.54,-0.38,0.33,20.05
28.65,6.51,81.0,19.57,502.4,-84.92,0.004,0.64,0.97,-0.28,20.37
28.98,6.68,80.3,19.17,501.58,-86.11,0.049,-0.36,-0.01,-0.26,19.75
28.82,6.44,82.3,19.76,488.19,-84.02,0.013,-0.93,0.48,-0.15,20.77
28.8,6.69,79.6,19.41,492.78,-85.41,0.074,-0.63,0.84,1.24,19.93
28.69,6.53,80.6,19.03,509.38,-86.77,0.021,0.57,-0.12,1.2,20.77
28.86,6.58,80.7,20.29,502.17,-83.86,0.04,0.71,-0.23,0.63,20.77
28.69,6.47,81.2,19.28,522.57,-84.94,0.001,-0.3,-0.23,-0.06,20.47
28.87,6.8,81.6,19.25,514.0,-84.95,0.002,0.38,-0.03,-0.51,20.54
29.19,7.38,81.9,19.3,506.56,-83.49,0.0,-0.14,-0.02,-0.5,20.02
29.04,6.62,82.0,19.64,513.91,-86.05,0.001,1.3,1.14,0.24,19.82
28.96,7.14,82.3,19.03,517.36,-84.4,0.024,-1.22,0.6,-0.51,20.59
29.09,7.12,81.9,19.62,512.29,-86.04,0.046,0.29,-0.56,-0.55,20.65
28.97,7.54,83.2,19.02,513.42,-85.2,0.002,0.24,1.16,-0.06,20.46
28.96,7.66,81.0,19.63,532.66,-86.67,0.01,1.15,0.44,0.03,20.34
29.29,6.95,80.5,20.11,537.33,-84.56,0.019,0.45,-0.49,0.28,20.39
28.97,7.12,83.3,19.57,538.26,-83.74,0.021,-1.09,0.05,0.51,20.21
29.1,7.2,82.6,20.14,550.83,-84.89,0.033,-0.21,0.05,0.45,21.26
29.2,7.27,84.4,19.31,533.83,-84.13,0.002,0.3,0.21,-0.59,20.67
29.08,7.36,84.1,19.74,559.68,-87.88,0.044,-0.43,-0.41,-0.37,20.66
29.3,7.64,83.9,19.6,537.71,-83.75,0.005,-0.1,0.36,0.78,21.37
29.22,7.33,83.3,20.78,540.48,-86.28,0.016,-0.22,0.96,0.11,21.0
29.36,7.43,84.4,20.05,537.0,-82.64,0.01,-0.3,0.58,0.68,21.07
29.38,7.45,83.8,20.05,554.22,-82.68,0.02,-0.13,-1.16,-0.12,21.86
29.32,7.89,84.4,20.27,557.82,-85.28,0.007,-0.04,-0.39,-0.21,21.04
29.58,7.77,84.3,20.46,572.37,-84.63,0.038,0.49,0.09,-1.26,21.17
29.33,7.76,85.0,20.42,573.89,-81.63,0.028,-0.39,0.04,0.69,20.97
29.6,7.62,84.8,20.24,563.94,-81.56,0.03,-0.09,0.88,0.11,21.83
29.62,7.43,86.1,21.23,576.43,-82.77,0.038,0.44,0.87,0.04,21.72
29.72,8.44,85.9,21.24,581.2,-84.08,0.007,0.34,-0.63,-0.79,22.82
29.56,7.9,85.3,21.09,571.78,-85.92,0.025,-0.99,-0.37,0.31,21.96
29.48,8.83,85.6,21.18,584.42,-81.94,0.024,-0.51,0.5,0.06,22.59
29.86,8.28,85.2,21.28,591.26,-83.8,0.032,-0.37,1.04,-0.03,22.11
29.6,8.63,84.9,21.16,618.09,-81.81,0.046,-0.36,0.48,-0.19,22.92
29.58,8.4,87.5,21.25,610.5,-81.4,0.069,-0.12,0.27,-1.37,23.31
29.69,8.17,86.7,22.13,620.08,-82.83,0.004,-0.61,-0.09,-0.18,22.66
29.63,7.96,86.2,21.91,603.39,-82.05,0.004,-1.51,0.88,-0.54,22.94
29.84,7.87,87.8,21.36,635.26,-80.26,0.004,-0.56,-0.88,0.38,23.07
29.74,8.51,87.1,21.8,641.3,-82.44,0.067,0.54,-0.96,-0.09,23.41
29.82,8.26,87.9,22.26,613.29,-82.81,0.013,0.01,1.09,-0.36,23.85
30.0,8.38,87.2,22.36,631.23,-81.21,0.033,-0.28,-0.06,0.42,23.35
29.99,8.44,89.0,22.55,648.26,-82.0,0.014,0.08,-0.31,-0.54,24.18
29.95,8.31,88.8,21.99,654.77,-81.37,0.019,0.04,0.79,0.5,23.99
30.01,8.06,89.4,22.76,646.57,-79.86,0.029,1.56,0.22,0.46,24.7
30.02,8.5,88.9,23.18,655.32,-83.0,0.016,0.45,-0.05,-0.34,24.36
30.0,8.13,89.7,22.41,657.42,-80.27,0.003,-0.13,-0.23,0.14,23.82
30.09,8.21,88.5,23.69,669.5,-81.92,0.026,0.55,0.31,-0.65,24.83
30.18,8.38,91.8,23.35,685.35,-81.35,0.065,0.51,0.42,0.61,24.71
30.14,8.14,90.5,23.42,670.63,-80.65,0.022,-0.16,-0.04,0.56,24.75
30.24,7.59,91.8,23.19,693.28,-80.76,0.072,0.54,0.23,-0.01,25.24
30.12,8.43,90.5,23.45,680.35,-82.96,0.026,0.73,-0.11,-0.13,24.88
30.18,8.47,90.1,23.7,684.55,-78.24,0.033,-0.16,-0.89,0.38,25.28
30.19,7.52,90.7,23.48,706.04,-78.48,0.011,-0.72,-0.91,-0.98,25.31
30.25,7.73,91.3,24.02,711.84,-80.26,0.016,0.46,0.35,-0.12,25.96
30.5,8.62,91.5,23.97,715.86,-78.51,0.028,-0.11,-0.15,-0.11,25.72
30.46,8.05,93.3,24.67,698.85,-80.37,0.048,0.14,0.42,-0.3,26.07
30.27,7.94,91.4,23.51,711.95,-81.12,0.038,0.42,-0.75,0.6,26.24
30.48,7.77,91.8,24.64,729.38,-79.44,0.032,0.88,0.74,-0.02,26.53
30.41,7.55,93.0,24.54,726.03,-81.14,0.09,-0.24,-0.12,-0.21,26.3
30.4,7.76,91.4,25.03,719.27,-78.35,0.001,-0.22,0.12,-1.28,27.14
30.33,8.06,92.8,26.0,738.9,-80.19,0.067,0.22,0.74,0.2,27.23
30.66,7.72,93.2,25.91,731.4,-81.41,0.017,-0.79,-0.24,-0.17,27.72
30.4,7.86,93.6,25.3,760.64,-84.33,0.006,-0.25,0.4,-0.08,26.76
30.58,8.15,93.7,25.55,762.19,-78.96,0.003,0.45,0.29,0.23,27.35
30.5,7.39,95.2,25.47,756.74,-78.17,0.118,0.04,0.07,-0.62,26.8
30.73,7.6,93.1,25.85,768.16,-76.53,0.093,0.63,0.56,-0.11,27.13
30.62,7.76,93.5,26.3,758.95,-81.02,0.134,-0.31,-0.19,-0.16,28.03
30.66,7.12,94.6,25.72,769.61,-76.79,0.028,0.82,0.57,0.17,27.83
30.69,7.39,94.5,26.86,780.26,-78.92,0.021,0.03,1.35,-0.44,27.64
30.75,7.83,94.7,26.77,771.36,-78.18,0.034,-0.09,0.6,-0.24,28.47
30.74,7.11,93.5,26.89,769.66,-77.97,0.012,0.54,0.09,0.63,28.44
30.75,7.46,96.5,26.85,758.35,-77.89,0.011,-0.79,-0.53,-0.45,27.48
30.71,7.03,95.2,26.52,777.63,-80.82,0.024,-0.29,0.93,0.55,29.01
30.6,7.55,93.7,27.32,789.62,-76.59,0.061,0.18,0.22,0.55,28.73
30.67,6.44,95.6,26.97,793.65,-76.32,0.098,0.29,-0.1,1.71,28.61
30.9,6.88,94.3,26.61,791.91,-76.04,0.013,-1.37,0.61,0.35,28.42
30.79,6.35,96.1,27.35,783.99,-76.65,0.069,-0.48,0.33,0.12,29.26
30.76,6.51,94.4,27.03,772.03,-77.6,0.004,-0.04,0.12,0.57,29.0
30.68,6.44,96.3,27.33,789.1,-79.41,0.004,-0.06,-0.11,-0.19,29.24
30.65,6.49,94.6,27.9,793.13,-76.45,0.093,0.37,0.29,0.16,29.44
30.78,6.14,94.9,27.71,795.01,-76.98,0.081,-0.21,0.28,-0.4,29.73
30.98,6.4,95.8,27.84,806.16,-76.96,0.004,-0.62,-1.04,1.03,29.74
30.82,6.49,95.3,28.36,821.5,-76.22,0.073,0.33,-0.07,-0.52,30.32
30.94,5.82,95.4,27.25,804.41,-76.87,0.02,-0.66,0.72,0.29,29.1
30.82,6.01,94.7,28.52,802.38,-77.4,0.055,-0.31,-0.22,0.14,29.67
30.97,6.89,95.7,28.27,803.18,-78.44,0.01,-0.48,0.78,-0.51,30.42
30.86,6.15,96.7,28.27,808.09,-76.61,0.037,-0.29,0.06,-0.47,30.89
30.75,5.43,97.5,28.36,799.48,-74.33,0.063,-1.05,0.62,-0.55,30.61
30.87,5.48,96.7,28.67,809.72,-78.14,0.048,-0.26,0.19,-0.38,30.42
31.12,5.89,96.5,28.87,813.63,-74.92,0.013,0.53,0.28,0.0,30.63
31.11,5.78,94.6,28.49,811.67,-75.31,0.003,-0.13,-0.43,0.17,30.68
30.95,5.5,96.0,28.59,814.44,-78.9,0.057,-1.38,-0.56,0.12,30.17
30.87,6.26,95.4,28.9,814.33,-75.37,0.014,-0.9,-0.65,0.13,30.7
30.92,6.32,94.7,28.01,792.25,-76.21,0.027,-0.66,-0.48,0.5,30.11
30.92,5.38,94.9,28.75,816.15,-76.33,0.0,-0.15,-0.15,0.09,30.6
30.87,5.66,96.4,29.01,802.73,-73.17,0.104,-1.03,-0.19,0.38,30.38
30.91,5.6,95.4,28.7,797.98,-74.72,0.004,0.28,-0.04,0.3,30.8
30.88,5.58,94.6,28.62,797.24,-77.5,0.031,0.95,0.96,0.3,30.43
30.8,5.0,95.2,28.88,811.8,-75.12,0.05,0.66,0.37,0.35,30.69
30.69,5.71,95.9,28.75,804.27,-77.43,0.003,0.35,-0.55,0.1,30.28
30.76,5.04,95.0,28.89,788.56,-77.35,0.025,0.54,-0.33,-0.65,30.54
30.9,5.13,94.5,28.82,808.88,-75.78,0.098,0.8,-0.45,0.44,31.16
30.78,4.94,94.6,29.54,788.28,-74.25,0.072,0.35,0.0,0.8,29.96
30.81,4.84,96.0,28.6,802.49,-78.24,0.01,-0.75,-0.45,-0.54,30.72
30.72,4.91,93.5,29.29,801.75,-76.76,0.098,0.77,-1.15,0.44,31.25
30.61,4.42,94.8,28.79,806.35,-74.24,0.1,0.18,0.61,0.01,31.03
30.69,4.13,94.8,29.1,813.29,-77.41,0.018,-0.28,-0.18,0.2,30.69
30.58,4.61,94.2,29.2,779.66,-75.96,0.005,0.28,-0.97,0.58,30.93
30.55,4.36,93.9,29.49,790.47,-76.48,0.002,-0.22,-0.36,0.46,30.31
30.8,4.75,95.3,29.07,785.79,-74.12,0.018,-0.28,-1.14,-0.33,30.86
30.59,4.67,95.1,28.76,790.31,-75.57,0.023,1.1,-0.67,-0.4,31.02
30.53,4.5,94.3,28.89,785.41,-76.51,0.009,-1.14,-0.84,-0.3,30.58
30.79,4.9,93.6,29.5,776.88,-77.34,0.0,-0.1,-0.11,-0.22,30.84
30.66,4.42,93.9,28.84,773.02,-72.96,0.004,-0.54,1.37,0.04,29.98
30.5,3.95,94.0,28.28,763.16,-76.26,0.008,-0.53,-1.26,-0.13,29.86
30.57,4.29,93.4,28.55,780.98,-76.52,0.011,-0.82,-1.0,-0.23,30.58
30.46,4.68,93.7,28.49,772.35,-75.47,0.016,-0.1,-0.65,-0.32,31.19
30.38,3.74,92.8,28.83,773.48,-75.18,0.038,0.49,0.61,0.07,30.16
30.49,4.25,90.4,28.08,757.62,-78.4,0.046,0.31,0.73,-0.46,30.4
30.37,4.44,92.6,28.26,750.47,-76.63,0.013,0.1,0.32,0.36,28.79
30.39,5.04,93.1,28.44,742.47,-78.0,0.076,-0.18,-1.12,0.07,30.12
30.47,4.59,92.3,28.19,752.95,-77.29,0.006,-0.51,-0.02,-0.84,29.59
30.43,4.26,92.4,28.24,734.98,-74.59,0.012,0.01,-0.68,0.22,30.5
30.22,4.37,91.7,28.18,759.78,-74.83,0.005,0.41,-0.83,0.33,29.91
30.31,3.63,91.5,28.11,724.04,-75.74,0.033,-0.21,-0.0,0.61,29.53
30.09,3.89,91.6,27.62,735.6,-78.8,0.007,-0.44,-0.21,-0.4,29.17
30.24,4.4,92.8,28.13,744.19,-76.48,0.034,0.93,-0.18,-0.49,29.79
30.18,4.25,91.7,27.56,730.09,-77.7,0.001,-0.6,0.24,0.3,29.69
30.17,4.29,91.3,27.64,721.37,-75.42,0.007,0.53,0.38,-0.19,28.72
30.06,4.23,90.7,27.11,705.37,-77.83,0.02,-0.65,0.29,0.19,29.39
30.31,4.23,89.2,27.44,696.61,-78.31,0.045,-0.39,-0.25,0.4,29.21
29.92,4.27,91.0,27.38,713.44,-76.61,0.005,0.56,-0.65,-0.04,28.78
30.11,3.94,90.5,27.21,716.07,-75.41,0.007,0.15,-0.78,0.07,28.87
29.83,4.21,89.8,26.81,691.83,-75.72,0.028,-0.21,0.07,-0.51,28.63
29.98,3.92,89.3,27.35,679.99,-75.46,0.051,0.93,-0.13,0.19,27.85
29.96,4.14,89.5,27.04,661.92,-75.54,0.025,-0.71,-0.16,0.22,28.27
29.86,4.71,88.6,26.66,671.79,-75.15,0.029,0.32,-0.9,-0.23,27.94
29.76,4.33,89.1,26.52,675.52,-77.43,0.118,0.75,0.25,0.08,27.41
29.8,4.59,87.6,26.18,687.67,-78.47,0.047,0.02,-0.31,0.19,27.38
29.78,4.48,86.5,26.09,673.42,-79.15,0.018,0.07,0.43,0.3,26.88
29.93,4.37,86.8,26.68,664.74,-76.22,0.003,0.14,-0.01,-0.5,26.7
29.58,4.22,87.6,25.91,652.67,-78.38,0.064,-0.89,0.24,-0.48,27.01
29.58,4.45,87.0,26.86,645.81,-79.6,0.05,-0.41,-1.24,-0.51,27.53
29.65,4.67,86.9,25.34,660.67,-77.56,0.017,0.68,0.73,-0.26,26.42
29.55,4.83,85.7,25.74,643.6,-80.63,0.048,-0.49,0.18,-1.49,26.29
29.53,4.75,86.8,25.54,615.55,-80.19,0.039,-0.24,-0.71,0.44,27.38
29.64,4.95,85.5,25.33,624.84,-78.37,0.007,-0.76,0.13,0.34,26.07
29.14,4.36,86.4,24.61,618.01,-77.49,0.006,-0.44,-0.71,-0.62,26.31
29.37,5.13,84.7,24.54,616.17,-79.43,0.046,0.36,0.23,-0.17,26.33
29.2,4.59,84.9,24.94,622.33,-79.4,0.025,-0.83,-0.17,0.29,25.89
29.24,5.28,84.5,24.36,610.73,-78.0,0.018,-1.07,-0.68,0.34,25.79
29.64,5.2,85.5,24.99,606.17,-78.06,0.014,0.59,0.16,-0.04,25.32
29.39,4.55,84.5,24.34,615.25,-82.55,0.038,0.0,-0.86,0.77,25.22
29.4,5.39,85.0,24.36,590.38,-77.34,0.015,-0.7,0.54,0.44,25.45
29.25,5.54,85.3,24.11,611.27,-80.18,0.0,0.31,0.61,0.34,24.67
29.32,5.68,85.6,23.94,581.25,-80.94,0.011,-0.67,0.08,0.66,25.56
28.99,5.14,84.1,24.35,584.25,-80.66,0.071,-0.13,-0.08,-0.28,24.11
29.29,5.49,82.9,24.05,576.01,-82.14,0.014,-0.51,-0.35,-0.53,24.75
29.04,5.72,84.5,23.57,575.59,-76.4,0.001,-1.11,-0.24,-0.28,24.08
29.05,5.8,84.5,23.61,574.41,-82.32,0.039,0.64,-0.3,-0.46,24.53
29.15,5.78,83.1,23.63,569.99,-82.74,0.01,-0.44,-0.05,0.08,23.8
29.1,5.6,84.0,22.87,553.89,-81.02,0.002,0.85,0.18,-0.31,24.27
29.05,6.1,83.0,22.38,546.05,-82.84,0.048,0.06,-0.7,0.11,24.2
28.85,6.17,81.2,22.98,578.26,-80.72,0.0,-0.32,-0.02,0.22,24.08
29.0,5.9,81.9,23.08,544.44,-78.58,0.005,-0.66,-0.14,-0.29,23.37
29.08,5.79,81.8,21.9,552.41,-80.93,0.007,0.03,-0.43,0.05,24.02
28.88,5.88,81.7,22.15,525.59,-80.81,0.035,0.3,0.51,-0.37,23.29
29.08,6.58,81.1,22.14,535.23,-81.89,0.004,0.58,0.53,0.23,23.1
28.8,6.54,80.9,21.74,533.22,-83.15,0.037,0.36,0.17,-0.8,23.2
28.88,6.32,82.6,21.9,535.8,-82.17,0.011,-0.15,0.28,0.17,22.18
29.05,6.34,80.0,21.43,500.54,-80.29,0.022,0.32,0.62,-0.15,22.61
28.76,5.95,80.7,21.58,526.24,-79.97,0.051,-0.24,-0.77,-0.36,22.71
28.96,6.53,81.6,21.81,510.03,-82.08,0.018,0.9,-0.78,-0.53,22.19
29.05,6.27,80.6,20.71,521.83,-80.97,0.005,-0.2,-0.21,-0.41,22.28
28.82,6.75,81.2,20.95,505.43,-83.58,0.004,0.32,0.23,1.04,22.84
28.72,7.13,80.5,21.68,504.56,-83.48,0.015,-1.33,-0.26,-0.19,21.73
28.68,6.55,81.0,20.79,507.85,-85.09,0.005,0.29,0.43,-0.05,22.25
28.92,6.99,79.7,20.06,497.66,-81.16,0.03,0.23,0.37,-0.0,21.56
28.9,7.28,79.0,20.92,501.17,-83.82,0.027,1.16,0.55,0.17,21.73
28.91,7.12,80.1,20.72,491.88,-85.08,0.037,-0.26,-0.4,-0.08,21.8
28.73,6.96,78.9,20.7,483.51,-82.47,0.028,0.98,-0.1,0.09,21.81
28.85,7.19,80.2,20.57,510.2,-81.34,0.013,0.03,-0.61,0.57,21.53
28.71,7.54,79.3,20.9,485.38,-84.04,0.027,0.91,-0.21,0.35,21.58
28.61,7.39,79.2,20.11,495.03,-86.27,0.06,0.2,-0.7,1.31,21.12
28.84,7.38,81.3,20.24,502.97,-84.22,0.001,-0.34,-0.27,0.11,20.93
28.9,7.78,80.3,20.03,488.07,-83.51,0.003,0.85,0.25,-0.4,21.43
28.58,7.65,78.8,20.34,484.9,-83.09,0.115,-0.21,0.55,0.12,20.2
28.58,7.19,80.0,20.3,494.49,-82.95,0.044,-0.22,-0.06,-0.49,20.7
28.7,7.8,79.9,20.09,502.65,-84.12,0.002,0.16,-1.19,0.49,20.69
28.82,7.94,78.3,20.64,479.18,-84.74,0.084,0.02,0.08,-0.02,20.79
28.57,7.34,80.3,20.02,488.92,-83.44,0.086,0.33,0.18,0.21,21.02
28.73,7.08,80.8,20.2,472.81,-86.57,0.034,0.15,0.02,-0.66,20.68
28.64,7.49,79.7,19.4,486.08,-86.15,0.075,0.34,0.29,-0.48,20.46
28.8,7.82,79.8,19.41,490.38,-85.9,0.013,0.33,-0.03,-0.74,20.83
28.63,8.19,79.6,20.3,481.68,-85.58,0.016,-0.74,-0.18,0.46,20.57
28.82,7.66,80.4,19.09,486.0,-87.1,0.017,-1.19,0.37,-0.33,20.47
28.72,8.13,80.0,19.8,476.98,-83.67,0.074,0.17,0.17,-0.08,21.03
28.64,7.13,80.1,19.95,492.49,-87.05,0.085,-0.41,0.16,0.75,20.75
28.77,8.08,79.7,19.88,503.09,-89.37,0.027,-0.48,0.62,-0.18,21.4
28.54,7.94,82.0,18.89,482.54,-83.95,0.071,-0.16,0.37,0.38,19.54
28.72,8.72,80.3,19.31,488.4,-84.75,0.058,0.16,0.76,-0.14,20.83
28.84,7.54,81.1,19.63,500.93,-85.71,0.017,-0.07,0.08,0.49,20.9
28.6,8.13,80.9,19.66,509.46,-85.01,0.036,0.43,1.21,-0.19,20.03
28.52,7.58,78.7,19.4,483.99,-85.63,0.006,-0.54,0.45,0.56,20.26
28.56,8.0,80.6,19.16,498.96,-84.14,0.005,1.11,-0.27,0.6,20.35
29.02,7.67,80.1,19.31,505.35,-87.12,0.034,0.56,-1.03,-0.67,20.15
28.87,8.88,81.9,19.2,503.52,-83.44,0.017,-0.19,0.08,0.32,20.21
28.84,8.09,80.2,18.99,481.94,-84.7,0.036,1.22,0.85,0.64,21.69
29.03,8.14,81.8,19.34,514.03,-87.1,0.047,-1.4,0.24,-0.19,20.4
28.89,8.19,82.3,20.12,526.66,-87.41,0.016,0.63,0.48,-0.37,20.67
28.99,7.86,81.9,19.4,515.21,-86.11,0.091,0.03,-1.01,-0.73,20.62
28.99,8.51,81.8,19.0,506.45,-88.08,0.074,0.73,0.44,0.13,20.55
28.95,8.38,81.7,19.45,514.48,-86.77,0.003,-0.29,1.01,-0.11,20.11
29.07,8.45,82.0,20.22,540.29,-84.5,0.004,-0.68,0.07,-0.06,21.0
29.15,7.8,81.2,19.1,534.79,-86.3,0.004,0.14,0.34,-0.07,20.65
29.06,8.49,82.6,19.71,535.32,-83.48,0.023,-0.3,1.01,0.25,20.11
29.06,8.44,83.5,20.03,535.83,-87.83,0.019,0.16,0.45,0.3,20.87
29.1,8.04,82.2,19.43,529.11,-86.04,0.065,0.21,-0.26,1.18,21.0
28.89,8.35,83.1,19.96,537.29,-87.56,0.014,-0.96,-0.63,0.35,21.42
29.23,8.14,83.2,19.64,542.2,-87.11,0.018,0.54,-0.74,0.69,20.5
29.08,7.55,83.7,19.6,552.27,-86.08,0.064,-1.7,0.58,0.01,21.07
29.33,7.94,83.3,20.33,565.75,-87.97,0.024,1.79,1.4,0.23,20.94
29.27,7.82,82.7,20.83,565.84,-88.19,0.028,0.16,0.76,-0.07,20.97
29.33,7.95,83.2,20.14,544.54,-87.62,0.004,-0.43,-0.17,-0.27,21.49
29.43,8.19,82.5,20.57,565.15,-87.75,0.001,-0.98,1.25,0.25,21.33
29.27,7.35,85.2,20.63,574.54,-88.47,0.047,0.36,-0.61,0.09,21.81
29.45,7.67,85.1,20.61,577.7,-84.81,0.01,0.24,0.31,-0.85,21.37
29.47,7.51,85.0,20.41,569.64,-87.44,0.021,-0.05,-0.38,0.56,21.78
29.45,7.47,84.7,20.4,609.56,-85.75,0.056,-0.22,-1.38,-0.76,22.07
29.4,7.41,85.4,20.58,572.21,-85.86,0.016,0.4,0.75,-0.07,22.24
29.61,7.63,85.7,20.91,578.77,-85.46,0.081,-1.36,0.49,-0.13,22.28
29.66,7.71,85.6,20.94,596.62,-89.0,0.034,-0.8,-0.71,-0.32,22.31
29.62,7.6,85.8,20.8,620.19,-87.52,0.002,0.35,0.38,-0.41,22.23
29.51,7.49,87.5,21.25,595.45,-85.95,0.004,-0.29,-0.1,0.02,23.23
29.61,7.56,85.7,21.22,605.99,-87.89,0.05,0.44,-0.05,0.02,22.82
29.7,8.03,87.8,21.76,624.3,-84.72,0.142,-0.61,-0.13,-0.07,22.42
29.83,7.29,85.9,21.56,618.26,-88.78,0.006,-0.06,1.05,-0.67,22.23
29.59,7.49,88.7,22.12,620.04,-85.68,0.024,-0.31,0.37,-0.26,23.64
29.75,7.41,85.8,22.04,634.01,-87.55,0.017,0.97,0.17,-0.19,22.79
29.8,7.58,88.3,21.92,636.07,-85.28,0.013,-0.24,-0.29,-0.32,23.53
29.87,7.15,87.7,22.17,648.65,-86.42,0.04,0.64,0.18,0.46,23.13
29.76,6.66,88.3,22.32,656.28,-88.05,0.001,0.17,0.19,-0.71,23.82
29.93,6.93,88.6,22.57,651.46,-85.51,0.034,-0.55,0.29,-0.22,24.04
29.95,6.84,89.5,22.78,656.34,-89.29,0.004,0.24,1.53,-0.67,24.39
29.9,6.94,87.6,22.64,660.58,-87.18,0.015,0.18,0.2,-0.52,24.19
30.04,6.36,89.4,22.86,668.35,-87.29,0.015,-0.83,-0.32,-0.05,24.35
30.02,6.93,89.9,23.13,669.01,-85.9,0.012,-0.23,0.12,0.42,24.12
30.18,6.48,89.4,22.2,673.44,-90.53,0.091,0.02,-0.16,0.71,24.61
30.05,6.65,90.1,23.57,690.37,-86.09,0.032,0.89,0.06,-0.27,24.88
30.2,6.42,89.9,23.2,698.49,-85.81,0.015,0.49,-0.82,-1.01,25.05
30.12,6.29,91.1,23.58,673.16,-87.5,0.004,-0.26,-0.32,0.44,25.13
30.18,6.24,91.2,23.59,693.19,-86.69,0.003,-0.93,-0.77,0.63,24.93
30.32,6.3,91.3,24.24,691.03,-86.11,0.036,0.75,-0.43,-0.61,25.0
30.34,6.61,91.9,24.49,699.58,-84.67,0.006,0.34,-0.21,0.23,26.29
30.29,5.34,92.6,24.24,711.43,-89.26,0.035,-0.95,-1.11,0.09,26.08
30.34,6.04,91.0,24.4,718.76,-86.02,0.094,-0.87,0.43,-0.47,26.95
30.23,5.81,93.8,24.57,715.55,-85.13,0.041,-0.42,-0.88,-1.19,26.33
30.6,5.67,92.6,24.73,702.07,-84.83,0.018,0.88,-0.38,-0.4,26.6
30.54,4.94,92.1,25.23,716.02,-86.01,0.032,-0.53,-0.41,-0.45,26.13
30.56,5.75,94.5,26.08,739.03,-84.73,0.005,-0.48,-0.73,-0.76,27.24
30.32,5.47,92.5,25.12,706.97,-85.6,0.015,-1.53,0.7,0.01,26.08
30.47,5.19,92.1,25.53,750.48,-83.71,0.023,-0.12,0.45,-0.8,27.23
30.52,5.38,92.9,25.18,747.96,-86.55,0.012,1.25,0.31,0.2,27.17
30.36,5.21,93.0,25.35,759.96,-86.19,0.025,0.5,0.16,1.26,27.87
30.72,4.71,94.5,25.4,748.76,-84.4,0.005,0.24,0.16,0.24,27.38
30.81,5.2,93.7,26.37,733.99,-84.02,0.047,-0.36,0.01,1.06,27.6
30.9,5.28,94.1,26.29,762.66,-84.13,0.014,-0.95,0.8,0.7,26.96
30.55,4.88,94.2,26.05,774.75,-85.41,0.008,0.46,0.17,-0.44,27.12
30.71,5.06,95.2,26.39,774.78,-85.27,0.02,-0.13,0.44,0.25,28.17
30.88,4.96,94.2,26.72,762.33,-84.56,0.028,0.29,-0.97,0.43,28.62
30.71,5.18,94.4,27.0,773.12,-86.08,0.021,-1.15,-0.78,-0.59,28.42
30.69,4.78,94.2,26.86,770.11,-85.53,0.002,0.35,0.35,-0.59,28.39
30.55,5.0,94.5,26.87,770.3,-82.0,0.012,1.19,0.26,0.54,28.7
30.92,4.61,95.4,27.43,790.98,-84.32,0.007,-0.46,0.35,-1.15,28.78
30.8,5.25,95.7,26.7,772.25,-84.73,0.048,-1.6,-0.29,0.31,29.1
30.73,4.48,96.6,26.53,777.96,-84.69,0.101,0.73,0.75,0.15,28.57
30.86,4.36,95.2,27.76,778.39,-83.26,0.033,-1.89,0.66,0.76,29.18
30.86,4.49,95.2,27.28,776.93,-80.4,0.078,0.75,-0.14,0.72,28.79
30.87,4.27,95.8,28.01,795.55,-81.71,0.05,-0.04,-0.63,-0.11,29.75
30.83,4.07,95.2,28.32,807.81,-85.27,0.002,1.51,-0.04,-0.73,28.98
31.06,4.63,95.2,28.4,796.32,-81.25,0.054,-0.82,0.7,0.22,29.43
30.86,3.46,96.0,26.8,784.94,-84.29,0.037,0.23,-0.06,-0.16,29.86
31.08,4.13,95.5,28.23,810.07,-83.88,0.009,-1.14,0.57,-0.63,29.19
30.96,3.92,95.6,27.86,820.05,-83.48,0.012,0.88,0.2,-0.09,29.49
30.94,4.34,96.4,27.9,798.11,-84.4,0.043,0.39,0.76,-0.04,30.8
30.88,3.62,96.2,28.35,801.01,-80.58,0.08,0.25,-1.03,-0.58,30.36
31.02,4.42,97.6,28.08,812.02,-83.24,0.007,0.6,0.07,-0.37,30.2
30.91,4.44,96.7,28.63,823.99,-85.38,0.044,-0.91,0.92,0.43,30.4
30.79,3.74,95.4,28.91,803.33,-83.37,0.04,0.34,-0.86,0.12,29.53
30.78,4.27,95.7,28.44,795.81,-81.66,0.046,1.15,1.01,-1.01,30.53
30.95,4.36,94.9,28.7,815.89,-84.4,0.021,-0.74,0.05,0.98,31.12
30.78,4.48,95.2,28.48,817.85,-81.28,0.001,0.63,-0.46,-0.25,30.2
30.88,3.76,97.0,28.86,810.05,-82.88,0.004,0.44,-0.45,0.25,31.18
31.01,3.72,95.7,29.24,804.38,-79.73,0.017,-0.41,-0.25,0.77,30.31
30.91,4.65,94.8,28.93,819.72,-80.58,0.038,-0.01,-0.01,-0.13,30.59
30.78,3.96,94.3,28.79,814.71,-81.01,0.053,1.58,0.54,0.4,30.04
31.03,4.06,94.6,29.33,801.25,-83.32,0.047,0.3,0.33,-0.61,30.79
30.92,4.42,95.1,28.76,808.76,-82.79,0.036,1.24,-0.66,-1.24,30.7
30.96,3.89,95.7,28.8,793.94,-81.58,0.052,-0.12,-0.18,0.34,30.57
30.56,4.18,95.3,28.72,813.34,-80.92,0.025,0.35,-0.13,0.23,30.33
30.86,4.55,96.1,28.42,802.74,-78.15,0.0,-0.18,0.41,-0.09,30.78
30.9,3.88,94.7,28.68,799.73,-79.86,0.03,0.27,0.12,-0.5,30.45
30.99,4.18,96.3,29.01,802.32,-80.75,0.06,-0.49,0.64,-0.34,31.14
30.6,4.02,95.1,29.08,801.47,-77.83,0.021,-0.92,0.64,-0.9,30.8
30.9,4.16,95.5,28.66,808.29,-80.04,0.029,-0.31,0.44,-0.66,30.49
30.94,4.78,94.6,28.82,803.37,-79.12,0.062,1.13,-1.47,-0.55,31.07
30.48,4.88,95.7,28.32,793.88,-77.31,0.067,-1.25,-0.53,-0.51,30.48
30.76,4.58,93.7,29.74,800.91,-78.44,0.04,0.11,-0.54,-0.16,31.02
30.75,4.7,93.6,29.46,794.97,-78.72,0.009,-0.07,0.36,1.05,30.65
30.62,4.73,93.7,28.68,784.25,-78.39,0.003,0.09,0.44,-0.13,29.81
30.58,4.43,95.3,28.95,784.69,-79.23,0.01,-0.57,0.77,-0.87,30.77
30.69,4.75,94.0,28.56,781.74,-78.95,0.115,0.68,0.66,-0.21,30.47
30.52,4.34,93.3,29.19,785.42,-81.27,0.021,-0.03,0.12,-0.33,30.66
30.54,4.49,93.7,29.01,773.72,-79.83,0.049,1.32,-0.28,0.31,30.47
30.64,4.81,93.8,28.28,770.38,-78.72,0.009,-0.68,0.62,0.55,30.42
30.73,4.57,92.6,28.35,790.75,-77.84,0.058,0.49,-0.73,0.46,30.28
30.55,4.56,93.4,28.61,777.11,-79.07,0.011,0.02,-0.57,0.17,31.35
30.48,4.79,93.0,29.06,756.65,-74.72,0.107,-0.24,-1.05,-0.13,30.33
30.37,5.41,92.5,28.37,766.39,-77.01,0.026,-0.86,0.28,0.15,29.34
30.28,5.6,91.7,28.9,758.18,-77.71,0.065,1.29,-0.96,-0.1,29.36
30.51,5.18,93.2,28.47,757.12,-80.14,0.0,-0.45,-0.68,-0.14,30.05
30.33,5.43,91.9,28.0,750.68,-77.96,0.012,0.34,0.14,0.5,29.56
30.45,5.16,89.8,28.06,757.22,-77.0,0.015,-0.36,-0.11,-0.0,30.12
30.25,4.78,92.2,28.34,744.69,-77.81,0.032,0.7,-0.33,0.23,29.72
30.18,5.2,92.0,28.33,736.44,-77.77,0.023,-0.58,-1.62,-0.58,29.64
30.27,5.44,92.2,28.27,743.23,-77.71,0.034,1.0,0.78,0.97,29.02
30.18,5.65,91.5,27.92,730.79,-78.43,0.017,-0.59,0.65,-0.02,29.51
30.01,5.65,91.1,27.9,725.26,-79.17,0.009,0.13,0.04,0.14,29.23
30.34,5.67,90.4,28.43,722.69,-73.93,0.089,0.07,0.45,-0.36,28.67
30.02,5.65,90.1,28.38,714.05,-78.62,0.007,-0.2,1.06,-0.26,28.55
30.17,6.0,90.8,27.44,710.46,-77.74,0.055,-0.55,-0.23,0.87,29.46
30.13,5.57,89.9,26.69,699.81,-76.58,0.069,-0.18,-1.08,-0.7,28.9
29.84,6.29,88.6,27.24,693.43,-79.96,0.01,0.14,0.53,-0.01,28.39
29.84,5.95,89.3,27.12,686.17,-74.48,0.026,-0.63,-0.89,0.04,28.19
29.89,6.82,89.2,26.51,677.4,-74.98,0.04,-0.48,0.06,-0.53,28.27
29.78,6.18,87.4,26.87,677.64,-78.92,0.062,-0.71,-0.02,0.27,28.24
30.06,6.21,89.4,26.34,679.79,-77.09,0.054,0.01,1.27,-0.41,27.45
29.79,6.26,88.5,26.7,677.62,-75.11,0.051,1.27,0.64,0.94,27.79
29.89,6.36,87.2,26.65,668.9,-76.52,0.002,0.08,0.84,0.19,26.87
29.81,6.76,87.8,26.49,643.07,-74.93,0.113,-0.62,0.9,-0.01,27.53
29.75,6.64,87.7,26.52,677.36,-74.09,0.022,-0.02,-0.01,-1.16,27.98
29.69,7.02,88.3,26.19,667.46,-77.57,0.011,0.43,-0.38,-0.87,26.72
29.79,6.93,88.0,26.17,656.03,-75.58,0.007,0.23,0.85,0.68,27.03
29.51,6.88,87.9,26.2,665.62,-78.05,0.097,0.43,0.9,-0.19,26.84
29.79,7.05,87.1,25.45,631.75,-76.9,0.002,-0.95,0.26,-0.12,26.32
29.39,7.37,86.0,25.41,655.39,-76.06,0.08,0.38,-0.02,-0.15,26.43
29.6,7.27,85.6,25.19,621.86,-75.91,0.007,0.33,0.76,-0.1,25.92
29.31,7.23,85.5,24.91,628.91,-77.38,0.112,-0.55,-0.33,0.82,25.9
29.41,7.34,85.7,24.91,608.83,-75.19,0.001,1.35,0.38,-0.34,26.19
29.42,6.93,85.5,25.16,616.78,-78.26,0.004,-1.07,-0.16,-0.84,26.12
29.32,8.11,86.1,24.97,615.6,-77.36,0.0,0.89,0.22,1.19,25.67
29.33,7.56,84.9,23.98,605.33,-74.42,0.0,-0.25,0.38,0.16,26.18
29.15,7.64,83.2,25.02,609.19,-77.21,0.078,-0.15,-1.59,-0.14,25.77
29.17,7.51,83.7,24.56,598.27,-75.6,0.044,0.24,0.63,0.92,26.1
29.32,6.88,83.6,24.2,587.34,-73.55,0.068,-1.04,-0.61,0.71,25.1
29.23,7.54,83.4,23.48,582.23,-76.03,0.001,1.66,0.62,-0.84,24.57
29.11,7.7,81.7,23.4,591.41,-73.99,0.002,0.14,0.25,0.45,24.75
29.33,7.48,85.0,24.19,572.23,-78.04,0.152,-0.83,-0.02,0.29,25.47
28.99,7.52,81.8,23.87,583.45,-76.9,0.02,-0.18,0.11,-0.5,24.1
29.07,7.72,82.9,23.76,582.14,-75.7,0.004,-0.04,-0.14,-1.25,24.68
29.03,8.09,83.6,23.17,548.91,-77.59,0.018,0.09,0.85,-0.08,23.77
29.13,8.28,83.4,23.53,572.7,-76.76,0.003,-0.5,-0.29,-0.26,23.88
29.04,7.99,81.6,22.45,577.83,-75.87,0.119,0.7,-0.42,0.17,23.67
29.0,7.81,83.5,22.35,555.7,-75.86,0.038,0.74,0.53,-0.4,23.35
28.77,7.9,83.2,22.99,555.22,-76.62,0.007,1.2,-1.28,-0.17,23.88
29.07,8.07,82.0,22.18,555.74,-78.93,0.025,0.21,-0.03,0.94,23.99
28.92,8.13,82.0,22.34,538.87,-77.19,0.039,0.71,0.11,-0.16,23.63
28.93,8.23,81.1,21.6,539.8,-78.36,0.04,1.05,-0.35,0.71,23.13
28.81,7.99,81.9,21.09,521.3,-76.41,0.011,-1.09,-0.83,-0.69,22.38
28.77,8.3,81.7,21.59,532.41,-76.41,0.002,1.36,-0.52,0.75,22.89
29.04,8.29,81.0,21.68,532.7,-76.59,0.064,0.46,0.35,-0.06,22.94
28.63,8.05,81.8,21.36,529.7,-77.86,0.08,-0.41,-0.9,-0.9,22.52
28.7,7.67,81.4,21.78,532.14,-79.02,0.023,-0.11,-0.84,0.49,22.96
28.99,7.92,83.6,21.79,510.8,-74.42,0.06,-0.28,-0.58,-0.09,22.22
28.87,8.67,80.2,21.53,510.43,-76.6,0.023,-0.74,0.2,-0.14,21.93
28.75,7.69,81.8,20.79,532.04,-77.16,0.009,0.82,-0.69,-0.8,22.44
28.92,8.6,80.0,21.26,509.05,-76.86,0.032,1.22,0.14,-0.28,22.27
28.81,7.68,81.0,20.53,510.16,-78.85,0.025,-1.23,0.56,0.57,22.41
28.78,7.96,78.4,21.51,505.23,-74.98,0.071,1.08,0.22,-0.24,21.9
28.77,8.07,80.0,20.77,495.57,-78.06,0.085,-0.02,-0.42,-0.68,21.26
28.79,8.71,80.7,20.35,518.05,-77.24,0.017,0.35,1.07,-0.29,20.44
28.78,8.17,80.5,20.56,494.72,-76.42,0.006,-0.63,1.37,0.39,20.69
28.98,8.08,78.6,20.51,487.05,-76.16,0.046,-0.05,-0.36,0.05,21.05
28.69,7.84,79.8,20.6,492.29,-77.36,0.008,0.85,-1.31,0.48,21.72
28.69,8.26,81.3,19.61,475.41,-78.96,0.026,-0.77,0.21,0.77,21.59
28.56,7.92,80.9,19.94,487.69,-76.61,0.033,0.39,0.57,-0.42,20.85
28.7,7.98,80.8,20.27,483.45,-76.33,0.057,0.63,-1.5,-0.0,21.26
28.92,7.91,81.9,20.3,498.4,-75.94,0.007,-0.29,0.27,-0.28,20.31
28.82,8.2,78.6,21.1,484.73,-76.99,0.054,-0.66,-0.72,-0.27,21.28
28.64,8.18,79.7,20.37,499.74,-74.77,0.021,-0.11,0.59,-0.46,20.61
28.71,7.65,80.0,19.58,504.41,-77.79,0.023,1.06,-0.85,0.17,20.92
28.55,7.69,79.4,20.38,497.95,-77.82,0.082,0.44,0.26,-0.47,20.81
28.59,7.61,80.1,19.91,487.85,-76.39,0.014,0.71,0.18,-0.29,20.73
28.73,7.84,81.1,20.13,491.45,-75.93,0.001,-1.23,-0.09,-0.87,20.02
28.66,8.01,80.2,19.77,474.98,-76.38,0.009,-0.25,-1.87,0.54,20.22
28.6,7.75,78.4,20.07,489.23,-78.7,0.044,-0.13,-0.39,-0.21,20.84
28.8,6.98,80.7,19.91,482.47,-77.55,0.057,-0.72,-0.5,0.17,20.59
28.74,7.81,80.2,19.69,498.68,-77.22,0.021,-0.31,-0.9,0.67,19.93
28.57,7.13,78.6,19.32,518.28,-78.84,0.019,0.13,-0.31,0.59,20.49
28.52,7.26,79.9,19.29,498.52,-80.33,0.013,-0.48,0.09,-0.2,19.9
28.71,7.47,79.1,19.1,474.74,-80.69,0.053,-0.24,0.47,-0.26,19.8
28.61,7.33,80.3,19.39,492.31,-78.74,0.016,0.54,0.89,-0.06,20.05
28.59,7.55,80.2,19.79,498.58,-78.12,0.009,-0.37,0.62,-0.43,20.26
28.96,7.04,79.5,19.6,499.81,-80.25,0.039,0.59,0.7,0.46,19.82
28.83,6.87,81.1,19.13,493.36,-80.84,0.022,-0.16,0.08,-0.07,20.67
28.83,7.0,80.1,19.74,505.0,-80.6,0.002,-0.47,0.61,-0.38,20.04
28.86,7.32,82.2,19.0,492.15,-79.73,0.034,0.82,-1.35,0.33,20.33
28.76,7.15,81.4,19.55,497.29,-78.92,0.016,0.08,0.89,0.19,20.55
28.97,6.91,81.2,19.94,515.51,-79.67,0.058,-1.65,0.93,-0.71,21.14
28.93,7.21,82.5,19.06,501.34,-80.35,0.086,-1.25,0.2,0.23,20.67
28.87,7.09,81.9,19.56,519.46,-78.41,0.101,-0.49,-0.41,1.06,20.35
28.91,6.91,82.1,19.29,503.11,-76.55,0.135,-0.28,0.64,0.07,20.12
28.86,6.24,81.9,20.14,537.3,-80.75,0.058,0.16,1.18,0.36,20.06
28.98,6.76,81.9,20.4,514.89,-78.49,0.014,0.07,1.7,0.72,20.22
29.03,6.39,82.6,19.86,523.5,-82.07,0.009,-0.58,0.07,0.5,20.61
29.03,6.26,83.7,20.02,532.27,-79.47,0.007,-0.05,-0.07,-0.8,21.22
29.12,6.09,80.0,20.25,526.66,-82.55,0.04,-0.23,-0.57,-0.96,20.75
29.13,6.17,84.4,20.1,537.21,-81.99,0.031,-0.35,0.38,0.38,20.65
29.19,5.96,82.3,19.6,545.1,-81.66,0.026,-0.37,0.01,0.56,21.0
29.31,6.12,83.4,19.81,552.64,-84.62,0.016,1.76,0.39,-0.65,21.7
29.3,5.95,82.1,19.88,554.74,-84.61,0.044,-0.75,-0.25,0.48,20.82
29.37,5.99,84.9,19.5,549.0,-83.29,0.016,-0.62,0.24,-0.38,21.4
29.18,6.01,82.8,20.53,553.24,-80.16,0.018,-0.15,0.47,-0.16,21.16
29.25,5.69,85.0,19.84,582.28,-82.64,0.012,0.85,0.05,-0.29,21.49
29.42,5.48,84.1,20.66,572.46,-81.05,0.019,-0.08,0.06,0.89,21.76
29.46,5.03,84.4,20.2,558.01,-85.02,0.004,0.13,0.83,-0.62,22.16
29.33,5.79,83.8,20.48,572.57,-82.15,0.075,1.21,-0.11,-0.35,21.7
29.52,5.51,86.0,20.85,572.64,-82.17,0.042,0.19,0.6,0.26,22.29
29.36,5.36,85.1,21.29,579.13,-84.4,0.025,-0.62,0.35,-0.42,22.12
29.57,5.7,86.1,21.17,572.75,-80.3,0.06,0.79,0.98,0.83,21.56
29.54,4.89,84.1,20.93,585.55,-85.11,0.005,0.01,0.57,0.03,22.13
29.41,5.23,85.3,21.08,612.47,-83.72,0.004,-0.21,0.55,0.48,23.26
29.56,4.86,86.4,20.79,604.88,-79.8,0.044,-0.64,0.82,0.12,22.42
29.91,5.28,85.2,21.55,578.97,-85.04,0.014,0.03,-0.61,0.13,22.47
29.7,4.35,87.0,21.42,620.88,-84.67,0.045,-0.57,0.45,0.53,22.61
29.99,5.2,86.4,21.25,624.49,-83.63,0.048,-0.05,0.96,0.31,22.69
29.57,5.13,86.6,21.97,614.91,-85.98,0.074,-0.18,-0.79,0.66,22.46
29.87,4.57,87.9,22.33,630.62,-83.34,0.011,0.66,0.32,-0.15,22.24
29.51,4.81,87.9,21.9,619.82,-86.9,0.002,-0.87,1.05,0.16,23.0
29.85,4.47,87.1,21.9,628.71,-84.35,0.02,-0.53,-0.49,-0.93,23.32
29.96,4.82,89.1,22.03,653.4,-82.3,0.003,0.36,0.64,-0.58,23.83
30.02,4.89,88.9,22.51,640.72,-83.62,0.022,-0.35,0.1,-0.43,23.61
29.86,4.29,87.1,22.09,629.76,-84.76,0.061,-0.51,-0.41,-0.42,23.97
30.11,4.16,88.7,22.68,652.85,-85.29,0.023,0.04,0.56,0.18,23.6
29.96,4.84,89.5,22.65,657.72,-85.05,0.006,-0.24,0.29,-0.59,23.54
30.04,5.05,89.4,23.12,675.51,-85.46,0.008,-0.88,0.65,0.05,24.53
30.04,4.58,87.1,23.29,668.67,-84.53,0.061,-1.37,-0.09,0.02,24.81
29.99,4.57,90.0,22.84,669.29,-84.27,0.056,0.85,-0.13,0.0,25.1
30.34,4.27,90.8,23.62,688.92,-85.12,0.019,0.37,-1.68,0.08,25.35
30.19,4.39,90.4,23.69,684.61,-84.38,0.043,0.92,0.11,0.06,25.56
30.35,4.42,90.7,23.61,680.8,-84.76,0.0,-0.97,0.65,0.97,25.47
30.38,4.23,91.7,23.68,704.71,-87.49,0.06,1.26,-0.62,0.05,25.13
30.17,4.67,89.9,23.83,699.91,-89.21,0.007,-0.08,-0.46,-0.06,25.64
30.46,4.3,92.0,24.07,702.78,-85.54,0.008,-1.11,0.31,-0.78,25.56
30.4,4.33,91.9,23.96,709.25,-86.56,0.023,0.44,0.43,-0.69,25.76
30.25,4.17,90.5,24.19,701.42,-85.66,0.019,-0.44,0.51,0.67,26.17
30.46,4.19,92.6,24.66,711.45,-83.54,0.005,0.88,-0.0,0.44,26.68
30.31,4.57,93.7,24.53,721.3,-86.52,0.036,-0.71,-0.36,0.47,26.64
30.65,4.25,92.7,25.19,723.78,-85.73,0.026,0.59,-0.53,0.71,26.49
30.58,4.25,93.1,24.99,742.85,-87.53,0.071,-0.97,-0.49,0.23,26.7
30.51,4.26,92.0,25.02,736.61,-85.59,0.101,-0.17,-0.53,0.9,26.96
30.69,4.1,92.6,25.44,747.21,-87.57,0.015,0.47,-0.56,-0.52,27.44
30.37,3.79,92.5,25.33,742.89,-84.96,0.014,0.78,-0.03,-0.82,27.87
30.5,4.69,93.8,25.35,757.41,-86.33,0.058,-1.39,-0.42,-0.06,27.34
30.58,4.56,93.2,25.64,754.78,-86.79,0.004,0.22,0.38,0.16,27.35
30.9,4.63,93.3,25.19,754.79,-89.08,0.001,0.57,-0.75,0.21,27.65
30.53,3.95,94.5,25.35,758.27,-88.73,0.001,-0.35,0.33,0.57,28.15
30.47,4.72,95.5,25.86,752.5,-85.85,0.092,-0.31,-0.18,0.01,28.09
30.53,4.9,94.2,25.9,770.65,-85.02,0.017,-1.44,0.25,0.4,27.82
30.83,4.65,93.2,26.68,768.6,-86.44,0.031,0.13,0.13,-0.06,28.17
30.67,4.86,94.6,27.03,767.28,-87.18,0.004,-0.11,0.32,-0.42,28.31
30.74,4.64,94.9,26.83,786.54,-86.79,0.001,-0.41,-0.28,0.17,28.18
30.86,4.18,95.5,26.18,766.03,-87.11,0.065,-0.31,-0.1,0.33,28.31
30.77,4.63,94.7,26.47,777.24,-87.97,0.04,-0.58,0.55,0.0,28.22
30.83,4.21,95.8,27.21,794.54,-88.97,0.042,0.2,-0.21,-0.02,28.77
30.88,4.37,95.8,27.15,790.09,-88.97,0.019,0.03,-0.84,-0.26,29.41
30.78,4.69,95.1,26.67,788.99,-88.01,0.029,0.23,0.13,-0.46,29.48
30.82,4.7,96.1,27.14,794.37,-86.85,0.029,0.05,-0.15,0.34,29.18
30.88,4.83,96.3,27.17,795.91,-88.99,0.134,0.44,-0.29,-0.43,30.02
30.96,4.21,94.7,28.16,781.06,-87.11,0.019,0.82,0.27,-0.49,29.39
30.77,4.75,96.4,28.0,794.7,-88.13,0.015,-0.61,0.28,0.09,29.39
30.51,5.02,95.6,27.75,816.18,-89.5,0.037,-0.59,0.72,-0.48,28.83
30.96,5.13,95.6,28.03,795.1,-87.96,0.035,-0.21,0.51,-0.02,29.8
31.0,5.21,95.8,28.09,800.03,-86.63,0.027,-0.44,0.46,0.72,29.46
30.92,5.1,96.9,28.16,799.17,-87.92,0.015,0.8,-0.2,0.01,30.48
30.93,4.97,96.9,28.86,804.94,-84.74,0.018,0.09,-0.61,-0.7,29.49
30.83,5.3,96.3,28.79,801.04,-86.0,0.009,-0.46,-0.35,-0.0,30.58
30.96,5.13,96.2,28.91,812.65,-85.33,0.008,0.05,-0.83,-0.83,30.23
31.0,5.55,95.9,28.56,810.51,-82.22,0.059,-0.07,-0.02,-1.25,29.76
30.91,5.48,98.2,28.4,816.87,-87.71,0.007,0.16,-1.06,-0.58,29.62
31.2,5.4,95.4,28.14,799.07,-88.97,0.056,-0.04,0.76,0.73,30.49
30.71,5.26,95.6,28.29,806.46,-87.96,0.006,0.02,0.28,-0.37,30.03
30.91,5.9,96.2,29.05,807.74,-86.64,0.024,0.56,0.28,0.88,29.66
30.74,5.8,95.2,28.3,814.52,-86.11,0.019,-0.5,1.31,0.46,31.29
30.98,6.34,96.7,28.73,801.84,-86.38,0.043,-0.19,-0.22,0.84,30.89
30.68,5.94,94.7,28.35,818.58,-87.27,0.065,0.45,-0.81,-1.17,30.12
30.7,6.04,95.2,28.84,820.79,-85.93,0.009,0.32,0.47,0.42,29.89
30.78,5.49,95.4,28.53,798.37,-84.78,0.018,-0.71,-0.15,-0.13,31.11
30.87,6.09,94.9,29.16,802.54,-87.56,0.006,-0.56,-0.78,0.43,30.12
30.76,5.98,96.5,28.87,801.15,-87.77,0.013,-0.81,0.91,-0.14,30.72
30.75,6.4,94.5,28.69,831.67,-83.36,0.009,-0.19,0.64,0.01,30.87
30.78,6.33,94.7,28.65,799.77,-87.93,0.102,0.52,0.83,-0.06,30.49
30.76,6.6,94.8,29.04,819.41,-84.9,0.017,0.33,-0.29,0.06,30.31
30.95,7.02,95.9,29.02,788.38,-86.39,0.009,-0.09,-0.28,0.67,29.94
30.84,6.21,96.3,28.81,789.42,-83.79,0.003,-1.0,0.65,0.2,30.87
30.7,6.81,95.4,28.88,790.57,-86.37,0.013,0.66,-0.34,-0.08,31.63
30.97,6.81,93.9,28.81,786.96,-85.25,0.069,-0.27,-0.17,-0.53,30.2
30.76,7.27,94.3,28.21,790.57,-87.73,0.037,-0.2,0.32,-0.24,30.23
30.56,6.96,95.9,28.94,783.85,-86.69,0.004,-0.23,1.0,-0.53,30.91
30.69,7.0,94.5,28.38,780.29,-85.21,0.0,-0.89,-1.42,-0.39,29.59
30.7,7.15,93.2,28.59,797.48,-86.49,0.028,0.9,-0.21,0.46,30.21
30.53,7.24,95.9,28.98,795.42,-87.32,0.095,1.02,-0.59,0.21,30.57
30.46,7.47,93.6,28.74,789.82,-82.11,0.01,-0.11,0.56,0.89,30.11
30.58,6.85,93.8,29.32,782.59,-85.22,0.014,-0.94,-0.78,-0.17,30.59
30.5,7.05,93.1,28.46,775.17,-83.37,0.051,0.63,0.28,0.02,30.49
30.69,7.75,92.7,28.54,766.05,-82.12,0.014,0.37,-1.24,0.04,30.31
30.58,6.71,94.3,28.69,758.14,-85.66,0.023,-0.11,0.48,-0.03,29.89
30.38,7.33,93.3,28.56,767.83,-84.89,0.001,1.57,0.53,-0.68,29.96
30.48,7.46,93.2,28.87,748.89,-84.54,0.034,0.57,0.04,-0.21,30.08
30.56,7.42,91.7,28.66,747.0,-83.83,0.001,-0.56,-1.04,0.42,30.05
30.21,8.01,92.3,28.85,764.68,-82.75,0.014,-1.02,0.1,0.21,30.45
30.22,7.73,91.8,27.72,768.26,-82.84,0.003,-0.25,0.1,0.14,30.08
30.31,7.53,91.4,28.48,749.2,-83.11,0.001,1.24,0.05,0.73,29.54
30.29,7.5,92.3,27.78,752.25,-84.55,0.0,-0.22,0.38,0.78,29.82
30.25,7.83,91.4,28.19,734.55,-83.95,0.001,-0.05,-0.99,0.41,29.74
30.18,8.14,92.0,27.86,719.37,-85.7,0.027,-0.7,0.57,1.14,29.12
30.15,7.88,91.8,27.6,734.53,-82.62,0.001,-0.3,0.69,0.39,29.51
30.2,7.84,90.6,28.16,729.68,-80.1,0.002,-0.06,-1.33,-0.26,29.07
30.26,7.71,91.1,27.05,720.21,-83.04,0.016,0.11,-1.01,-0.24,29.16
30.03,8.07,90.1,28.17,712.51,-81.21,0.016,-0.1,-0.01,0.24,29.32
30.35,8.08,89.6,27.64,719.93,-81.92,0.009,-0.12,-0.8,-0.28,29.21
30.26,7.8,89.2,27.37,695.76,-83.86,0.033,-0.45,0.29,0.5,28.32
30.15,8.36,89.8,27.14,693.14,-84.24,0.002,0.43,0.36,-1.19,28.09
30.03,8.59,88.9,26.95,686.01,-84.48,0.01,0.67,0.4,-0.31,29.11
30.16,8.12,90.4,27.12,692.1,-82.46,0.036,0.82,-1.11,0.32,28.98
29.85,8.22,90.3,26.34,675.5,-81.67,0.003,-0.66,-0.38,-0.01,28.42
29.75,7.81,89.2,25.62,674.62,-81.45,0.037,-0.88,-0.04,-0.71,27.87
29.76,8.38,88.7,26.6,669.46,-83.93,0.0,-0.03,-0.81,0.1,27.72
29.66,8.31,88.3,26.18,668.94,-80.24,0.036,0.56,-0.43,0.45,27.3
29.76,8.09,89.9,25.98,651.69,-82.79,0.046,-0.01,0.12,-0.84,27.63
29.75,7.97,89.3,25.62,662.42,-81.63,0.036,-0.33,-0.09,0.66,27.34
29.7,8.75,87.4,26.45,669.01,-82.64,0.043,0.34,0.38,-0.37,27.2
29.64,8.31,87.1,26.53,652.86,-83.32,0.053,1.52,-1.12,-0.12,26.62
29.63,7.92,87.3,25.73,661.89,-83.29,0.019,-0.78,0.09,-0.64,27.31
29.79,8.45,85.8,25.55,654.8,-80.2,0.014,0.8,-0.12,0.03,26.95
29.62,8.26,85.1,25.61,644.22,-81.14,0.033,-0.25,-0.06,1.87,26.79
29.62,8.2,85.2,25.44,632.19,-82.64,0.026,-0.41,-0.17,-0.16,25.74
29.5,8.46,85.8,24.98,626.68,-81.78,0.037,0.49,-0.4,0.03,25.68
29.25,7.37,85.0,25.44,629.14,-78.58,0.051,-0.15,-0.19,-0.42,25.69
29.19,7.59,86.7,25.26,612.65,-79.26,0.001,-0.77,-0.24,-0.59,26.27
29.63,8.53,84.1,24.98,592.84,-79.52,0.027,-0.01,-0.57,0.07,25.61
29.28,8.05,84.0,25.19,611.73,-77.14,0.026,0.08,0.04,-0.28,25.22
29.24,7.94,83.4,24.69,590.68,-77.92,0.041,-0.02,0.2,0.13,25.74
29.32,7.64,84.1,24.04,587.6,-79.98,0.069,0.05,-1.02,-0.38,25.18
29.32,8.07,84.1,24.14,592.5,-80.72,0.008,-0.24,0.08,0.06,25.3
29.31,8.07,84.1,24.29,586.89,-75.9,0.068,0.55,-0.51,-1.15,24.58
29.41,8.37,83.9,23.45,569.12,-77.83,0.042,0.16,-0.43,-1.05,24.81
29.35,8.01,83.2,23.57,580.36,-80.33,0.008,-0.99,0.64,0.53,25.2
29.04,7.77,82.7,22.96,583.9,-81.38,0.032,-1.06,-1.43,-0.18,25.0
29.23,7.94,83.7,24.07,558.57,-82.63,0.034,0.94,-0.15,-0.39,24.02
29.04,8.1,82.4,23.36,578.26,-81.05,0.012,0.5,0.72,-0.32,24.07
29.04,7.99,83.5,23.28,545.71,-79.73,0.014,0.16,-0.4,0.06,24.35
28.9,7.86,81.5,22.4,578.35,-76.88,0.003,-0.3,0.5,-0.24,23.9
28.81,7.7,81.9,23.17,549.01,-77.28,0.022,0.23,0.12,-0.59,23.86
28.98,7.39,84.0,22.75,550.63,-78.24,0.116,0.6,-1.14,0.25,24.12
28.85,7.2,83.9,21.87,526.4,-77.61,0.002,0.12,0.32,-0.17,23.5
29.05,7.1,80.9,22.51,540.95,-79.59,0.028,0.39,-0.28,-0.89,23.03
28.89,7.51,82.8,21.87,540.21,-80.26,0.001,1.14,-0.09,-0.06,23.62
28.94,7.48,83.0,22.1,533.53,-78.54,0.001,-0.74,-0.13,-0.46,22.64
29.05,7.6,82.4,22.21,525.35,-76.6,0.026,-0.14,0.09,-0.33,22.82
28.68,7.37,81.3,21.88,518.21,-77.9,0.036,0.64,1.07,-0.44,22.46
28.76,7.45,79.7,21.04,535.8,-76.8,0.028,-0.54,-0.03,0.51,22.08
28.85,7.03,81.2,21.65,521.75,-77.71,0.021,-0.11,-0.28,-0.03,22.38
28.85,7.23,81.3,21.73,533.92,-79.61,0.044,-1.06,-0.14,-0.15,22.32
28.93,6.63,81.1,21.24,510.45,-77.14,0.006,1.2,-0.71,0.02,22.07
28.89,6.85,81.2,21.37,508.7,-78.05,0.079,-0.25,-0.73,-0.27,22.44
28.78,6.24,80.0,21.26,518.67,-75.75,0.038,-0.07,0.32,-0.53,21.62
28.8,6.73,80.2,20.26,491.89,-79.66,0.045,-0.35,-0.84,-0.08,21.95
28.79,7.01,78.6,21.29,493.74,-74.9,0.001,0.08,-0.3,-0.65,21.21
28.56,6.59,81.1,20.55,514.73,-78.96,0.025,0.09,-0.6,0.21,22.54
28.71,6.71,79.6,20.39,490.07,-77.46,0.021,-1.09,-0.19,0.21,21.22
28.75,6.5,80.1,20.3,481.78,-79.18,0.057,-1.03,-0.88,-0.64,20.73
28.77,6.18,80.4,20.88,516.98,-75.36,0.047,0.63,0.12,-0.59,21.19
28.6,6.22,79.7,20.87,482.84,-78.48,0.012,0.61,0.31,-0.26,21.28
28.55,6.55,79.2,20.43,497.25,-77.55,0.005,0.42,0.49,0.76,21.45
28.68,6.34,80.3,20.01,494.88,-75.11,0.009,-0.99,0.04,-0.03,21.44
28.94,5.86,78.6,21.12,465.01,-77.37,0.069,0.64,0.07,0.23,21.18
28.6,5.56,80.6,20.02,489.54,-76.66,0.015,-0.85,-0.3,-1.19,21.19
28.84,5.96,80.5,19.73,495.94,-75.61,0.08,-0.25,-0.03,-0.46,21.23
28.89,5.65,79.6,20.24,494.4,-75.9,0.015,-0.5,0.06,0.12,20.82
28.71,5.7,79.6,19.78,499.45,-76.06,0.136,1.77,0.66,0.66,20.35
28.62,5.24,79.2,20.49,486.26,-77.2,0.01,0.05,0.01,0.68,20.63
28.77,5.92,79.7,19.41,497.13,-76.87,0.016,-0.03,-1.5,0.19,20.26
28.74,5.5,79.9,19.59,483.15,-75.59,0.011,0.19,-0.18,0.77,20.92
28.62,5.48,79.8,20.15,476.12,-76.63,0.139,0.39,0.39,0.98,20.94
28.65,5.14,81.3,19.74,477.6,-75.78,0.017,-0.54,-0.63,-0.06,20.92
28.79,5.24,78.8,19.43,476.46,-79.01,0.05,0.78,-0.31,0.37,19.93
28.86,5.29,79.5,19.17,501.84,-76.15,0.005,-0.16,-0.55,-0.66,20.78
28.72,5.01,80.9,19.07,477.42,-75.28,0.003,-1.45,-0.28,0.77,20.11
28.76,5.06,82.0,18.99,496.28,-75.06,0.068,-0.55,0.23,0.44,20.47
28.86,5.48,79.8,19.77,492.0,-76.35,0.015,1.18,-0.03,0.36,20.64
28.78,4.48,81.4,19.69,494.92,-75.55,0.038,0.38,0.29,-0.0,19.73
28.78,5.0,79.7,19.59,511.01,-76.92,0.016,-0.24,0.4,0.53,20.65
28.74,4.65,80.4,19.01,494.58,-73.88,0.05,0.49,0.95,0.5,19.68
28.75,5.23,80.9,19.3,506.81,-76.51,0.028,-0.86,0.41,-0.46,20.23
29.18,4.72,80.4,19.52,502.95,-74.09,0.039,0.51,0.48,0.1,20.72
28.86,4.41,80.8,19.86,503.08,-76.17,0.043,0.88,-0.65,0.21,20.88
29.06,4.61,80.1,19.56,529.77,-77.75,0.006,-0.45,-0.24,-0.15,20.69
29.12,4.73,81.9,19.5,494.67,-76.37,0.013,0.38,-0.07,0.62,20.17
28.92,5.41,80.8,19.15,524.42,-77.53,0.011,0.68,0.22,0.98,20.19
29.01,3.9,81.1,19.82,520.68,-76.46,0.029,-1.25,0.86,0.6,20.41
29.0,4.14,81.2,19.44,512.04,-77.61,0.002,-0.59,0.46,-0.46,20.54
28.82,4.85,81.4,19.08,535.98,-76.43,0.005,-0.15,-0.34,0.02,20.91
28.85,3.97,82.3,19.31,504.19,-74.64,0.0,0.4,0.35,-0.26,20.59
29.07,4.39,82.4,19.9,520.56,-74.0,0.015,0.18,0.35,-0.2,20.49
29.03,4.21,84.5,19.96,516.92,-77.1,0.017,0.04,0.18,-0.21,20.59
29.34,4.14,82.5,18.83,536.48,-75.13,0.006,-0.01,-0.45,0.55,21.26
29.11,4.25,82.8,19.8,524.69,-73.98,0.006,-0.44,-0.69,-0.47,20.9
29.4,4.18,84.1,19.44,543.73,-78.05,0.017,-0.96,-0.05,-0.36,21.57
29.14,4.58,83.5,20.1,541.22,-78.92,0.009,0.06,0.05,0.09,21.42
29.45,4.64,83.4,20.24,542.08,-78.47,0.002,-0.13,0.06,0.94,20.91
29.32,4.36,83.6,19.74,554.65,-76.52,0.077,-0.02,0.77,0.73,21.03
29.35,4.15,84.1,20.2,552.07,-79.77,0.06,-0.15,-0.28,0.26,21.26
29.25,4.29,84.9,20.57,547.96,-74.84,0.002,0.36,0.65,-0.43,21.35
29.42,4.45,85.4,20.73,591.04,-79.98,0.007,-0.77,0.12,0.21,21.97
29.58,4.5,85.4,20.16,562.41,-76.71,0.037,0.18,-0.53,0.52,21.4
29.39,4.31,85.2,20.93,549.45,-76.28,0.002,-0.86,-0.56,0.67,21.77
29.4,4.66,85.2,20.75,567.63,-75.8,0.075,0.15,-0.8,0.69,21.98
29.45,4.02,86.9,20.59,567.87,-75.22,0.0,0.2,-0.22,0.73,22.24
29.7,4.56,85.1,20.83,593.36,-74.53,0.023,-0.7,-0.74,0.45,22.27
29.65,4.44,86.3,21.26,592.94,-76.48,0.015,0.64,0.35,0.25,22.36
29.75,4.06,86.9,21.36,598.4,-78.04,0.019,0.41,-0.45,0.34,22.14
29.65,4.33,87.1,21.52,595.45,-76.95,0.039,-0.29,-0.25,0.77,22.31
29.65,4.37,85.9,21.09,601.15,-76.73,0.001,-0.29,-0.16,0.35,22.7
29.73,4.26,89.0,21.53,605.07,-77.06,0.029,-0.06,0.3,-0.36,22.66
29.84,4.28,88.3,21.49,612.85,-78.23,0.054,-0.66,-0.14,0.41,22.5
29.72,3.89,88.1,21.77,626.92,-75.79,0.037,-0.28,-0.8,-0.56,22.84
29.95,4.17,86.7,21.65,626.87,-78.29,0.014,0.64,-0.2,0.02,23.23
29.86,4.34,88.5,22.52,633.48,-77.99,0.006,0.73,-0.21,-0.56,23.78
29.56,4.28,86.1,22.09,638.47,-79.17,0.038,0.93,-1.01,0.57,23.08
29.99,4.23,88.0,22.19,647.33,-76.63,0.013,0.43,0.27,0.24,23.17
29.77,4.84,88.6,22.53,646.38,-74.83,0.048,0.04,-0.13,0.46,24.07
30.06,4.54,88.4,22.9,652.11,-76.43,0.001,-0.3,0.94,0.31,23.75
30.1,5.26,90.2,22.67,665.44,-79.96,0.0,-0.46,-0.45,-0.17,23.74
30.06,4.73,89.3,22.69,651.92,-79.67,0.02,-0.1,-1.5,0.28,24.22
30.12,5.02,88.7,23.25,655.03,-80.92,0.004,0.37,-0.01,0.09,24.03
30.22,4.7,90.3,23.7,656.73,-78.24,0.052,-0.01,-0.52,0.11,25.43
30.06,4.62,90.3,23.73,675.4,-78.09,0.003,-0.21,-0.4,0.21,24.4
30.25,4.95,88.8,23.04,660.0,-79.95,0.088,1.24,0.07,-0.05,24.95
30.33,5.32,91.5,23.8,688.09,-79.89,0.01,-0.87,-1.3,-0.14,25.24
30.43,4.96,90.8,23.66,687.27,-82.04,0.062,0.31,0.57,-0.27,25.58
30.12,5.18,91.7,24.28,704.57,-79.48,0.01,-1.21,-0.63,0.22,24.93
30.33,5.19,91.5,24.63,691.32,-80.48,0.016,-0.23,0.04,-0.25,25.71
30.2,5.14,91.1,23.3,700.78,-80.6,0.007,-0.56,-0.29,0.26,25.03
30.22,5.23,91.9,24.29,718.75,-76.26,0.002,-0.08,0.42,0.35,25.98
30.42,5.01,91.7,24.28,726.02,-78.83,0.027,-0.07,0.18,1.06,25.99
30.41,5.37,92.3,24.34,709.99,-80.0,0.049,-0.64,-0.98,0.38,26.48
30.57,5.64,92.7,24.41,723.14,-79.76,0.039,-0.49,-0.49,-0.77,26.44
30.42,5.6,92.6,24.73,728.73,-80.98,0.106,-0.55,0.45,0.25,26.46
30.47,5.64,93.1,24.93,733.92,-78.91,0.071,1.4,0.22,0.59,26.65
30.54,5.87,92.6,25.06,731.86,-80.91,0.005,-0.78,0.17,-0.21,26.24
30.44,5.79,92.6,24.62,751.53,-82.26,0.03,0.25,0.71,0.44,26.65
30.48,5.81,93.9,25.52,723.96,-78.32,0.019,-1.27,-0.38,0.25,27.74
30.72,6.1,94.6,25.99,742.69,-82.09,0.006,-0.13,0.23,0.68,27.37
30.55,5.99,93.2,25.57,755.33,-77.97,0.042,0.75,0.0,0.3,27.71
30.78,5.96,94.1,25.33,759.28,-79.82,0.02,0.69,-0.27,0.03,27.34
30.73,6.24,92.9,26.08,771.98,-80.3,0.036,-0.03,0.13,0.1,28.09
30.49,6.17,95.6,26.56,774.08,-82.9,0.002,0.41,-0.06,0.09,27.77
30.76,6.17,95.2,26.38,762.77,-79.39,0.004,-0.04,-1.1,-0.01,27.45
30.78,6.38,94.0,26.2,782.04,-78.15,0.018,-0.01,0.97,-0.56,28.14
30.79,6.45,94.3,26.22,765.2,-83.4,0.001,-0.81,-0.24,0.22,28.83
30.74,6.15,95.7,26.96,784.83,-82.13,0.006,-0.73,0.52,0.56,27.62
30.66,6.65,95.0,26.76,796.68,-83.49,0.055,-0.12,-1.04,0.43,28.87
30.95,7.18,95.5,26.79,793.65,-82.8,0.019,0.71,-0.23,-0.02,28.77
30.79,6.41,94.3,26.88,785.36,-82.68,0.038,0.63,-0.11,-0.12,29.87
30.71,6.62,95.7,27.29,783.65,-80.62,0.005,-0.7,0.01,-0.32,29.88
30.88,7.68,95.2,27.37,774.21,-84.83,0.014,0.02,0.37,-0.49,28.37
30.75,6.67,95.7,27.46,795.0,-81.75,0.051,0.96,-0.33,0.33,29.75
30.74,7.37,95.2,27.21,782.99,-81.82,0.001,0.47,0.19,0.13,29.15
30.82,6.99,95.4,27.3,788.32,-84.47,0.011,0.07,0.49,-0.17,29.34
30.79,7.14,95.8,27.53,786.31,-83.19,0.021,-0.47,0.12,0.25,29.29
30.77,7.15,95.3,27.96,795.44,-84.22,0.029,0.18,0.19,0.33,29.35
30.98,7.38,97.6,28.14,801.43,-83.3,0.005,0.52,0.14,0.92,30.25
30.88,6.84,95.0,28.56,805.97,-80.84,0.078,-0.1,0.08,-0.74,28.87
31.04,7.43,96.3,27.84,798.6,-85.05,0.04,0.19,0.02,-0.46,29.64
30.79,7.32,96.2,28.47,816.51,-83.42,0.002,-0.52,-1.3,1.41,30.26
30.69,6.94,96.6,27.7,804.8,-85.37,0.018,0.33,0.68,-0.03,29.25
30.92,7.89,94.0,28.5,799.92,-83.03,0.066,-0.07,-0.5,0.13,30.05
31.12,6.98,94.6,27.92,810.81,-83.75,0.069,-0.42,0.57,0.21,29.73
30.96,8.3,95.6,28.09,828.78,-83.46,0.063,0.62,-0.09,-0.36,30.38
31.28,7.9,96.7,28.84,812.94,-85.26,0.004,0.75,0.43,-0.33,30.36
30.93,7.35,95.8,28.69,806.24,-86.3,0.021,-1.13,0.64,-0.37,30.77
30.92,8.21,95.7,28.58,794.72,-87.08,0.018,-0.26,-0.54,-0.81,29.53
30.63,7.62,96.0,28.26,807.77,-84.8,0.016,-0.37,-0.1,0.52,30.67
30.93,7.68,95.2,28.92,812.12,-84.12,0.014,-0.12,-0.04,0.83,30.24
30.89,7.39,96.2,28.86,805.54,-84.44,0.059,0.32,-0.5,-0.34,31.16
30.81,7.71,96.0,29.12,792.26,-84.03,0.047,-0.95,-0.09,0.75,30.44
30.84,7.78,96.2,28.29,799.75,-86.04,0.006,0.6,-0.08,0.25,30.31
30.83,8.28,96.9,29.15,821.98,-85.48,0.046,-0.45,0.05,0.78,30.44
30.81,8.41,95.4,28.76,820.8,-88.95,0.034,-0.49,0.66,0.22,30.91
31.07,7.71,95.6,29.07,796.46,-85.73,0.001,0.26,0.61,0.5,30.97
30.76,8.19,94.7,28.96,810.77,-83.01,0.003,0.81,0.77,0.25,30.69
30.81,7.58,94.4,28.7,790.83,-85.43,0.089,0.24,-0.72,-0.31,30.31
30.72,8.23,95.2,28.86,815.07,-82.8,0.023,0.02,-0.65,0.17,30.22
30.85,8.81,95.2,28.69,801.75,-85.23,0.187,-0.45,-0.41,0.26,30.96
30.76,7.64,95.6,28.81,806.91,-84.47,0.101,-0.02,0.53,0.77,30.88
30.69,7.88,95.4,28.67,778.23,-84.98,0.044,-0.31,-0.33,0.27,30.82
30.47,8.41,95.0,29.11,799.99,-84.87,0.012,-0.86,-0.08,-0.48,31.26
30.71,8.45,96.0,28.65,790.83,-85.7,0.006,0.08,0.2,-0.18,30.29
30.62,7.92,94.2,29.12,796.97,-84.99,0.0,0.6,-1.18,0.44,31.36
30.63,8.64,94.2,30.04,795.01,-87.1,0.005,-0.17,-0.17,-0.2,30.66
30.47,7.95,94.4,28.77,783.8,-84.39,0.063,1.03,-0.14,-0.05,30.28
30.76,8.69,93.1,28.27,774.28,-84.12,0.037,-0.26,-0.1,0.07,30.42
30.67,8.32,94.4,29.52,785.11,-85.93,0.056,-0.54,0.58,-0.85,29.91
30.71,8.55,93.7,28.86,773.6,-87.11,0.055,1.4,-1.1,0.17,29.92
30.65,8.26,93.6,28.64,762.24,-88.43,0.111,0.05,-0.61,0.71,30.22
30.56,8.33,93.7,28.5,758.42,-86.1,0.036,-0.17,0.05,-1.13,30.5
30.32,8.32,93.4,28.2,749.39,-86.75,0.025,0.06,0.34,-0.1,29.84
30.65,8.43,93.3,28.39,755.48,-87.73,0.027,0.06,0.78,-0.65,30.9
30.29,8.05,92.4,28.16,767.92,-88.28,0.034,-0.33,0.64,0.09,29.95
30.34,7.76,93.8,28.09,754.88,-88.41,0.018,0.03,-0.23,0.1,29.64
30.43,7.97,91.1,28.49,743.91,-86.77,0.034,-0.33,-0.88,0.17,29.27
30.41,7.76,91.5,28.55,753.26,-86.17,0.027,-0.77,0.03,0.31,29.48
30.35,7.75,91.4,28.04,732.8,-86.14,0.005,-0.38,-0.03,-0.27,30.17
30.21,8.38,91.1,28.21,737.9,-82.13,0.004,-0.58,0.49,-0.7,30.18
30.15,8.03,90.0,28.67,730.89,-85.87,0.007,-0.08,0.6,-0.13,29.63
30.49,7.97,92.5,27.55,736.14,-85.31,0.045,-0.4,-0.22,-0.4,29.29
30.15,8.08,91.5,27.17,708.15,-86.98,0.009,1.06,-0.55,0.01,28.58
30.1,7.89,90.2,27.93,710.93,-89.08,0.059,0.13,0.59,-0.08,28.01
30.01,8.22,91.1,27.28,698.49,-87.63,0.01,-1.27,-0.43,-0.35,28.99
30.09,6.97,90.1,27.24,707.65,-84.31,0.029,-0.83,-0.54,0.07,28.63
30.05,7.25,89.8,27.35,717.67,-88.24,0.06,0.02,-0.7,0.55,28.45
29.99,7.28,89.0,27.63,695.76,-86.87,0.056,0.35,-0.71,0.6,28.69
30.0,7.02,89.5,27.12,690.92,-86.91,0.054,0.2,1.5,-0.03,27.87
30.13,7.41,88.8,26.21,699.9,-84.65,0.052,0.29,0.05,0.43,28.85
29.82,7.36,88.3,26.95,697.0,-86.13,0.035,-0.46,-0.25,-0.91,28.87
29.86,7.84,89.5,26.78,680.51,-86.02,0.038,1.21,-0.96,-0.33,28.26
29.74,7.45,87.9,26.27,683.3,-87.13,0.093,-0.41,-0.31,-1.55,27.72
29.82,6.96,89.4,25.84,660.71,-90.24,0.046,0.52,1.15,-0.62,27.45
29.68,7.2,87.5,26.17,680.27,-87.44,0.005,-0.89,-0.39,0.21,27.42
29.65,6.43,86.6,25.36,682.97,-86.85,0.008,-0.9,0.06,-0.23,27.52
29.5,6.95,87.9,25.4,661.68,-86.52,0.012,0.25,-0.24,-0.73,27.64
29.66,6.87,86.9,25.41,630.6,-87.76,0.003,0.42,0.77,0.21,27.26
29.66,6.5,85.8,25.31,640.83,-88.81,0.064,-0.53,-0.13,-0.27,27.43
29.8,6.63,87.0,25.91,647.52,-85.5,0.016,0.66,0.69,0.63,26.99
29.6,6.41,85.5,25.4,632.16,-87.08,0.017,0.24,-0.58,-1.16,27.02
29.46,6.27,84.7,25.43,644.1,-86.56,0.016,0.13,0.14,0.36,26.44
29.31,6.67,86.6,25.24,632.27,-89.09,0.019,0.22,-1.22,1.29,25.83
29.3,6.71,87.0,24.48,614.37,-86.79,0.007,0.1,0.05,1.24,26.64
29.26,6.48,85.2,24.67,616.83,-85.3,0.039,-0.62,0.21,0.37,26.84
29.6,6.12,86.3,24.64,602.67,-85.83,0.064,0.98,-0.12,0.59,25.92
29.38,5.97,85.7,24.52,604.92,-86.85,0.038,0.49,0.68,-0.11,25.42
29.25,5.97,85.4,24.58,596.38,-86.97,0.01,-0.07,-0.24,-0.23,25.66
29.17,5.95,84.5,24.59,608.9,-86.37,0.001,0.64,0.31,-0.07,25.17
29.15,5.68,83.9,24.24,613.6,-85.47,0.005,0.94,0.38,-0.4,25.16
29.15,6.19,84.4,24.58,573.47,-85.4,0.034,0.58,-0.64,-1.11,25.02
29.35,5.74,84.5,23.97,563.95,-85.01,0.043,0.28,0.84,-0.13,24.52
29.16,5.95,82.7,23.48,576.19,-84.53,0.02,-0.42,0.28,-0.23,24.37
28.97,5.23,83.3,23.96,559.0,-85.5,0.001,-0.4,-0.02,-0.56,24.47
29.39,5.37,83.2,22.94,570.25,-82.99,0.02,-1.14,0.37,-0.37,24.26
28.95,5.77,82.9,23.4,572.97,-84.5,0.065,0.15,-0.69,0.18,24.41
28.99,5.7,82.4,23.02,576.2,-86.51,0.004,-0.04,-0.41,0.95,24.13
29.19,5.01,81.7,22.62,559.13,-84.79,0.072,-1.39,0.3,0.12,24.11
29.06,5.39,82.3,22.85,551.14,-84.39,0.09,-1.44,-0.69,-0.02,23.66
28.93,5.33,82.1,22.53,529.34,-83.95,0.033,1.0,-0.01,-0.02,23.24
28.82,4.96,81.8,21.85,545.53,-85.62,0.002,-1.04,1.5,0.13,22.99
28.83,5.21,82.5,22.42,542.23,-87.8,0.012,0.3,0.59,-0.16,23.66
28.81,4.57,80.8,21.85,544.27,-82.59,0.06,-0.91,0.0,0.01,22.92
28.9,4.7,81.9,22.12,527.27,-84.8,0.038,0.82,-0.76,-0.46,22.72
28.9,5.1,80.1,21.9,526.58,-87.68,0.02,0.37,0.43,0.09,23.34
28.84,4.87,81.3,21.96,512.86,-84.84,0.005,0.31,0.07,0.48,22.53
28.84,4.83,79.5,20.89,501.54,-83.19,0.02,-0.59,0.45,-0.36,21.68
28.7,4.7,80.4,21.21,510.32,-85.79,0.003,0.24,0.07,-1.05,22.51
28.85,4.87,81.0,21.47,502.77,-85.69,0.029,-0.27,0.2,0.0,22.07
28.95,4.83,79.7,22.32,519.05,-84.31,0.045,-0.92,-0.03,-0.23,21.88
28.76,4.85,79.6,21.24,507.83,-83.66,0.03,-0.21,0.98,-0.01,21.99
28.75,4.6,81.5,20.92,505.1,-84.56,0.0,-0.51,0.11,-0.39,21.1
28.77,4.41,79.3,21.27,498.25,-84.11,0.033,-0.58,0.16,0.09,21.06
28.88,4.32,80.4,20.65,473.52,-82.22,0.02,0.14,-0.17,-0.44,21.51
28.63,4.13,81.6,20.9,518.82,-83.28,0.017,-0.9,-0.84,0.98,21.81
28.9,4.29,80.4,20.66,491.76,-85.4,0.01,0.87,0.96,-0.25,21.37
28.77,4.2,80.3,20.92,495.82,-81.26,0.004,0.5,-0.23,-1.44,21.25
28.72,4.83,79.6,20.68,483.73,-83.18,0.025,-0.16,0.35,0.14,21.28
28.86,4.01,79.6,20.19,506.48,-84.13,0.054,0.93,0.72,-0.28,21.54
28.56,4.61,80.0,19.74,496.82,-82.92,0.128,-0.49,-0.09,-0.09,21.11
28.77,4.19,78.5,19.81,485.91,-84.49,0.03,0.12,0.91,-0.46,20.99
28.75,4.19,80.8,20.21,489.19,-82.35,0.011,0.21,-0.38,0.27,20.71
28.59,4.36,80.2,20.01,508.98,-81.41,0.016,-0.75,-1.17,-0.27,20.7
28.76,3.8,78.6,19.96,490.72,-82.95,0.039,0.53,-0.46,0.49,20.85
28.74,3.98,80.8,19.97,489.03,-82.41,0.019,-0.52,0.2,0.76,21.24
28.68,3.84,80.5,19.53,481.0,-82.7,0.022,0.4,0.05,-0.14,20.75
28.81,4.09,80.4,19.72,471.18,-80.59,0.005,0.06,0.31,-0.99,20.27
28.64,3.93,81.8,19.7,488.41,-81.91,0.023,-0.47,-0.29,0.21,20.43
28.75,4.6,80.1,19.15,493.3,-82.28,0.107,-0.13,-1.43,-0.91,20.94
28.71,4.03,81.3,19.39,501.23,-81.05,0.012,0.27,0.14,-0.24,20.49
28.66,3.5,80.2,19.7,468.1,-81.54,0.006,0.38,0.22,0.46,19.87
28.8,4.12,80.5,19.77,479.84,-81.2,0.019,-1.08,0.2,0.05,20.56
28.72,4.47,79.8,19.21,485.95,-82.06,0.022,0.28,-0.19,-0.67,20.1
28.58,4.74,78.8,19.64,492.54,-79.78,0.181,-0.54,0.09,-0.35,19.88
28.55,4.19,78.9,19.23,492.1,-81.18,0.007,-0.77,0.03,-0.28,20.35
28.88,4.13,80.4,19.12,493.46,-80.88,0.023,-0.05,0.04,-0.39,19.97
28.65,4.3,80.4,20.08,500.04,-80.02,0.014,-0.6,0.42,0.22,20.63
28.85,4.46,79.7,19.26,488.36,-77.23,0.041,-0.05,-0.92,0.04,20.34
28.83,4.02,80.5,18.88,508.33,-78.78,0.061,-0.49,-0.16,-0.67,20.84
28.8,4.32,81.2,19.25,505.05,-80.91,0.043,0.15,0.3,-1.07,20.45
29.1,4.41,82.0,19.31,499.4,-81.65,0.006,0.48,-0.46,0.26,20.13
28.9,4.48,80.5,19.74,520.64,-79.16,0.032,0.66,-0.09,-0.06,20.14
28.99,4.46,81.5,19.3,522.36,-80.39,0.008,-0.47,-0.81,-0.2,20.22
28.95,4.26,82.8,19.58,518.44,-79.73,0.124,-0.23,-1.01,-0.38,20.59
28.91,4.69,82.1,19.85,481.38,-79.53,0.025,-0.64,-1.14,-0.03,19.85
28.96,4.62,81.0,19.3,529.94,-79.3,0.017,-0.37,0.07,-0.09,20.58
29.16,4.66,81.9,19.64,524.82,-79.33,0.031,-0.47,-0.38,-0.47,20.15
29.14,4.4,82.1,19.55,539.79,-79.6,0.027,0.23,0.1,-0.41,21.46
29.27,4.97,82.7,19.69,535.09,-81.98,0.075,-0.1,0.82,-0.34,20.84
29.09,4.55,82.4,19.7,541.6,-78.37,0.022,-0.03,-0.19,-0.57,20.94
28.98,5.37,82.9,19.77,537.84,-77.6,0.042,0.52,0.24,0.05,20.77
29.06,4.59,83.5,19.67,545.89,-79.83,0.125,0.52,-0.8,0.1,20.17
29.0,5.24,82.0,19.84,555.81,-77.22,0.03,-0.33,-0.68,0.16,20.89
29.26,4.5,82.0,19.8,541.61,-77.73,0.004,-2.04,-1.42,-0.66,21.11
29.13,4.45,83.8,20.78,527.41,-77.9,0.166,0.57,-0.88,-0.96,20.81
28.86,5.03,83.4,20.25,543.85,-77.7,0.031,0.52,-0.51,0.15,21.09
29.55,4.58,84.4,20.11,554.72,-76.76,0.136,-0.44,-0.24,0.48,21.47
29.22,5.55,84.8,20.08,555.56,-76.95,0.022,0.17,-0.4,-1.14,21.35
29.25,5.39,82.6,20.62,546.44,-80.03,0.002,0.99,-0.19,0.42,21.52
29.55,5.89,83.7,20.08,546.77,-75.62,0.079,1.01,0.21,-0.02,21.72
29.23,5.49,84.5,20.01,559.93,-76.64,0.065,-0.68,-0.48,0.98,22.11
29.55,5.68,84.0,20.08,579.76,-78.87,0.02,-0.22,-0.12,0.18,21.39
29.37,5.6,84.7,21.11,591.91,-79.97,0.013,-1.05,0.11,-1.05,22.62
29.32,5.49,84.2,21.2,589.77,-79.01,0.005,-0.29,-0.4,0.63,22.74
29.71,5.71,85.2,20.92,595.74,-75.24,0.079,-0.38,-0.25,-0.34,21.86
29.65,5.54,85.0,20.78,588.98,-77.2,0.022,-1.54,0.24,0.15,22.48
29.69,6.09,86.3,20.9,577.06,-75.77,0.046,0.63,1.0,0.04,23.06
29.65,5.96,87.0,21.92,594.67,-73.83,0.029,0.85,0.36,0.19,23.04
29.72,6.1,86.8,21.3,601.42,-78.54,0.004,0.74,-0.73,0.77,21.91
29.53,7.05,88.8,21.57,603.87,-78.52,0.001,0.58,-0.47,0.04,22.68
29.73,6.16,87.7,21.42,614.27,-76.69,0.014,-1.03,-0.68,0.76,22.68
29.64,6.45,87.9,21.73,623.05,-76.15,0.0,1.13,0.25,-0.27,23.36
29.62,6.41,87.4,21.96,632.11,-75.39,0.007,0.03,0.48,0.11,23.54
29.87,6.85,87.5,22.6,625.77,-77.87,0.075,0.27,-1.06,0.71,22.84
29.99,6.65,89.0,22.07,614.5,-77.42,0.026,0.63,-0.04,0.13,23.18
29.84,6.57,88.0,22.42,633.72,-74.3,0.036,0.3,-0.34,0.68,22.98
29.9,7.41,88.5,22.25,644.0,-75.72,0.045,0.99,-0.35,-0.3,23.73
29.82,6.54,88.6,22.58,660.82,-75.81,0.088,-0.44,-0.17,-0.11,23.8
29.99,6.81,89.4,22.78,647.94,-76.91,0.005,0.87,-0.19,0.55,24.26
30.11,7.21,89.9,22.73,663.77,-74.23,0.026,-0.89,-0.46,0.6,24.96
30.15,6.76,90.3,23.03,666.56,-74.57,0.015,0.25,0.22,0.47,24.5
30.16,7.31,89.5,22.84,669.1,-76.18,0.014,-0.32,-0.47,0.44,24.43
30.05,7.0,90.1,23.41,682.95,-78.6,0.034,0.13,-0.21,0.11,25.04
30.08,7.51,90.5,23.41,671.99,-74.67,0.007,0.76,-0.28,-0.57,24.74
30.28,7.57,91.6,23.34,677.78,-75.26,0.03,0.63,0.76,-0.31,24.97
30.32,7.31,89.3,23.64,688.31,-75.9,0.014,0.01,-0.23,-0.45,25.27
30.23,7.1,90.9,24.29,686.89,-74.27,0.004,-0.73,1.19,0.52,24.89
30.23,7.34,90.6,23.95,703.19,-75.33,0.056,-0.73,0.35,-0.51,25.4
30.45,7.51,91.0,24.29,695.74,-76.45,0.005,0.73,-0.95,-1.24,25.37
30.3,7.84,90.9,24.44,709.86,-74.5,0.021,0.07,-0.65,0.12,26.18
30.46,7.72,92.3,24.64,711.25,-75.67,0.01,-0.4,-0.46,0.05,25.61
30.39,7.84,90.1,24.2,719.0,-74.62,0.092,-0.56,0.87,0.31,25.8
30.31,7.83,92.2,24.38,716.79,-75.8,0.029,0.34,0.67,0.47,26.06
30.65,8.03,91.0,24.63,722.46,-75.18,0.03,1.07,1.1,0.01,26.19
30.5,7.76,92.1,25.25,731.2,-73.81,0.023,-0.14,0.01,-0.2,27.33
30.43,7.91,92.7,25.28,736.57,-73.95,0.068,0.59,-0.23,-0.02,27.25
30.37,7.91,92.8,25.41,738.73,-76.87,0.011,-0.67,-0.58,0.15,27.17
30.41,7.81,93.8,25.44,759.96,-74.7,0.025,0.46,0.57,-0.23,26.97
30.55,8.28,94.5,25.16,737.05,-77.03,0.008,0.92,-0.67,-0.25,27.26
30.84,8.31,95.2,25.56,750.26,-74.95,0.007,-0.44,0.18,0.56,28.07
30.57,8.4,93.8,25.98,739.02,-76.38,0.02,0.49,-0.23,0.17,27.47
30.83,7.84,94.9,25.99,762.22,-78.48,0.01,0.13,0.51,-0.32,27.31
30.66,8.2,95.3,26.25,750.99,-75.82,0.041,-0.03,-0.12,-0.26,28.21
30.56,8.45,93.9,25.78,762.89,-74.72,0.001,-0.88,0.42,0.08,27.94
30.66,8.59,95.4,26.45,765.37,-75.44,0.004,-0.72,-0.04,-0.8,28.1
30.58,7.7,92.9,25.86,775.2,-77.69,0.029,0.24,-0.11,0.15,28.22
30.65,8.17,95.0,26.26,770.04,-76.05,0.002,-0.09,0.35,-0.03,28.38
30.67,8.12,96.2,26.51,772.66,-76.71,0.011,0.19,0.79,-0.04,28.78
30.56,8.67,95.1,26.33,795.9,-75.35,0.03,0.83,0.38,-0.25,28.59
30.98,7.53,95.0,26.81,787.18,-75.08,0.007,-0.86,0.64,-0.22,28.96
30.84,7.89,95.1,27.31,781.39,-78.64,0.045,0.83,-0.84,0.08,29.38
30.75,8.63,96.5,27.73,787.02,-76.62,0.097,-0.66,0.42,-0.66,29.67
30.87,8.06,94.2,27.25,808.38,-78.19,0.083,-0.12,0.36,-0.03,28.84
30.75,7.8,95.2,27.32,791.82,-76.61,0.003,-0.33,0.1,-0.06,29.72
30.54,8.64,96.3,27.61,789.39,-79.07,0.038,-0.57,-0.39,0.13,29.87
31.22,7.74,95.9,27.66,791.4,-77.16,0.042,1.2,0.28,-0.43,30.03
30.9,8.47,96.7,27.5,794.57,-76.73,0.006,0.11,0.8,0.12,29.65
30.81,7.67,96.3,28.14,795.79,-80.67,0.003,0.89,-0.09,0.18,29.63
30.66,7.69,95.5,27.94,790.46,-77.73,0.003,-0.64,-0.18,0.32,29.2
30.71,8.16,96.4,27.9,793.38,-79.66,0.021,-0.05,-0.36,0.03,29.95
31.1,7.82,94.9,28.02,797.54,-76.27,0.062,-0.75,1.48,-0.19,30.7
31.08,8.13,94.3,29.12,812.81,-80.52,0.012,-0.94,0.07,0.14,30.2
30.99,8.56,95.5,28.65,803.99,-78.24,0.005,0.24,-0.57,0.29,30.06
30.77,7.94,96.1,28.33,806.49,-75.84,0.028,0.06,-0.26,-0.2,30.45
31.08,8.44,95.4,27.66,821.85,-79.48,0.014,0.49,-0.43,-1.05,29.81
30.95,8.01,96.1,27.98,822.54,-79.12,0.121,1.49,-0.27,0.23,30.24
30.97,8.16,96.0,28.67,807.05,-78.24,0.023,-0.74,0.42,0.45,30.73
30.94,7.12,94.5,28.59,803.69,-78.16,0.0,-0.27,1.25,-0.35,30.68
30.7,7.98,95.5,28.34,801.31,-81.83,0.043,0.34,-0.04,0.47,30.3
30.73,7.88,96.7,28.75,816.69,-78.86,0.083,-0.48,-0.74,0.22,31.26
30.81,7.58,96.3,28.57,807.37,-77.54,0.042,0.18,-0.98,-0.79,30.0
30.94,8.21,95.3,28.65,805.04,-75.47,0.01,-0.29,0.31,0.62,30.74
30.69,7.44,96.2,28.84,800.1,-79.96,0.06,-0.25,0.22,0.35,30.98
30.82,7.05,97.1,28.58,799.72,-79.38,0.026,-0.67,-0.2,-0.12,31.16
30.81,7.71,95.3,28.47,809.64,-78.45,0.022,0.22,-0.45,0.47,30.73
30.91,6.99,96.1,28.5,792.16,-80.41,0.006,0.17,-1.03,0.23,31.0
30.88,7.37,95.9,28.84,813.98,-77.09,0.017,-0.15,-0.01,-0.36,30.7
30.67,7.69,95.0,28.44,797.25,-79.49,0.036,0.38,0.06,0.32,31.37
30.95,7.37,94.3,29.77,799.51,-79.24,0.053,-0.29,-0.92,-0.42,30.83
30.62,7.09,96.5,29.33,785.9,-78.89,0.064,1.49,-0.65,-0.05,31.15
30.87,6.99,95.9,29.25,797.26,-82.4,0.024,0.6,0.38,0.11,30.21
30.65,7.4,94.7,28.67,792.07,-79.55,0.062,0.53,-0.74,0.61,30.61
30.72,6.59,95.7,28.67,792.68,-81.04,0.097,-0.93,-0.48,0.24,30.85
30.71,7.12,95.1,28.45,805.59,-81.54,0.037,-0.05,0.38,-0.31,30.81
30.68,7.47,95.5,29.57,790.2,-79.68,0.061,-0.42,0.99,-0.86,30.34
30.72,6.9,92.9,29.37,777.88,-78.81,0.09,-0.26,0.3,-0.11,29.79
30.66,6.6,93.9,29.1,775.99,-80.64,0.013,0.16,0.38,1.28,29.78
30.68,6.55,95.3,28.78,786.2,-78.47,0.051,-0.15,0.07,0.75,30.06
30.62,6.38,96.0,28.65,790.26,-81.26,0.029,-0.13,-0.61,-0.42,31.5
30.39,6.25,93.4,28.91,776.98,-83.63,0.044,0.72,0.11,0.9,29.11
30.55,6.41,93.2,29.24,777.82,-82.93,0.004,-0.45,0.12,0.66,30.19
30.42,6.5,93.9,28.85,773.67,-79.04,0.072,-0.0,0.89,-0.33,30.08
30.33,6.7,93.4,28.18,778.3,-78.79,0.038,-0.47,-0.28,1.35,30.14
30.4,5.56,93.3,28.24,741.04,-81.06,0.009,-0.46,0.23,-0.16,30.01
30.43,5.34,91.0,28.6,763.51,-82.66,0.034,-0.14,0.46,0.56,29.57
30.4,6.48,92.3,28.06,762.89,-82.34,0.032,0.71,-0.16,-0.87,30.28
30.47,5.94,93.0,28.12,735.77,-82.08,0.024,-0.75,-0.57,-0.61,29.13
30.47,5.88,90.2,28.73,736.3,-82.13,0.006,-0.11,0.15,0.39,30.44
30.32,5.92,90.6,28.01,732.56,-81.45,0.022,-0.03,0.03,0.01,29.77
30.31,5.64,90.2,27.48,729.61,-81.91,0.03,-0.96,-0.33,0.41,29.12
30.23,6.22,91.9,28.95,727.81,-84.35,0.024,-0.45,-0.32,0.73,29.11
30.28,5.7,90.5,28.22,730.71,-84.39,0.012,0.45,1.15,-0.48,29.73
30.21,5.35,90.0,27.72,732.52,-82.02,0.036,0.24,-0.5,0.04,28.62
30.12,5.31,90.8,27.64,730.18,-83.56,0.031,0.23,-0.01,0.35,29.06
30.35,5.3,89.5,26.79,706.43,-83.22,0.008,0.16,0.76,0.6,28.9
29.99,5.04,90.6,27.28,701.73,-83.2,0.014,1.24,-0.7,-0.62,28.77
30.2,5.72,91.9,27.05,718.65,-84.17,0.019,0.1,-0.85,-0.75,28.88
29.83,5.18,89.5,27.23,707.22,-83.29,0.057,-0.66,-0.28,0.09,28.79
30.05,4.73,88.0,27.64,696.79,-82.58,0.003,-0.68,-0.69,0.76,28.56
30.09,5.14,88.9,27.1,695.86,-83.94,0.015,-0.13,-0.02,0.09,28.71
29.66,5.39,89.4,27.54,685.95,-81.81,0.003,-0.2,0.99,-0.48,28.23
29.87,5.22,89.1,26.21,686.58,-81.65,0.034,-0.32,-1.04,-0.33,27.78
29.9,4.62,89.2,26.03,673.03,-85.38,0.016,0.45,0.16,-0.16,27.38
29.81,4.46,87.8,26.87,674.11,-83.62,0.01,0.86,-0.13,-0.91,27.71
29.79,5.17,87.8,26.34,651.32,-84.72,0.056,-0.11,-0.32,-0.01,27.69
29.73,4.2,85.8,26.33,654.54,-85.62,0.158,-0.71,-0.1,-0.39,26.68
29.55,4.75,88.0,26.02,649.63,-84.64,0.039,0.3,0.1,-0.01,27.41
29.93,4.42,86.2,25.95,647.63,-87.91,0.0,-0.17,-0.14,0.87,26.73
29.55,4.94,87.2,25.98,637.08,-83.65,0.109,-0.11,0.47,0.6,26.56
29.63,4.19,86.1,25.69,635.99,-83.62,0.005,-0.24,-0.43,0.32,26.83
29.47,4.23,86.5,25.25,621.17,-84.69,0.011,-0.32,0.37,-0.23,25.77
29.24,4.62,87.0,26.12,636.8,-83.69,0.016,-0.86,-0.34,0.42,27.02
29.37,4.64,85.7,25.19,625.5,-86.29,0.005,-0.11,-0.18,-0.68,26.65
29.27,4.78,85.2,24.94,604.32,-89.51,0.017,-0.17,1.1,-0.45,25.65
29.54,4.48,85.6,24.74,608.09,-86.16,0.07,-0.46,-0.15,-0.17,25.89
29.31,4.42,84.8,24.83,614.91,-87.36,0.009,-0.94,-0.27,0.52,25.86
29.29,4.6,84.3,24.48,601.25,-85.61,0.009,0.44,0.03,-0.38,25.33
29.19,3.86,86.3,23.7,594.89,-83.55,0.027,-0.8,0.77,0.08,25.27
29.3,3.99,83.1,24.17,596.35,-85.36,0.033,0.02,1.23,-0.62,25.26
29.17,3.85,84.9,23.73,595.81,-86.27,0.027,0.28,0.26,0.38,25.14
29.34,3.42,84.1,24.05,573.35,-84.3,0.002,-0.95,0.64,0.28,24.93
29.23,4.46,83.3,23.8,588.62,-83.51,0.064,-0.33,0.92,0.66,24.84
29.1,4.63,84.0,23.43,570.58,-85.46,0.04,0.51,-0.34,-0.04,24.81
29.24,4.37,83.5,23.84,573.94,-87.17,0.026,-0.28,0.54,0.47,24.36
29.11,4.31,84.4,23.34,569.38,-86.08,0.018,-1.32,0.68,-0.8,24.51
29.09,4.23,82.2,23.08,560.16,-86.1,0.111,0.34,0.17,-0.51,24.65
28.88,4.22,82.5,22.94,550.96,-86.68,0.055,-0.27,0.19,-0.27,24.2
29.03,4.72,83.5,22.79,554.21,-84.53,0.009,-0.11,0.49,-0.51,24.56
29.05,4.69,82.4,22.95,569.27,-85.25,0.03,-0.18,0.16,-0.0,23.15
29.15,4.06,82.8,22.36,535.45,-88.3,0.008,0.46,-0.61,0.65,23.33
28.87,4.58,83.2,22.52,562.14,-88.52,0.025,0.84,-0.37,-0.08,23.55
29.21,4.64,82.5,22.17,538.87,-87.47,0.04,1.08,-0.08,-0.21,23.36
28.99,4.49,81.4,21.99,538.19,-88.21,0.019,0.83,0.8,0.7,22.96
28.72,4.43,81.4,22.24,523.44,-87.46,0.011,-0.12,0.07,-0.67,23.21
28.78,4.45,82.5,21.62,523.18,-86.8,0.013,0.11,-0.97,-0.11,22.91
29.03,3.93,81.5,21.99,522.56,-87.1,0.059,-1.18,0.02,-0.38,23.16
28.99,3.93,81.1,21.79,513.96,-86.61,0.002,0.42,-1.0,0.05,22.13
28.83,4.67,81.4,22.02,519.27,-87.4,0.073,-0.29,-0.35,-0.24,22.44
28.83,4.14,80.0,20.81,514.37,-89.01,0.009,-0.91,-0.93,-0.73,22.11
28.66,4.1,80.7,21.66,534.15,-88.39,0.029,0.81,0.03,-0.11,22.51
28.94,3.93,80.7,21.08,501.32,-88.54,0.021,0.43,0.6,-0.2,22.26
28.65,4.46,80.6,20.45,511.48,-88.17,0.011,0.92,-0.48,-0.16,21.73
28.86,4.76,80.3,20.73,510.54,-86.38,0.069,-0.39,-0.4,-0.7,22.2
28.91,4.83,80.2,21.03,495.11,-87.59,0.053,-1.02,0.62,0.13,21.68
28.74,5.0,80.3,20.71,510.57,-88.39,0.024,0.87,-0.1,0.23,21.08
28.85,4.68,81.5,21.11,497.76,-87.13,0.016,-0.39,-0.35,-0.02,21.37
28.94,4.89,78.5,20.42,475.0,-86.56,0.034,-0.07,0.37,-0.19,22.3
28.75,5.16,80.8,20.43,504.86,-86.61,0.004,0.88,0.16,-0.43,21.2
28.69,5.11,80.1,20.29,485.57,-83.37,0.088,-0.69,-0.44,-0.26,21.28
28.7,4.85,80.1,19.91,484.89,-87.86,0.066,-0.26,0.32,0.68,21.21
28.61,5.18,79.7,20.17,501.03,-86.39,0.021,-0.58,-1.2,-0.24,20.99
28.61,4.56,80.4,20.02,489.62,-85.33,0.054,-0.03,-0.03,0.03,21.54
28.75,5.22,80.8,20.05,501.37,-84.56,0.076,-0.09,-0.26,0.05,21.15
28.68,5.1,78.5,19.97,503.54,-87.26,0.004,-0.59,-0.47,-0.47,21.04
28.74,5.81,81.7,19.88,484.39,-89.55,0.009,-0.13,-0.8,-0.26,20.61
28.52,5.13,80.1,19.85,498.34,-87.28,0.007,0.33,0.19,0.13,20.93
28.7,5.53,80.1,20.15,482.57,-86.25,0.033,0.41,0.73,-0.34,20.47
28.83,5.43,78.9,19.36,512.34,-82.78,0.122,0.14,-0.24,-0.43,20.72
28.58,5.47,79.6,19.4,483.11,-88.78,0.001,0.15,-0.62,-0.9,21.32
28.72,5.82,81.2,20.1,500.5,-86.73,0.159,-0.92,-0.3,0.33,21.08
28.51,5.66,80.2,20.01,499.03,-87.62,0.004,0.73,0.72,-0.35,20.37
28.58,6.41,80.5,19.62,494.26,-85.18,0.029,0.18,-0.48,-0.5,20.48
28.85,5.34,79.9,20.21,485.06,-87.42,0.034,0.79,0.5,-0.04,19.92
28.72,6.19,81.9,19.64,491.07,-88.73,0.001,0.3,-0.9,0.16,20.24
28.99,6.05,80.3,20.1,472.03,-89.46,0.012,0.57,-0.27,-0.28,19.43
28.84,6.14,81.4,19.94,496.94,-85.92,0.019,-0.65,0.26,0.83,20.67
28.86,6.32,80.4,19.98,499.48,-86.12,0.071,1.75,-0.17,0.65,20.0
28.68,6.6,80.9,19.0,498.75,-85.38,0.036,0.15,0.71,-0.11,20.26
28.78,6.46,81.0,19.63,469.27,-85.89,0.03,0.55,0.36,0.14,20.12
28.76,6.76,81.6,19.37,488.09,-85.55,0.004,0.35,0.2,-0.85,20.72
28.73,6.54,81.6,18.94,495.15,-85.24,0.01,-0.45,-0.11,0.28,20.87
28.96,6.29,80.7,19.88,507.57,-87.1,0.017,-0.49,0.36,0.1,20.91
29.0,6.65,82.2,19.85,509.72,-85.76,0.011,0.02,0.02,-1.02,19.86
28.97,7.1,80.6,19.4,507.44,-84.91,0.017,-0.6,0.16,-0.22,20.66
28.84,6.7,80.6,19.26,517.95,-87.01,0.076,1.06,-0.27,-0.79,20.08
29.0,6.57,81.4,19.52,503.93,-88.13,0.028,0.23,0.86,0.4,20.53
28.76,7.15,82.1,18.9,523.01,-84.87,0.022,0.78,0.72,-0.68,20.9
29.17,7.13,81.2,19.1,524.52,-85.57,0.023,0.42,-0.71,-0.84,20.46
28.88,6.87,82.1,19.51,526.53,-83.18,0.045,-0.6,-0.8,-0.53,20.71
28.93,7.1,81.2,19.88,524.04,-84.1,0.111,0.28,-0.36,-0.11,20.43
29.1,7.18,82.3,19.65,547.4,-85.46,0.12,0.55,0.4,-0.1,21.18
29.14,7.3,83.5,19.58,537.38,-86.9,0.032,0.03,-1.25,-0.45,20.72
29.13,7.55,82.2,19.54,526.23,-82.74,0.014,-0.56,0.01,-0.04,20.67
29.03,7.3,82.1,20.75,541.98,-83.48,0.027,-0.27,-0.34,-0.4,21.09
29.33,7.69,83.6,19.59,550.71,-82.6,0.002,0.21,-0.97,0.06,21.41
29.02,7.38,82.9,19.4,541.1,-82.97,0.005,0.53,-0.19,0.31,20.57
29.08,8.09,85.6,19.91,561.77,-86.13,0.066,-0.72,0.07,-0.0,21.4
29.27,8.15,84.1,20.38,558.69,-83.49,0.041,-0.4,-0.34,-0.15,21.11
29.16,7.44,84.9,20.32,535.53,-82.63,0.008,0.5,0.74,-0.04,21.68
29.49,7.38,83.3,20.11,566.13,-83.77,0.016,-0.69,-0.04,-0.49,21.31
29.24,8.08,84.9,20.53,563.34,-84.3,0.002,-0.06,0.02,0.38,21.27
29.6,7.91,84.0,20.95,577.11,-84.38,0.06,-0.06,0.5,-0.07,21.45
29.57,8.04,84.9,20.73,585.61,-84.71,0.011,0.53,-0.54,0.65,21.91
29.62,7.72,84.7,20.82,582.61,-83.59,0.024,0.19,-0.35,0.92,22.18
29.74,7.92,86.3,20.92,601.88,-85.18,0.128,-0.06,-0.06,-0.78,21.83
29.55,7.89,86.0,20.72,588.06,-85.91,0.006,0.04,-0.39,0.27,22.23
29.46,8.11,86.1,21.25,600.79,-83.86,0.064,0.13,-0.89,-0.2,22.08
29.6,7.68,87.3,21.57,607.33,-83.78,0.009,0.09,-0.02,0.07,22.32
29.58,8.05,86.5,21.8,603.1,-79.41,0.004,0.62,0.08,-0.08,22.4
29.59,7.73,87.6,21.6,616.7,-80.59,0.001,0.45,-0.15,-0.65,22.46
29.73,7.97,88.4,21.58,607.84,-82.8,0.055,0.05,0.61,0.27,22.39
29.71,8.12,87.3,22.36,614.48,-82.41,0.0,0.63,0.08,-0.37,22.99
29.69,8.31,87.7,21.88,610.52,-80.65,0.091,1.36,0.45,0.7,23.62
29.79,8.35,88.5,21.8,631.03,-82.11,0.006,0.54,0.16,-0.17,23.35
29.92,8.41,89.1,21.86,636.86,-82.23,0.05,-0.2,0.51,0.06,23.34
30.0,7.75,88.3,21.96,650.41,-82.19,0.059,-0.83,1.1,0.23,23.94
29.73,8.58,88.0,22.2,651.55,-81.89,0.003,-0.36,0.1,0.2,23.57
29.92,8.01,89.4,23.19,645.81,-83.21,0.014,0.02,0.53,0.26,24.0
29.97,8.03,89.4,22.39,641.9,-79.68,0.01,1.35,0.22,0.29,23.46
29.88,8.28,89.9,23.34,663.04,-81.65,0.0,-0.22,0.6,-0.13,24.23
30.04,8.09,90.0,22.88,674.83,-79.23,0.017,0.94,0.38,-0.23,24.26
30.11,8.29,89.9,23.46,676.28,-79.36,0.02,0.17,-0.39,0.31,23.81
30.19,8.33,90.2,22.86,684.55,-80.14,0.034,-0.32,0.1,0.01,24.54
30.17,7.92,90.8,23.38,676.55,-78.86,0.008,-0.63,-0.24,-0.4,23.94
30.08,8.08,89.3,22.97,678.93,-80.88,0.056,-0.11,0.16,-0.02,24.8
30.46,8.07,91.8,23.69,681.12,-81.27,0.02,-0.45,0.56,-0.72,25.4
30.35,8.38,91.3,24.11,692.79,-81.27,0.033,-0.48,-0.04,-0.12,25.0
30.35,7.93,90.5,24.33,697.38,-80.06,0.019,-0.79,0.16,-0.13,25.25
30.44,7.89,91.5,24.14,705.01,-78.99,0.003,-0.34,1.21,-0.05,25.09
30.37,7.7,92.7,24.16,706.36,-79.33,0.207,-0.49,0.08,-0.02,25.97
30.53,7.7,92.1,24.47,710.98,-76.89,0.045,-0.1,-0.25,0.32,25.84
30.41,7.53,91.5,24.39,709.15,-78.88,0.119,-0.02,-0.8,0.62,26.17
30.43,7.69,91.2,24.54,730.86,-80.34,0.052,-0.53,0.63,-0.28,26.8
30.54,8.34,94.5,24.75,726.67,-79.14,0.018,-0.28,0.15,-0.33,26.1
30.68,8.02,91.3,25.12,728.55,-77.9,0.035,-0.11,0.76,0.02,27.17
30.7,8.15,93.2,25.69,727.13,-79.84,0.054,0.36,0.2,-0.52,26.72
30.61,7.44,92.6,25.79,725.51,-79.95,0.031,0.54,0.83,0.87,27.4
30.63,7.09,94.1,25.37,756.04,-77.16,0.032,-0.15,0.29,-0.01,27.09
30.67,7.71,92.5,25.34,752.55,-77.6,0.007,-0.07,-0.34,-0.46,26.64
30.73,8.12,94.9,25.51,734.72,-78.59,0.003,-0.6,0.15,-0.37,26.95
30.79,7.36,93.7,25.39,762.44,-79.3,0.04,-0.12,0.28,-0.41,27.49
30.63,7.48,93.8,26.3,767.78,-78.84,0.025,-0.68,0.64,0.42,27.08
30.84,6.92,93.9,25.7,763.43,-77.85,0.04,0.33,0.04,0.08,28.1
30.74,7.34,93.8,25.53,781.7,-77.09,0.026,-0.72,-0.94,0.98,28.36
30.8,7.23,94.2,26.71,771.3,-76.52,0.0,0.15,-0.23,-1.72,27.58
30.9,6.57,95.2,26.83,758.26,-77.71,0.108,-0.36,0.25,0.58,28.2
30.85,6.83,93.4,26.34,779.26,-79.67,0.004,1.43,0.19,-1.22,28.41
30.88,6.73,94.3,26.95,781.11,-75.59,0.037,0.37,0.06,-0.5,28.86
30.74,6.53,96.2,26.51,775.55,-75.89,0.029,0.33,0.16,-0.09,28.88
30.98,6.71,95.0,27.06,790.11,-76.1,0.009,-0.12,0.02,-0.42,28.67
30.9,7.01,94.8,27.34,770.36,-75.42,0.053,0.71,-0.18,-0.4,28.4
30.84,6.6,94.3,27.57,799.47,-76.14,0.009,0.1,0.59,0.33,29.08
30.97,7.06,94.5,27.58,783.17,-77.11,0.002,-0.37,0.21,0.59,29.15
31.16,6.53,96.3,26.89,784.35,-78.84,0.035,0.44,-0.29,0.4,28.98
30.72,6.67,94.9,27.76,795.17,-78.28,0.012,-0.01,0.42,0.13,30.27
30.77,6.64,96.3,28.52,802.6,-77.61,0.005,-0.9,0.35,0.03,29.6
31.2,6.88,95.0,28.0,801.73,-75.78,0.006,-0.58,0.18,-0.9,29.37
30.93,6.13,95.7,27.47,794.33,-74.49,0.0,0.76,-0.98,-0.29,29.5
30.91,6.4,95.8,27.8,798.21,-74.73,0.011,-0.18,-0.25,-0.52,30.15
30.88,5.91,95.3,27.96,793.31,-77.41,0.01,0.45,-0.31,0.55,30.38
31.04,6.64,96.0,27.4,803.61,-76.86,0.02,-0.78,-0.89,0.56,30.24
31.21,5.73,94.3,28.34,817.66,-78.63,0.02,0.61,-1.04,-0.51,30.48
30.82,6.08,95.9,28.25,807.77,-74.04,0.034,-1.15,-0.22,-0.83,29.65
30.89,6.36,96.4,28.34,817.16,-78.66,0.022,-0.95,0.24,0.94,30.2
30.86,5.46,95.3,28.47,823.71,-76.69,0.05,-0.9,-0.04,1.13,29.82
30.98,5.92,96.2,28.33,803.72,-74.3,0.062,0.16,0.53,-0.58,30.67
31.04,5.38,96.1,28.94,808.01,-75.74,0.024,0.14,0.85,-0.7,30.76
31.08,6.3,96.1,28.76,831.71,-75.43,0.056,-0.53,-0.72,-0.28,30.06
30.98,4.96,94.9,28.56,824.4,-75.87,0.139,-1.1,0.69,0.25,30.26
31.18,5.0,96.0,28.95,793.04,-78.8,0.033,0.7,-0.2,0.38,30.16
30.8,5.05,94.5,28.96,813.28,-75.5,0.006,0.2,-0.29,-0.56,30.67
30.76,4.99,95.3,28.54,808.9,-75.21,0.023,0.28,0.42,0.82,30.57
31.03,5.41,95.8,28.84,816.5,-76.95,0.002,0.14,0.77,-0.37,30.66
30.86,5.73,95.9,28.87,799.96,-74.96,0.045,-0.87,-0.79,-0.02,30.53
30.66,5.47,94.6,28.75,798.03,-76.75,0.001,-0.2,0.28,-0.17,31.41
30.78,5.13,95.3,28.5,798.54,-73.98,0.02,-0.36,0.32,-0.27,31.08
30.83,5.0,96.1,28.77,798.29,-76.09,0.08,-0.58,0.2,0.91,30.64
30.71,4.76,94.6,29.44,810.73,-75.16,0.057,-0.6,-0.01,-1.12,30.09
30.65,5.0,93.5,28.77,789.17,-75.56,0.002,0.02,0.25,0.03,30.02
30.73,4.76,95.6,29.31,793.02,-74.92,0.014,0.37,-0.48,0.67,30.04
30.61,4.83,94.3,28.98,779.47,-75.84,0.012,-0.09,-0.13,-1.0,30.85
30.8,4.5,94.4,29.04,805.4,-74.93,0.002,0.35,-0.02,-0.15,30.59
30.47,4.31,94.9,28.54,805.87,-74.95,0.004,0.69,0.34,0.29,31.12
30.69,4.63,94.7,29.36,787.57,-77.85,0.025,0.33,-0.02,0.52,30.89
30.72,4.58,95.3,29.65,785.41,-75.05,0.012,0.55,-0.26,0.06,29.68
30.63,4.36,94.1,28.65,790.33,-76.73,0.001,-0.65,0.13,-0.66,30.2
30.74,4.27,94.2,29.32,797.81,-76.3,0.057,-0.33,1.25,0.25,29.81
30.43,4.62,92.7,28.38,784.3,-76.47,0.024,-0.92,-0.12,-0.41,30.28
30.48,4.56,94.3,28.76,770.25,-76.73,0.036,-0.22,-0.98,0.13,30.51
30.5,4.95,93.1,28.33,757.93,-74.06,0.036,-1.39,-0.28,-0.97,30.35
30.6,4.77,96.1,28.82,759.73,-78.24,0.002,0.39,-0.41,-0.11,30.25
30.51,3.97,93.1,28.56,768.26,-80.31,0.0,0.42,0.2,-0.02,29.72
30.72,4.25,93.5,28.55,757.51,-77.1,0.056,-0.67,-0.56,-0.21,31.04
30.34,3.87,93.4,28.96,762.43,-76.59,0.107,0.09,0.3,0.16,30.1
30.24,3.71,92.6,28.87,751.26,-77.56,0.025,0.49,-0.55,0.18,30.59
30.59,4.9,92.9,28.3,742.42,-77.82,0.022,0.19,-0.02,0.88,30.2
30.17,4.67,94.1,28.67,737.33,-75.41,0.004,-0.77,0.3,-0.4,30.03
30.4,4.03,91.5,28.61,760.73,-76.34,0.025,-0.07,0.41,0.45,29.93
30.17,4.58,90.1,28.51,749.91,-72.78,0.001,0.48,-0.55,-0.01,29.37
30.0,4.62,90.6,28.08,754.14,-77.81,0.047,-0.85,-0.35,0.31,29.25
30.18,3.62,92.2,28.05,737.97,-76.12,0.022,-0.5,-0.42,0.24,29.34
30.3,4.46,90.8,27.74,723.93,-75.93,0.038,0.2,0.42,-0.03,29.2
30.01,4.06,92.8,28.56,737.04,-77.27,0.019,0.27,-0.66,0.33,28.17
30.19,4.32,91.3,27.78,718.98,-78.52,0.04,-0.01,-0.37,-0.46,29.03
30.18,5.12,90.0,27.5,716.95,-77.13,0.024,0.03,-0.16,0.29,29.14
29.9,4.7,89.6,27.6,709.69,-76.24,0.023,-0.36,-1.09,-0.74,28.27
30.0,4.2,89.7,27.4,675.96,-78.15,0.014,-0.21,0.34,0.22,28.23
30.18,4.68,88.1,27.91,716.73,-77.6,0.01,-1.23,0.41,0.33,28.56
30.03,3.7,89.7,27.06,700.81,-77.52,0.044,-0.07,-0.0,-0.91,28.56
29.89,4.45,89.8,27.22,694.36,-78.61,0.037,0.61,-0.75,-0.61,28.19
29.94,4.48,88.2,26.78,685.56,-75.58,0.069,0.51,0.18,-0.39,28.26
29.77,4.56,87.5,26.1,682.9,-77.37,0.046,0.41,1.39,0.49,28.03
29.95,4.23,87.8,26.57,670.35,-78.01,0.002,-0.54,0.23,0.51,27.68
29.92,4.53,89.1,26.73,677.52,-76.59,0.092,0.25,-0.86,-0.2,27.67
29.76,4.71,88.7,26.35,653.29,-77.68,0.042,-0.61,0.03,0.14,27.52
29.74,3.79,87.9,25.76,663.21,-76.22,0.013,0.17,0.24,-0.55,27.39
29.56,4.43,88.8,26.58,661.95,-79.44,0.031,-0.69,0.31,-0.12,27.17
29.48,4.3,85.9,25.47,649.32,-77.34,0.043,-1.2,-1.1,0.44,27.21
29.57,4.81,86.8,25.47,649.99,-78.39,0.004,-1.1,0.3,0.5,27.3
29.57,5.08,87.2,25.2,631.34,-76.45,0.102,0.56,0.25,0.73,26.94
29.67,4.53,87.2,25.09,626.59,-77.13,0.032,0.52,0.84,-0.4,25.68
29.62,4.44,86.9,25.32,633.61,-78.26,0.001,-0.11,-0.54,-0.09,25.89
29.5,4.85,86.6,25.37,633.05,-78.37,0.024,-0.79,-0.16,-0.51,26.52
29.59,4.53,86.8,24.81,602.55,-79.06,0.006,-0.66,0.33,0.06,25.79
29.3,4.86,86.2,25.06,621.59,-77.36,0.009,-0.41,-0.8,-0.17,26.43
29.51,4.89,84.4,24.98,606.04,-79.99,0.002,0.83,-0.03,0.08,25.2
29.25,5.22,84.7,24.45,604.69,-79.4,0.016,-0.29,-0.37,-0.16,25.96
29.46,5.21,83.5,23.88,588.4,-78.49,0.009,0.01,-0.38,1.29,25.12
29.28,5.22,85.4,24.79,588.51,-80.68,0.054,0.51,-1.2,0.21,25.75
29.01,5.73,85.3,23.87,601.97,-81.22,0.059,-0.3,-0.28,-0.36,24.85
29.31,5.39,83.2,23.19,587.98,-78.47,0.001,0.04,0.81,-0.17,24.59
29.29,5.25,83.6,23.67,579.23,-82.12,0.044,0.36,0.87,0.11,24.85
29.11,5.36,82.3,23.86,577.36,-78.7,0.001,0.22,0.41,-0.44,24.07
29.09,5.29,83.4,23.77,578.95,-80.74,0.018,0.33,0.64,-0.18,24.12
29.09,5.28,82.7,22.96,574.08,-82.18,0.003,0.21,0.38,-0.72,24.68
28.85,5.24,82.2,22.56,564.62,-78.45,0.025,-0.4,-0.46,-0.27,24.76
28.78,6.07,82.9,23.17,572.07,-83.34,0.094,0.28,0.14,-0.45,23.93
29.19,5.59,84.2,23.1,566.71,-79.1,0.008,0.09,-0.05,-0.98,23.67
28.91,5.98,83.2,23.17,557.1,-76.58,0.055,-0.42,-1.19,-0.1,23.1
29.21,5.86,82.2,22.98,549.56,-78.49,0.046,-0.68,-0.4,-0.4,23.81
29.13,6.02,82.1,22.54,551.74,-81.65,0.043,-0.26,0.61,-1.05,23.23
29.13,6.45,83.5,22.03,544.57,-79.02,0.009,0.42,0.15,0.43,22.77
28.84,6.23,82.9,22.04,548.39,-79.76,0.029,-0.03,0.2,0.44,23.22
28.71,5.98,81.4,21.99,543.25,-82.84,0.003,0.75,-0.39,-0.38,22.44
28.75,6.16,81.9,21.62,520.66,-83.2,0.02,-0.04,0.64,0.32,22.89
28.81,6.66,80.6,22.19,516.69,-81.5,0.076,-0.55,0.44,-0.5,22.53
28.56,6.63,81.3,22.04,517.36,-81.2,0.022,-0.08,-0.95,-0.35,22.63
28.77,6.83,81.7,21.06,531.09,-80.59,0.001,0.55,0.09,-0.17,21.84
28.79,6.56,81.8,21.31,502.64,-80.8,0.036,0.72,0.07,0.66,22.37
28.64,6.28,80.4,22.03,519.55,-82.09,0.062,-0.86,-0.36,0.0,21.45
28.66,6.93,81.6,21.59,516.57,-83.32,0.007,0.04,0.63,0.38,22.15
28.74,6.92,80.8,21.14,522.05,-81.33,0.005,0.28,-0.58,-0.84,21.88
28.8,7.0,80.3,21.34,509.84,-81.14,0.001,-1.28,0.36,-0.27,21.05
28.64,6.57,82.0,21.43,492.35,-82.76,0.043,1.36,-0.94,0.38,21.68
28.77,6.86,80.1,20.78,494.08,-83.38,0.073,-0.99,-0.73,-0.07,21.86
28.75,6.84,79.4,20.16,489.9,-83.95,0.02,-1.05,-0.3,-0.1,21.3
28.73,7.31,79.7,20.84,494.52,-85.58,0.01,-0.63,0.73,-0.21,20.85
28.64,7.39,80.8,20.76,496.41,-84.58,0.078,-0.04,-0.73,0.43,21.1
28.55,7.31,79.4,20.0,485.06,-81.45,0.007,-1.24,0.0,0.01,20.27
28.91,7.67,80.8,20.36,510.06,-83.69,0.017,-0.21,-0.18,-0.66,21.22
28.78,7.89,79.4,19.9,480.89,-84.76,0.07,-1.65,0.2,-0.36,21.31
28.82,7.6,80.0,19.52,506.54,-84.04,0.132,-0.38,-0.73,1.13,20.74
28.69,7.76,81.8,20.1,504.03,-84.67,0.009,0.15,0.06,-0.05,20.75
28.68,7.45,79.3,20.46,500.41,-83.58,0.091,0.53,0.81,-1.02,21.23
28.76,7.44,78.4,20.0,483.9,-84.89,0.02,-1.03,1.0,0.13,21.33
28.48,8.02,81.1,19.88,493.83,-84.55,0.03,-0.88,-0.95,0.37,20.95
28.57,7.5,78.9,19.29,477.35,-87.65,0.043,-0.17,0.47,0.65,20.19
28.62,8.02,79.4,19.92,499.11,-86.18,0.014,0.51,0.33,-0.14,21.04
28.66,8.37,80.6,19.46,489.3,-84.35,0.054,0.71,0.21,1.04,20.74
28.62,8.09,80.6,19.34,486.15,-85.15,0.077,0.04,0.09,0.25,20.55
28.77,7.91,78.2,19.87,478.36,-84.16,0.043,-0.64,1.28,1.09,20.54
28.75,7.57,79.9,19.1,466.33,-84.76,0.004,-0.47,-0.4,-0.05,20.81
28.92,8.05,80.9,19.42,481.39,-83.13,0.002,-0.87,-1.28,0.58,19.62
29.06,8.34,81.9,19.07,503.73,-89.7,0.011,0.62,0.36,1.01,20.28
28.62,8.01,79.4,19.34,489.55,-85.53,0.044,0.06,-0.57,-0.09,19.86
28.8,8.39,81.3,18.66,493.02,-84.57,0.059,0.8,-1.16,-0.57,20.47
28.82,8.22,80.0,19.6,502.55,-85.5,0.016,-0.5,0.05,-0.75,19.97
28.81,8.22,81.5,19.54,515.49,-86.1,0.004,-0.7,-0.21,-0.17,21.53
28.7,8.06,79.9,20.16,512.28,-86.46,0.041,0.6,-0.52,-0.5,20.6
28.73,7.73,80.7,19.49,491.04,-86.85,0.055,-0.3,-0.54,-0.35,19.85
28.89,8.05,81.3,19.09,483.23,-86.63,0.003,-0.27,0.27,-0.21,20.71
28.77,8.06,81.9,19.76,528.28,-87.43,0.017,0.84,0.67,-0.05,20.18
28.92,8.37,81.7,19.77,529.55,-86.52,0.031,0.11,-1.26,-0.14,20.41
28.89,8.19,81.0,19.91,511.06,-87.45,0.042,0.65,0.52,-0.75,20.34
28.96,8.52,81.1,18.79,498.93,-84.62,0.09,0.25,0.8,-0.79,19.7
28.85,8.28,83.1,19.26,523.86,-87.63,0.007,0.44,-0.09,1.0,20.23
29.01,8.04,82.0,19.22,515.87,-84.04,0.072,0.76,-0.89,0.54,20.06
28.9,7.94,81.6,20.11,518.68,-85.03,0.057,-0.62,-0.54,0.0,19.6
29.05,8.0,82.6,19.9,531.74,-84.75,0.021,0.48,-0.9,0.86,20.41
29.22,8.21,82.8,20.06,529.25,-86.62,0.027,0.95,-0.67,-0.06,20.57
29.12,8.04,81.4,19.34,517.28,-88.33,0.036,-0.44,0.05,-0.5,20.15
29.15,7.81,83.1,19.82,529.24,-89.23,0.068,-0.45,-0.18,0.69,21.24
29.24,8.41,81.7,19.26,542.57,-85.46,0.024,1.17,0.35,0.52,21.03
29.0,8.13,82.6,19.51,544.64,-86.91,0.007,-0.27,-0.02,0.72,21.0
29.4,8.14,82.5,20.01,545.85,-87.47,0.017,0.16,-0.33,-0.41,21.25
29.1,7.78,83.4,20.12,556.36,-85.85,0.012,-1.01,-0.1,-0.34,21.35
29.36,7.68,83.3,20.25,547.31,-82.92,0.089,0.27,-0.71,-0.06,21.32
29.38,7.91,83.8,19.97,556.71,-86.84,0.003,-0.22,-0.14,-0.38,21.93
29.21,7.32,82.6,20.43,525.26,-85.26,0.019,0.27,0.2,-0.28,20.57
29.47,8.12,84.3,20.37,558.69,-87.18,0.133,-0.07,-0.15,0.01,21.73
29.44,7.63,83.7,21.01,575.09,-85.51,0.021,0.57,0.54,-0.41,21.47
29.64,7.72,86.6,20.41,567.9,-86.82,0.017,0.52,0.02,-0.1,22.29
29.47,7.88,84.7,20.02,571.56,-85.63,0.033,0.08,0.85,-0.1,21.99
29.46,7.64,85.1,20.98,570.31,-86.06,0.008,-0.41,-0.52,-0.2,21.92
29.45,7.3,86.1,20.99,595.32,-87.96,0.056,-1.17,-0.21,1.2,22.66
29.33,8.05,86.8,20.67,595.4,-89.08,0.019,-0.23,-1.05,0.22,22.14
29.54,7.09,85.1,20.98,602.86,-90.38,0.016,0.42,0.55,0.25,22.51
29.58,6.82,86.7,21.28,582.08,-86.37,0.017,-0.1,-0.52,0.04,22.22
29.68,7.69,87.3,21.2,602.53,-84.96,0.034,0.1,0.91,-0.15,22.66
29.51,6.93,86.9,21.06,606.17,-86.09,0.032,-0.06,-1.12,-0.75,23.57
29.69,7.68,87.1,21.51,611.05,-84.88,0.022,-1.26,-0.41,-0.73,23.22
29.82,7.36,86.8,22.02,612.61,-84.43,0.027,-0.04,0.87,0.0,23.19
29.86,7.27,87.2,21.71,620.25,-86.14,0.06,0.02,0.53,0.37,22.62
29.59,6.94,87.6,22.04,637.18,-90.23,0.049,-0.23,-1.55,-0.63,24.26
29.94,6.8,87.6,22.04,614.55,-88.6,0.022,0.15,0.24,-0.13,22.98
29.86,6.86,88.9,21.81,656.46,-87.84,0.081,-1.05,-0.54,0.53,23.64
29.9,6.64,87.8,22.34,648.54,-88.86,0.019,-0.8,0.48,0.13,23.95
29.67,7.2,89.4,22.36,648.3,-89.22,0.011,0.24,-0.27,0.02,24.18
30.17,6.54,90.0,22.93,662.82,-86.75,0.005,-0.03,0.44,-0.18,23.8
30.05,6.84,89.5,23.24,644.26,-88.4,0.008,0.8,-0.81,0.13,24.51
29.87,6.92,88.1,23.26,657.14,-87.79,0.034,0.39,-0.12,-0.23,23.91
30.14,6.28,90.2,22.84,667.58,-86.14,0.026,0.93,0.19,-0.3,25.22
30.17,6.58,89.5,22.84,687.43,-87.8,0.004,0.81,-0.56,0.46,24.2
30.3,6.13,89.8,22.86,678.27,-86.33,0.02,0.15,-0.19,0.24,24.67
30.15,6.27,90.7,23.6,688.16,-86.78,0.005,0.72,0.93,1.33,25.27
30.22,6.11,91.6,23.44,682.66,-84.69,0.016,-0.64,0.25,0.38,25.14
30.18,5.96,89.6,23.45,698.29,-87.2,0.008,0.37,-1.1,0.23,25.98
30.36,6.14,91.2,24.68,715.01,-88.2,0.02,-0.63,-0.14,-0.62,26.04
30.22,5.65,93.0,24.31,712.96,-86.56,0.06,1.01,0.52,-0.76,25.89
30.24,6.22,90.7,24.41,706.9,-82.78,0.011,-0.01,-0.3,1.0,25.57
30.37,5.54,91.7,24.54,719.13,-83.63,0.108,-0.04,0.34,0.08,25.97
30.26,5.41,91.6,25.16,722.75,-83.38,0.021,-0.54,0.6,-0.22,25.6
30.63,5.65,92.8,24.68,726.57,-85.13,0.006,-1.94,-0.84,-1.05,26.01
30.69,5.54,91.5,25.11,737.09,-85.39,0.033,-0.03,0.26,1.4,26.41
30.43,5.68,91.4,25.36,741.4,-87.09,0.06,-0.73,0.17,0.04,27.02
30.35,5.53,93.6,25.84,733.39,-84.8,0.02,1.29,0.66,0.24,26.99
30.58,4.95,93.3,25.34,745.3,-87.43,0.066,-0.01,-0.19,0.1,26.87
30.51,5.66,92.3,25.91,739.19,-85.58,0.044,0.63,0.23,0.23,26.83
30.73,5.21,93.4,24.99,737.83,-84.58,0.004,0.75,0.88,0.13,27.6
30.52,5.3,92.6,26.51,748.31,-85.99,0.058,0.93,0.62,-0.68,27.21
30.7,5.83,94.6,26.06,754.09,-84.33,0.004,0.87,-0.28,0.42,27.87
30.67,5.49,94.2,26.32,741.99,-85.67,0.015,0.59,0.01,0.42,27.95
30.6,5.1,93.6,25.74,770.84,-88.67,0.08,0.04,1.07,0.64,28.32
30.73,4.57,93.8,25.85,738.09,-83.5,0.009,-0.87,-1.37,-0.23,27.69
30.83,4.51,94.1,26.23,796.33,-83.59,0.0,-0.21,-0.95,0.17,28.0
30.75,5.21,93.7,26.6,787.49,-85.32,0.017,-0.14,0.68,0.23,28.31
30.77,4.69,95.8,26.63,773.04,-84.43,0.085,0.18,0.16,1.48,28.33
30.67,4.7,95.8,26.71,778.79,-80.45,0.017,1.1,0.66,1.63,28.31
30.93,4.36,94.7,26.9,784.65,-82.99,0.003,0.08,0.08,0.17,28.44
30.93,4.79,94.9,26.28,778.52,-84.86,0.016,-0.15,0.39,-0.5,28.33
30.77,4.95,94.3,27.36,789.0,-83.28,0.13,0.1,0.67,-0.3,28.65
30.81,5.02,95.2,27.27,788.16,-82.81,0.007,-0.88,0.25,-0.11,29.36
31.01,4.39,95.8,27.78,791.04,-84.04,0.073,0.34,-0.04,0.6,29.56
30.72,4.68,96.5,27.39,796.05,-83.68,0.004,-0.59,0.82,0.68,29.43
30.93,4.42,94.9,27.53,783.2,-85.91,0.003,0.1,0.23,0.5,29.32
30.8,4.67,94.3,27.82,798.69,-83.4,0.001,-0.53,0.13,0.39,29.48
31.09,4.38,94.9,28.1,801.74,-84.96,0.005,0.08,1.16,0.53,30.19
30.89,4.1,96.2,28.36,803.06,-84.69,0.085,0.15,-0.66,-0.72,30.07
31.04,4.72,95.8,28.03,801.13,-83.42,0.052,0.45,-0.9,-0.62,28.77
30.8,4.33,96.7,28.29,816.03,-81.93,0.012,0.38,1.19,-0.6,29.57
30.75,4.17,96.0,28.23,802.33,-85.45,0.004,0.55,-1.06,0.09,29.78
30.87,4.31,97.3,28.2,809.2,-82.87,0.025,0.06,1.13,0.18,30.68
30.93,4.02,94.7,27.7,820.8,-84.41,0.004,-0.51,0.06,-0.77,30.4
30.84,4.35,94.0,28.52,807.78,-78.9,0.034,-0.29,-0.79,0.05,29.64
30.99,4.16,97.1,28.2,811.31,-84.15,0.064,0.15,0.25,0.27,30.56
30.87,3.97,95.4,28.89,808.64,-81.95,0.022,0.63,-0.6,-0.13,31.5
30.64,4.92,96.1,28.34,822.25,-83.52,0.008,0.31,-0.37,0.91,30.73
30.96,3.9,96.1,28.5,807.42,-80.98,0.011,0.6,0.28,1.07,30.11
30.78,4.31,96.2,28.46,822.79,-84.82,0.014,0.31,-0.51,-0.41,31.1
30.83,4.22,95.5,28.98,808.72,-79.13,0.097,-0.02,-0.53,-0.15,30.68
31.06,3.9,95.1,28.73,800.81,-77.46,0.059,0.17,0.5,0.35,30.31
31.07,4.12,95.0,29.07,815.68,-79.27,0.024,0.16,-0.39,0.01,30.63
30.78,3.83,96.2,27.97,805.17,-80.66,0.034,0.24,-0.59,-0.58,30.54
30.91,4.87,96.3,29.63,813.6,-81.31,0.003,0.37,-1.19,0.68,30.38
30.76,4.18,95.4,28.6,779.12,-82.1,0.006,-0.09,-0.56,0.06,30.19
30.78,4.23,95.1,29.24,805.33,-82.35,0.024,0.21,-0.53,0.05,30.45
30.73,4.89,95.9,29.16,799.4,-81.25,0.004,0.04,-0.6,-0.5,30.68
30.58,4.09,94.2,29.24,791.92,-79.35,0.001,0.88,0.91,-0.55,31.02
30.78,4.75,96.8,28.71,795.43,-80.83,0.003,-0.46,0.83,0.17,30.19
30.79,4.57,95.5,28.88,793.48,-80.2,0.003,-0.56,0.09,1.05,30.14
30.66,3.83,94.9,29.13,796.85,-79.38,0.041,-0.37,-0.34,-0.64,30.72
30.85,4.35,95.6,28.99,781.63,-78.2,0.057,-0.51,-0.42,-0.22,30.52
30.65,4.63,95.3,28.65,796.29,-76.7,0.05,-0.23,0.05,-0.51,30.47
30.6,4.55,94.8,29.15,804.47,-81.82,0.142,-0.66,0.03,-0.48,30.23
30.72,4.6,93.0,29.72,791.16,-76.29,0.065,0.66,-0.66,0.87,30.22
30.45,4.45,94.7,28.75,793.85,-77.07,0.017,0.13,0.61,0.11,30.08
30.72,4.47,95.3,29.03,793.98,-77.83,0.018,0.21,-0.37,0.33,29.77
30.54,4.64,93.6,28.91,792.54,-79.37,0.011,-0.53,0.09,-0.32,30.57
30.68,5.37,94.6,28.65,795.89,-79.41,0.007,0.11,-0.55,0.61,30.58
30.69,4.56,94.3,29.02,769.08,-77.06,0.047,0.1,-0.8,-0.27,30.99
30.59,4.75,93.7,28.96,763.66,-79.06,0.03,-1.47,-1.17,-0.92,30.5
30.39,4.96,93.4,28.44,775.32,-81.35,0.005,-0.79,0.12,-0.23,30.18
30.31,4.57,93.6,29.07,771.1,-78.52,0.036,-0.45,-0.07,0.67,30.31
30.26,5.2,93.2,28.51,768.19,-79.1,0.006,0.42,-0.61,-0.6,29.89
30.54,4.75,94.2,28.81,775.64,-76.48,0.016,-0.25,-0.04,0.35,29.62
30.36,4.87,93.3,28.48,753.06,-80.03,0.067,0.5,-0.13,0.11,30.13
30.27,4.92,92.9,28.3,753.31,-74.2,0.002,0.35,0.45,0.65,29.91
30.3,4.84,92.9,28.2,735.25,-77.86,0.014,-1.1,-0.83,0.31,29.18
30.41,5.78,92.4,28.35,762.31,-80.23,0.001,0.42,0.31,0.56,29.57
30.35,5.63,90.0,27.64,733.42,-77.51,0.018,-0.47,-0.51,0.8,29.15
30.27,5.82,91.3,28.07,729.43,-76.81,0.034,0.31,-0.02,-0.29,29.75
30.26,5.86,90.7,28.3,724.7,-75.51,0.0,-0.94,-1.58,0.46,29.1
30.18,5.63,91.2,27.92,717.3,-77.18,0.032,-0.45,-0.59,-0.01,29.84
30.16,5.75,90.3,27.02,711.95,-76.96,0.031,-0.73,-0.22,-0.1,29.51
30.12,6.14,91.0,27.04,709.45,-76.99,0.071,-0.04,-0.08,0.95,28.48
30.06,6.4,89.9,27.43,696.4,-78.84,0.018,0.45,-0.09,1.16,28.52
30.11,5.6,91.4,27.03,697.51,-76.91,0.005,-0.64,-0.83,0.02,28.93
30.03,6.81,91.1,27.5,720.11,-76.92,0.034,0.41,0.54,-0.13,28.55
29.85,5.74,88.4,26.9,703.19,-77.85,0.015,-0.06,-0.77,1.14,28.28
29.98,6.07,89.5,27.14,700.25,-79.57,0.006,1.12,0.32,-0.04,28.28
29.92,6.3,88.6,27.5,697.89,-77.24,0.03,0.06,-0.54,-0.5,28.07
29.92,6.41,89.0,26.7,699.54,-75.69,0.004,-0.62,0.5,0.43,28.38
29.8,7.02,89.0,26.21,658.54,-74.33,0.005,0.48,0.13,-0.43,27.72
29.88,6.81,87.2,26.57,658.99,-76.79,0.04,-0.51,0.57,-0.83,27.87
29.74,6.71,87.2,26.4,658.26,-76.64,0.035,-0.55,0.23,-1.05,27.72
29.8,6.97,87.1,26.25,656.59,-76.8,0.027,-0.27,-0.09,-0.63,27.88
29.62,6.83,87.1,26.5,653.26,-75.86,0.046,-0.15,0.07,-0.73,27.2
29.6,6.6,86.8,25.47,646.77,-77.01,0.005,0.07,-0.36,-0.45,27.14
29.68,7.02,87.7,26.09,648.41,-75.4,0.002,-0.58,0.39,0.37,27.07
29.54,6.96,86.9,25.38,641.54,-79.65,0.146,-0.3,0.45,0.14,26.5
29.81,6.76,85.8,25.93,628.95,-75.34,0.022,-0.36,-0.69,-0.38,26.54
29.58,7.46,86.0,24.56,609.42,-76.8,0.104,0.2,-0.66,0.32,26.08
29.48,7.13,84.1,25.94,616.27,-76.29,0.027,-0.59,0.72,-0.0,26.56
29.54,6.88,87.4,24.91,615.74,-78.48,0.037,-0.96,0.87,-0.24,26.75
29.35,6.99,85.6,24.44,613.84,-76.1,0.011,-0.66,-0.74,0.16,25.19
29.49,7.5,86.1,25.03,600.11,-75.25,0.061,-0.27,-0.54,0.11,26.19
29.45,7.72,85.7,24.74,601.64,-74.33,0.015,0.2,-0.65,-0.23,25.61
29.47,7.6,84.8,24.57,590.42,-76.0,0.063,0.55,-0.6,-1.07,25.97
29.23,7.66,82.7,24.58,595.71,-75.52,0.01,-0.74,0.59,-0.43,25.41
29.11,7.33,83.9,24.12,581.52,-75.07,0.027,-0.89,0.76,0.54,25.53
29.15,7.66,84.4,23.85,579.1,-77.14,0.046,-0.11,0.19,-1.02,24.94
29.16,7.58,84.0,23.4,569.91,-74.07,0.046,-0.41,0.94,0.12,24.83
29.37,7.67,84.6,23.62,576.93,-78.04,0.047,-0.3,0.5,0.24,25.04
29.4,7.74,83.5,23.33,565.34,-74.8,0.166,0.86,-0.25,-0.2,25.47
29.15,7.62,84.8,23.35,578.69,-77.73,0.095,-0.8,1.8,-0.6,24.12
29.09,8.09,82.3,23.25,569.37,-78.13,0.007,-0.12,-0.03,0.95,24.22
29.02,7.6,83.3,23.67,560.39,-77.33,0.014,0.28,-0.01,0.48,23.73
29.13,7.55,81.9,22.66,548.98,-75.2,0.022,-0.48,1.0,-0.33,23.77
29.27,7.74,83.3,22.72,556.72,-77.68,0.039,0.61,-0.14,-0.82,23.5
29.2,8.28,81.8,22.48,555.87,-74.86,0.034,0.9,-0.14,0.38,23.16
29.1,8.14,80.8,22.0,546.54,-76.13,0.034,-0.11,0.3,-0.18,23.61
29.08,7.54,80.8,23.37,557.41,-77.96,0.01,0.92,0.34,0.43,23.34
29.02,8.28,81.5,21.88,542.33,-76.64,0.012,0.08,0.02,0.25,22.75
28.89,8.1,82.9,22.2,543.35,-75.14,0.007,-0.63,-0.2,-0.23,22.5
28.79,8.01,82.1,22.53,532.14,-74.41,0.064,0.51,-0.55,0.11,23.17
28.86,8.08,81.7,21.37,534.26,-75.29,0.016,-0.62,-0.13,0.69,22.49
28.89,7.77,81.2,21.98,516.37,-75.02,0.019,-0.74,0.43,-0.24,23.45
28.65,8.23,80.2,21.01,516.7,-76.49,0.095,0.47,-0.01,-0.85,22.38
28.79,7.81,80.3,21.15,521.86,-77.2,0.074,-0.45,1.42,-0.28,22.3
28.7,8.09,80.4,21.5,518.99,-76.94,0.01,1.04,-0.33,-0.14,22.07
28.9,8.09,80.3,21.09,517.99,-74.56,0.066,-1.01,-0.92,-0.54,21.47
28.7,8.43,80.1,21.58,521.39,-78.04,0.024,0.59,-0.23,0.32,21.35
28.8,8.21,79.8,21.0,493.75,-76.76,0.032,-0.08,-0.17,0.18,22.35
28.66,8.4,80.5,21.03,496.01,-76.33,0.017,-1.29,0.66,0.42,22.22
28.93,7.82,79.8,20.5,505.95,-77.34,0.125,0.67,-0.02,0.16,21.18
28.53,8.14,81.2,20.27,494.45,-75.1,0.035,-0.57,0.24,-0.19,21.67
28.78,8.32,81.2,20.13,533.66,-76.6,0.013,-1.46,0.59,0.61,21.9
28.56,8.51,80.7,20.12,503.37,-76.94,0.025,1.08,1.17,0.17,20.74
28.65,7.78,80.5,20.11,495.92,-77.02,0.061,0.48,-0.86,0.56,21.18
28.73,7.85,78.9,20.67,490.18,-75.71,0.002,-0.18,0.51,-0.29,20.88
28.73,8.23,81.9,20.32,489.32,-78.1,0.007,0.76,-0.08,0.42,21.07
28.73,8.53,79.8,19.65,493.37,-78.61,0.0,0.05,-0.03,0.11,21.42
28.72,8.1,80.7,19.88,493.29,-77.01,0.005,0.1,-0.22,0.2,21.01
28.62,7.65,80.7,19.94,486.85,-76.9,0.024,0.96,-0.85,0.31,21.02
28.68,7.62,79.2,20.91,488.1,-77.08,0.014,0.2,-0.48,-0.81,19.83
28.71,7.95,79.5,19.82,503.84,-81.51,0.02,0.67,-0.39,-0.12,20.93
28.73,7.98,80.3,19.92,503.97,-78.15,0.02,-0.31,0.68,-0.18,20.58
28.7,7.76,78.8,19.36,492.53,-78.14,0.006,-0.79,1.2,0.04,21.41
28.8,7.46,80.0,19.91,476.63,-77.31,0.052,-0.19,0.03,-0.03,20.74
28.73,8.07,78.2,20.09,495.63,-80.09,0.013,0.42,0.59,0.26,20.32
28.75,7.58,80.1,19.51,506.14,-77.66,0.055,0.93,-0.97,-0.21,21.17
28.69,7.79,81.3,19.74,504.81,-79.62,0.006,0.07,0.21,0.01,20.36
28.62,7.05,80.2,19.7,499.13,-78.92,0.013,1.3,-0.48,0.18,20.47
28.78,7.89,79.1,19.49,506.83,-76.85,0.031,-0.41,-0.02,0.21,19.78
28.92,7.26,79.9,19.9,494.13,-78.75,0.012,-0.52,0.63,-0.2,20.07
28.84,7.81,81.0,19.15,501.01,-78.89,0.007,0.11,0.28,-0.08,20.02
28.7,7.53,80.7,19.11,489.21,-78.45,0.085,0.16,-0.24,0.43,20.23
28.91,6.86,81.0,19.41,500.38,-78.39,0.018,-0.17,0.36,-0.1,19.81
28.79,7.3,80.6,19.27,512.35,-83.66,0.075,-0.23,1.09,-0.7,19.62
28.93,7.65,80.3,18.38,494.9,-78.4,0.127,-0.42,0.28,-0.02,20.36
28.82,6.91,81.1,19.15,494.07,-77.94,0.014,0.45,-0.35,0.14,19.74
28.92,7.52,81.2,18.67,505.69,-79.78,0.013,0.11,-0.79,0.48,20.64
28.84,7.07,82.1,19.32,504.62,-82.81,0.007,0.26,0.53,0.14,21.16
28.86,7.28,81.0,19.7,515.7,-81.3,0.021,-1.44,-0.43,0.27,20.49
28.75,6.86,81.6,19.49,507.13,-82.12,0.007,0.7,0.03,-0.3,20.54
29.03,6.7,81.6,19.55,531.44,-80.42,0.009,-0.49,0.69,-0.4,19.58
29.03,7.22,83.6,19.48,504.09,-80.43,0.042,0.78,-0.25,0.17,20.77
29.06,6.81,81.4,19.65,532.38,-79.08,0.017,-0.72,0.69,0.98,20.54
29.07,6.45,81.9,20.61,515.18,-78.81,0.007,-0.76,-0.3,0.68,20.81
28.97,6.57,81.6,19.54,507.99,-77.24,0.011,-0.27,-0.54,0.57,20.21
29.2,6.2,83.6,19.71,531.56,-82.23,0.006,0.24,-0.25,0.27,20.63
29.23,6.33,83.8,19.47,529.99,-81.32,0.008,0.69,0.26,-0.06,21.3
29.05,6.58,82.7,19.17,524.91,-81.49,0.041,-0.11,-0.55,0.62,20.58
29.23,6.09,84.0,19.99,522.78,-82.62,0.058,-0.39,-0.01,0.6,20.83
29.3,5.81,83.5,20.36,543.2,-81.32,0.093,0.74,1.25,-0.1,21.4
29.17,5.7,84.1,20.85,556.84,-80.76,0.14,-0.16,0.68,-0.39,21.41
29.22,5.94,82.9,20.05,556.83,-78.56,0.016,-0.13,-0.41,-0.05,21.64
29.35,5.6,84.0,20.11,555.54,-81.21,0.002,0.56,1.12,0.12,21.03
29.14,5.34,85.6,20.61,563.85,-83.91,0.028,0.37,0.48,-0.38,21.35
29.22,5.34,85.5,20.97,562.97,-84.43,0.002,0.42,0.58,-0.42,21.16
29.26,5.98,85.2,20.03,553.22,-83.79,0.036,0.59,0.28,-0.07,21.24
29.2,5.51,85.6,20.79,557.65,-81.69,0.036,-0.65,-0.08,-0.33,21.35
29.57,5.5,87.0,21.3,574.25,-82.72,0.005,0.16,0.95,0.02,21.83
29.24,5.12,85.9,20.68,579.17,-84.9,0.043,-0.48,0.41,0.9,22.6
29.55,5.17,85.0,20.47,593.86,-84.4,0.009,-0.44,0.59,0.62,22.59
29.64,5.09,86.7,21.26,597.55,-81.61,0.014,0.57,-0.23,0.86,22.43
29.54,5.13,85.9,20.63,600.72,-81.44,0.002,0.66,-0.02,-0.9,21.98
29.53,4.65,86.6,21.63,596.61,-86.8,0.017,1.47,-0.38,0.92,22.06
29.67,5.41,86.6,22.03,590.39,-83.21,0.011,0.05,0.2,-0.2,22.49
29.68,5.01,86.2,21.28,613.16,-82.46,0.03,-0.8,0.21,0.24,22.91
29.84,5.02,87.2,22.16,619.17,-84.37,0.009,0.5,0.23,1.16,23.11
29.43,5.17,88.0,21.93,594.95,-82.44,0.029,-0.46,0.01,0.07,23.12
29.67,5.1,88.1,22.32,615.43,-81.46,0.011,-0.29,0.0,-0.76,23.13
29.89,4.62,88.1,21.74,621.84,-82.69,0.008,0.55,0.61,-0.88,23.4
29.86,4.92,87.8,22.32,634.92,-83.72,0.041,-0.07,0.45,-0.0,23.25
29.98,4.87,86.9,22.33,630.72,-85.8,0.011,0.31,0.94,-0.58,23.04
29.95,4.73,88.5,22.1,643.39,-82.01,0.007,0.07,0.13,-0.13,23.66
29.94,4.91,89.2,22.4,646.69,-86.1,0.095,0.44,-0.83,0.06,24.0
29.95,4.79,87.3,22.86,652.23,-83.98,0.058,-0.15,0.77,0.23,24.03
30.3,4.73,89.2,22.41,651.68,-85.85,0.02,-0.71,-0.41,-0.1,23.63
30.24,4.88,89.4,22.53,657.47,-86.57,0.002,0.66,0.15,0.72,24.31
30.15,4.44,89.0,22.65,658.05,-83.13,0.023,-0.36,0.68,-0.03,24.31
30.13,4.42,90.6,22.97,677.64,-83.14,0.001,0.29,1.11,0.05,25.26
30.22,4.61,91.0,23.49,684.51,-86.96,0.053,0.26,-0.26,-0.11,25.11
30.29,4.28,91.9,23.36,676.02,-84.71,0.017,-0.05,0.09,0.1,23.84
30.27,4.46,90.7,24.14,703.83,-85.75,0.007,0.07,-1.21,0.2,25.23
30.16,4.12,92.0,23.34,690.34,-87.39,0.043,0.04,0.2,0.16,24.92
30.5,3.58,90.5,24.17,713.6,-87.04,0.005,-1.41,-0.35,-0.25,24.95
30.35,4.43,91.1,24.01,696.64,-86.38,0.036,0.08,0.28,0.47,24.78
30.59,3.77,92.2,24.26,687.51,-85.51,0.031,0.22,-0.65,-1.13,26.21
30.4,4.01,91.3,24.68,716.46,-82.94,0.005,0.66,0.24,-0.26,26.43
30.38,4.46,91.9,23.67,719.52,-84.51,0.033,-0.83,0.36,0.67,25.59
30.6,4.45,92.9,24.0,721.91,-85.74,0.046,0.3,0.92,0.59,26.8
30.5,4.55,92.5,24.87,719.6,-86.36,0.045,-0.74,-1.17,-0.05,27.35
30.5,3.59,92.0,24.97,730.07,-88.7,0.028,0.81,0.76,-0.52,26.59
30.37,4.29,92.4,24.69,729.6,-87.27,0.003,-0.28,-0.91,-0.33,26.47
30.62,4.13,92.9,26.04,735.91,-84.69,0.006,0.44,-0.71,-0.28,26.95
30.51,4.51,93.8,25.08,751.49,-85.04,0.011,0.86,-0.82,-0.57,27.61
30.54,4.67,93.2,25.44,748.96,-88.43,0.083,-0.07,0.95,0.36,27.82
30.56,3.84,91.7,26.17,757.16,-87.01,0.003,-0.39,-0.31,-0.0,27.43
30.69,4.26,94.5,25.68,752.59,-88.63,0.024,-0.15,0.21,0.74,27.23
30.48,4.52,94.5,25.75,755.23,-85.63,0.067,0.74,-0.49,-0.66,27.84
30.66,4.19,93.3,26.33,750.75,-86.12,0.017,0.51,0.46,-0.5,27.85
30.82,4.84,93.4,26.07,762.11,-88.91,0.064,0.47,0.64,0.37,28.08
30.57,4.22,95.5,26.6,736.01,-85.9,0.012,1.01,0.73,0.93,28.02
30.76,4.28,94.4,26.77,766.61,-85.52,0.018,-0.04,0.28,-0.59,28.39
30.68,4.08,95.4,26.86,774.87,-85.73,0.027,0.06,0.2,0.06,27.71
30.72,4.48,94.3,27.26,784.37,-87.25,0.032,0.34,-0.31,-0.37,28.73
30.99,3.57,95.5,26.84,778.97,-86.03,0.015,-0.83,0.78,-0.78,29.17
30.61,4.44,94.4,26.92,787.92,-85.5,0.018,0.68,0.2,-0.39,28.77
30.91,4.94,95.6,27.19,765.31,-90.17,0.028,-0.42,0.92,-0.28,29.02
30.77,4.18,95.6,26.34,789.06,-86.02,0.057,0.17,-0.71,0.02,28.44
30.78,4.16,93.8,27.52,775.22,-89.79,0.013,0.43,-0.78,-0.77,29.41
30.72,5.03,95.6,27.44,782.18,-87.74,0.025,-0.33,0.26,0.17,29.69
30.95,5.12,95.0,27.79,794.49,-87.35,0.043,-0.54,0.39,0.26,30.08
30.85,4.39,96.6,27.45,811.08,-86.13,0.098,-0.02,-0.38,-0.17,28.58
30.84,5.37,95.9,28.33,803.84,-87.13,0.004,0.38,0.65,1.18,29.84
30.9,5.04,95.6,27.88,801.98,-85.94,0.002,0.41,-0.65,0.67,29.03
30.87,5.28,97.1,28.34,803.11,-87.73,0.001,0.12,-0.02,1.11,29.98
30.65,4.79,94.4,27.96,797.54,-85.95,0.007,-0.62,0.5,-0.28,29.69
30.84,5.54,97.5,28.39,800.44,-86.21,0.023,-0.67,0.78,0.3,30.19
31.01,5.08,97.5,27.76,811.21,-86.58,0.006,0.49,-0.05,0.06,30.25
30.72,5.13,95.7,27.61,793.99,-87.43,0.009,0.05,-0.91,-0.17,30.18
30.77,5.43,96.7,28.38,814.52,-87.2,0.005,0.54,0.11,0.05,30.04
30.85,5.24,96.4,28.51,805.29,-86.93,0.064,-0.13,0.27,-0.45,30.35
30.81,4.97,94.0,28.55,817.86,-87.93,0.062,-0.03,0.4,-0.21,30.72
30.89,5.53,95.9,28.54,819.49,-86.88,0.019,0.13,0.33,-0.32,30.51
30.76,5.47,95.0,28.56,793.26,-86.3,0.012,0.75,0.13,0.33,30.77
30.84,5.41,94.9,28.98,804.14,-86.63,0.077,0.48,0.99,-0.45,29.95
30.87,6.08,95.7,29.42,801.2,-88.22,0.03,-0.48,0.93,0.09,30.57
30.95,6.5,95.7,29.74,791.27,-86.99,0.005,0.08,-0.83,-0.32,30.39
31.01,5.58,96.8,29.25,798.56,-86.44,0.05,0.44,0.06,0.26,30.93
30.82,5.99,95.1,28.1,832.62,-87.14,0.011,0.7,-0.84,0.04,30.85
31.07,5.89,95.4,29.3,813.48,-86.12,0.059,1.64,-1.33,-0.21,30.46
30.81,6.77,96.7,29.32,825.57,-87.13,0.023,-0.53,-0.42,0.43,30.74
30.92,6.3,95.4,28.94,813.56,-86.04,0.035,0.42,-0.05,-0.62,30.64
31.03,6.51,95.0,29.31,796.56,-85.23,0.037,0.56,-0.57,-0.23,30.86
30.8,6.66,96.0,29.12,798.71,-86.69,0.001,0.34,-1.1,-0.43,30.84
30.61,6.42,95.7,28.99,806.82,-85.53,0.04,0.1,-0.56,-1.01,30.72
30.77,6.4,95.2,29.09,803.57,-84.22,0.008,-0.13,0.89,-0.38,30.15
30.66,6.99,95.8,28.8,791.53,-86.17,0.043,0.05,0.37,-0.31,31.27
30.69,6.84,93.9,28.34,780.17,-84.89,0.011,0.2,-0.0,0.06,31.08
30.94,6.43,94.3,28.31,825.97,-86.6,0.003,0.2,-0.01,0.01,30.67
30.53,6.54,96.2,29.27,789.36,-85.29,0.028,0.68,0.02,0.48,30.81
30.69,6.71,92.1,28.57,785.06,-86.09,0.136,0.09,0.0,0.27,30.81
30.53,7.24,93.8,28.36,786.86,-88.31,0.001,0.31,0.39,0.04,30.25
30.58,7.41,93.2,28.32,780.57,-83.19,0.001,0.77,1.53,0.5,30.98
30.68,7.68,94.1,28.66,781.36,-85.83,0.006,0.36,-1.32,-0.63,29.62
30.6,6.89,94.3,29.31,790.02,-84.47,0.004,0.68,-0.85,0.37,29.7
30.51,7.21,94.6,28.68,772.79,-85.44,0.039,-0.02,0.26,0.01,30.04
30.44,7.12,93.2,28.18,759.17,-86.55,0.028,-0.01,-0.1,0.63,30.39
30.52,7.24,92.6,29.15,765.82,-82.98,0.003,-1.34,0.09,0.35,30.24
30.66,7.64,91.9,28.68,759.33,-83.76,0.004,0.24,-1.24,-0.94,30.15
30.32,7.41,93.0,28.38,774.62,-85.94,0.043,-0.65,-0.77,-0.62,30.01
30.63,7.88,94.4,28.6,768.4,-83.29,0.007,-0.38,0.07,-0.27,29.83
30.52,7.38,92.0,28.36,753.97,-82.0,0.005,0.8,-0.35,-0.38,29.36
30.51,7.82,92.2,28.03,736.21,-83.87,0.002,0.7,-0.32,-0.67,29.23
30.35,7.51,92.2,28.01,732.74,-82.75,0.047,0.17,-0.65,-0.44,29.17
30.42,7.15,91.5,27.68,741.06,-82.04,0.085,0.28,-0.13,-0.75,29.15
30.13,7.44,92.8,27.86,740.09,-85.11,0.055,0.53,-0.75,0.25,28.92
30.14,7.83,92.4,28.26,728.71,-82.91,0.0,0.56,-0.74,0.17,28.8
30.28,8.41,91.8,28.15,723.31,-85.73,0.009,-0.29,0.33,-0.2,29.16
30.19,7.74,91.7,27.68,717.76,-83.67,0.05,0.34,0.06,1.02,29.57
30.1,7.87,90.2,27.58,718.95,-84.19,0.045,-0.47,0.41,-0.75,29.21
29.79,8.1,89.6,27.17,690.79,-83.98,0.006,0.34,-0.27,0.5,28.54
30.0,7.81,89.7,27.56,698.98,-84.39,0.044,-0.24,0.42,0.12,28.51
29.88,7.88,90.2,26.82,699.03,-84.35,0.011,0.03,1.38,-0.81,29.42
30.05,8.07,89.5,27.48,712.64,-84.58,0.133,-0.41,-0.49,0.26,28.33
29.93,7.95,90.0,27.21,687.63,-85.25,0.072,0.2,-0.53,0.21,27.96
29.84,7.57,89.4,26.85,692.73,-83.23,0.063,-0.3,0.35,0.36,28.14
30.2,7.93,87.9,26.97,688.31,-84.61,0.019,1.57,0.05,-0.17,27.89
29.97,8.33,89.8,26.57,694.11,-83.48,0.023,-0.5,0.11,-0.41,27.63
29.94,8.35,88.1,26.63,688.81,-83.65,0.034,0.93,1.42,-0.27,27.84
30.05,8.58,88.9,26.5,670.64,-84.26,0.006,0.07,0.32,0.32,28.19
29.84,8.56,87.3,26.7,661.47,-81.49,0.024,0.12,-0.12,-0.54,27.0
29.62,7.92,87.1,26.33,654.58,-81.68,0.044,0.51,-0.37,0.03,27.54
29.57,7.97,86.8,26.39,653.79,-81.3,0.002,-0.49,-0.51,0.74,27.62
29.76,7.99,86.1,26.02,646.83,-81.47,0.008,0.75,-0.44,0.24,27.25
29.36,8.15,85.9,25.72,651.68,-80.46,0.054,0.1,0.01,0.25,27.33
29.57,8.01,87.1,25.77,645.33,-81.6,0.016,-1.25,-0.53,0.57,26.97
29.28,8.14,85.8,25.57,642.03,-78.76,0.005,0.21,0.67,0.23,26.32
29.52,7.92,86.5,25.18,643.7,-83.01,0.01,0.05,-0.57,0.04,27.16
29.58,8.4,86.1,24.66,644.76,-83.07,0.038,-0.15,-0.14,-0.28,26.49
29.48,7.87,86.5,24.82,622.42,-83.89,0.029,0.01,0.83,-0.29,27.03
29.52,7.84,84.7,24.67,627.24,-83.37,0.027,1.05,-0.4,0.47,25.21
29.61,8.27,86.2,24.9,607.83,-81.12,0.016,0.51,0.22,0.03,26.75
29.33,8.31,84.3,24.53,618.34,-80.69,0.039,-0.74,0.01,-0.45,25.97
29.65,8.0,82.6,24.12,612.29,-78.73,0.042,-0.89,-0.85,0.2,25.65
29.31,8.3,84.8,24.2,606.99,-80.48,0.039,-0.21,0.16,0.84,24.93
29.37,8.25,83.7,23.99,593.13,-77.59,0.048,0.92,-0.04,-0.8,25.43
29.15,8.54,85.4,23.63,580.85,-79.38,0.01,0.69,0.66,-0.01,25.45
29.39,8.16,84.2,24.32,568.99,-78.85,0.073,-0.47,0.5,-0.1,24.11
29.29,8.41,83.7,23.59,578.0,-78.18,0.012,-0.47,0.76,0.7,24.88
29.31,7.88,83.7,23.23,589.27,-79.96,0.01,0.14,-0.01,-0.03,24.23
29.12,8.23,82.9,22.77,566.46,-76.73,0.032,-0.03,-0.28,0.06,24.56
28.93,8.19,84.5,23.24,573.11,-78.53,0.099,-0.92,-0.7,0.11,23.76
29.11,7.68,82.5,23.24,569.47,-76.5,0.009,-0.09,0.01,0.38,24.52
28.83,7.46,83.1,22.69,554.06,-77.33,0.006,-0.55,1.33,0.41,23.83
28.97,7.46,81.9,22.82,566.02,-77.91,0.002,-0.72,-0.69,-0.35,24.0
29.01,7.69,82.4,22.25,519.83,-79.17,0.019,-0.44,0.35,-0.64,23.94
29.25,7.16,81.2,22.41,532.84,-78.64,0.071,-0.77,1.01,-0.74,23.52
28.98,7.31,82.2,22.73,532.17,-77.89,0.069,-0.06,0.4,-0.16,22.91
28.94,7.75,81.9,22.13,529.49,-80.0,0.044,-0.65,0.83,0.66,23.36
28.89,7.53,82.1,21.85,537.53,-81.55,0.009,-0.14,0.78,-0.61,22.93
28.72,6.56,81.9,22.41,533.66,-78.67,0.02,0.16,-0.14,1.03,22.9
28.87,6.8,81.4,21.87,531.4,-78.46,0.004,0.43,0.08,0.18,22.54
28.86,7.78,82.9,21.5,530.25,-77.08,0.026,-0.16,0.76,-0.91,21.83
28.71,7.42,81.1,21.25,511.74,-75.73,0.098,0.96,0.01,-0.32,22.44
28.67,6.82,81.0,21.02,506.14,-77.68,0.042,0.4,-0.3,0.25,22.05
28.74,6.48,80.8,21.45,519.5,-79.35,0.017,0.7,0.38,0.4,22.28
28.79,6.48,80.9,21.45,506.57,-77.45,0.032,0.45,0.36,-1.01,22.02
28.72,6.94,80.4,21.07,494.65,-77.13,0.026,-0.11,-0.12,0.8,21.7
28.63,7.31,80.3,20.89,517.68,-77.62,0.032,-0.17,0.26,0.28,22.65
28.78,7.21,81.1,21.05,519.68,-78.56,0.002,0.07,-0.82,0.15,21.56
28.8,6.09,80.4,20.24,519.2,-74.14,0.03,0.58,-0.81,1.33,21.61
28.74,6.4,81.2,20.66,503.54,-75.84,0.025,-0.06,-0.08,-0.28,22.22
28.65,6.16,78.7,20.54,506.12,-76.01,0.135,-0.98,-0.39,-0.26,20.97
28.79,6.38,81.4,20.59,511.89,-79.57,0.002,-0.36,-0.15,1.03,21.61
28.69,5.87,80.9,20.52,490.27,-78.64,0.014,-1.74,1.0,-0.29,20.88
28.56,6.03,80.1,20.12,506.43,-79.03,0.056,-0.28,-0.52,-0.0,21.0
28.83,5.86,80.0,20.83,496.86,-77.1,0.016,-0.28,-0.73,-0.92,21.16
28.74,6.2,80.5,19.72,502.19,-74.84,0.142,-0.18,-0.37,0.85,21.38
28.69,5.81,79.2,19.85,494.02,-76.83,0.002,0.31,1.14,-0.4,20.44
28.51,5.78,80.0,20.25,504.37,-76.97,0.001,1.05,0.1,0.19,20.88
28.61,5.97,80.1,19.66,493.06,-78.92,0.04,-0.5,-0.06,0.47,20.42
28.95,6.24,78.4,19.86,475.55,-75.92,0.09,0.24,0.2,-0.15,20.91
28.53,6.31,80.3,19.57,504.64,-77.06,0.002,-0.97,-0.48,0.53,20.98
28.68,5.74,79.0,19.57,480.53,-74.63,0.036,0.26,-0.91,-0.72,20.81
28.71,5.5,80.9,19.2,502.58,-77.42,0.018,0.09,-0.08,0.16,20.17
28.76,5.85,81.2,19.87,489.34,-76.47,0.021,1.5,0.27,0.01,20.01
28.55,5.74,81.3,19.84,502.37,-77.05,0.037,-0.22,0.51,0.98,20.35
28.76,5.58,79.9,19.8,502.47,-76.67,0.008,-0.05,0.35,0.22,19.89
28.55,4.78,80.0,19.35,496.09,-75.05,0.022,-0.76,-0.63,-0.35,20.56
28.77,5.55,78.7,19.58,497.71,-77.86,0.034,0.84,-0.62,0.52,20.9
28.69,5.23,80.9,20.14,497.83,-76.34,0.006,-0.56,-0.23,0.03,20.0
28.68,4.79,79.3,19.53,474.61,-76.11,0.015,0.57,-0.43,0.27,20.52
28.9,4.8,79.4,19.01,497.22,-75.1,0.019,0.91,-0.05,0.05,19.98
28.78,5.11,80.4,19.11,486.32,-76.59,0.002,-0.91,-1.09,-0.21,20.8
28.89,4.13,79.9,19.08,500.78,-74.44,0.133,0.04,-0.4,0.18,20.71
28.91,4.79,80.1,19.86,489.39,-79.03,0.0,0.09,0.65,-0.15,20.28
29.02,4.57,81.0,19.54,490.86,-75.31,0.003,-0.89,-0.01,0.87,20.63
28.74,4.49,81.8,18.87,520.79,-76.03,0.033,-0.92,0.07,-0.94,20.68
29.01,4.53,81.7,19.89,517.61,-74.56,0.001,-1.1,0.74,0.09,19.89
28.92,4.18,81.5,19.65,509.2,-77.57,0.084,-0.98,-0.05,-0.53,20.6
28.9,4.89,82.4,19.54,513.55,-73.49,0.101,0.5,0.39,-0.16,20.18
28.83,3.9,81.8,20.03,511.82,-74.0,0.02,-1.18,0.33,-0.4,20.52
29.06,4.54,81.4,19.46,522.72,-76.76,0.026,0.23,0.84,-0.04,20.38
28.9,4.2,81.4,20.05,513.12,-75.45,0.064,0.79,-0.84,-0.53,20.58
29.1,5.02,82.6,18.84,532.81,-77.77,0.008,0.5,0.64,-0.05,20.99
29.29,4.39,81.5,19.41,523.46,-75.22,0.016,-0.62,-0.83,-0.15,20.22
29.2,3.72,82.8,19.99,525.03,-77.44,0.065,1.42,-0.37,-0.08,20.04
29.28,4.49,82.4,20.36,532.8,-75.76,0.013,0.18,-0.21,0.47,20.63
29.05,3.98,82.2,19.41,530.14,-77.76,0.079,-0.2,0.34,-0.19,21.33
29.26,4.58,82.4,19.75,542.93,-74.54,0.035,1.1,0.4,0.21,20.6
29.06,4.45,84.1,20.03,537.96,-75.49,0.041,0.61,0.93,0.94,20.84
29.2,4.69,82.8,19.71,551.82,-73.42,0.032,-0.17,0.55,-0.57,21.6
29.47,4.29,83.5,20.03,563.19,-76.19,0.042,0.26,-0.15,0.24,21.77
29.21,4.46,83.5,20.75,547.84,-78.8,0.058,0.44,0.7,-0.5,21.59
29.45,4.22,85.0,19.92,557.82,-76.15,0.087,0.73,-0.52,0.23,21.58
29.47,4.03,85.6,20.29,567.92,-72.81,0.007,-0.55,0.0,-0.53,21.92
29.51,4.52,85.3,20.56,563.21,-77.05,0.113,1.06,0.02,0.18,21.46
29.26,3.83,84.5,20.73,576.56,-76.03,0.051,-0.37,0.09,0.95,22.01
29.51,4.19,85.3,20.36,581.9,-75.89,0.022,0.16,0.63,0.19,21.53
29.46,4.04,84.6,20.7,591.67,-78.8,0.016,-0.58,1.44,-0.12,22.61
29.64,4.47,85.7,20.77,579.35,-76.6,0.016,-1.14,0.82,0.16,22.51
29.35,3.94,84.4,21.09,580.61,-76.02,0.028,-0.56,-0.11,-0.91,22.48
29.62,4.12,86.2,20.69,591.65,-76.07,0.036,-0.01,-0.17,0.31,22.2
29.64,4.27,86.2,21.66,589.79,-77.84,0.035,0.66,-0.34,-0.22,22.75
29.41,4.72,86.8,21.42,609.91,-78.72,0.008,0.04,-0.75,0.54,22.6
29.57,4.14,86.7,21.83,597.49,-78.54,0.024,0.8,1.44,0.06,22.52
29.5,4.21,87.7,21.38,637.31,-77.89,0.023,0.34,0.44,-0.73,23.12
29.66,3.95,86.6,21.28,631.86,-77.44,0.007,-0.25,-0.33,-0.13,22.27
29.85,4.09,88.1,21.51,623.97,-79.72,0.015,0.82,0.79,-0.81,23.53
29.84,4.54,88.1,22.22,637.49,-76.24,0.027,0.16,0.4,0.34,22.91
29.87,4.46,88.9,21.95,617.44,-76.6,0.069,-0.39,0.83,-0.39,23.76
29.76,4.5,89.2,21.68,664.05,-74.28,0.013,0.11,0.05,0.39,23.02
30.06,5.05,87.7,22.44,637.93,-77.68,0.009,-0.11,0.18,-0.62,23.61
29.95,4.07,89.2,22.41,647.66,-78.51,0.003,0.03,-0.74,0.16,24.11
29.99,5.31,88.1,22.56,635.33,-80.63,0.028,-0.53,-0.26,0.1,24.43
30.14,5.02,90.2,22.21,663.77,-80.75,0.041,0.59,-1.22,0.47,23.97
29.94,4.62,88.8,22.42,652.86,-80.15,0.007,-0.65,-0.35,-0.42,24.03
30.12,4.88,89.4,22.91,669.94,-80.63,0.029,-0.09,0.19,0.26,24.97
30.18,4.61,90.2,22.92,668.46,-79.55,0.103,0.23,0.95,-0.35,25.48
30.09,4.97,90.8,23.2,668.09,-80.07,0.035,-0.45,0.24,0.46,24.52
30.27,5.58,90.8,23.83,675.75,-77.41,0.028,-0.01,-1.08,0.65,24.0
30.28,4.8,91.3,23.32,690.95,-78.4,0.002,-0.52,0.54,-0.3,25.82
30.24,4.98,90.9,23.53,680.73,-78.35,0.128,-0.76,-0.62,-0.34,25.31
30.27,4.89,91.4,23.81,690.87,-81.86,0.019,1.0,-0.4,-0.68,25.17
30.38,5.0,90.0,23.81,709.76,-79.52,0.021,0.53,-0.73,-1.04,25.72
30.44,5.12,92.4,24.22,733.87,-82.17,0.048,0.01,0.23,0.4,26.64
30.38,4.98,91.6,24.81,717.28,-78.95,0.019,0.52,0.54,0.56,26.29
30.54,5.3,91.7,24.5,707.92,-81.07,0.021,0.48,0.63,-0.08,26.5
30.51,5.46,93.8,24.84,717.95,-82.09,0.052,-0.2,0.72,-0.45,26.41
30.25,5.4,90.3,24.08,726.4,-80.89,0.007,0.62,-0.25,-0.24,26.7
30.32,4.9,92.8,25.07,726.97,-81.33,0.006,-0.51,-0.32,0.08,27.35
30.66,5.62,91.1,25.71,743.8,-79.41,0.011,0.54,0.96,0.4,26.47
30.51,5.72,93.4,25.37,741.17,-81.46,0.023,-0.93,0.45,-0.55,27.29
30.59,6.38,92.7,25.53,752.21,-80.75,0.03,-0.19,0.33,0.03,27.13
30.73,5.89,91.1,25.73,744.02,-82.29,0.049,-0.82,-0.6,-0.01,27.27
30.61,6.24,94.5,26.32,764.37,-81.85,0.013,0.26,-0.49,-0.41,26.99
30.64,5.9,92.8,26.39,753.29,-82.71,0.007,0.81,0.45,0.4,27.77
30.56,6.5,94.8,25.7,748.99,-81.89,0.016,0.51,0.31,0.45,27.98
30.73,5.9,93.4,26.61,784.11,-80.69,0.006,-0.25,-0.18,-0.09,27.82
30.77,6.41,93.9,26.81,747.61,-81.12,0.009,-0.69,-0.25,0.03,28.62
30.65,6.59,92.6,25.87,761.88,-79.77,0.002,1.8,0.06,-0.51,28.21
30.63,6.62,95.0,26.6,766.29,-83.89,0.002,1.65,-0.82,0.24,27.47
31.07,7.13,94.3,26.91,800.81,-82.22,0.007,-0.75,-0.93,0.97,28.67
30.76,6.38,94.6,25.87,796.84,-83.01,0.012,0.38,0.78,0.53,28.12
30.71,7.06,94.9,26.74,796.63,-82.16,0.086,-0.71,-0.47,-0.15,29.29
30.89,7.05,93.8,26.85,781.18,-82.26,0.02,-0.8,-0.08,-0.81,29.59
30.81,6.79,95.8,26.99,811.4,-83.93,0.004,0.03,-0.2,0.16,29.37
30.7,7.4,94.9,27.7,793.35,-82.28,0.006,0.03,-0.69,-0.06,29.09
30.9,6.88,97.3,27.43,801.82,-83.05,0.009,0.56,0.08,-0.21,29.44
30.75,7.0,95.1,27.7,796.09,-80.95,0.071,-1.29,0.26,0.26,29.02
31.05,7.06,95.3,27.69,795.89,-85.27,0.014,-0.03,0.17,0.02,29.67
30.93,6.74,94.6,28.63,795.83,-84.11,0.082,0.18,1.02,-0.39,29.21
30.84,7.42,94.5,28.21,798.06,-81.41,0.003,1.66,-0.76,0.27,30.38
30.9,7.44,96.5,27.95,807.9,-83.2,0.06,-0.53,-0.1,-0.12,29.33
31.0,7.29,96.7,27.96,807.0,-85.01,0.018,0.25,-0.83,-0.41,29.17
30.92,7.91,95.4,27.9,804.37,-83.85,0.067,0.92,-0.24,-0.42,29.84
31.15,7.31,96.0,27.88,820.99,-86.74,0.041,1.3,-0.53,-0.33,30.23
31.04,6.98,97.0,27.88,777.28,-83.06,0.009,1.04,0.89,-0.14,31.0
30.96,8.13,96.2,28.72,812.95,-85.42,0.015,0.11,-0.36,-0.86,29.86
30.79,7.91,96.4,28.14,815.77,-84.19,0.037,-0.09,-0.49,0.09,30.25
30.88,7.85,96.1,28.74,820.65,-84.12,0.008,-0.48,0.08,0.83,30.29
30.95,7.61,95.5,28.41,808.96,-84.92,0.034,0.87,-0.23,-0.74,29.93
30.79,7.86,96.3,28.38,811.96,-88.45,0.025,-0.32,0.25,-0.86,30.0
31.04,7.43,97.5,28.58,819.86,-85.18,0.012,-0.18,-0.05,0.38,29.7
30.77,7.78,95.5,29.37,824.86,-88.57,0.035,0.14,0.05,0.22,31.11
30.8,7.62,96.6,29.86,806.75,-82.58,0.079,-0.71,0.39,-0.43,30.23
30.8,8.01,96.0,28.71,812.06,-85.5,0.071,0.19,-0.48,-0.89,29.75
30.95,8.25,95.3,28.71,825.66,-86.5,0.023,-0.43,0.3,0.87,30.46
30.75,7.69,96.5,29.24,786.96,-88.39,0.039,0.48,0.35,0.27,31.13
30.62,8.25,96.3,28.99,800.47,-84.46,0.015,1.7,-0.06,-0.21,30.87
30.96,8.12,96.1,28.73,821.05,-84.81,0.008,0.64,0.53,-0.27,30.88
30.76,8.29,96.9,29.14,816.17,-85.83,0.032,-0.93,0.34,-0.29,31.34
30.67,8.04,96.9,29.26,809.18,-85.73,0.01,0.18,-0.48,0.24,31.12
30.7,8.34,95.4,28.91,798.03,-86.97,0.01,-0.36,-1.45,-0.67,29.65
30.98,7.94,95.2,28.93,792.1,-86.99,0.039,0.19,0.1,-0.13,30.51
30.68,7.66,94.0,29.6,793.26,-84.07,0.063,0.41,0.32,0.49,30.86
30.72,7.74,96.2,28.71,812.76,-86.55,0.022,-0.31,-0.04,-0.3,30.75
30.66,8.04,94.8,28.79,788.96,-85.54,0.001,0.33,0.36,0.13,30.88
30.55,7.71,94.3,28.81,794.08,-86.72,0.038,0.55,0.18,0.1,31.7
30.59,8.66,93.9,29.54,783.21,-86.48,0.042,-0.2,-0.57,1.4,30.21
30.5,8.18,93.7,28.23,796.71,-83.13,0.083,0.42,-0.87,-0.09,29.67
30.75,8.47,95.7,29.18,780.3,-84.3,0.024,-0.89,-0.53,0.75,29.55
30.62,8.43,94.9,28.85,781.98,-85.36,0.026,0.51,0.15,0.21,30.85
30.89,8.19,92.8,29.46,763.26,-86.6,0.038,1.49,0.59,0.11,30.37
30.48,9.24,92.7,28.91,760.97,-85.33,0.021,0.6,-0.31,-0.22,29.78
30.44,9.04,93.8,27.98,774.07,-89.24,0.007,0.7,-0.76,0.21,30.23
30.7,8.56,92.7,29.25,757.5,-86.74,0.05,1.11,-1.19,0.54,30.07
30.61,7.86,93.1,28.54,788.45,-87.8,0.03,-0.07,0.85,0.54,30.05
30.51,8.54,94.3,27.85,743.31,-85.68,0.01,0.5,-0.38,0.0,29.35
30.3,7.56,93.8,28.36,752.34,-85.56,0.103,0.1,0.91,0.19,30.28
30.61,8.48,91.3,28.44,756.81,-85.07,0.053,0.16,1.1,0.89,30.24
30.36,7.26,91.7,27.99,749.19,-86.94,0.013,1.14,0.43,-0.2,29.92
30.29,7.9,92.5,27.75,737.9,-87.0,0.0,0.52,-0.47,0.17,29.75
30.45,8.32,93.0,28.3,735.36,-85.98,0.096,-1.05,-0.61,0.64,29.76
30.28,8.04,91.2,27.68,730.94,-85.01,0.003,-0.45,-0.57,0.36,29.61
30.11,7.44,91.9,27.67,733.8,-89.08,0.012,-0.36,0.39,0.17,28.77
30.22,7.89,91.1,28.41,751.92,-87.2,0.006,0.32,-0.21,-0.21,29.04
30.09,7.91,92.6,27.72,728.83,-90.41,0.068,0.2,1.1,0.17,29.35
29.79,7.81,91.5,27.31,735.46,-85.52,0.012,0.03,-0.06,0.05,28.86
30.02,7.58,90.6,27.32,724.2,-88.05,0.01,0.53,0.59,0.55,29.39
30.03,7.91,89.3,27.66,725.7,-86.38,0.018,1.28,-0.13,0.17,28.37
29.92,7.94,89.4,27.56,681.93,-89.01,0.158,-0.68,0.98,0.08,29.73
30.09,7.5,88.0,27.53,702.2,-87.13,0.022,1.19,-0.52,0.32,29.49
29.89,7.94,90.0,27.47,713.57,-87.77,0.001,-0.57,0.14,0.33,28.41
30.01,7.38,90.0,27.18,689.99,-88.14,0.03,-1.65,0.03,0.29,27.79
29.77,7.22,89.8,27.16,708.49,-85.52,0.024,0.5,1.02,0.07,28.04
29.99,7.71,88.5,26.65,700.82,-88.3,0.002,0.24,-0.34,-0.58,28.6
29.7,7.64,89.8,26.3,676.38,-85.14,0.056,-0.36,0.43,-0.63,27.84
29.53,6.99,89.8,27.04,671.09,-84.56,0.003,0.86,0.69,-0.32,27.98
29.93,6.88,87.7,26.74,661.02,-87.66,0.002,-1.61,-0.66,1.12,27.7
29.64,7.57,89.0,26.19,659.86,-84.31,0.041,0.54,0.24,-0.6,27.76
29.92,6.94,87.9,25.92,648.82,-85.44,0.02,-0.75,-1.08,0.57,27.58
29.75,6.91,87.1,26.82,660.42,-83.38,0.002,0.71,0.41,0.07,27.11
29.74,6.76,88.2,25.56,636.55,-84.04,0.023,-0.69,-0.13,0.67,27.65
29.73,7.16,86.0,25.81,652.12,-86.41,0.015,-0.44,0.68,0.44,27.12
29.59,7.33,85.6,25.36,647.34,-85.05,0.04,-0.62,0.52,0.41,27.23
29.56,6.64,86.2,25.3,619.43,-86.95,0.001,0.12,-0.64,0.28,26.5
29.66,7.27,86.1,25.04,646.54,-84.53,0.013,-0.1,1.05,-1.13,26.37
29.49,6.3,84.7,24.4,631.2,-88.21,0.02,-0.58,-0.22,0.65,27.35
29.35,6.31,86.2,25.14,628.6,-87.08,0.024,-0.89,-0.76,-0.16,26.1
29.48,6.52,84.9,25.09,608.59,-87.4,0.037,0.08,-0.6,0.96,26.45
29.12,6.0,84.3,24.47,617.5,-86.85,0.014,-1.03,0.33,0.37,25.21
29.5,6.36,85.6,25.47,617.69,-86.73,0.007,0.56,1.2,-1.02,25.77
29.48,5.94,84.5,24.5,600.62,-86.16,0.016,0.13,-0.24,-0.3,25.3
29.43,5.55,85.4,24.31,616.86,-85.1,0.01,-0.15,0.35,-0.85,25.91
29.39,5.42,84.7,24.24,592.57,-85.82,0.037,1.15,0.48,-0.65,24.87
29.21,5.77,84.0,23.75,598.88,-85.24,0.001,-0.58,0.53,0.24,24.8
29.18,5.92,84.8,23.46,585.8,-87.31,0.087,0.15,-0.52,0.67,25.04
29.02,5.31,84.1,23.39,584.2,-86.73,0.065,0.43,1.0,0.4,24.23
29.35,5.7,83.5,23.31,557.17,-86.33,0.012,0.19,0.47,-0.51,24.54
29.05,5.63,83.7,23.55,573.21,-85.73,0.003,-1.01,-0.13,0.65,24.09
29.12,5.45,83.5,23.07,557.85,-83.62,0.032,-0.47,-0.67,0.44,24.23
29.09,5.15,82.0,23.28,552.51,-85.28,0.09,-1.09,-0.97,1.13,23.98
28.87,5.44,84.6,22.47,574.29,-86.4,0.08,0.13,-0.1,0.19,24.59
28.8,5.25,82.6,22.54,550.67,-84.26,0.003,0.14,0.63,-0.57,23.89
28.99,5.52,82.4,22.38,538.83,-84.97,0.017,-0.19,-0.79,0.2,23.03
28.91,4.78,80.8,21.15,541.43,-85.33,0.027,-0.23,-0.13,-0.02,23.03
28.93,5.13,82.1,22.18,528.27,-82.8,0.053,-0.13,-0.42,1.43,23.08
29.05,4.66,82.0,21.84,551.98,-83.58,0.019,-0.37,-0.89,0.02,22.83
28.93,4.91,80.8,22.23,527.16,-84.73,0.019,-0.66,0.04,-0.37,23.53
28.97,4.59,80.7,22.19,536.0,-84.71,0.026,0.57,0.67,0.25,22.6
28.91,4.59,80.7,21.31,540.98,-84.89,0.092,-0.44,0.05,-0.66,22.67
28.81,4.81,81.0,21.59,519.25,-86.37,0.01,0.34,-0.6,0.28,22.79
28.71,4.58,81.3,21.1,526.52,-84.6,0.031,-0.65,0.75,-0.22,23.53
28.84,5.14,80.8,21.54,507.99,-84.05,0.099,-0.51,-0.73,0.17,22.22
28.81,5.01,81.1,21.06,539.96,-85.92,0.018,0.58,0.29,-0.83,22.82
28.89,4.85,81.3,21.0,522.21,-85.46,0.012,-0.07,-0.52,0.21,21.86
28.75,4.8,81.1,20.99,508.4,-80.19,0.01,-0.48,0.11,0.33,22.3
28.72,4.56,80.9,21.05,500.21,-81.12,0.032,0.09,1.08,0.24,21.46
28.72,4.87,80.7,20.86,504.56,-84.53,0.019,0.75,-0.83,-0.23,22.0
28.63,4.35,80.6,20.88,500.2,-84.4,0.055,0.69,-0.59,-0.21,21.43
28.9,5.04,80.2,20.89,521.17,-82.35,0.009,0.24,-0.2,-0.28,21.83
28.86,4.09,79.7,20.49,487.58,-83.65,0.189,0.58,-0.21,0.26,21.69
28.57,4.01,80.1,20.08,499.52,-82.77,0.067,0.25,-0.41,0.75,21.52
28.81,3.9,80.7,19.79,496.48,-82.83,0.013,-0.53,0.18,-0.07,21.35
28.49,3.93,80.6,19.99,494.13,-83.37,0.059,-0.66,0.37,0.67,20.9
28.82,3.78,80.5,20.26,493.01,-84.74,0.213,1.18,0.37,-0.28,21.29
28.62,4.32,79.7,19.61,491.88,-83.6,0.163,-0.99,0.54,0.6,20.28
28.74,4.49,79.8,20.4,500.87,-82.8,0.011,0.27,-0.06,0.37,21.87
28.47,4.24,79.8,19.58,497.49,-83.04,0.022,-0.62,0.82,-0.56,21.04
28.56,3.8,79.5,19.84,495.01,-83.83,0.021,-0.1,0.06,0.31,20.93
28.76,4.07,80.7,20.33,460.05,-79.31,0.036,-1.05,-1.01,-0.05,20.84
28.62,4.45,78.5,19.69,493.11,-80.92,0.002,1.26,-0.24,0.53,20.3
28.61,4.1,81.7,19.32,473.45,-81.86,0.052,0.48,-0.2,0.36,20.3
28.88,3.96,81.7,18.77,496.51,-80.43,0.006,0.65,-0.8,-0.03,20.59
28.99,3.75,80.1,19.75,505.0,-81.65,0.019,0.5,0.46,-0.29,20.26
28.84,4.08,80.5,19.67,481.35,-77.56,0.027,-0.27,-0.06,-0.08,19.94
28.61,4.01,80.9,19.73,488.51,-76.63,0.019,0.41,-1.35,0.1,20.35
28.96,4.21,79.6,19.53,485.81,-78.3,0.002,-0.69,-1.31,0.29,20.5
28.57,4.39,80.8,19.28,504.99,-79.2,0.014,-0.47,-1.11,0.24,20.33
28.74,4.18,81.4,19.17,494.57,-81.13,0.018,-1.03,0.02,-0.16,20.74
28.79,4.34,79.0,19.44,512.04,-83.32,0.02,-0.08,0.38,-0.6,20.37
29.03,4.45,79.4,19.76,500.19,-78.3,0.111,-0.76,0.17,0.21,20.94
28.92,3.97,81.3,18.37,499.92,-80.9,0.016,0.77,0.1,0.31,21.22
28.77,4.93,80.5,19.73,499.78,-79.99,0.028,0.54,-0.65,0.05,20.25
28.73,4.17,80.6,19.3,509.02,-79.26,0.004,0.36,-0.99,-1.13,19.87
28.98,4.58,80.7,19.35,485.35,-78.88,0.008,1.22,1.13,-0.12,19.87
28.82,4.12,80.2,19.66,505.62,-79.1,0.002,-0.04,0.02,-0.78,20.33
28.93,4.54,80.9,19.37,506.25,-80.67,0.019,0.71,0.06,0.2,20.69
28.76,4.59,80.3,19.53,516.53,-79.61,0.021,-0.29,0.49,-0.73,20.26
29.01,5.08,82.6,18.9,509.86,-79.72,0.076,-1.08,0.19,0.08,20.44
29.02,4.56,81.8,19.41,503.94,-77.51,0.035,0.08,0.1,0.07,20.27
28.84,5.07,81.9,19.71,517.14,-79.49,0.008,0.75,0.37,0.5,20.39
29.14,4.82,82.5,19.44,509.1,-79.28,0.002,-1.13,0.45,-0.02,20.61
29.1,5.34,84.4,19.5,503.66,-78.62,0.004,0.51,0.36,0.15,21.01
29.15,4.3,81.5,19.72,533.3,-79.08,0.002,0.15,-0.77,0.1,21.05
29.04,5.04,81.0,19.87,535.06,-78.53,0.101,-0.12,0.31,0.0,19.85
29.14,4.15,82.7,20.31,537.3,-80.0,0.037,-0.35,0.24,0.52,21.08
29.15,4.99,81.4,19.99,549.13,-79.98,0.002,-0.21,0.33,0.56,21.14
29.15,5.38,82.8,20.37,533.04,-79.05,0.005,-0.14,-0.46,-0.23,20.93
29.22,5.57,84.0,19.93,529.07,-77.58,0.037,-0.29,-0.53,-0.35,20.91
29.38,5.42,84.7,19.21,546.48,-79.29,0.008,-0.59,-0.79,0.27,21.37
29.39,5.18,82.5,19.97,547.61,-77.47,0.024,0.88,0.08,0.02,21.27
29.15,5.5,83.2,19.92,546.66,-76.3,0.005,0.43,-0.27,-0.06,21.22
29.44,6.16,84.4,20.26,558.38,-79.88,0.065,-0.53,0.11,-0.72,22.28
29.49,5.49,85.0,20.26,557.24,-78.99,0.024,-0.0,0.15,0.56,21.72
29.36,5.83,85.2,20.56,549.27,-79.51,0.011,0.06,0.23,-0.7,21.41
29.47,5.49,86.0,20.33,567.56,-79.48,0.072,0.93,0.08,-0.13,22.03
29.5,6.01,85.6,20.74,565.04,-80.73,0.022,-0.45,-0.16,-0.36,22.03
29.38,6.03,85.2,20.9,583.22,-76.92,0.024,0.49,-0.28,-0.65,22.12
29.47,5.65,86.4,20.89,578.91,-78.46,0.015,-0.52,0.22,1.28,22.44
29.64,6.14,85.8,20.47,601.22,-76.73,0.004,-0.41,-0.1,-0.18,22.03
29.52,6.23,86.2,21.41,610.83,-75.52,0.007,-0.03,-0.71,-0.01,22.45
29.73,6.28,85.9,21.43,606.33,-78.32,0.019,-0.86,1.28,0.84,22.14
29.8,6.12,86.6,21.27,588.82,-75.64,0.037,-0.73,-0.01,0.2,22.93
29.82,6.58,85.4,20.82,624.22,-75.03,0.007,0.08,-0.75,-0.06,22.75
29.95,6.0,87.8,21.69,629.81,-77.67,0.005,-0.0,-0.77,-0.13,22.56
29.74,6.36,86.4,21.53,619.15,-79.57,0.022,0.12,-0.76,-0.12,23.01
29.81,6.47,86.8,21.65,637.14,-78.35,0.004,0.58,-0.65,0.62,23.27
29.86,6.86,85.9,21.95,623.37,-72.8,0.017,-0.24,0.56,0.39,23.68
29.85,6.29,87.3,22.62,615.21,-76.8,0.025,-0.34,0.69,-0.3,23.96
29.95,6.73,87.5,22.3,631.28,-74.85,0.02,0.4,-0.07,-0.34,24.0
29.72,6.58,88.7,22.34,661.2,-76.3,0.069,-0.29,0.31,0.65,23.99
29.98,6.84,87.7,22.34,634.02,-78.91,0.002,0.46,0.28,-0.19,24.23
29.83,6.99,88.6,22.68,653.95,-75.48,0.07,-1.26,-0.22,0.77,23.98
29.91,6.56,88.7,22.81,659.32,-77.13,0.029,0.16,0.87,-0.87,23.81
30.15,7.39,88.1,23.17,658.86,-73.21,0.005,0.13,-0.74,0.66,24.14
30.07,7.21,89.9,22.91,664.56,-77.25,0.003,0.94,0.28,0.08,24.58
30.21,6.89,89.8,22.96,674.69,-73.55,0.053,0.42,0.39,0.1,24.64
30.13,7.11,90.3,23.24,673.31,-73.55,0.001,0.63,-0.44,0.38,24.79
30.32,7.73,91.1,23.52,669.64,-78.22,0.026,-0.01,0.72,-0.23,25.16
30.19,7.47,90.7,23.69,690.9,-75.0,0.063,0.2,-0.61,0.4,25.61
30.02,7.11,90.7,23.84,704.34,-76.56,0.08,-0.62,0.1,0.54,25.49
30.31,7.23,91.9,23.65,707.12,-74.27,0.029,-0.32,-0.1,-0.46,25.35
30.06,7.71,91.1,24.12,695.09,-75.4,0.1,0.31,-0.74,0.22,25.22
30.17,7.8,91.2,24.54,695.39,-75.72,0.032,1.23,0.55,0.1,25.8
30.27,7.74,92.4,24.89,709.72,-76.64,0.083,0.58,0.12,-0.55,25.21
30.28,7.59,91.4,24.94,732.83,-75.12,0.058,0.42,0.57,-0.32,26.63
30.37,7.97,93.2,24.73,728.14,-78.13,0.001,0.64,-0.95,-0.06,26.39
30.34,7.68,92.6,24.84,733.18,-74.6,0.016,0.3,-0.19,-0.06,27.22
30.32,7.57,94.0,25.48,739.43,-74.77,0.015,0.11,-0.23,-0.46,27.21
30.7,8.34,92.8,25.16,739.04,-75.28,0.012,-0.08,0.24,0.36,27.05
30.46,8.05,93.9,25.65,740.26,-77.48,0.203,-0.45,-0.22,0.79,26.79
30.3,7.71,92.0,25.48,749.8,-77.54,0.005,-0.7,-0.92,0.3,27.0
30.55,8.02,94.5,24.79,741.76,-77.11,0.008,-0.08,-0.2,0.31,27.92
30.48,8.02,94.2,26.01,737.02,-77.51,0.003,-0.09,0.48,0.97,27.64
30.53,7.94,93.3,26.26,762.24,-75.73,0.025,-0.47,0.25,0.08,27.08
30.75,8.14,94.7,25.94,771.13,-76.99,0.054,0.27,0.5,-0.01,27.62
30.63,7.82,93.1,25.79,751.2,-76.83,0.008,0.72,-0.92,1.2,28.46
30.56,8.38,93.9,26.86,774.12,-77.01,0.025,-0.28,-0.5,0.66,28.48
30.77,8.14,93.8,26.41,786.12,-78.1,0.007,0.11,-0.61,0.27,28.34
30.88,7.67,95.3,26.48,772.58,-77.21,0.002,-0.37,-0.39,-0.11,28.86
30.82,8.1,95.7,26.88,767.59,-74.8,0.004,0.46,0.89,0.35,27.96
30.48,8.0,94.5,27.81,780.05,-75.26,0.016,0.29,-0.37,-0.54,28.35
30.65,7.29,94.0,27.15,776.23,-75.84,0.007,-0.38,-0.6,-0.06,28.67
30.81,8.15,94.3,27.16,778.35,-74.39,0.003,0.26,-0.33,-0.13,28.64
30.79,8.51,95.3,27.24,791.51,-77.5,0.016,-1.33,-0.68,-0.07,29.27
30.79,8.17,95.4,27.91,773.66,-77.29,0.033,0.36,-0.99,0.42,29.41
30.72,8.41,95.2,27.63,777.64,-75.34,0.026,-0.43,0.1,-0.7,29.41
30.68,8.19,94.9,27.86,794.51,-76.96,0.022,-0.61,0.35,0.6,28.91
31.1,8.05,96.9,27.77,796.19,-78.37,0.019,-0.51,-0.22,-0.23,30.13
30.87,7.95,95.2,27.95,801.81,-78.86,0.021,-0.45,0.6,0.06,29.67
30.95,7.77,95.1,27.77,818.93,-78.54,0.063,-0.78,-0.84,0.18,29.0
30.88,8.42,96.7,28.02,802.88,-75.33,0.001,0.77,-0.51,-0.11,29.25
30.89,8.34,95.6,27.81,809.33,-77.02,0.019,0.06,-0.3,-0.18,29.52
30.89,8.02,96.3,27.96,794.95,-76.96,0.063,0.58,0.64,-0.19,30.57
30.76,7.47,95.2,28.4,813.59,-77.45,0.022,0.48,-0.1,0.7,29.65
30.72,8.19,96.4,28.06,801.7,-78.67,0.008,0.02,0.68,-0.02,29.65
30.95,7.74,96.6,28.43,808.58,-81.66,0.008,0.92,-0.51,0.19,30.59
30.92,8.03,95.1,28.32,807.51,-80.28,0.03,0.93,-1.24,-0.16,30.58
31.01,7.49,95.6,28.13,819.52,-76.07,0.047,0.12,-0.57,0.02,30.06
30.98,7.94,95.3,28.66,796.51,-76.89,0.058,0.24,0.22,-0.46,30.55
30.8,7.83,95.6,28.91,787.05,-75.72,0.021,-0.39,-0.39,-0.45,30.3
31.02,7.1,97.2,28.24,807.86,-77.85,0.052,-0.05,-0.3,-0.25,30.71
30.98,8.27,96.1,28.96,814.64,-77.3,0.009,-0.04,-0.73,0.44,30.38
30.96,7.64,97.5,28.4,811.27,-80.39,0.025,-0.51,-0.16,-0.36,30.76
31.14,7.61,97.0,29.31,821.71,-80.97,0.047,0.61,1.38,-0.48,30.59
31.11,7.79,96.7,29.07,813.24,-77.1,0.073,-0.04,-1.03,0.55,30.38
30.93,7.57,96.9,28.44,802.55,-78.39,0.046,-0.4,-0.19,-0.67,31.01
30.91,7.63,96.6,29.23,784.11,-78.94,0.061,-0.62,-0.04,-0.85,30.69
30.96,7.12,97.0,28.74,804.0,-79.82,0.066,0.91,-0.43,-0.58,31.07
30.75,7.37,96.0,28.64,815.51,-76.48,0.009,-0.54,-1.19,-0.39,30.9
30.73,6.77,96.0,29.24,800.02,-80.59,0.012,-0.23,0.45,-0.38,30.68
30.87,7.21,95.9,29.42,802.77,-77.2,0.049,0.7,-0.38,0.37,31.17
30.67,7.65,94.9,29.17,805.11,-79.54,0.08,-0.48,-0.37,0.13,30.8
30.83,6.7,95.8,28.87,789.0,-82.72,0.05,-0.04,0.36,-0.05,30.87
30.76,6.98,96.0,29.05,803.49,-78.91,0.008,0.52,-0.46,0.15,30.56
30.62,6.38,94.4,28.78,811.59,-80.08,0.145,-0.38,-0.11,0.16,30.47
30.7,6.95,94.1,28.91,791.31,-80.75,0.03,-1.06,0.17,0.23,30.7
30.83,7.02,94.2,29.09,779.42,-80.07,0.02,0.03,0.83,0.54,30.24
30.67,6.92,95.6,28.43,787.58,-84.25,0.101,-1.47,0.02,0.64,30.63
30.65,6.56,94.1,29.05,763.41,-80.22,0.068,-0.96,0.3,0.06,30.61
30.65,6.02,93.3,28.37,786.29,-80.5,0.027,0.41,-1.35,0.35,30.07
30.64,6.22,93.2,28.38,784.58,-78.0,0.014,-0.08,0.7,-1.01,30.95
30.52,6.89,93.1,29.01,793.82,-77.42,0.019,0.01,-0.36,0.29,30.96
30.58,6.71,93.1,28.44,772.01,-81.48,0.024,0.5,0.71,0.84,30.87
30.39,6.34,92.4,28.34,774.79,-79.71,0.028,0.09,0.01,-0.22,30.19
30.39,6.34,93.8,28.52,758.74,-79.32,0.037,0.36,-0.06,-0.09,30.26
30.38,5.91,93.0,28.36,760.31,-81.33,0.027,-0.15,-0.31,-0.35,29.98
30.49,6.53,93.3,28.58,745.04,-81.24,0.061,1.04,-0.1,-0.06,30.33
30.42,5.85,90.9,28.49,754.64,-82.31,0.003,-0.83,0.33,-1.32,29.89
30.36,6.12,93.4,28.01,749.74,-83.85,0.089,0.96,-0.11,0.09,29.96
30.43,5.52,92.2,27.68,751.88,-80.36,0.006,-0.25,-0.06,-0.08,29.93
30.36,5.79,92.5,28.13,738.65,-83.63,0.01,-0.6,0.04,0.91,29.25
30.25,6.14,93.1,28.5,741.63,-82.68,0.055,0.81,-0.62,-0.56,29.57
30.13,5.41,91.9,28.0,733.28,-80.85,0.016,-0.32,-0.06,0.52,29.85
30.12,5.85,93.1,27.81,729.03,-84.64,0.027,-0.4,0.26,0.24,30.91
30.01,5.22,89.7,28.44,728.8,-83.15,0.027,-1.46,-0.74,-0.49,28.56
30.17,5.21,90.7,28.0,723.97,-80.7,0.004,0.13,-0.54,-0.2,28.9
30.02,5.41,89.3,27.03,726.68,-85.1,0.015,0.95,0.09,0.66,28.79
30.03,5.63,90.7,27.43,713.29,-83.76,0.073,0.16,0.61,-1.2,28.41
30.04,5.18,90.3,27.49,706.37,-85.16,0.002,0.09,-1.26,-0.06,29.57
30.15,5.39,89.1,26.93,703.37,-81.9,0.037,0.77,0.96,0.21,28.64
30.1,5.48,91.5,27.08,693.29,-80.59,0.021,0.03,1.28,0.21,28.46
29.95,4.85,89.2,27.07,692.04,-81.82,0.001,-0.27,0.72,0.35,28.64
30.07,4.56,87.5,26.86,711.11,-83.2,0.02,-0.62,-0.43,-0.27,28.02
29.64,4.85,89.6,26.39,676.79,-84.16,0.015,-0.16,0.7,0.06,28.41
30.07,5.28,89.3,27.2,678.22,-82.84,0.03,-0.28,-0.03,-0.46,27.74
29.9,4.6,88.1,26.65,672.18,-83.14,0.007,0.5,-0.13,-0.27,28.38
29.79,5.09,88.9,26.13,668.61,-86.13,0.013,-0.02,-0.21,0.29,27.73
29.64,4.66,87.2,26.6,662.78,-86.02,0.027,0.39,-0.08,0.5,28.08
29.66,5.21,87.4,26.13,663.88,-86.83,0.043,-0.61,-0.17,-0.55,27.62
29.75,5.31,87.8,26.36,638.96,-84.23,0.01,-0.4,-0.21,0.08,26.29
29.72,4.9,88.0,25.84,661.41,-85.12,0.038,0.22,0.71,0.49,26.58
29.69,4.05,86.8,25.22,652.34,-83.91,0.019,-0.87,0.39,-0.53,27.57
29.49,3.79,86.4,25.22,628.56,-83.08,0.022,-0.51,0.21,0.19,26.63
29.43,4.49,86.5,25.84,613.29,-84.52,0.023,0.69,-0.28,-0.25,25.89
29.53,4.7,84.6,25.66,621.21,-85.27,0.006,0.45,0.19,-0.11,26.24
29.57,4.55,85.8,24.69,623.57,-83.31,0.01,-0.87,-0.63,0.33,26.13
29.44,4.15,84.2,25.49,646.84,-87.64,0.047,-0.17,0.81,-0.5,26.62
29.59,3.89,84.9,25.21,621.54,-85.35,0.017,0.41,0.57,-0.48,25.62
29.38,4.59,84.2,24.48,593.14,-85.86,0.013,-0.05,0.4,0.03,25.74
29.35,4.85,85.5,24.53,599.46,-85.86,0.003,0.44,-1.01,1.17,26.07
29.39,4.07,84.2,23.63,601.01,-86.5,0.006,-0.15,-0.19,-0.22,25.28
29.43,4.5,85.6,24.01,599.31,-83.85,0.024,0.84,-0.18,0.74,24.96
29.09,5.01,82.9,24.03,578.92,-88.5,0.02,-0.49,-0.0,0.29,25.29
29.09,4.16,84.0,24.06,586.06,-84.96,0.113,-0.06,0.22,1.02,25.29
29.16,4.16,84.0,23.76,575.64,-87.56,0.006,-0.16,-0.9,-0.39,24.79
29.54,4.37,84.1,23.7,567.25,-89.18,0.007,0.32,0.58,0.91,24.9
29.11,4.12,85.2,23.16,576.42,-85.54,0.035,1.55,0.48,-0.24,24.28
29.1,4.6,81.7,23.47,577.18,-85.5,0.015,-1.28,0.88,0.34,23.54
29.16,4.08,82.5,23.79,573.55,-84.28,0.011,0.88,-0.38,0.36,24.52
29.18,4.2,84.5,23.21,566.67,-86.33,0.002,0.69,0.24,1.83,23.61
29.05,3.78,82.0,22.92,551.82,-85.04,0.031,0.24,0.73,0.24,23.62
29.15,4.15,82.9,22.51,559.9,-85.2,0.059,-0.12,-0.36,-0.06,23.79
28.84,3.93,81.6,22.5,551.9,-86.34,0.118,-0.44,-0.26,-0.43,23.94
28.87,4.36,81.1,22.02,546.31,-88.55,0.018,0.53,-0.99,-0.45,23.37
29.08,3.77,81.4,21.84,535.11,-85.6,0.03,0.41,-0.54,-0.26,23.05
28.92,4.59,83.4,22.18,532.63,-85.38,0.007,-0.83,-1.66,-0.14,23.7
28.75,4.06,80.7,22.26,534.81,-88.11,0.043,0.96,-0.41,-0.12,22.84
28.72,4.88,81.3,21.63,555.06,-87.34,0.011,-0.03,0.07,0.11,22.72
28.76,4.78,81.2,22.22,530.39,-89.47,0.058,-1.04,-0.79,0.27,22.05
28.84,4.57,82.0,21.48,518.1,-85.48,0.055,0.78,0.51,-0.23,22.59
28.88,3.98,82.0,21.51,512.84,-88.35,0.003,-0.69,-0.2,0.18,22.99
28.77,4.29,81.1,21.75,513.33,-85.98,0.031,0.15,-0.03,0.5,21.7
28.84,4.25,78.3,21.19,537.23,-85.7,0.054,1.09,0.65,0.3,21.87
28.73,4.33,80.1,21.4,508.81,-86.03,0.022,-0.15,0.21,0.11,22.02
28.92,5.08,79.7,21.27,519.36,-86.81,0.038,0.13,-0.22,-0.31,22.13
29.06,4.6,81.5,20.72,504.15,-85.5,0.007,-0.53,-0.22,-0.41,21.92
28.7,4.5,79.7,20.62,508.28,-87.13,0.029,0.99,-0.61,0.36,21.7
28.8,4.52,81.7,21.16,511.49,-85.44,0.028,0.47,0.18,0.0,21.31
28.78,4.64,80.6,21.1,495.9,-87.64,0.009,-0.06,-1.18,-0.68,22.01
28.74,5.02,81.2,20.75,493.4,-85.14,0.077,-0.73,-0.42,-0.7,20.52
28.79,4.43,82.0,20.14,514.74,-86.63,0.017,0.07,-0.59,0.39,21.72
28.77,5.0,79.4,20.65,506.49,-87.02,0.037,0.4,-0.38,0.5,21.99
28.65,5.16,78.8,20.16,503.19,-86.93,0.003,0.22,-0.34,0.26,21.38
28.86,4.57,80.2,19.73,501.95,-85.14,0.0,-0.1,-0.25,-0.21,20.77
28.73,4.73,80.8,19.87,497.62,-87.58,0.088,0.43,-0.82,0.27,21.04
28.65,5.21,79.5,19.94,512.31,-86.5,0.038,0.36,0.42,-0.3,20.38
28.99,5.72,80.0,20.33,491.83,-88.36,0.005,0.49,-0.83,0.17,20.4
28.69,5.72,81.0,19.6,496.58,-87.56,0.024,0.17,0.47,0.8,20.93
28.73,5.24,80.9,19.48,475.87,-86.02,0.003,0.27,-0.87,-1.0,20.88
28.73,5.92,79.6,19.59,481.86,-87.71,0.045,-0.16,-1.36,-0.35,20.74
28.7,5.47,80.3,19.66,478.0,-85.29,0.014,0.68,1.49,-0.57,20.06
28.77,5.54,79.3,19.89,502.79,-84.5,0.001,-0.87,0.53,1.17,21.44
28.62,5.74,78.9,19.8,464.73,-87.5,0.001,-0.05,-0.31,0.29,20.68
28.8,6.04,81.2,18.78,486.59,-87.42,0.008,-0.49,1.08,-0.58,20.37
28.53,5.68,78.5,19.4,461.2,-85.2,0.006,0.19,-0.19,-0.01,20.42
28.59,5.81,80.4,19.54,483.5,-86.02,0.164,0.58,0.7,-0.16,20.11
28.98,5.63,80.0,19.16,487.74,-88.62,0.091,-0.59,0.02,-0.41,19.99
28.62,6.19,80.8,19.17,507.48,-87.61,0.064,0.43,-1.1,-0.45,21.31
28.55,6.44,79.9,19.65,498.74,-86.07,0.015,0.07,0.09,-1.09,19.97
28.65,6.53,81.5,19.65,487.74,-83.3,0.001,-0.73,-0.64,-0.47,20.04
29.02,5.9,80.5,19.34,508.18,-84.71,0.015,0.35,-0.03,-0.75,20.17
28.61,6.27,81.9,19.54,499.3,-82.29,0.044,0.64,0.57,0.85,20.02
28.73,6.83,81.0,19.56,501.24,-85.97,0.003,-0.12,-0.47,-0.29,20.32
28.69,6.6,80.1,19.02,490.73,-89.48,0.006,0.07,0.53,-0.4,20.16
28.85,6.62,81.5,19.04,494.9,-82.1,0.009,-0.23,0.33,0.25,20.3
28.85,6.69,81.6,19.29,498.73,-87.17,0.002,-1.78,-0.1,-0.19,20.24
28.86,6.92,81.3,19.21,509.77,-87.79,0.013,-0.05,-1.14,-0.9,20.31
29.17,6.91,80.9,19.27,512.55,-84.25,0.013,-0.11,-0.88,-0.35,19.82
28.82,6.73,82.4,19.47,529.81,-83.35,0.019,-0.41,0.71,-0.12,20.35
28.98,7.23,81.1,19.51,520.95,-83.5,0.002,-1.13,-0.68,0.63,20.47
29.05,6.68,81.3,18.68,492.89,-84.62,0.007,-0.2,-0.39,0.16,20.46
28.92,7.5,82.6,19.65,525.58,-87.99,0.021,-0.4,0.49,0.13,20.52
29.12,6.9,82.2,19.58,511.57,-84.55,0.052,0.38,0.03,-0.56,21.05
29.04,7.4,80.9,19.8,519.65,-82.9,0.003,0.16,-0.14,0.16,20.54
29.16,7.25,81.9,19.55,524.55,-84.17,0.003,-1.4,0.51,-0.2,21.22
29.13,7.22,83.2,19.61,529.51,-84.78,0.002,-0.71,0.07,0.03,21.69
28.92,7.83,82.9,19.76,525.98,-83.09,0.02,0.07,0.31,-0.56,20.7
29.35,7.71,83.2,20.34,545.47,-83.06,0.006,0.2,-0.66,0.24,21.2
29.48,7.52,83.7,19.9,533.13,-85.01,0.014,-0.52,0.68,0.25,21.23
29.24,8.12,84.1,20.51,554.7,-83.57,0.015,0.55,-0.19,-0.74,21.24
29.18,7.94,84.0,20.54,577.51,-84.29,0.003,0.41,0.22,-0.39,20.67
29.5,7.46,81.5,20.17,545.94,-83.66,0.092,-0.17,-0.46,-0.47,21.77
29.58,7.07,84.3,20.2,560.57,-83.98,0.029,-0.33,0.25,0.42,21.37
29.36,7.83,84.2,20.3,542.45,-84.22,0.041,-0.62,0.11,0.52,22.09
29.39,8.25,84.8,20.52,569.03,-84.76,0.033,0.22,-0.07,-0.92,21.73
29.44,8.06,85.9,20.47,582.89,-82.91,0.018,-0.17,0.57,-0.05,22.31
29.28,8.39,84.4,21.03,588.17,-82.46,0.089,-0.79,0.35,-0.2,22.18
29.48,7.78,85.6,20.65,586.3,-84.16,0.012,0.18,0.85,-0.28,22.4
29.75,7.96,86.1,21.29,599.06,-84.8,0.087,-0.53,-0.3,0.29,22.47
29.56,8.0,85.8,20.77,620.31,-83.19,0.03,0.31,0.6,0.45,22.29
29.49,8.13,85.2,20.63,616.72,-83.27,0.017,0.8,0.53,0.37,22.33
29.71,8.31,85.5,20.71,599.17,-81.26,0.034,0.73,-0.74,0.47,22.79
29.6,8.59,86.7,21.27,594.72,-81.12,0.053,-0.17,-0.5,0.61,23.03
29.71,8.68,86.5,21.3,610.05,-84.36,0.078,-0.18,-0.14,-0.05,22.89
29.6,8.65,85.7,21.41,609.56,-82.66,0.029,0.02,0.57,0.46,23.34
29.66,8.36,86.9,22.19,628.49,-81.74,0.034,-0.08,0.37,0.36,22.88
29.91,8.07,86.7,21.72,617.14,-82.62,0.092,1.06,0.57,0.36,23.43
29.87,8.25,88.6,21.42,633.21,-79.84,0.022,0.14,-0.26,-0.6,23.93
29.8,8.39,87.1,22.44,647.33,-84.05,0.063,-0.24,-0.26,0.08,23.73
29.94,8.24,89.6,22.85,642.96,-82.68,0.023,-1.06,0.34,0.01,23.73
29.88,7.93,90.5,22.68,639.53,-81.44,0.054,-0.68,-0.18,0.47,24.3
29.9,8.06,88.4,22.43,665.77,-82.5,0.027,-0.37,-0.23,-0.09,24.72
30.17,8.46,88.8,22.87,640.25,-81.86,0.008,0.54,-0.37,-0.26,24.49
30.15,8.11,90.2,22.68,660.78,-83.85,0.006,-0.54,0.4,0.14,23.77
30.09,8.19,90.6,22.76,668.64,-79.16,0.011,-0.47,0.37,-0.13,24.26
30.14,8.14,89.6,23.18,674.2,-79.96,0.009,0.24,1.09,0.44,25.14
30.16,7.88,89.9,23.38,680.8,-83.73,0.015,-0.95,-0.41,-0.34,24.7
30.25,8.08,90.1,23.48,690.03,-79.07,0.036,0.17,0.2,0.5,25.09
30.13,7.98,90.0,24.28,688.46,-80.77,0.059,-0.01,0.39,-0.62,25.01
30.36,7.88,91.7,23.86,689.99,-80.87,0.005,-0.24,-0.38,0.24,25.73
30.33,7.75,91.3,24.33,694.41,-79.95,0.025,0.48,0.18,0.01,25.75
30.29,8.01,90.8,24.93,697.14,-80.63,0.033,-0.05,-0.39,0.38,25.45
30.29,8.19,91.7,24.13,715.84,-79.93,0.023,-0.02,0.7,-0.3,26.21
30.48,8.31,91.5,24.5,706.16,-81.29,0.002,0.54,-0.11,-0.01,26.4
30.39,7.52,94.1,24.89,725.69,-80.18,0.031,0.46,0.54,0.11,26.43
30.35,8.38,92.1,24.79,721.94,-80.58,0.012,0.39,-0.34,0.51,26.45
30.42,7.94,93.1,24.8,720.99,-78.66,0.008,-0.32,-0.59,0.57,28.0
30.58,7.47,93.0,25.87,736.77,-79.42,0.018,-1.81,1.23,-0.32,26.11
30.32,7.65,92.8,25.62,727.61,-79.24,0.038,0.7,0.43,-0.7,26.72
30.5,7.16,93.4,24.61,745.49,-80.46,0.024,1.07,-0.02,-0.31,26.99
30.7,7.18,93.5,25.96,745.36,-77.85,0.009,-0.93,-0.54,-0.4,27.66
30.57,8.13,95.5,26.19,741.31,-78.09,0.005,1.02,0.17,-0.74,27.2
30.65,7.35,93.6,26.2,756.5,-76.88,0.013,0.27,1.27,-0.27,27.91
30.77,7.67,91.7,26.18,760.53,-78.0,0.001,-0.95,-0.05,-0.18,27.38
30.77,7.41,95.7,26.6,770.37,-78.52,0.064,-0.08,-0.4,0.16,27.94
30.63,7.39,93.8,26.51,772.09,-77.36,0.01,-0.2,-0.48,1.32,28.25
30.69,7.44,94.4,26.54,770.86,-79.25,0.065,-0.23,-0.86,-0.17,27.8
30.83,6.64,94.0,26.51,758.08,-78.72,0.038,0.3,-0.6,0.82,28.5
30.85,7.59,94.1,26.22,797.13,-78.77,0.086,-0.11,-0.6,-0.59,28.9
30.75,7.1,93.9,26.25,761.78,-75.99,0.026,-0.41,-0.45,0.49,28.43
30.77,6.91,93.3,27.13,788.35,-77.9,0.043,1.03,0.49,0.24,28.21
30.82,7.14,94.4,27.24,786.08,-77.48,0.006,0.29,-0.25,-0.3,28.61
30.97,6.71,95.5,27.09,772.82,-78.5,0.033,-0.43,-0.04,-0.01,28.82
30.95,6.92,93.9,26.92,785.97,-77.04,0.023,0.88,-1.14,0.17,29.36
30.91,6.73,95.7,26.94,788.94,-77.41,0.019,-0.24,-0.56,-0.19,28.74
30.71,6.93,97.3,27.32,805.16,-75.23,0.008,0.2,0.33,-0.23,29.47
30.82,6.57,95.8,27.8,787.21,-77.36,0.035,0.74,-0.53,-0.09,29.55
30.84,6.26,94.5,28.45,793.82,-76.11,0.022,0.19,-0.41,0.1,29.63
31.04,6.6,96.0,27.76,775.04,-78.47,0.06,0.77,-0.69,-0.38,30.03
30.85,6.33,96.5,27.97,817.55,-76.82,0.003,0.95,0.84,-0.1,29.75
31.03,5.79,96.8,28.36,791.15,-76.33,0.002,0.02,1.29,0.04,29.52
30.82,6.32,96.0,28.03,806.64,-78.2,0.003,1.09,0.88,0.05,29.81
30.83,6.03,96.4,28.27,803.71,-76.38,0.011,-0.75,-0.24,0.21,29.94
30.95,6.22,96.6,28.51,804.95,-78.31,0.05,0.37,0.47,0.04,29.81
31.09,5.78,96.4,28.69,815.08,-79.9,0.025,-0.1,-0.2,-0.43,29.5
30.87,5.6,96.2,28.4,824.58,-76.26,0.028,0.42,-0.64,-0.4,30.2
30.59,6.24,95.5,28.29,811.13,-74.98,0.024,0.24,-0.07,0.36,30.33
30.71,6.07,96.8,28.59,815.74,-79.59,0.027,0.6,-0.5,0.07,30.27
30.93,5.74,95.6,27.99,812.91,-75.25,0.0,0.04,-0.44,0.22,30.37
30.72,5.8,98.1,28.75,820.06,-74.66,0.037,0.95,0.01,0.17,30.05
30.78,5.84,95.5,29.0,805.37,-79.31,0.047,0.2,0.5,-0.12,29.5
30.88,5.52,96.6,29.34,820.7,-76.41,0.108,-0.21,0.39,0.26,30.4
30.58,5.09,94.9,29.12,820.85,-78.07,0.034,0.12,0.2,-0.39,30.01
30.82,5.47,95.5,27.94,820.21,-73.19,0.023,-0.36,-0.34,-0.15,30.73
30.72,5.62,95.3,29.36,802.26,-76.01,0.022,-0.72,0.05,-0.07,30.19
30.67,5.43,94.7,29.42,806.5,-78.64,0.012,-0.15,-0.7,0.28,30.62
30.74,5.2,95.2,28.61,809.74,-74.69,0.019,0.76,-0.37,-0.03,30.55
30.7,5.29,95.9,28.82,792.65,-76.64,0.001,0.09,-0.11,-0.4,30.39
30.87,4.99,95.3,29.48,821.16,-76.0,0.104,0.4,-0.43,-0.62,31.09
30.95,5.31,96.4,29.01,803.8,-77.63,0.003,0.39,0.19,0.02,30.24
30.74,5.34,94.6,28.79,805.31,-74.89,0.005,-0.92,0.31,0.13,29.76
30.7,4.49,95.8,28.74,795.1,-75.22,0.021,0.19,0.86,-0.41,30.21
30.7,5.16,94.7,29.92,785.86,-74.83,0.017,-0.31,0.19,0.25,31.3
30.6,5.44,95.9,29.27,791.19,-76.71,0.062,0.11,0.33,0.91,30.57
30.56,4.88,95.5,28.89,797.38,-77.37,0.011,0.36,-0.13,0.1,31.09
30.5,4.96,95.6,29.47,799.74,-74.74,0.038,-0.5,1.72,0.09,30.62
30.52,4.43,94.5,28.92,792.3,-74.48,0.017,0.29,1.23,-0.19,31.08
30.85,4.42,95.5,29.35,791.68,-78.79,0.014,-0.55,0.51,0.97,30.24
30.55,4.47,93.0,29.1,782.25,-75.53,0.007,1.18,-1.17,-0.18,30.64
30.26,4.37,94.5,28.74,787.84,-75.69,0.05,-0.49,1.17,-0.1,30.8
30.52,4.06,94.1,29.0,794.85,-76.08,0.007,0.64,-0.75,0.19,29.93
30.37,4.37,94.5,28.97,784.07,-75.17,0.0,-0.35,0.69,-0.37,29.97
30.55,4.64,93.6,29.01,782.0,-79.83,0.053,0.14,-0.49,-0.02,30.22
30.51,3.97,92.7,29.25,773.6,-73.63,0.007,0.51,0.24,0.51,30.45
30.49,4.38,92.4,29.4,752.27,-72.69,0.005,-0.98,-0.46,0.32,29.87
30.45,4.35,93.1,28.71,753.38,-75.88,0.007,1.12,-0.12,-0.61,30.57
30.39,4.19,92.7,27.83,764.79,-75.54,0.083,0.97,-0.02,-0.07,30.42
30.23,4.41,93.4,28.74,756.43,-77.48,0.033,1.4,-0.48,-0.36,29.93
30.36,4.36,93.3,28.27,757.14,-75.29,0.035,-0.46,-0.02,0.74,30.05
30.46,4.12,92.3,27.69,765.6,-76.5,0.005,-0.25,-0.21,0.28,30.07
30.53,4.54,92.1,28.44,752.1,-76.84,0.029,-1.04,0.05,-0.58,30.02
30.25,4.38,92.7,28.27,753.33,-76.87,0.059,-0.26,-1.24,0.54,29.78
30.23,4.68,91.4,27.74,737.5,-78.01,0.034,-0.6,-0.03,0.35,29.25
30.28,4.18,91.2,27.52,724.21,-74.75,0.002,0.47,-0.36,-0.79,28.71
30.37,4.1,90.1,28.32,727.36,-74.33,0.017,1.15,-0.52,0.09,29.33
30.1,4.14,91.7,27.91,715.46,-78.06,0.037,-1.0,0.27,0.07,29.65
30.2,4.56,90.6,27.35,734.59,-76.27,0.003,0.88,-0.24,0.36,29.56
29.99,4.17,91.4,27.75,722.34,-75.79,0.013,-0.37,-0.64,-0.17,29.03
30.09,4.2,89.3,27.26,715.01,-78.65,0.037,0.08,0.85,-0.71,28.6
30.14,4.83,89.6,27.49,717.47,-77.97,0.054,0.36,0.3,-0.43,29.02
29.83,3.86,90.5,27.29,680.17,-78.14,0.03,0.85,-0.03,0.54,28.08
29.89,4.39,89.8,26.16,701.46,-75.56,0.055,0.55,0.88,0.08,28.14
30.03,4.28,88.3,26.98,677.63,-76.06,0.032,0.2,-0.39,-0.13,27.68
29.96,4.25,89.7,26.76,685.78,-76.47,0.081,-0.06,0.18,-0.51,28.51
29.97,4.07,87.7,26.43,677.82,-78.2,0.0,0.75,0.66,-0.48,27.31
29.92,4.19,89.2,26.11,682.61,-77.2,0.013,-0.82,0.09,-0.67,27.99
29.74,4.29,87.5,26.35,673.3,-76.09,0.002,-0.35,1.51,-0.18,28.61
30.01,4.6,89.0,26.17,679.48,-75.75,0.014,-0.06,0.18,0.4,27.69
29.73,4.75,87.8,26.38,655.0,-79.2,0.009,-0.12,0.2,-1.12,26.99
29.31,4.0,87.8,25.96,663.09,-81.25,0.008,-0.05,0.76,-0.29,27.05
29.61,4.21,87.2,25.9,652.59,-79.96,0.01,0.8,0.31,-0.7,26.46
29.55,4.78,87.1,25.85,629.59,-79.14,0.01,0.02,0.13,-0.38,26.55
29.67,4.86,86.8,25.43,631.74,-78.08,0.026,-0.36,0.06,0.43,26.47
29.49,4.28,87.1,25.09,634.41,-77.8,0.031,0.54,-0.16,0.55,26.26
29.64,5.03,86.2,26.07,642.03,-78.81,0.009,0.5,-1.11,0.43,26.49
29.54,4.82,87.2,25.12,630.57,-78.27,0.005,0.28,0.33,-0.02,25.16
29.32,5.1,85.2,24.93,609.3,-77.97,0.016,0.44,-0.02,-0.32,25.61
29.39,4.68,86.2,25.35,614.64,-79.98,0.011,-0.01,-0.71,0.27,26.18
29.28,4.58,85.7,25.36,631.33,-79.82,0.075,-0.05,-0.41,-0.37,26.62
29.37,4.96,86.0,25.06,607.4,-78.5,0.048,-0.33,-0.5,-0.39,25.79
29.22,5.04,84.9,24.26,598.21,-78.84,0.065,-1.2,0.8,0.7,25.12
29.29,5.08,84.9,24.37,601.63,-81.55,0.003,-0.56,0.55,-0.49,25.63
29.22,5.13,84.6,24.3,599.63,-78.56,0.014,1.02,0.92,0.59,25.57
29.2,5.82,83.2,24.73,582.78,-79.66,0.057,0.4,0.15,-0.43,24.67
29.44,4.87,84.2,23.95,587.78,-81.54,0.006,-0.01,0.52,0.15,24.46
29.12,5.2,86.3,23.81,574.94,-80.43,0.045,0.16,0.31,-0.18,25.29
28.91,5.4,84.8,23.14,580.96,-80.58,0.062,-0.72,-0.75,-0.14,24.05
29.23,5.6,82.7,22.91,571.08,-81.72,0.01,0.86,-0.15,-0.37,25.03
29.2,5.88,81.7,23.68,569.9,-80.32,0.102,0.89,0.04,0.33,24.39
28.82,6.0,82.9,23.18,553.28,-80.23,0.054,-0.32,0.73,0.46,24.52
28.95,6.13,83.6,23.07,548.52,-78.93,0.006,0.23,-0.41,0.59,24.26
29.06,6.03,82.5,23.14,562.15,-83.37,0.026,-0.48,-0.45,-0.43,24.12
29.05,5.44,83.9,22.92,547.96,-80.87,0.008,0.3,-0.29,0.58,23.09
28.96,5.54,81.5,22.73,547.77,-81.89,0.019,0.5,0.69,0.42,23.69
28.94,6.45,82.2,22.56,538.11,-81.85,0.021,-0.08,-0.01,-1.02,23.76
28.81,6.51,81.8,22.25,546.53,-78.41,0.033,0.3,0.39,0.09,23.01
28.61,6.45,82.3,22.14,527.95,-80.06,0.029,-0.5,0.7,0.48,22.16
29.12,6.09,82.2,22.25,529.27,-80.01,0.013,0.8,0.03,0.12,22.29
28.74,6.31,82.3,21.47,535.19,-81.48,0.023,0.5,-0.04,-0.31,22.05
28.86,6.37,81.1,21.3,535.9,-81.84,0.002,-0.86,-0.02,-0.8,22.39
28.81,6.25,82.1,21.57,515.89,-83.89,0.025,0.13,-0.27,-0.49,21.85
28.92,6.71,81.3,21.47,537.81,-79.73,0.113,0.66,0.33,0.23,22.03
28.81,7.35,82.0,21.55,518.56,-83.87,0.025,-0.02,0.05,-0.67,22.96
28.8,6.63,82.0,21.1,502.34,-81.93,0.061,0.12,0.4,-0.26,22.37
28.45,7.24,80.7,20.79,513.95,-83.29,0.061,-0.08,0.21,0.16,22.16
28.66,6.66,80.0,21.16,504.05,-83.36,0.093,-0.64,-0.12,-0.33,22.25
28.84,6.53,80.6,21.31,509.98,-85.12,0.002,0.54,-0.58,-0.53,21.17
28.82,7.36,81.2,20.86,503.11,-82.68,0.031,-0.03,-0.44,-0.53,21.19
28.62,7.06,79.1,20.12,502.33,-85.99,0.075,0.22,0.1,0.47,21.51
28.53,7.58,79.9,20.63,490.67,-87.07,0.047,0.33,-0.14,-0.21,21.1
28.73,7.7,80.7,19.76,508.03,-84.35,0.018,-0.57,-0.43,-0.37,21.12
28.36,7.24,78.1,20.33,485.06,-82.98,0.009,-0.44,0.07,-0.92,21.42
28.57,7.79,79.3,19.55,484.18,-85.5,0.013,-0.02,0.85,0.77,21.46
28.91,7.18,79.6,20.02,497.74,-86.84,0.004,0.86,0.74,-0.36,21.22
28.87,7.23,80.0,20.27,509.04,-81.26,0.007,-0.54,-0.24,0.25,21.38
28.76,7.88,79.8,19.92,488.6,-81.07,0.037,0.37,0.04,0.51,19.78
28.74,7.15,79.8,20.35,498.39,-83.24,0.006,-0.11,-0.52,-0.17,21.58
28.47,7.66,78.9,19.95,501.54,-84.95,0.054,-0.4,0.84,-0.49,21.04
28.61,8.09,81.4,19.42,498.53,-83.71,0.009,-0.33,1.16,-0.67,20.51
28.67,8.16,79.5,20.07,487.0,-83.62,0.016,0.39,0.35,0.19,20.0
28.63,7.68,78.5,19.94,479.09,-83.87,0.011,0.15,-0.08,0.49,20.47
28.67,8.16,81.0,20.1,467.98,-83.71,0.012,-0.46,-0.35,-0.15,20.18
28.88,7.56,79.5,19.85,487.63,-84.07,0.05,0.03,-0.45,0.02,20.94
28.67,7.73,79.2,19.73,502.4,-85.57,0.038,-0.54,-0.04,-0.2,20.69
28.7,8.04,80.7,19.18,479.9,-85.06,0.015,1.09,-0.43,-0.24,20.13
28.84,8.12,79.8,19.78,498.83,-84.08,0.013,-0.49,-1.42,0.68,19.8
28.59,7.72,80.5,19.42,483.16,-84.72,0.033,-0.09,-0.48,0.17,20.24
28.67,8.62,79.9,19.73,494.71,-84.1,0.035,-0.42,0.64,-0.2,20.72
28.7,7.53,80.1,20.21,501.87,-86.83,0.001,0.19,0.32,-0.16,20.53
28.81,8.13,79.8,19.84,489.5,-85.17,0.007,0.77,0.92,-0.24,19.74
28.77,8.19,79.7,19.5,499.24,-86.93,0.026,-0.03,0.59,-0.37,20.09
28.79,7.63,83.5,19.43,494.99,-85.7,0.027,-0.48,-0.99,0.05,20.7
28.77,8.56,80.2,19.25,507.94,-86.91,0.006,0.41,0.37,-0.79,20.26
28.74,7.96,79.8,18.59,505.14,-86.42,0.002,0.06,-0.05,-0.61,20.31
28.96,8.22,82.0,19.43,505.39,-84.67,0.117,0.05,0.58,-0.36,21.1
28.86,8.29,81.5,19.25,522.59,-85.28,0.004,-0.89,-0.56,0.15,19.94
29.0,7.76,81.4,19.56,515.96,-87.69,0.062,0.66,0.0,-0.45,20.85
28.81,7.88,81.1,19.3,504.9,-86.98,0.013,0.99,0.56,0.69,20.27
28.89,8.67,81.4,19.58,513.54,-85.1,0.057,-0.25,0.23,-0.32,20.33
28.96,8.17,81.6,19.97,516.38,-83.61,0.029,-0.13,-0.14,-0.11,20.59
29.0,7.38,82.9,19.63,520.81,-85.2,0.002,0.19,-0.47,0.35,20.69
29.13,8.09,82.0,19.24,548.24,-87.5,0.073,0.33,0.52,-0.31,20.87
29.01,8.15,83.3,19.38,529.82,-86.83,0.044,-0.42,0.93,0.65,20.62
29.18,8.21,82.5,19.96,509.0,-86.12,0.019,0.26,0.66,-0.07,21.02
29.16,7.53,82.5,20.04,527.29,-86.18,0.027,0.33,0.03,0.15,20.87
29.13,8.1,82.1,19.53,516.87,-86.43,0.012,0.21,-0.1,-0.12,20.67
29.06,7.83,84.8,19.89,536.49,-88.09,0.005,-0.31,-0.88,-0.0,20.47
29.29,8.12,83.3,20.29,523.61,-87.47,0.002,1.23,-0.25,-0.3,21.3
29.12,8.18,83.5,20.65,538.57,-86.46,0.023,-0.69,-0.6,-0.22,21.25
29.26,8.11,85.2,20.18,535.98,-87.49,0.006,-0.1,-1.17,-0.18,20.96
29.28,8.38,84.3,20.13,559.03,-85.42,0.013,-0.02,-0.79,0.09,20.75
29.29,8.58,84.6,20.16,559.29,-89.58,0.011,-0.66,-1.14,-0.62,21.18
29.3,7.54,84.4,20.43,566.5,-85.04,0.014,0.41,0.64,0.2,20.74
29.28,7.73,84.0,20.96,566.7,-83.81,0.006,0.26,0.82,0.33,22.02
29.22,8.02,85.8,20.62,558.15,-86.41,0.046,0.97,0.21,0.57,21.69
29.61,7.71,83.9,20.84,581.66,-88.11,0.04,-0.38,0.11,-0.1,21.96
29.42,6.88,84.5,20.27,600.25,-84.6,0.051,0.31,0.17,0.08,21.81
29.5,7.59,84.9,21.44,589.68,-87.47,0.02,0.02,0.3,-0.32,22.8
29.53,7.97,86.0,21.46,585.97,-88.17,0.036,-0.26,-0.23,0.73,22.5
29.71,7.12,86.0,21.0,580.64,-86.53,0.004,0.9,-0.35,-0.33,22.2
29.85,7.55,84.8,21.18,590.58,-85.24,0.027,-0.22,0.49,0.06,22.34
29.67,6.85,88.4,21.75,608.99,-84.07,0.082,0.66,-0.11,0.91,22.36
29.66,7.63,87.4,22.49,620.03,-87.86,0.011,-0.37,-0.61,0.39,22.69
29.58,7.38,86.6,21.0,616.79,-86.76,0.028,0.88,-0.44,-0.88,23.04
29.58,7.07,87.6,21.54,627.09,-86.77,0.007,-0.1,1.2,-0.07,23.17
29.57,7.05,87.9,21.71,631.12,-87.61,0.011,-0.59,1.03,0.11,23.07
29.72,6.66,87.5,22.34,634.08,-86.5,0.092,1.15,1.1,-0.56,23.91
29.6,7.34,88.3,22.24,627.42,-86.01,0.003,0.29,1.5,1.11,22.67
30.02,6.73,88.6,22.07,640.76,-86.34,0.044,0.58,-0.28,-0.91,23.39
29.97,7.05,89.4,21.89,635.55,-88.19,0.062,-0.57,0.82,0.46,24.05
29.93,6.54,88.8,22.88,649.24,-86.63,0.027,-0.12,-0.19,-0.02,24.5
30.13,7.42,89.3,22.6,657.4,-88.39,0.001,-0.33,-0.33,-0.41,24.17
29.9,7.15,89.1,22.41,675.9,-89.03,0.043,-0.1,0.75,0.34,24.85
29.96,7.24,89.2,22.72,651.03,-86.63,0.015,-0.41,-0.0,-0.22,25.09
29.86,7.2,89.1,22.96,673.94,-85.86,0.044,-0.02,-0.88,1.14,24.43
30.22,6.27,89.3,23.15,688.92,-86.44,0.004,-0.39,-0.31,0.26,24.39
30.06,6.12,89.9,23.03,686.65,-86.89,0.029,0.74,-1.36,0.25,24.55
30.19,6.92,90.3,23.19,692.32,-85.9,0.014,-0.94,0.09,-0.0,24.48
30.34,6.2,91.5,24.53,694.76,-83.73,0.0,0.53,0.42,-0.76,24.73
30.42,6.41,90.6,23.96,706.72,-85.89,0.023,-0.01,0.94,-1.03,25.0
30.28,5.9,90.9,23.86,687.68,-82.87,0.027,0.62,0.73,0.26,25.08
30.36,5.83,91.2,24.28,689.46,-86.34,0.078,0.47,1.21,0.46,26.12
30.24,6.19,91.6,24.36,707.97,-86.17,0.077,0.73,-0.1,-0.51,25.69
30.58,5.27,93.2,24.13,691.07,-85.54,0.036,0.09,-1.1,-0.16,25.48
30.39,6.02,91.8,23.93,729.59,-89.48,0.014,1.14,1.05,0.25,26.04
30.44,5.87,92.7,24.57,734.01,-85.54,0.001,-1.37,-0.71,-0.66,26.46
30.41,5.48,92.8,24.84,721.93,-87.17,0.038,0.08,0.87,0.56,26.41
30.63,5.58,92.8,25.01,726.93,-84.49,0.015,0.77,-0.99,0.23,26.59
30.54,5.55,92.1,24.56,734.22,-86.35,0.011,-0.43,0.18,-0.0,26.1
30.63,5.5,93.5,26.21,739.68,-86.35,0.013,0.11,-0.6,0.94,27.36
30.61,5.57,91.7,26.33,744.56,-85.07,0.002,-1.57,0.31,0.2,27.01
30.57,5.05,92.7,25.79,752.91,-86.2,0.006,-0.94,-0.28,0.23,26.78
30.73,6.04,93.2,25.79,749.54,-86.17,0.037,-0.48,0.21,-0.22,27.41
30.68,5.1,93.7,25.72,764.54,-85.05,0.013,0.53,-0.68,-0.19,27.41
30.55,5.06,94.1,26.26,763.31,-82.75,0.002,0.07,-0.54,-0.32,27.8
30.56,5.62,95.3,26.16,756.41,-85.05,0.011,-0.43,-1.07,-0.43,28.92
30.72,4.43,94.8,26.77,779.35,-81.31,0.065,-0.19,0.92,0.52,27.74
30.83,5.5,94.6,26.79,755.82,-82.72,0.068,0.74,-0.81,-0.51,28.48
30.94,4.89,94.3,26.3,771.77,-84.94,0.042,0.0,0.24,0.15,28.19
30.54,4.65,94.5,26.49,785.52,-83.75,0.003,0.29,-0.24,-0.44,28.3
30.78,4.42,94.0,27.2,771.66,-83.66,0.076,1.05,-1.06,0.09,29.09
30.85,4.32,93.3,27.22,784.9,-84.22,0.066,-1.29,-0.77,0.02,28.79
30.84,4.55,94.1,26.71,790.03,-83.48,0.005,-0.84,-0.29,-0.43,29.49
30.94,4.69,96.2,27.06,778.64,-85.29,0.016,-0.12,0.01,0.24,28.95
30.91,4.75,94.8,27.28,789.04,-81.78,0.022,1.06,-0.16,-0.46,29.64
30.72,4.6,95.0,27.44,790.57,-83.44,0.0,-0.18,0.64,0.03,29.07
30.73,4.33,96.3,27.53,788.86,-81.96,0.01,0.06,-0.04,-1.18,29.05
30.9,4.84,93.5,27.98,819.49,-84.05,0.01,-0.05,0.17,0.34,29.6
30.99,5.21,95.2,27.82,790.79,-80.22,0.023,0.41,-0.31,0.33,29.58
30.89,4.82,94.9,27.9,810.27,-83.37,0.0,0.14,-0.28,0.79,29.1
30.69,4.24,96.0,27.7,797.95,-84.08,0.018,0.43,-0.21,0.33,29.81
30.76,4.47,96.3,28.11,792.52,-85.87,0.012,-0.65,0.32,-0.7,29.52
30.98,4.46,96.4,28.13,805.77,-82.38,0.024,0.34,-0.1,-0.73,30.24
30.86,4.75,97.1,28.06,812.43,-81.35,0.014,-0.32,0.95,0.49,29.73
30.91,4.15,96.4,27.9,816.2,-81.05,0.006,0.02,-0.78,0.8,29.93
31.03,3.95,96.2,28.83,823.51,-82.16,0.043,-0.12,0.53,-0.97,29.74
30.76,4.56,97.9,29.08,838.07,-83.62,0.003,0.6,-0.44,-0.13,30.63
30.85,4.34,94.3,28.61,811.71,-79.52,0.025,-0.7,0.62,0.01,30.46
30.83,3.87,97.8,29.09,802.99,-82.19,0.005,-0.03,-0.22,-0.22,31.26
30.94,4.41,97.4,28.73,814.42,-84.66,0.048,0.24,-0.31,0.05,30.91
30.98,4.75,95.8,28.21,807.34,-81.75,0.019,0.54,0.19,0.35,30.28
30.71,3.99,95.4,28.85,819.21,-84.37,0.036,0.08,-0.49,0.95,29.89
30.88,3.94,95.4,28.68,796.77,-84.99,0.009,-0.31,-0.56,0.27,30.3
30.97,4.22,95.6,29.0,833.06,-81.85,0.003,-0.03,0.62,-0.13,30.52
30.64,4.42,96.8,29.42,817.41,-82.62,0.013,-0.64,-0.46,0.13,29.9
30.84,4.21,93.8,28.73,791.33,-81.76,0.017,0.14,0.37,-0.56,30.3
30.69,4.59,97.3,29.07,800.25,-80.88,0.042,1.11,-1.19,-0.03,31.07
30.75,4.34,95.6,29.26,814.51,-82.41,0.009,-0.55,0.15,0.13,30.34
30.51,4.59,96.5,29.45,816.96,-79.6,0.074,-0.04,0.19,-0.12,30.34
30.97,4.09,94.5,29.33,791.18,-81.84,0.076,-0.47,0.33,-0.54,30.91
30.74,3.97,95.9,28.61,809.58,-80.93,0.012,0.02,-0.29,-0.2,30.48
30.67,4.26,95.5,28.61,781.38,-79.49,0.008,-0.75,0.07,-0.2,30.7
30.79,3.99,95.6,29.27,798.21,-77.44,0.043,0.4,0.23,-0.48,30.84
30.61,4.55,94.5,28.86,808.32,-80.6,0.019,0.52,-1.67,-0.65,30.43
30.58,3.86,94.6,28.64,789.65,-80.47,0.021,-1.86,-0.12,-0.64,30.96
30.88,4.37,93.8,29.38,777.91,-78.34,0.047,1.35,-0.2,0.32,30.91
30.89,4.46,95.2,28.82,792.11,-79.44,0.017,0.03,0.53,-0.39,30.73
30.59,4.27,95.5,29.49,782.14,-79.24,0.021,0.39,-0.16,-0.4,31.17
30.76,4.54,94.5,28.74,791.88,-78.73,0.045,-0.46,-0.19,0.8,30.88
30.65,4.68,92.0,28.6,773.99,-80.03,0.008,0.18,-0.25,-0.37,30.37
30.42,5.11,95.1,28.8,772.25,-78.6,0.077,-0.13,-0.96,0.68,30.13
30.45,4.47,93.9,29.05,756.77,-75.58,0.029,0.15,-0.19,0.7,30.44
30.72,4.95,91.5,28.84,775.56,-78.84,0.032,-0.38,-0.13,-0.13,30.29
30.34,5.06,92.1,29.34,769.01,-75.41,0.096,0.71,-0.18,0.22,30.23
30.76,4.95,92.4,28.68,755.37,-80.69,0.002,-0.76,-0.18,-0.59,29.96
30.39,4.86,93.1,28.5,765.72,-78.67,0.008,0.55,-0.1,-0.54,30.13
30.62,4.73,92.1,29.03,770.46,-78.19,0.03,0.17,0.3,0.36,30.66
30.36,5.71,92.0,28.64,754.34,-80.17,0.004,-0.12,0.81,0.72,30.23
30.47,5.22,93.2,28.21,755.37,-78.41,0.015,-0.13,-0.1,0.29,29.92
30.51,5.17,93.2,28.36,751.52,-78.94,0.028,-0.46,-0.72,-0.19,30.27
30.48,5.97,92.8,28.27,732.74,-78.86,0.005,-0.62,0.05,-0.2,29.97
30.21,5.47,90.5,28.04,761.25,-77.58,0.014,0.09,0.38,-0.01,29.45
30.15,6.24,92.4,28.09,731.79,-75.13,0.023,1.11,0.61,0.5,29.46
30.21,5.12,91.0,27.48,738.79,-76.54,0.041,-1.09,0.24,-0.26,29.73
30.03,5.55,92.7,27.71,735.57,-76.12,0.001,0.18,-0.63,-0.14,29.36
30.18,5.28,91.2,27.88,722.05,-76.84,0.006,-0.16,0.21,0.31,29.32
30.02,5.73,91.7,27.44,725.01,-78.56,0.013,1.0,-0.25,0.53,28.53
30.22,5.8,90.9,27.21,716.84,-77.37,0.002,-0.96,0.29,-0.12,28.7
29.99,5.77,90.6,27.4,695.57,-76.99,0.021,-0.11,-0.02,-0.23,28.76
29.81,6.0,89.7,27.13,701.73,-77.31,0.054,0.17,0.32,-0.26,29.1
30.15,5.94,90.7,26.72,694.18,-77.31,0.026,-1.09,-0.4,0.42,29.28
29.97,6.1,90.2,26.61,690.89,-75.99,0.078,1.28,-0.42,0.11,28.03
29.92,5.98,89.0,27.08,677.63,-75.28,0.023,0.41,-0.75,-0.37,28.0
30.01,6.72,88.6,26.84,697.05,-74.6,0.023,0.35,-1.05,0.91,28.29
29.95,6.03,88.2,26.79,696.89,-76.71,0.052,0.67,-0.21,0.3,28.82
29.72,6.5,89.2,26.45,685.7,-74.52,0.097,-0.65,-0.45,0.1,27.42
29.73,6.15,88.4,25.89,683.66,-76.64,0.068,0.44,0.78,-0.0,26.89
29.61,6.34,88.2,25.98,662.51,-76.24,0.005,-0.21,0.81,-0.26,27.59
29.53,6.44,87.5,26.04,654.59,-75.75,0.16,-0.89,-1.27,-0.75,26.83
29.75,6.69,88.7,26.16,648.14,-74.88,0.013,0.57,1.01,0.47,27.45
29.69,6.86,86.1,25.26,657.35,-73.31,0.012,-1.5,0.81,-0.28,27.38
29.7,6.54,87.6,24.92,648.15,-78.14,0.038,0.3,0.43,-0.25,26.82
29.73,6.82,87.5,26.09,640.08,-76.6,0.02,0.17,1.21,-0.09,26.57
29.63,6.72,86.2,25.65,648.79,-75.34,0.003,1.33,1.23,-0.25,26.31
29.61,6.77,85.1,24.99,634.89,-77.78,0.054,-0.67,0.95,0.6,26.46
29.22,7.49,86.3,25.06,617.48,-78.4,0.06,-0.08,0.02,-0.58,25.74
29.4,6.8,86.7,24.85,614.1,-76.35,0.056,-0.0,0.0,-0.19,25.92
29.52,7.3,86.9,24.95,622.8,-77.51,0.024,0.33,0.58,-0.7,25.65
29.24,7.85,85.8,24.52,621.5,-75.15,0.01,0.45,-0.41,-0.4,25.89
29.36,7.77,84.6,24.15,611.74,-77.06,0.058,-0.07,-0.12,-0.22,25.76
29.38,7.59,85.4,24.57,620.38,-75.23,0.068,0.25,-0.96,0.58,26.02
29.34,7.52,85.0,24.88,613.0,-73.79,0.075,0.34,-0.31,-0.15,24.9
29.3,7.8,84.6,24.28,596.35,-73.07,0.034,0.48,0.13,0.15,24.99
29.29,7.74,83.4,23.97,578.9,-75.53,0.023,0.17,-0.09,-0.48,25.34
29.22,8.11,84.4,23.72,569.59,-77.12,0.0,-0.18,0.26,-0.08,24.99
28.99,7.69,84.1,23.37,574.29,-73.95,0.004,1.45,1.42,-0.05,24.38
29.2,8.08,85.4,23.35,581.24,-75.63,0.02,-0.38,0.16,-1.13,23.95
29.14,7.73,83.4,23.49,587.6,-75.63,0.039,-0.45,-0.43,-0.23,25.06
28.91,8.44,84.5,23.62,569.2,-75.25,0.002,0.02,-0.57,0.68,23.53
29.22,7.86,84.0,23.48,572.5,-77.66,0.023,-0.18,0.78,-0.3,23.51
29.1,7.46,82.7,22.97,554.23,-77.91,0.018,1.58,-0.5,0.62,23.93
28.84,8.0,83.5,22.83,558.87,-74.93,0.005,-0.6,0.36,0.56,24.08
28.89,8.24,81.7,22.64,556.94,-76.77,0.016,-0.31,0.45,-0.67,23.19
28.89,8.53,82.0,22.68,525.07,-75.31,0.013,0.05,0.48,-0.26,23.67
28.87,7.77,81.6,22.35,536.99,-76.25,0.051,0.9,-0.58,-0.82,22.84
28.95,7.57,81.7,22.22,547.0,-74.61,0.007,-0.71,0.28,-0.02,23.42
28.78,8.27,80.1,21.76,536.72,-73.82,0.126,0.62,0.07,0.97,23.28
29.01,8.28,83.0,21.62,518.61,-76.06,0.07,0.55,-0.67,0.71,22.46
28.99,7.73,81.1,21.56,502.99,-75.09,0.039,0.25,-0.6,0.01,23.03
28.92,8.07,81.9,21.75,520.47,-76.46,0.048,-0.43,0.38,-0.06,22.15
28.83,8.1,81.3,21.43,520.37,-74.53,0.003,-0.44,1.23,1.03,21.42
28.92,8.44,80.8,22.32,509.33,-78.82,0.044,-0.13,0.27,-0.48,22.22
28.76,8.07,79.8,21.43,516.82,-75.72,0.007,0.26,-0.27,0.31,22.31
28.7,8.07,80.0,21.73,517.8,-77.26,0.065,0.59,-1.24,-0.83,22.33
28.91,8.23,80.5,21.58,516.93,-75.82,0.015,-0.23,0.54,-0.82,22.34
28.8,7.78,80.2,21.1,484.29,-77.0,0.035,-0.67,0.42,-0.49,21.38
28.67,8.76,79.7,20.83,492.47,-76.29,0.044,-0.47,0.44,-0.27,21.67
28.69,8.46,79.8,20.42,500.47,-77.52,0.021,-0.18,0.19,0.05,21.39
28.64,7.96,80.7,20.42,507.29,-81.33,0.016,0.36,0.43,0.3,21.46
28.96,7.82,81.0,20.83,504.66,-75.32,0.016,-0.47,-0.4,-0.48,22.28
28.72,7.83,79.3,20.53,502.83,-80.1,0.061,-0.6,1.23,0.27,21.19
28.73,8.3,79.4,20.12,492.77,-78.9,0.112,-0.12,0.36,1.16,20.78
28.79,7.8,80.3,20.18,491.97,-76.71,0.037,0.15,1.24,-0.31,20.98
28.56,8.0,79.9,20.29,486.77,-76.79,0.019,0.25,0.08,0.05,21.34
28.83,7.54,79.7,20.1,500.69,-76.12,0.008,-0.23,-0.86,0.31,21.12
28.63,8.18,80.8,19.93,482.91,-77.04,0.021,0.01,-0.21,0.61,21.26
28.92,8.16,80.2,19.93,499.88,-76.02,0.004,-0.78,0.14,-1.02,21.52
28.66,7.89,78.7,19.03,492.87,-76.72,0.065,-0.18,0.71,-0.03,21.43
28.83,7.97,79.4,19.82,489.92,-80.47,0.054,-0.01,0.21,1.05,20.33
28.41,8.11,78.7,19.38,483.54,-77.9,0.045,0.96,-0.58,-1.23,20.89
28.57,7.88,79.9,19.83,476.45,-79.12,0.004,0.61,-0.84,-0.17,19.84
28.68,8.02,79.0,19.7,483.58,-75.69,0.022,0.21,-0.56,0.37,20.93
28.48,7.38,78.7,19.87,486.96,-79.41,0.018,-0.81,0.68,-0.33,19.83
28.8,7.8,78.5,19.83,466.94,-77.38,0.008,0.26,-0.29,0.69,19.8
28.78,7.69,81.8,20.13,489.18,-80.91,0.033,-0.39,-0.26,-0.27,20.31
28.63,7.94,79.2,18.8,501.08,-79.06,0.072,-1.43,-0.75,0.49,20.73
28.76,7.53,80.1,19.42,498.34,-78.78,0.026,0.57,0.53,0.45,19.96
28.87,7.44,80.4,18.73,488.7,-81.41,0.075,0.39,0.73,-0.16,20.11
28.53,7.24,80.6,19.6,495.28,-79.67,0.056,-0.46,-0.02,0.39,19.97
28.65,7.79,81.1,19.35,490.55,-78.61,0.016,0.31,0.82,-0.37,20.36
28.77,6.58,80.6,19.24,499.05,-77.93,0.002,0.01,0.49,0.72,20.67
28.83,7.37,80.4,19.49,514.56,-78.23,0.018,-0.31,0.23,0.68,20.31
28.84,7.15,81.0,19.03,510.6,-79.51,0.018,0.32,0.36,1.07,20.07
28.97,7.03,81.2,20.05,508.02,-79.17,0.014,0.7,-0.72,0.88,20.94
28.94,6.92,81.2,19.33,499.92,-81.64,0.008,-0.27,0.46,0.42,20.75
28.99,6.93,81.8,19.46,514.54,-82.66,0.02,-0.52,0.86,-0.34,20.06
28.76,7.02,80.9,19.41,492.5,-80.25,0.043,0.72,-0.0,0.77,20.04
28.96,6.57,81.4,19.8,509.31,-82.38,0.021,0.97,-0.42,0.46,20.27
28.93,6.77,80.6,19.08,520.27,-83.86,0.012,1.03,-0.29,-0.34,20.87
29.16,6.77,81.6,19.83,524.58,-81.09,0.004,0.53,0.67,-0.09,19.48
29.03,6.3,81.5,19.4,526.74,-81.26,0.034,-0.6,-0.0,-0.01,21.09
28.96,6.66,83.0,19.44,525.99,-82.14,0.06,-0.8,-0.26,-0.58,20.48
29.16,6.55,81.2,19.98,524.2,-80.5,0.021,0.75,0.2,-0.35,20.19
29.16,6.12,82.1,19.63,534.78,-80.41,0.004,0.26,0.1,0.55,20.8
29.02,5.93,82.3,19.99,523.24,-80.7,0.008,0.39,-0.06,0.32,20.93
29.1,5.97,83.4,20.06,527.8,-81.84,0.037,-0.87,0.39,1.22,21.24
29.13,6.18,82.1,19.78,540.45,-82.26,0.004,0.34,-0.84,-0.49,21.42
29.35,6.04,83.3,20.05,545.26,-83.59,0.021,0.59,1.15,-0.0,21.19
29.25,6.41,83.6,19.88,529.08,-82.03,0.001,-0.81,-0.28,-0.11,21.34
29.35,5.8,84.5,20.12,555.79,-80.93,0.011,0.4,-0.36,0.32,21.25
29.23,5.57,83.2,20.37,562.97,-82.38,0.006,-0.47,0.62,-0.12,21.59
29.36,5.96,83.1,19.95,558.57,-82.14,0.017,-0.35,0.28,-0.55,21.17
29.51,5.4,84.8,20.53,587.27,-82.09,0.032,0.15,0.48,-0.3,21.37
29.34,5.38,83.5,20.58,560.97,-82.77,0.014,0.37,0.36,0.64,21.0
29.43,5.31,84.4,20.05,568.54,-83.73,0.033,-0.36,-1.36,-0.28,22.4
29.28,4.58,84.9,20.41,572.63,-82.88,0.019,1.23,-0.56,0.13,21.6
29.39,5.58,85.8,20.53,580.32,-82.57,0.043,0.55,0.05,-0.03,22.4
29.47,5.62,84.3,20.72,582.37,-82.28,0.004,0.27,-0.64,-0.35,22.6
29.42,5.55,85.5,20.66,576.22,-80.06,0.031,-0.37,0.0,0.27,21.6
29.74,5.77,86.0,21.43,589.51,-83.21,0.062,0.63,0.12,0.46,22.4
29.51,5.59,85.6,21.59,598.75,-82.83,0.071,-0.99,-0.05,0.46,22.74
29.74,4.98,86.2,21.06,616.81,-84.69,0.07,-0.72,-0.38,0.04,22.39
29.71,5.35,87.5,21.06,631.39,-83.61,0.074,-0.23,-0.52,0.5,22.21
29.72,4.93,86.6,21.58,627.6,-85.41,0.065,-0.18,0.2,-0.63,23.49
29.93,4.77,87.0,22.18,611.41,-86.1,0.045,-0.6,-0.81,-0.21,23.29
29.51,4.61,88.2,22.6,617.15,-85.72,0.007,0.59,0.22,-0.08,23.2
29.8,4.71,87.6,21.74,627.49,-84.23,0.021,-0.71,0.3,0.02,22.91
29.73,4.83,89.1,21.32,651.92,-86.92,0.01,0.98,-0.23,0.88,23.07
29.65,5.16,86.9,21.73,637.43,-84.1,0.013,0.31,0.21,-0.42,23.69
29.78,4.85,88.3,21.77,630.83,-84.51,0.066,0.02,-0.3,-0.31,23.6
29.96,4.36,89.4,22.68,644.12,-86.67,0.092,0.02,0.22,-0.23,24.02
29.91,4.23,88.4,22.71,661.73,-85.33,0.003,-0.62,-0.52,0.45,24.24
30.13,4.68,89.1,22.89,666.08,-85.42,0.02,0.95,-0.2,0.2,24.07
30.03,4.74,90.5,23.35,662.19,-83.91,0.012,-1.38,0.16,0.91,25.09
30.05,4.8,89.1,23.68,676.02,-86.36,0.012,-0.06,-0.08,-0.08,24.27
30.09,4.32,90.4,23.55,651.44,-83.3,0.026,-0.08,-0.09,0.25,24.35
30.15,4.51,90.8,23.66,680.16,-85.82,0.019,0.2,0.75,0.34,25.06
30.14,4.59,90.5,23.04,692.66,-85.99,0.182,0.21,-0.57,-0.56,25.25
30.12,3.9,90.7,23.52,680.62,-88.57,0.037,-1.01,-0.64,-0.04,24.82
30.37,4.37,90.1,24.34,685.44,-90.49,0.112,-0.21,0.24,-0.11,25.24
30.21,4.54,91.8,23.81,679.95,-86.38,0.004,-0.36,-0.81,0.34,24.93
30.27,4.4,90.4,24.54,719.28,-88.31,0.026,0.7,-0.1,1.08,25.48
30.4,4.21,91.9,24.35,700.89,-87.59,0.108,-0.17,0.04,-0.29,26.19
30.42,5.0,91.4,24.73,715.16,-86.42,0.012,0.08,0.2,0.28,25.52
30.3,4.79,91.8,24.3,723.38,-84.39,0.022,0.44,-0.48,-0.13,25.76
30.53,4.21,92.1,25.02,736.99,-86.53,0.041,-1.13,-0.21,-0.43,26.03
30.53,4.14,92.9,24.68,724.78,-86.68,0.045,-1.25,0.31,-0.24,26.98
30.51,4.41,94.0,25.13,725.31,-87.15,0.059,-0.08,-0.05,0.17,27.08
30.47,4.18,93.0,25.19,736.73,-85.96,0.041,0.27,0.07,0.27,26.0
30.49,4.59,92.5,25.77,752.06,-82.82,0.116,0.18,0.41,0.35,26.28
30.54,3.83,92.1,25.79,741.64,-85.71,0.041,-0.67,0.43,-0.06,27.19
30.44,4.15,94.4,25.02,737.83,-88.31,0.002,0.2,-0.32,-0.45,26.66
30.61,4.44,93.8,25.5,735.91,-86.2,0.039,-0.37,-0.03,-0.54,27.94
30.75,4.55,93.6,25.7,742.95,-87.84,0.014,-0.24,-0.98,-0.37,26.73
30.77,3.83,94.0,26.31,767.54,-85.35,0.021,0.79,0.4,-0.9,27.45
30.64,4.01,94.8,26.03,759.32,-86.88,0.017,0.46,0.05,-0.3,27.98
30.83,3.82,94.0,25.96,759.97,-86.17,0.025,0.6,1.27,-0.08,28.63
30.95,4.08,93.9,25.99,762.29,-85.39,0.066,-0.53,-0.41,-0.94,28.18
30.7,3.99,93.6,26.86,773.58,-83.86,0.006,1.05,-1.05,-0.35,28.45
30.84,4.57,93.9,26.01,773.5,-87.87,0.046,-0.13,-0.92,-0.08,28.53
30.5,4.51,94.6,27.23,776.2,-90.01,0.096,0.4,-0.06,0.54,28.97
30.64,4.43,95.9,26.53,795.34,-89.45,0.034,0.91,0.33,-0.05,28.85
30.81,4.53,94.7,26.95,800.01,-87.54,0.04,-0.54,0.0,1.0,29.14
30.7,4.92,95.4,26.81,771.18,-86.21,0.015,-0.5,0.42,0.57,29.28
31.07,4.29,96.2,27.02,793.07,-87.24,0.021,0.67,0.32,-0.11,29.53
30.91,4.07,95.7,27.37,784.4,-87.03,0.04,0.31,0.02,-0.56,28.34
30.97,4.91,97.1,27.51,791.92,-88.93,0.023,0.29,-0.13,-0.65,28.71
30.86,4.63,95.7,27.13,799.59,-86.72,0.001,-0.02,0.65,-0.16,29.7
30.75,4.5,95.6,27.63,796.32,-86.57,0.03,-0.37,-0.61,-0.41,30.32
30.82,5.02,95.4,27.9,802.55,-89.97,0.093,-0.73,0.86,0.4,29.77
30.91,4.32,97.4,28.13,808.63,-84.02,0.037,0.47,0.17,0.72,29.63
30.81,4.72,96.8,27.34,806.35,-85.77,0.067,-0.61,-0.75,-0.85,30.22
30.97,4.32,94.7,27.98,798.29,-86.59,0.007,0.31,-0.02,0.77,30.44
30.98,5.17,97.6,27.51,799.67,-83.69,0.022,0.02,0.56,1.38,30.27
30.9,5.63,96.4,28.13,792.61,-87.69,0.017,-0.1,0.27,0.11,30.06
30.68,5.05,96.1,28.23,799.35,-86.48,0.031,-0.05,-0.07,-0.45,30.17
31.11,5.05,96.4,28.68,828.25,-89.16,0.005,-0.44,0.75,0.15,30.33
30.87,5.89,95.2,28.86,801.29,-84.25,0.017,0.36,0.52,0.05,30.82
31.22,5.62,96.2,28.23,797.69,-85.82,0.036,-0.05,0.41,0.43,30.52
30.97,6.21,95.7,28.75,813.09,-87.83,0.022,0.0,-0.22,-0.17,30.58
30.86,5.62,95.7,28.93,808.89,-87.68,0.004,-0.63,-0.18,0.26,30.84
30.94,5.71,96.7,28.49,807.99,-85.24,0.023,-0.16,0.09,-0.02,30.49
30.63,6.15,95.7,29.07,823.83,-84.32,0.04,0.11,0.07,-0.63,30.65
30.99,5.74,95.9,28.88,814.86,-87.44,0.033,0.23,1.32,0.07,31.37
31.17,5.94,96.1,28.78,803.54,-85.36,0.046,0.07,-0.84,-0.18,30.36
30.6,5.21,96.5,28.96,803.92,-87.87,0.013,-0.01,-0.07,-0.17,30.41
30.81,6.53,96.7,28.38,802.3,-85.53,0.046,-0.2,-0.44,-0.53,30.32
30.82,6.2,95.6,29.01,815.08,-86.31,0.027,-0.18,0.43,0.89,30.81
30.92,6.13,95.2,28.68,802.1,-88.78,0.04,0.2,0.2,0.16,30.84
31.05,6.51,97.0,29.0,785.95,-87.01,0.018,0.69,0.28,0.17,29.93
30.83,5.96,93.3,28.85,801.95,-84.91,0.006,1.2,-1.21,-0.22,31.09
31.03,6.22,95.9,29.1,785.46,-85.37,0.141,0.67,0.22,-0.63,30.26
30.77,6.63,95.0,29.42,820.92,-87.83,0.05,0.55,-0.54,-0.69,30.87
30.79,6.55,95.5,29.04,787.52,-87.51,0.043,0.84,-0.98,-0.18,30.72
30.76,6.75,94.9,29.33,793.51,-88.38,0.076,0.3,0.68,0.29,29.52
30.84,6.76,95.8,28.61,795.53,-86.98,0.11,0.28,0.98,0.45,29.68
30.63,6.95,94.9,29.45,787.73,-85.39,0.014,-0.2,0.19,-0.48,30.15
30.75,6.43,93.3,28.57,785.25,-84.45,0.003,-0.07,0.27,-1.15,31.04
30.49,7.28,93.1,28.46,789.76,-88.06,0.036,0.11,-0.62,0.32,29.78
30.58,6.83,94.0,28.76,798.07,-85.18,0.06,-0.14,-0.39,-0.34,30.93
30.51,7.06,94.5,28.67,787.61,-86.95,0.035,-0.5,-0.4,0.26,29.72
30.57,6.93,94.9,28.23,791.73,-85.17,0.024,-0.01,0.04,0.29,29.5
30.5,7.09,93.1,28.34,763.35,-82.34,0.024,-0.12,-0.81,0.25,30.44
30.65,7.31,91.7,27.42,773.75,-86.79,0.005,-0.62,0.43,-0.07,30.24
30.38,7.52,93.6,28.15,768.77,-84.84,0.007,0.85,0.34,1.11,29.48
30.25,7.64,93.1,28.33,767.24,-89.19,0.006,-0.51,0.01,-0.77,29.63
30.27,7.56,93.0,29.02,773.9,-83.82,0.016,0.24,0.09,-0.74,30.16
30.52,7.31,91.8,28.68,754.23,-85.21,0.023,0.16,0.81,-1.04,29.8
30.26,7.65,93.4,28.47,748.58,-82.65,0.021,-0.67,0.52,-0.15,30.11
30.39,7.67,91.6,29.04,754.07,-84.59,0.01,0.17,0.68,0.02,29.64
30.28,7.67,92.3,27.57,726.95,-83.38,0.006,0.24,0.55,-0.82,30.07
30.38,7.86,92.1,28.09,738.26,-81.17,0.027,-0.05,0.1,0.46,29.12
30.22,7.37,92.1,28.73,735.1,-82.99,0.012,-0.04,0.5,0.76,29.71
30.55,7.19,90.8,27.75,722.97,-82.77,0.003,-0.35,0.6,0.24,28.86
30.41,8.2,90.4,27.54,738.39,-81.87,0.027,1.57,0.27,0.16,29.38
30.11,7.84,91.6,28.02,712.77,-82.98,0.047,-0.04,-1.25,-1.52,29.4
30.07,8.05,91.1,27.43,717.53,-84.55,0.002,0.27,-0.81,-0.14,28.6
30.46,7.7,90.7,27.96,717.25,-87.1,0.012,-0.21,0.64,-0.06,29.06
29.92,8.37,91.1,27.7,723.22,-84.09,0.006,-0.61,-1.2,0.57,29.0
30.01,8.13,90.3,27.23,704.88,-82.05,0.036,-0.02,-0.56,-0.35,28.85
29.99,8.0,89.4,27.52,709.6,-83.53,0.064,-0.38,-0.79,0.55,28.22
29.95,8.17,89.9,26.98,702.45,-83.04,0.006,0.47,-1.37,0.44,28.24
29.71,7.58,89.6,26.98,691.84,-82.96,0.079,-0.14,0.22,0.37,28.93
29.94,8.24,89.4,27.02,674.83,-83.31,0.01,0.05,0.2,0.11,27.75
29.73,8.59,88.0,26.55,666.46,-81.36,0.006,-1.14,-0.33,-1.19,28.02
29.99,8.26,87.7,27.08,676.92,-81.37,0.111,0.33,0.77,0.16,27.74
29.6,8.23,89.0,26.44,665.46,-82.25,0.045,0.54,-1.16,0.8,27.81
29.75,8.09,87.9,26.39,675.08,-80.88,0.013,-0.05,-0.31,0.4,28.08
29.44,8.52,86.2,25.69,668.34,-81.72,0.025,0.54,-0.4,0.59,27.13
29.42,8.57,86.4,25.78,654.02,-81.46,0.024,0.46,1.05,-0.65,27.36
29.54,8.07,86.2,25.93,639.26,-82.05,0.004,0.48,0.03,-0.47,27.35
29.52,8.31,87.8,26.03,650.92,-82.01,0.084,0.02,0.23,-0.22,26.77
29.75,8.26,86.7,26.08,630.61,-81.96,0.025,-0.33,-0.08,0.5,26.41
29.53,8.31,86.5,25.07,628.19,-81.31,0.04,-0.93,-0.42,0.21,26.63
29.66,7.95,86.0,25.0,620.98,-80.19,0.048,-0.24,0.39,0.36,26.44
29.43,8.51,85.2,24.71,624.41,-81.6,0.025,0.09,0.45,0.05,25.61
29.51,8.32,86.4,25.17,632.54,-80.63,0.012,-0.33,1.08,0.04,25.79
29.32,8.49,86.0,25.34,615.86,-78.86,0.023,-0.21,-0.96,-0.82,26.23
29.28,7.78,84.7,24.64,606.59,-78.79,0.115,-0.03,-0.72,-0.62,25.6
29.13,7.77,86.2,24.57,590.91,-81.83,0.049,-0.15,-0.4,0.25,25.8
29.35,8.68,85.4,24.44,606.87,-76.58,0.232,0.32,0.88,-1.0,25.03
29.31,8.38,83.9,24.08,588.78,-79.07,0.005,0.6,-0.46,-0.05,25.34
29.35,7.76,84.1,23.67,593.05,-80.62,0.003,0.37,0.77,-0.15,25.18
29.25,8.23,83.8,24.32,583.68,-82.56,0.037,-0.03,-0.91,0.7,25.08
29.44,7.79,84.2,23.85,591.01,-78.31,0.033,-0.73,0.2,0.22,24.65
29.19,7.39,82.6,23.45,576.53,-78.87,0.011,-0.53,0.04,0.51,24.7
29.26,7.22,82.9,24.55,573.06,-80.76,0.017,0.63,-0.72,0.16,25.24
29.07,7.8,83.9,23.35,574.13,-79.08,0.006,0.07,0.24,0.53,24.49
28.97,8.23,81.8,22.6,586.04,-81.22,0.014,-0.55,-0.25,0.35,24.75
29.14,8.17,82.7,23.28,569.64,-81.04,0.079,-0.72,0.41,-0.48,23.94
29.02,8.04,81.7,22.26,555.74,-79.32,0.014,-1.33,0.42,-0.02,22.81
29.11,7.86,83.3,22.92,552.62,-79.08,0.007,-0.2,-0.18,-0.34,24.0
29.03,7.66,82.6,22.77,543.4,-76.39,0.009,0.71,0.03,0.33,24.33
28.87,7.85,81.0,22.96,535.31,-78.51,0.021,0.59,0.88,0.23,23.45
29.07,6.84,81.2,21.99,535.55,-79.08,0.019,0.13,-0.47,-0.3,23.02
28.81,7.68,81.8,22.1,529.73,-79.39,0.003,0.79,-0.28,0.25,23.13
28.97,6.99,79.8,22.04,540.47,-77.77,0.003,0.49,0.25,-0.5,23.42
29.03,6.99,80.6,22.23,519.82,-81.81,0.008,-0.75,0.27,0.03,22.87
28.81,7.41,80.7,21.95,540.58,-77.79,0.039,0.93,-1.11,0.04,22.4
28.98,7.41,82.3,21.85,531.6,-75.26,0.018,-0.16,-0.36,-0.02,22.14
28.87,6.88,80.7,21.97,521.25,-76.25,0.004,-0.53,-0.31,-0.81,22.69
28.91,7.19,81.5,21.34,518.14,-74.5,0.034,-0.22,0.76,0.61,23.53
28.7,7.09,80.5,21.81,509.78,-78.6,0.0,0.05,0.08,-0.86,21.68
28.81,6.76,81.4,21.15,515.4,-76.77,0.027,0.09,-0.98,0.04,22.28
28.6,6.83,79.4,21.37,521.07,-77.61,0.013,0.07,0.67,0.02,22.18
28.96,7.33,80.0,20.77,500.78,-75.45,0.001,0.03,0.52,-0.85,21.34
28.51,6.55,80.4,21.05,490.25,-77.34,0.004,-0.29,-0.59,0.54,22.0
28.7,6.49,80.5,21.14,510.52,-75.5,0.041,-0.03,0.39,-0.3,22.38
28.62,6.53,80.6,20.25,504.79,-78.49,0.008,0.41,-0.12,0.27,21.85
28.8,6.36,80.4,20.86,488.54,-77.17,0.01,-0.14,0.4,0.18,21.22
28.95,6.58,80.6,20.5,490.75,-77.33,0.02,0.18,1.09,-0.26,20.72
28.79,6.7,80.1,21.06,487.99,-74.96,0.005,-1.24,0.08,-0.55,21.35
29.06,6.11,80.2,20.16,487.99,-78.21,0.104,-0.21,-0.99,-0.72,21.03
28.54,5.85,79.3,20.27,490.8,-77.36,0.014,1.01,-0.54,-0.2,21.26
28.54,6.63,78.7,20.04,490.32,-76.88,0.018,0.22,-0.23,0.82,20.8
28.59,6.0,79.1,20.25,485.59,-79.35,0.002,-1.3,-0.05,0.2,20.48
28.71,5.38,78.7,19.18,483.79,-76.93,0.024,-0.13,-0.48,0.58,20.8
28.58,6.37,80.2,19.38,488.5,-76.29,0.048,0.15,-0.05,0.04,21.18
28.61,6.08,80.8,20.05,492.05,-74.03,0.016,0.48,-0.78,-0.28,20.97
28.78,6.15,79.3,19.76,486.94,-76.8,0.005,0.83,-0.33,0.03,20.48
28.56,6.02,80.8,19.0,501.59,-76.48,0.001,1.03,-0.14,-0.04,20.07
28.58,6.32,80.4,19.43,495.14,-77.09,0.013,0.24,0.39,-0.89,20.38
28.68,5.14,79.7,19.47,474.36,-76.93,0.059,-0.08,-1.13,0.13,20.33
28.69,5.14,79.9,19.39,495.87,-76.62,0.003,0.05,-0.69,-0.55,20.39
28.86,5.17,81.1,19.85,497.22,-76.28,0.094,0.11,-0.19,-0.66,21.18
28.64,5.09,78.4,19.93,487.5,-75.62,0.062,-0.93,-0.52,0.03,20.23
28.67,5.22,81.2,18.68,477.73,-75.17,0.001,-0.44,0.08,0.21,20.39
28.84,4.97,81.1,19.4,493.76,-76.64,0.003,-0.06,0.91,0.02,20.63
28.88,4.7,80.0,19.47,494.75,-75.73,0.018,0.23,-0.75,0.04,20.51
28.97,4.73,80.5,18.89,484.91,-76.71,0.003,0.26,-0.84,0.02,20.89
28.87,4.85,82.0,19.84,483.07,-77.11,0.092,-0.09,-0.05,-0.17,20.08
28.85,5.22,79.7,19.53,498.31,-74.2,0.001,-0.56,-0.4,-0.19,20.04
28.92,4.65,80.7,19.7,498.61,-76.0,0.085,-0.6,-0.07,0.08,20.17
28.83,5.01,81.5,19.25,498.66,-76.85,0.031,0.35,0.61,0.28,19.96
28.85,4.32,81.3,19.14,504.05,-75.61,0.024,-0.08,0.41,-0.16,20.37
28.69,3.71,81.3,19.23,496.04,-74.38,0.032,0.23,-0.54,-0.94,20.43
29.03,4.58,82.8,19.41,505.05,-76.88,0.004,-0.66,-0.25,0.02,20.27
28.97,4.39,80.6,19.33,517.2,-75.48,0.042,0.83,-0.86,-0.12,20.65
29.06,4.27,80.8,19.82,510.97,-75.22,0.009,0.47,-1.08,0.02,20.71
28.65,4.19,79.8,20.47,500.49,-75.81,0.045,-0.56,-1.11,-0.16,20.23
29.01,4.24,81.1,19.78,515.35,-76.1,0.053,-0.64,-1.16,-0.28,20.8
28.93,4.12,81.6,18.94,512.38,-73.4,0.017,-0.05,-0.4,0.66,20.16
29.24,4.12,82.6,19.72,528.87,-76.66,0.018,-0.98,0.09,-0.43,20.31
29.16,3.95,83.3,19.3,532.63,-76.28,0.007,1.21,0.16,0.96,21.32
29.14,3.69,81.9,19.63,516.22,-76.85,0.026,-0.56,-0.09,-0.37,20.72
29.09,3.64,82.8,19.83,543.88,-75.68,0.003,0.53,0.29,-0.17,20.81
29.22,5.02,84.2,19.81,528.76,-78.69,0.01,0.36,-1.08,0.34,21.63
29.09,4.24,83.2,19.61,559.17,-74.72,0.005,1.29,0.28,0.73,21.12
29.22,4.7,83.9,20.23,546.9,-78.38,0.065,-0.51,0.25,0.39,21.03
29.19,4.18,84.6,19.43,538.83,-75.81,0.036,0.43,0.55,0.74,20.87
29.56,4.17,83.2,20.34,543.88,-77.39,0.042,-0.61,-0.04,0.37,21.51
29.5,4.3,83.2,19.97,562.88,-74.16,0.047,-0.16,0.06,-0.31,22.0
29.48,4.4,85.7,20.48,559.67,-76.2,0.004,-1.39,0.35,0.55,21.5
29.2,3.83,85.1,20.0,566.89,-80.26,0.062,-0.01,-1.2,-1.01,22.15
29.52,4.09,83.8,20.65,588.34,-77.11,0.032,-0.64,0.12,0.36,21.68
29.47,4.29,84.2,21.15,569.65,-76.19,0.007,-1.61,-0.44,0.33,21.55
29.63,3.63,85.1,20.57,581.74,-77.36,0.082,-0.49,-0.26,0.49,21.78
29.55,4.61,86.6,20.67,599.91,-78.53,0.017,-0.09,-0.29,-0.32,21.8
29.55,4.55,86.6,21.14,593.05,-81.03,0.013,-0.02,0.08,-0.34,22.77
29.61,3.61,86.9,21.18,578.98,-74.26,0.01,-0.12,0.58,-0.63,22.8
29.4,4.0,85.9,20.74,604.84,-73.26,0.031,-0.18,0.38,-0.04,22.64
29.56,4.31,86.5,21.73,592.96,-78.9,0.018,0.95,0.66,-0.26,21.67
29.73,4.55,86.1,21.75,623.5,-77.06,0.006,-0.75,-0.2,-0.45,23.34
29.85,4.78,86.7,22.04,606.08,-78.22,0.044,0.11,1.25,-0.87,22.74
29.69,4.16,86.4,21.91,648.92,-76.12,0.005,-0.16,0.91,-0.09,22.79
29.78,5.09,86.8,22.51,638.85,-78.15,0.015,-0.59,0.1,-0.16,23.05
29.63,4.4,87.2,21.33,621.18,-78.28,0.025,-0.07,-0.3,0.18,23.34
30.03,4.39,87.9,22.65,634.34,-79.91,0.001,0.59,-0.29,-0.53,23.65
30.02,4.66,88.6,22.12,646.69,-79.17,0.036,0.26,-1.0,-0.71,24.07
30.0,4.63,89.8,22.2,652.01,-76.82,0.002,0.45,-0.16,-0.07,23.99
30.01,4.65,88.5,22.28,653.62,-77.35,0.001,-0.15,-0.16,0.6,23.95
30.18,5.22,89.5,22.85,666.74,-78.56,0.017,-0.13,0.47,1.02,23.95
29.93,4.74,89.1,23.1,658.01,-76.42,0.019,-0.64,-1.08,-0.21,23.9
29.95,4.42,90.3,22.8,660.59,-80.49,0.012,0.6,0.56,-0.25,24.56
30.22,4.52,88.7,23.2,665.79,-80.43,0.016,-0.21,1.12,-0.95,24.78
30.25,5.26,89.6,24.22,682.82,-79.08,0.003,-0.02,0.11,0.2,24.43
30.02,5.08,90.8,23.17,682.84,-77.46,0.029,-0.36,-0.5,-0.34,24.47
30.13,4.47,90.9,23.42,687.03,-76.63,0.041,1.22,0.87,-0.31,25.37
30.43,4.51,91.2,24.2,696.97,-82.79,0.007,0.6,-0.09,-0.13,25.05
30.31,5.06,92.1,23.3,673.36,-80.31,0.006,0.1,-0.82,0.5,24.92
30.38,5.3,89.8,24.09,701.78,-77.55,0.001,-0.04,-0.1,0.11,25.17
30.18,4.98,90.4,23.31,705.63,-81.61,0.019,-0.04,-0.41,0.32,25.92
30.43,4.74,92.1,23.82,724.84,-82.99,0.035,0.5,0.56,0.84,26.5
30.21,4.98,92.5,24.04,697.52,-80.28,0.038,-0.17,-0.24,-0.37,26.44
30.17,5.88,92.6,24.3,732.97,-78.22,0.001,0.58,-0.43,0.36,25.45
30.52,5.6,94.5,24.32,722.68,-79.81,0.104,-0.44,-0.75,-0.2,26.32
30.64,5.82,91.8,24.98,731.27,-78.38,0.124,0.52,-0.42,-0.52,26.85
30.46,5.94,93.0,25.54,747.52,-77.86,0.053,0.0,-0.17,0.05,26.09
30.45,5.48,92.9,25.92,740.66,-78.7,0.035,-1.0,0.38,0.61,27.49
30.75,5.63,93.6,24.99,743.28,-78.48,0.014,1.27,-0.91,0.33,26.28
30.55,5.76,93.6,25.75,745.82,-83.16,0.015,-0.42,-1.29,-0.41,27.39
30.58,6.01,93.1,26.06,742.6,-81.74,0.071,-0.02,0.36,-0.56,27.17
30.82,6.29,94.0,25.83,751.09,-82.49,0.01,-0.29,-0.43,0.1,27.55
30.6,6.6,93.9,26.17,748.06,-81.78,0.062,-0.89,0.86,-0.06,27.64
30.58,6.36,94.1,26.23,758.5,-79.86,0.005,-0.29,-0.47,-0.63,27.41
30.78,6.43,95.1,26.36,739.21,-80.23,0.012,-0.67,0.11,0.38,28.12
30.62,6.84,96.3,26.08,770.38,-81.96,0.017,0.72,-0.34,-0.31,27.96
30.7,6.28,92.9,25.77,768.27,-79.89,0.029,-0.84,-0.28,-0.26,28.42
30.58,6.77,95.7,26.48,769.41,-83.9,0.041,-0.01,-0.79,0.59,28.07
30.78,6.66,95.3,26.47,778.13,-78.59,0.004,0.17,0.83,0.02,28.36
30.78,6.75,94.3,26.76,764.64,-81.02,0.015,-0.76,0.07,0.46,28.82
30.91,6.57,94.7,27.32,801.18,-79.95,0.014,0.04,0.2,0.19,28.44
30.91,6.29,95.8,27.61,783.64,-83.06,0.011,-0.78,0.83,0.69,29.32
30.88,6.89,95.3,27.28,785.85,-83.77,0.018,-0.56,0.58,-0.79,29.09
30.88,6.96,95.3,26.93,780.17,-80.52,0.039,-0.53,0.06,0.52,29.89
30.83,6.75,94.9,27.32,792.44,-82.61,0.024,0.65,-0.6,0.43,29.15
30.93,6.97,94.9,27.29,808.3,-83.8,0.021,0.43,-1.09,0.03,29.43
30.73,6.8,94.8,27.71,806.88,-82.97,0.022,-1.02,0.6,-0.08,29.34
30.59,6.87,95.3,27.61,807.02,-83.72,0.037,-0.04,0.35,-0.0,29.54
31.02,7.05,95.6,28.19,805.74,-82.91,0.024,0.18,-0.2,-0.97,29.86
30.97,6.86,96.1,27.67,798.34,-81.58,0.037,0.35,1.1,0.8,30.38
30.87,7.15,95.2,28.82,788.92,-83.57,0.021,0.69,-1.13,-0.12,30.4
31.02,7.6,96.5,27.63,802.76,-86.9,0.035,0.88,0.23,0.23,30.23
30.81,7.88,95.2,28.34,803.61,-85.11,0.057,0.1,-0.67,0.78,29.57
30.81,8.13,96.6,27.74,817.5,-84.45,0.002,1.51,0.29,-0.23,29.93
30.8,7.44,95.3,28.75,811.0,-84.34,0.042,-0.64,0.3,-0.05,30.39
30.97,7.97,97.6,28.47,824.76,-87.25,0.05,-0.0,0.48,0.1,29.91
30.71,7.77,96.5,28.6,821.19,-85.07,0.041,0.1,-0.99,0.44,30.28
30.8,7.65,96.7,28.27,805.07,-84.61,0.008,-0.78,0.53,-0.12,30.42
30.93,7.89,95.8,29.03,791.94,-85.69,0.004,0.14,-0.18,-0.87,31.14
30.74,8.14,96.4,28.93,823.85,-84.77,0.074,-0.82,-0.17,-0.73,30.4
30.8,7.71,94.9,28.56,823.54,-82.89,0.013,0.93,0.61,-0.06,29.88
30.61,7.74,95.1,28.79,796.07,-85.76,0.006,-1.2,0.9,-0.7,30.86
30.94,7.81,95.6,28.53,824.45,-87.66,0.034,-1.01,-0.06,-0.96,31.0
30.78,7.78,97.0,28.54,812.66,-81.94,0.061,-0.08,-0.44,0.28,31.53
30.72,8.36,96.6,28.69,809.76,-86.16,0.127,-0.95,-0.69,0.48,30.47
30.68,7.81,93.9,28.84,823.46,-85.74,0.023,-1.23,-0.53,0.03,30.12
30.78,7.89,94.8,28.96,819.76,-85.4,0.063,0.08,0.02,0.24,30.82
30.63,8.18,95.5,28.96,811.68,-87.6,0.02,-0.95,-0.43,-0.24,30.9
31.03,8.18,96.4,28.68,808.6,-85.27,0.023,-0.16,0.6,0.35,30.93
30.5,8.01,95.5,29.26,808.57,-86.46,0.025,-0.46,0.3,-0.7,30.54
30.72,8.66,93.2,29.38,796.8,-85.46,0.062,0.67,0.18,0.79,30.87
30.77,7.98,94.2,29.32,798.5,-85.06,0.008,0.02,-0.06,-0.38,30.73
30.64,8.13,95.6,29.24,788.13,-84.2,0.041,0.04,-0.28,-0.37,30.45
30.74,7.61,95.0,28.11,791.77,-83.43,0.012,-0.3,-0.44,-0.55,30.21
30.6,8.1,94.9,28.62,789.25,-86.45,0.003,0.06,-0.73,-0.4,30.5
30.86,7.8,95.5,28.43,784.23,-87.05,0.112,-0.03,-0.83,-0.43,30.57
30.52,7.93,94.2,28.3,789.48,-88.11,0.078,-0.88,-0.18,-0.59,30.84
30.35,7.61,94.9,29.29,782.27,-85.5,0.021,-0.83,-0.32,-0.12,30.51
30.45,7.93,95.5,29.45,787.79,-86.39,0.005,-0.65,0.07,-0.15,30.28
30.63,8.16,94.2,28.82,763.68,-86.72,0.06,-0.5,-0.34,-0.25,30.65
30.55,8.1,93.1,28.94,775.77,-88.38,0.015,-0.35,-0.06,0.35,30.35
30.63,8.04,93.3,28.61,775.09,-87.59,0.022,-0.42,-0.13,0.64,30.04
30.57,8.05,92.7,29.09,767.43,-85.72,0.137,-0.05,-0.41,-0.23,30.39
30.41,7.98,91.5,28.72,765.44,-85.29,0.019,-0.16,1.16,0.64,30.45
30.4,8.1,92.5,28.38,747.83,-86.36,0.005,0.08,0.43,-0.88,30.08
30.38,8.05,93.4,28.69,763.66,-86.65,0.033,-0.31,-0.34,0.04,30.69
30.63,8.14,92.7,28.36,762.87,-84.89,0.024,-0.28,-0.52,0.35,30.45
30.45,7.96,93.6,28.42,757.52,-85.55,0.006,0.24,-0.41,0.12,30.07
30.57,7.86,92.4,28.52,759.07,-85.59,0.006,0.7,0.52,0.16,29.63
30.41,8.19,92.8,29.51,746.69,-88.08,0.076,-0.15,0.33,-0.24,28.95
30.27,8.1,90.4,28.73,745.36,-83.61,0.001,-0.48,-0.37,0.29,29.09
30.13,7.87,91.3,28.07,737.95,-84.62,0.029,0.95,-0.27,0.27,29.83
30.24,8.2,91.2,27.6,738.99,-86.33,0.047,-0.3,-1.38,-0.22,29.0
30.18,7.82,90.5,27.04,711.99,-87.95,0.014,0.15,0.67,0.36,29.42
30.14,7.7,92.2,28.18,714.39,-88.36,0.004,0.36,-0.2,0.42,28.79
30.09,7.68,89.2,28.02,734.69,-86.34,0.076,-0.43,0.37,-0.49,28.95
29.84,7.7,90.4,27.3,689.65,-86.6,0.009,-1.23,-0.89,0.12,28.71
30.2,7.32,91.1,27.38,708.22,-87.35,0.006,-0.13,0.23,-0.02,29.11
30.01,6.98,90.6,27.37,716.65,-88.57,0.002,-0.12,0.86,0.01,29.01
29.82,7.57,89.4,27.38,699.25,-86.45,0.067,-0.46,-0.02,0.19,27.87
30.01,7.68,88.8,27.64,691.33,-87.23,0.023,-0.46,0.4,0.06,28.92
29.81,7.06,90.1,26.48,691.83,-89.2,0.015,-0.24,1.25,-0.23,28.14
29.95,7.62,88.6,27.05,682.13,-86.93,0.044,-0.71,-0.29,-0.46,28.54
29.95,6.74,88.1,26.76,681.05,-85.52,0.022,0.03,0.31,-0.5,28.49
29.94,7.01,89.3,26.37,668.96,-86.38,0.011,0.25,-0.87,1.1,27.59
29.76,7.62,88.5,26.7,681.91,-87.37,0.015,-0.01,0.42,0.39,28.32
29.69,7.15,87.7,26.24,680.06,-84.29,0.043,-1.29,0.8,0.3,26.81
29.63,6.88,88.0,26.12,659.48,-87.9,0.009,-0.74,0.39,-0.32,26.95
29.59,6.98,87.8,26.12,641.93,-86.22,0.023,-0.04,-0.3,0.09,27.05
29.64,7.19,87.2,25.71,645.53,-87.51,0.06,0.36,0.74,0.66,26.65
29.58,6.32,87.1,25.95,643.9,-86.58,0.063,-0.18,0.78,0.29,26.33
29.47,7.08,85.0,25.44,645.78,-87.28,0.067,0.83,0.44,-0.49,27.16
29.4,6.46,86.4,26.03,625.63,-84.69,0.043,0.29,-0.41,-0.27,26.41
29.49,6.75,85.7,25.37,623.02,-86.07,0.021,0.14,-0.3,-0.23,26.46
29.42,6.28,85.4,24.91,630.84,-86.12,0.021,0.13,0.11,-0.33,26.54
29.3,6.89,85.2,25.1,630.16,-86.99,0.095,0.04,1.04,0.14,26.54
29.51,6.3,85.1,25.19,609.63,-86.59,0.044,-0.1,-0.04,-0.36,26.56
29.59,5.84,85.0,24.14,597.62,-85.23,0.007,0.05,0.08,0.54,25.43
29.46,6.3,85.2,24.99,638.94,-85.13,0.012,0.93,-0.56,0.58,26.23
29.23,6.48,84.2,24.51,609.12,-85.78,0.012,0.33,-0.14,-0.01,25.52
29.28,6.37,85.0,24.23,593.85,-84.99,0.045,-0.77,-0.51,-0.36,25.36
29.44,5.96,84.9,23.85,600.5,-83.93,0.019,-0.11,0.52,0.09,25.01
29.08,6.1,84.7,24.06,585.92,-85.06,0.039,-0.72,-0.04,-0.6,25.09
29.29,5.66,84.7,23.48,591.24,-88.61,0.001,-0.39,0.29,-0.26,25.42
28.99,5.89,83.3,22.95,579.64,-85.4,0.033,-0.93,-0.06,-0.14,24.9
29.34,5.75,83.3,23.24,574.5,-82.66,0.011,1.47,-0.31,0.0,24.92
29.06,4.7,83.5,23.25,568.08,-84.11,0.007,-0.23,-2.25,-0.31,23.97
29.35,5.2,82.8,23.41,550.44,-85.47,0.033,0.28,0.5,0.06,23.99
29.26,5.49,82.0,22.97,580.08,-84.27,0.003,-0.21,-0.07,0.25,24.04
29.02,5.41,82.3,22.5,547.16,-85.72,0.033,0.03,0.13,-0.04,24.05
28.92,5.28,83.8,22.53,538.94,-84.34,0.153,0.17,1.1,0.09,23.83
29.01,5.25,81.7,22.62,546.47,-83.96,0.075,0.83,-0.22,-0.05,24.26
28.94,5.52,81.5,22.7,535.15,-82.73,0.043,-0.07,0.73,0.4,23.12
28.89,5.2,81.6,22.62,540.51,-87.26,0.012,-0.41,-0.74,0.87,23.43
28.72,4.33,82.3,21.72,544.28,-86.47,0.011,-0.51,0.97,-0.52,23.3
28.84,5.56,82.0,22.08,543.84,-85.23,0.104,-0.65,-0.0,0.07,22.79
28.75,4.34,82.1,22.2,538.63,-83.44,0.003,-0.32,0.38,-0.22,22.79
28.93,5.15,83.4,21.49,524.15,-82.9,0.007,1.77,0.14,-0.07,22.41
28.96,4.33,81.9,22.3,524.54,-84.13,0.053,0.44,0.08,-0.16,22.66
28.91,5.18,81.8,21.37,525.08,-87.05,0.021,-0.17,0.43,-0.38,21.88
28.85,4.62,83.3,21.77,500.52,-82.14,0.07,0.8,-0.43,0.06,22.95
28.69,4.77,81.3,21.53,521.02,-83.32,0.014,-0.31,-0.22,0.59,22.05
28.81,4.01,80.4,20.93,498.1,-83.14,0.011,0.76,0.82,-0.36,21.74
28.86,4.78,80.4,21.06,530.56,-87.18,0.027,0.2,-0.6,-0.38,21.21
28.69,4.64,81.4,21.42,503.74,-81.35,0.035,0.76,-0.17,-0.72,21.65
28.76,4.66,79.5,20.65,503.7,-83.68,0.033,0.28,-0.04,-0.45,21.58
28.72,4.73,78.8,20.79,495.77,-81.46,0.009,-0.58,-0.94,0.6,21.69
28.93,4.46,79.7,20.1,495.22,-81.95,0.056,0.12,1.03,0.93,21.38
28.82,4.31,80.9,20.66,522.46,-83.97,0.018,0.4,-0.47,0.67,22.52
28.79,4.1,80.7,20.29,507.47,-82.27,0.003,0.6,-0.74,0.19,20.76
28.5,4.18,80.0,20.53,481.07,-81.1,0.024,-0.15,-0.43,0.06,21.42
28.73,4.66,81.0,19.96,510.26,-85.21,0.01,0.1,-0.11,0.43,21.25
28.68,4.02,80.5,20.28,505.95,-81.0,0.027,0.63,0.6,-0.07,20.46
28.68,3.7,80.3,19.97,490.17,-84.31,0.006,0.43,-0.21,0.06,20.79
28.51,3.94,80.0,19.09,495.16,-83.52,0.052,0.28,0.24,-0.94,21.78
28.57,4.41,80.7,19.97,491.21,-83.78,0.006,-0.08,0.41,1.08,20.56
28.69,4.12,80.6,20.32,510.51,-78.51,0.016,-0.25,0.2,0.17,21.52
28.84,4.39,79.8,19.43,482.4,-81.5,0.001,0.1,-0.3,0.63,20.6
28.64,3.6,80.7,19.53,491.56,-84.58,0.031,-0.23,0.93,-0.4,20.6
28.66,3.31,79.5,20.16,485.72,-82.6,0.003,-0.67,-0.29,0.04,20.39
28.93,4.28,80.3,19.84,475.73,-82.42,0.039,0.73,0.23,-0.08,20.1
28.69,4.51,80.4,19.49,512.19,-81.09,0.033,-0.56,-0.1,-0.77,19.97
28.72,3.7,79.9,19.67,478.83,-82.22,0.016,0.6,-0.65,0.12,20.17
28.73,4.38,80.3,19.31,493.37,-83.18,0.02,-0.43,-0.35,0.28,20.68
28.59,4.59,80.7,20.36,474.45,-78.75,0.054,0.23,0.38,0.56,20.57
28.83,4.25,79.5,19.78,488.7,-80.83,0.009,-1.03,1.47,0.28,20.19
28.69,4.54,80.5,20.04,497.91,-80.82,0.03,0.34,0.19,0.16,21.07
28.78,4.34,82.2,19.46,486.59,-77.97,0.026,0.1,0.22,-0.29,19.97
28.85,4.23,79.9,18.97,502.01,-77.44,0.039,0.38,-0.64,-0.33,20.48
29.05,4.58,81.5,19.58,494.91,-80.26,0.016,-0.59,1.45,0.45,19.78
28.67,4.94,80.7,19.84,510.81,-81.68,0.064,1.43,-0.33,0.59,20.43
28.95,4.23,81.8,19.86,514.58,-79.88,0.008,-1.16,0.62,0.39,20.52
28.97,4.4,80.4,18.82,497.0,-76.29,0.049,0.07,-0.39,-0.42,20.25
28.81,4.17,81.1,19.49,505.68,-80.93,0.028,-0.48,-0.0,0.19,20.37
28.97,4.55,83.0,18.87,508.94,-81.01,0.048,0.61,-0.36,-0.66,20.18
29.12,4.5,81.2,19.25,515.63,-79.02,0.099,-0.44,-0.51,0.67,20.77
28.85,4.94,82.0,19.68,512.05,-79.36,0.0,-0.21,0.5,-0.63,20.79
29.0,5.06,82.2,19.97,516.41,-78.68,0.001,-0.06,0.78,-0.38,20.65
29.04,4.92,80.2,19.62,514.81,-78.67,0.0,-0.11,-1.08,0.75,20.8
29.08,5.05,82.4,19.18,521.27,-79.07,0.011,-0.24,0.75,0.27,20.79
29.13,4.58,81.2,19.83,536.1,-79.52,0.015,0.72,1.06,-0.38,20.46
29.08,4.55,82.9,19.37,532.7,-79.2,0.014,-0.68,-1.04,0.03,20.83
29.15,5.03,82.6,19.62,536.5,-80.14,0.002,0.59,-1.29,1.06,21.05
29.01,4.96,81.8,19.81,540.09,-78.75,0.07,-0.46,0.11,-0.09,20.73
29.16,5.62,82.0,19.6,534.8,-78.47,0.004,-1.1,-0.52,-0.1,21.12
29.11,4.5,83.0,20.13,543.12,-78.66,0.023,0.3,0.63,-0.56,20.44
29.05,5.33,85.3,20.24,532.78,-77.39,0.071,-0.5,0.38,-0.06,20.58
29.17,5.39,84.8,20.41,560.13,-78.28,0.023,-0.69,0.54,-0.01,21.17
29.29,5.04,84.0,20.62,523.52,-77.61,0.014,0.48,0.18,0.47,21.1
29.34,5.05,84.3,20.16,554.48,-77.79,0.037,-1.01,-0.14,0.09,21.76
29.17,5.31,84.6,19.86,570.86,-77.52,0.164,-0.4,-0.02,0.18,21.35
29.24,4.98,83.9,19.99,550.0,-79.13,0.028,0.41,-0.59,0.33,21.98
29.47,5.98,84.0,21.08,571.91,-78.9,0.031,-0.66,0.72,0.37,21.62
29.48,6.43,85.5,21.14,565.46,-75.7,0.006,-0.79,0.34,-0.06,21.88
29.55,5.59,84.6,21.14,573.01,-76.77,0.009,0.03,0.14,-0.11,21.69
29.64,5.57,86.5,20.57,590.66,-78.74,0.047,-0.35,-0.37,0.25,21.93
29.58,5.45,84.5,21.47,587.76,-79.79,0.042,0.09,0.41,0.43,21.81
29.5,5.58,85.1,20.93,570.07,-75.68,0.008,-0.28,0.31,0.52,21.8
29.6,5.81,87.2,21.23,585.34,-75.95,0.021,-0.63,0.17,-0.23,22.72
29.81,6.43,86.0,21.51,609.61,-77.55,0.063,0.3,-0.51,-0.29,22.91
29.98,7.1,86.4,21.79,609.14,-76.66,0.006,0.51,0.6,0.83,22.99
29.74,6.0,87.3,21.66,626.97,-76.43,0.039,-0.42,-0.46,0.32,23.2
29.78,6.02,87.9,22.07,631.2,-78.01,0.013,1.07,0.05,-0.33,22.98
29.84,6.01,87.7,21.72,615.87,-76.59,0.002,0.94,-0.86,0.6,22.86
29.79,6.57,87.7,21.78,649.27,-76.67,0.01,1.49,0.75,-1.36,22.9
29.96,6.62,88.4,21.87,629.46,-77.91,0.016,-0.14,0.37,0.02,22.63
29.98,6.62,88.3,21.71,624.58,-76.11,0.041,-0.06,-1.09,-0.34,23.69
29.93,6.53,89.1,21.27,632.88,-75.92,0.004,-0.24,-0.88,-0.43,23.68
29.89,7.14,90.8,22.76,621.67,-77.95,0.058,0.27,-0.16,0.61,23.94
29.78,7.04,89.2,22.45,665.33,-74.97,0.012,-0.7,0.22,0.25,24.18
30.08,7.1,88.3,22.94,670.24,-77.1,0.005,-0.15,-0.7,-0.29,24.65
30.05,7.06,90.1,23.03,649.16,-77.21,0.014,0.49,-0.02,1.2,24.12
29.97,6.96,89.4,23.02,662.05,-75.05,0.079,-0.48,0.4,-0.2,24.61
29.96,6.87,90.0,23.44,670.28,-75.07,0.025,-0.16,0.82,0.13,24.38
30.21,7.31,90.3,23.63,664.7,-77.35,0.013,0.31,0.59,-0.4,24.05
29.97,7.35,89.8,23.07,661.71,-75.42,0.017,-0.11,-0.24,1.35,24.83
30.23,7.45,90.2,24.09,682.08,-75.41,0.04,-0.35,-0.23,-0.34,25.64
30.33,6.88,88.9,24.01,685.87,-76.64,0.001,0.41,-0.76,-0.47,25.15
30.32,7.51,90.9,23.55,690.05,-75.15,0.09,-0.01,0.32,0.02,25.03
30.24,7.37,91.6,23.78,700.97,-78.85,0.054,0.12,-0.27,0.9,25.7
30.17,7.26,91.4,23.72,717.8,-76.93,0.065,-0.41,-0.23,-0.69,26.07
30.42,7.8,91.3,24.53,705.19,-74.71,0.033,-0.36,0.71,-0.48,26.08
30.52,7.69,92.2,24.4,714.57,-76.72,0.027,0.43,0.17,0.33,26.58
30.34,8.39,91.3,23.74,724.73,-77.6,0.013,0.88,-0.33,-0.69,25.83
30.5,7.88,91.4,24.56,727.53,-80.02,0.011,-0.31,-0.93,0.66,26.92
30.65,7.69,92.9,24.77,720.29,-74.48,0.003,0.43,0.13,-0.09,25.7
30.53,7.79,93.2,25.09,731.78,-77.07,0.001,0.34,-0.8,0.01,25.87
30.47,7.52,93.3,24.67,740.59,-78.36,0.002,0.47,-0.74,-0.33,26.26
30.67,8.28,92.9,25.39,728.04,-75.52,0.006,-0.05,-0.04,-0.29,27.19
30.48,8.04,94.2,26.02,756.09,-73.7,0.005,0.57,0.3,-0.3,26.55
30.44,8.08,92.6,25.71,761.8,-76.01,0.046,0.33,-0.14,0.39,27.05
30.71,7.7,93.4,25.99,744.2,-79.11,0.003,-0.26,0.1,0.56,27.29
30.59,8.28,94.4,26.47,757.2,-77.35,0.044,-0.23,0.82,0.76,27.91
30.62,7.79,94.7,26.03,765.42,-74.73,0.017,1.43,-0.07,0.05,28.27
30.61,7.93,93.6,26.16,757.16,-75.94,0.096,0.49,-0.05,-0.17,28.27
30.65,8.16,96.0,26.46,770.95,-78.3,0.028,0.15,0.22,-0.28,27.48
30.89,7.97,94.4,26.16,771.17,-72.54,0.024,-0.17,1.04,-0.77,28.26
30.94,7.92,94.7,26.36,758.14,-77.26,0.031,-0.21,0.71,-0.88,28.18
30.97,8.16,95.5,26.02,780.57,-76.81,0.02,0.14,0.46,-0.07,28.4
30.91,8.49,96.1,27.66,768.01,-77.0,0.025,-0.58,-0.71,0.01,28.57
30.85,8.46,95.1,27.28,791.31,-75.26,0.037,-0.91,0.6,-0.16,28.54
30.63,8.41,96.1,26.78,777.99,-76.98,0.056,0.4,-0.1,0.08,28.56
30.8,8.35,94.9,27.58,785.73,-79.5,0.076,0.92,0.35,1.18,28.8
31.09,8.06,96.7,27.06,803.58,-79.56,0.035,0.94,0.99,0.01,28.82
30.79,8.53,95.5,27.48,797.19,-77.73,0.075,0.39,0.15,0.41,29.62
31.03,7.67,95.8,27.59,783.67,-76.62,0.024,-0.24,-0.16,0.11,29.3
30.87,8.31,95.3,27.51,786.4,-77.77,0.008,0.86,-0.09,-0.32,29.84
30.55,8.42,95.9,27.49,792.5,-76.17,0.012,0.95,0.3,-0.29,29.98
30.95,8.13,95.2,28.29,804.24,-75.01,0.06,0.18,-0.62,-0.21,30.19
31.04,7.92,95.8,28.0,805.53,-79.13,0.031,0.75,0.16,1.0,29.23
30.88,8.11,95.9,28.65,795.01,-77.03,0.01,-1.19,0.58,-0.13,29.93
31.04,7.87,95.1,27.78,793.12,-78.18,0.026,0.24,-1.42,0.79,29.42
30.7,8.23,95.5,28.06,808.8,-78.68,0.033,0.24,-0.23,-0.17,30.74
30.73,8.33,94.3,28.29,805.21,-78.43,0.192,-0.32,0.23,0.03,30.32
30.92,8.15,95.0,28.77,829.49,-76.66,0.021,-0.2,0.08,-0.12,29.97
30.96,8.1,96.0,28.18,809.01,-77.7,0.069,0.63,-0.35,-0.15,30.1
31.06,8.17,96.8,28.72,827.36,-78.71,0.012,0.22,-0.09,-0.07,30.63
30.97,8.17,95.7,28.71,797.93,-75.17,0.031,0.39,0.22,-0.07,30.21
30.75,7.63,96.0,29.15,794.16,-78.68,0.047,0.64,-0.26,0.37,29.87
30.91,7.36,96.9,28.88,798.8,-77.73,0.08,0.31,0.5,-0.89,30.64
30.95,7.86,96.6,28.12,821.83,-78.51,0.02,0.23,0.3,1.21,31.0
30.65,8.01,96.6,28.44,827.29,-80.78,0.058,0.32,0.86,0.42,30.52
30.86,7.21,96.0,28.5,801.53,-79.05,0.022,-0.85,-0.11,-0.86,30.89
30.82,7.65,95.4,28.72,804.22,-79.58,0.031,0.59,0.12,-0.18,30.38
30.77,7.92,96.1,29.37,796.45,-79.49,0.008,0.27,0.54,0.14,30.69
30.9,7.49,96.7,28.84,789.18,-75.95,0.052,0.41,0.03,-0.52,30.7
30.69,7.92,97.1,28.97,813.49,-80.01,0.104,-0.02,-0.09,-1.06,30.54
30.86,7.8,97.4,28.9,807.38,-79.07,0.045,0.14,0.46,0.06,30.31
30.87,7.29,96.7,29.18,803.95,-78.1,0.009,0.65,1.09,0.37,30.41
30.92,7.17,95.4,28.74,788.39,-80.61,0.002,-0.95,0.73,-0.09,30.43
30.64,7.11,94.3,28.94,817.18,-81.1,0.002,-1.42,1.06,0.69,30.51
30.57,7.19,95.6,28.93,793.99,-79.3,0.038,0.64,0.41,0.23,30.63
30.77,6.73,95.9,28.97,802.46,-79.8,0.046,-0.04,0.01,-0.66,30.73
30.68,6.61,92.8,28.78,780.53,-79.22,0.033,-1.19,-0.2,-0.72,30.71
31.05,6.26,93.6,28.5,790.98,-82.59,0.033,-0.36,1.0,-0.31,30.59
30.73,6.87,94.2,29.27,793.47,-77.81,0.075,0.25,0.42,0.72,30.6
30.66,7.42,93.9,28.88,791.35,-80.29,0.018,-0.01,-0.68,-0.34,30.22
30.61,6.13,93.0,29.29,787.02,-78.98,0.02,0.01,0.28,-1.15,30.6
30.46,6.6,94.5,29.03,787.68,-77.02,0.008,0.26,-0.69,-0.26,29.85
30.65,6.52,95.0,29.0,768.56,-81.0,0.262,-0.46,-1.11,0.05,30.03
30.55,6.47,93.7,29.17,778.83,-82.24,0.087,-0.83,0.72,0.08,29.96
30.53,6.81,92.3,29.64,774.87,-81.63,0.008,0.49,0.75,1.59,30.09
30.52,6.09,93.6,29.13,772.8,-81.47,0.008,0.83,0.46,-0.05,30.37
30.51,5.7,92.4,28.93,767.84,-81.09,0.044,0.05,0.89,-0.3,30.25
30.25,6.05,92.3,28.66,750.91,-79.55,0.006,-1.38,-0.88,-0.36,30.22
30.53,5.93,93.7,28.94,746.87,-81.61,0.007,-0.12,-0.38,0.77,30.36
30.3,5.39,93.7,28.17,734.2,-79.85,0.058,-0.7,-0.29,-0.02,30.02
30.35,6.06,92.3,28.56,760.71,-80.14,0.027,-0.25,-0.64,0.04,29.46
30.5,5.55,92.9,28.72,756.9,-81.81,0.01,-0.08,0.83,-0.76,29.78
30.52,5.81,91.2,28.53,753.05,-84.51,0.015,0.93,-0.73,-0.1,29.3
30.08,5.65,92.3,28.08,743.59,-80.97,0.006,0.42,-0.46,-0.19,29.44
30.25,5.37,91.3,28.18,715.0,-81.4,0.027,-1.46,-0.29,0.19,29.63
30.25,5.88,90.3,27.81,721.79,-82.92,0.005,-0.82,-0.07,-1.18,29.3
30.0,5.46,90.4,27.56,729.41,-84.27,0.012,0.66,0.4,0.27,29.51
30.25,5.49,91.3,28.24,724.62,-82.95,0.104,-0.43,0.83,0.73,29.14
30.13,5.58,89.5,27.47,716.54,-82.24,0.025,0.23,0.17,-0.22,28.42
30.11,5.42,90.2,27.36,717.88,-84.94,0.013,-0.38,0.81,-0.57,28.74
29.94,5.31,91.1,27.26,709.67,-85.04,0.078,0.53,0.84,0.5,29.03
30.07,4.95,89.6,27.05,706.07,-78.71,0.014,0.22,0.01,-0.7,28.83
30.09,4.8,88.5,26.92,693.72,-85.22,0.039,0.5,-0.79,0.52,28.09
29.97,5.12,89.3,26.45,705.14,-84.7,0.012,-1.11,-0.17,0.75,28.2
29.85,4.72,89.8,26.39,686.17,-81.34,0.011,0.3,0.77,0.07,28.33
29.83,5.19,88.0,26.74,672.29,-85.34,0.019,-0.84,0.33,0.17,27.89
29.87,4.86,89.7,26.84,672.96,-85.56,0.024,0.51,-0.07,0.05,27.82
29.82,5.03,89.1,25.96,672.24,-82.73,0.017,1.26,-0.32,-0.21,27.92
29.89,4.49,88.5,26.48,680.69,-87.03,0.054,-0.97,-0.09,0.36,28.4
29.69,4.39,88.5,26.73,665.34,-85.15,0.035,0.35,0.54,0.01,27.64
29.56,5.19,87.8,25.98,658.89,-83.49,0.098,-0.83,0.06,-0.04,27.64
29.72,4.59,87.8,25.66,643.24,-82.33,0.014,-0.36,-0.55,-0.04,26.86
29.58,4.86,87.3,25.84,658.56,-83.96,0.023,-0.27,0.22,-0.15,26.56
29.7,4.12,87.7,25.91,639.16,-84.13,0.06,0.37,-0.09,-0.52,26.55
29.57,4.42,87.8,25.38,639.66,-84.71,0.01,0.59,-0.76,0.09,26.67
29.62,4.86,85.8,25.77,650.44,-83.09,0.041,0.59,-1.38,0.0,26.68
29.38,3.96,85.7,25.45,635.73,-83.2,0.027,-0.55,-2.05,-0.21,26.62
29.49,5.08,85.7,25.75,609.38,-84.59,0.027,0.36,-0.0,-0.35,26.62
29.36,4.42,85.3,24.4,603.01,-85.09,0.009,-0.48,0.39,0.37,26.6
29.26,4.09,86.4,24.35,615.14,-86.9,0.009,-0.06,0.55,0.17,25.11
29.27,4.41,84.1,24.55,598.76,-86.72,0.08,-0.48,0.27,-0.67,25.38
29.28,4.62,85.5,24.07,612.52,-88.51,0.001,0.33,0.33,-0.37,26.28
29.46,4.02,85.9,24.94,601.65,-86.02,0.024,-0.42,0.56,1.06,25.59
29.21,4.04,84.1,24.32,598.11,-87.5,0.035,-0.02,-0.06,-0.6,25.24
29.1,4.31,85.5,23.98,584.68,-87.1,0.006,0.33,0.14,-0.41,24.23
29.24,4.36,85.1,24.48,604.51,-84.19,0.023,-1.03,-0.2,-0.25,24.44
29.2,4.15,83.6,23.89,610.93,-84.75,0.07,0.6,0.41,0.62,25.15
29.1,4.33,84.4,23.57,575.2,-87.08,0.05,1.09,-0.74,0.74,24.45
29.12,4.46,82.8,23.22,577.06,-86.8,0.064,-0.72,0.12,-0.66,24.69
29.23,4.25,82.4,23.54,570.13,-82.94,0.016,-1.15,0.43,-0.77,24.16
29.16,3.99,82.7,23.38,562.26,-87.61,0.029,0.22,0.82,-0.26,25.03
29.13,4.2,84.0,23.29,552.32,-85.36,0.006,0.38,-0.08,0.0,23.98
28.89,4.74,82.3,23.18,545.67,-84.15,0.06,-0.84,0.43,0.9,23.25
29.35,4.32,82.5,23.26,541.13,-86.18,0.005,-0.32,-0.48,-0.59,23.92
29.11,4.61,81.5,22.32,552.6,-85.97,0.004,0.14,-0.03,0.61,23.57
29.02,4.1,82.9,23.26,539.52,-89.18,0.051,-0.15,0.29,0.25,23.14
28.8,4.35,82.7,22.96,515.2,-87.29,0.013,0.51,0.51,0.32,23.32
29.03,4.53,81.3,22.8,541.8,-86.45,0.04,0.27,-0.24,0.24,23.51
28.84,4.77,79.8,21.99,533.46,-84.6,0.109,-0.54,0.52,0.38,22.85
28.85,4.71,81.2,21.67,543.91,-87.63,0.013,0.51,-0.59,0.52,22.43
28.66,4.04,81.7,21.83,530.89,-86.62,0.088,-0.09,0.07,-0.05,22.75
28.69,4.75,81.2,21.76,509.22,-85.0,0.009,-0.62,-0.82,-0.51,22.28
28.88,4.95,81.2,21.84,498.67,-85.28,0.045,-0.3,-0.38,0.59,22.53
28.93,4.31,81.3,21.36,510.86,-86.31,0.024,0.36,-0.2,-0.47,22.78
28.88,4.25,80.5,21.61,509.03,-87.85,0.045,-0.82,1.05,-0.12,21.69
28.86,4.55,79.8,21.05,522.07,-86.16,0.008,-0.69,0.98,-0.06,21.28
28.76,4.66,81.2,21.07,510.04,-86.75,0.046,1.02,-0.58,0.21,22.82
28.71,4.55,79.8,21.2,519.09,-88.8,0.038,-0.59,-0.49,0.28,21.84
28.78,4.35,79.5,20.88,492.28,-87.31,0.003,0.77,-0.54,-0.39,21.18
28.84,5.19,80.8,20.49,513.09,-86.17,0.029,-0.85,-0.06,0.86,21.17
28.73,4.55,79.4,20.31,508.7,-84.73,0.015,0.17,-0.47,0.73,21.27
28.87,4.71,79.6,20.9,479.51,-88.14,0.062,0.59,-1.03,0.11,21.48
28.69,4.95,81.5,20.61,511.27,-85.7,0.012,-0.67,-0.99,-0.02,20.3
28.59,4.53,81.4,20.83,497.48,-87.87,0.037,-0.49,-1.18,-0.4,21.45
28.7,4.57,81.0,20.65,499.12,-87.05,0.027,0.69,-0.25,-0.01,20.81
28.72,4.97,80.7,20.07,485.36,-87.55,0.029,1.17,-0.01,-0.0,21.59
28.69,5.41,81.0,20.44,505.72,-84.02,0.004,0.44,-0.0,-0.89,21.07
28.85,5.28,81.6,20.14,480.22,-85.93,0.008,-0.07,-0.61,0.42,21.2
28.8,4.68,80.9,19.9,499.67,-85.67,0.031,0.0,-0.41,1.12,20.68
28.53,5.78,80.2,20.8,498.98,-87.9,0.001,-0.67,0.7,-0.22,20.81
28.89,5.67,80.7,20.63,480.62,-86.02,0.068,-1.22,0.8,0.01,21.2
28.38,5.56,79.6,19.98,509.94,-88.57,0.038,0.44,1.02,0.59,20.25
28.97,5.62,80.2,19.4,492.32,-90.54,0.002,-1.1,-0.29,-0.47,20.72
28.68,5.85,80.2,19.48,496.6,-87.37,0.026,-0.31,-0.59,-0.98,20.71
28.7,6.41,80.0,19.41,475.0,-84.61,0.16,-0.07,-0.24,-0.06,21.0
28.72,6.05,79.9,19.85,511.82,-87.21,0.003,-0.5,0.79,0.45,20.16
28.79,5.95,81.2,19.66,478.93,-85.54,0.001,0.43,0.1,-0.32,20.04
28.75,5.57,79.5,19.38,502.11,-82.54,0.013,-0.01,-0.99,-0.27,20.83
28.74,6.06,80.4,20.19,482.76,-86.55,0.019,-0.27,0.64,-0.66,20.24
28.93,6.32,79.4,19.29,487.52,-83.7,0.024,0.34,0.67,-0.98,19.96
28.85,6.13,78.9,20.08,502.75,-89.46,0.018,0.2,0.06,0.44,20.11
28.68,6.08,81.5,19.82,506.44,-87.1,0.031,0.5,0.25,1.11,19.75
28.9,6.48,81.7,19.63,484.91,-85.41,0.045,-0.25,0.65,0.66,20.29
28.89,6.09,80.4,19.13,510.13,-86.28,0.002,0.5,-0.31,0.2,19.15
28.78,6.73,80.9,19.96,511.44,-85.16,0.016,0.18,1.32,-0.29,20.42
28.96,6.41,80.8,20.1,493.51,-87.4,0.005,0.42,0.55,0.6,19.71
28.86,5.98,80.9,19.5,520.92,-82.75,0.032,0.57,0.05,0.26,20.86
28.88,6.55,80.9,19.87,492.56,-83.44,0.033,0.45,0.07,-0.55,20.09
28.89,6.74,81.8,19.49,503.22,-84.64,0.051,0.0,-0.26,-0.75,20.07
28.65,7.0,81.2,20.0,516.73,-87.08,0.057,0.19,0.0,-0.61,20.45
28.9,7.03,82.0,19.17,506.01,-85.45,0.169,0.57,0.67,-0.13,20.63
29.08,6.59,83.2,19.89,519.92,-83.79,0.002,-0.59,0.5,0.25,20.54
29.01,7.08,82.3,18.7,522.57,-86.15,0.057,0.14,-0.45,0.31,19.92
28.88,6.95,82.3,19.21,521.29,-82.89,0.081,-1.24,0.55,-0.34,20.67
29.18,7.07,81.9,19.3,534.61,-84.46,0.084,-0.11,0.51,0.0,20.65
29.05,6.94,82.5,19.73,527.25,-85.2,0.001,-1.42,-0.88,0.44,20.7
28.97,7.29,81.4,19.47,535.22,-83.4,0.032,-0.44,0.57,0.13,21.05
29.41,8.31,84.1,19.53,547.85,-85.96,0.059,-1.07,0.43,-0.36,20.58
29.05,7.98,82.3,19.84,547.89,-85.09,0.006,0.64,0.86,-0.48,20.52
29.31,7.19,81.8,19.93,551.54,-85.35,0.026,-0.38,-0.65,-0.94,21.3
29.14,7.56,83.4,19.64,536.0,-86.82,0.019,-0.61,-0.47,-0.5,20.36
29.28,7.5,84.0,19.66,556.65,-87.41,0.006,0.14,-0.18,0.05,21.34
29.18,7.69,85.0,19.91,546.62,-85.5,0.015,-0.45,0.0,0.16,20.84
29.17,7.98,84.4,20.64,546.69,-85.14,0.011,-0.77,-1.98,0.91,21.98
29.41,7.71,85.1,21.3,562.98,-82.93,0.057,-0.17,0.47,0.4,20.94
29.43,7.58,85.3,20.99,558.93,-84.34,0.04,-0.93,-0.76,0.29,21.06
29.55,8.19,85.5,20.45,580.23,-82.71,0.0,1.17,-0.47,0.19,22.68
29.44,7.51,84.2,20.82,584.91,-85.98,0.024,0.08,-0.43,-0.74,22.36
29.75,7.98,85.7,20.78,562.24,-82.91,0.001,0.39,-0.59,-0.91,21.66
29.55,7.51,84.4,20.83,577.55,-85.47,0.077,0.76,0.36,0.75,21.61
29.62,7.69,87.4,21.03,575.88,-83.89,0.001,0.79,-1.39,-0.47,21.85
29.42,8.25,86.6,21.21,590.54,-81.58,0.006,0.42,-0.18,0.73,22.5
29.54,7.85,85.8,20.61,604.47,-83.39,0.007,-0.22,0.05,-0.49,22.6
29.71,7.52,86.8,21.13,602.29,-84.34,0.049,0.15,0.54,0.58,22.46
29.67,7.89,86.0,21.45,603.66,-80.74,0.019,0.04,0.6,0.2,23.44
29.74,7.88,85.8,22.43,627.44,-81.14,0.005,0.06,0.72,0.75,22.58
29.66,7.77,88.0,21.94,596.31,-80.16,0.004,0.3,-0.18,-0.99,22.28
29.8,8.33,86.7,22.24,636.68,-84.07,0.014,0.12,-0.62,0.47,24.25
29.84,7.71,87.6,21.95,623.84,-84.75,0.025,-0.24,-0.18,-0.93,23.7
29.72,8.01,88.2,22.62,633.49,-79.67,0.048,1.59,-0.46,0.18,23.4
29.97,8.23,88.1,22.36,634.01,-83.74,0.045,-0.8,-0.44,-0.18,23.72
29.72,8.1,87.7,22.68,659.73,-81.67,0.001,0.19,0.46,0.5,23.84
29.98,8.08,88.8,22.6,637.02,-81.69,0.031,0.39,0.47,-0.11,23.29
30.21,7.98,89.1,22.87,654.47,-82.37,0.0,0.75,1.38,-0.38,24.09
30.11,7.83,90.0,22.65,664.65,-83.09,0.025,-0.08,0.21,-0.02,24.43
30.14,8.0,91.5,23.61,648.28,-81.65,0.006,0.41,-0.77,-0.34,24.57
29.99,8.38,88.2,22.94,660.19,-79.58,0.059,-0.19,-0.14,-0.14,23.62
30.34,8.04,89.4,22.93,672.89,-81.69,0.015,0.61,-0.73,-0.22,24.81
30.33,8.2,90.4,23.46,670.46,-82.54,0.055,0.19,-0.16,-0.58,25.09
30.09,8.47,91.3,24.21,676.09,-80.42,0.074,0.49,0.38,0.44,25.04
30.17,8.29,91.0,23.47,685.64,-83.45,0.015,0.2,0.14,-0.25,24.74
30.41,7.71,91.9,23.79,700.49,-79.84,0.027,-0.16,-0.45,0.14,25.91
30.5,8.2,90.0,24.1,695.38,-79.23,0.081,-0.79,-0.98,0.39,25.54
30.17,8.35,91.2,23.7,714.35,-80.71,0.008,-0.69,-0.57,-0.37,25.63
30.23,7.83,92.8,23.83,698.3,-78.67,0.003,-0.38,-0.4,0.32,25.82
30.36,7.49,91.2,24.85,700.41,-79.87,0.022,-0.1,0.42,-0.14,25.45
30.15,7.8,89.8,24.64,736.79,-80.03,0.024,0.37,-0.37,-0.17,26.99
30.44,7.95,91.6,24.39,715.47,-81.04,0.017,0.01,0.55,0.35,26.82
30.61,8.03,92.9,24.8,713.39,-77.93,0.104,0.37,-0.46,0.04,26.25
30.32,7.65,92.7,24.86,713.45,-79.95,0.016,0.79,0.5,0.04,25.92
30.53,7.15,91.9,25.21,745.92,-79.5,0.024,-0.31,0.15,0.42,27.05
30.47,7.33,92.5,25.42,735.97,-77.98,0.002,0.89,0.19,-0.06,27.3
30.77,7.77,92.2,24.75,740.97,-80.13,0.001,-1.67,0.49,0.32,27.18
30.52,8.21,92.5,26.11,745.95,-79.88,0.026,0.19,-0.37,-0.29,27.18
30.8,7.55,93.0,25.81,761.61,-78.61,0.075,0.27,0.33,0.22,26.8
30.57,7.9,93.9,25.71,753.52,-80.92,0.052,0.34,1.13,0.0,27.85
30.75,7.13,92.1,26.38,782.48,-77.83,0.025,0.72,-0.67,0.29,27.09
30.71,7.19,95.3,25.84,764.01,-78.33,0.021,0.51,0.07,-0.88,28.02
30.69,6.62,94.2,26.23,776.8,-80.67,0.043,0.52,-0.67,0.24,28.34
30.63,7.37,93.6,26.05,777.63,-81.3,0.0,-1.27,-0.65,0.24,28.07
30.78,6.93,93.8,26.87,772.5,-78.78,0.015,-0.4,0.08,0.28,28.23
30.71,7.31,94.3,27.15,770.15,-78.46,0.003,-0.17,0.39,0.37,27.46
30.69,6.91,94.9,27.0,782.37,-75.87,0.02,0.44,0.83,-0.27,28.23
30.97,7.6,95.1,26.92,787.06,-74.49,0.045,0.53,0.52,-0.28,28.54
30.87,7.46,95.0,26.66,779.01,-78.82,0.02,-0.52,0.15,-0.43,28.21
30.9,6.16,94.6,27.07,789.05,-78.74,0.011,0.26,0.24,-0.58,29.49
30.78,6.96,95.3,27.42,802.25,-75.22,0.019,-0.6,0.03,0.59,28.79
30.82,6.48,93.8,27.25,812.96,-76.71,0.013,0.38,0.07,0.01,29.03
30.82,6.83,94.6,27.41,803.03,-71.86,0.005,0.55,-1.05,0.74,30.04
30.9,6.16,95.1,27.28,815.21,-77.42,0.042,0.74,-0.2,-0.25,29.84
30.95,6.92,94.6,27.51,792.23,-75.54,0.007,-0.74,1.03,-0.44,30.24
30.87,6.72,95.6,27.36,807.34,-73.41,0.053,-0.48,-0.1,-0.51,30.15
30.79,5.91,94.7,28.06,815.35,-78.71,0.031,-1.61,0.3,1.07,30.01
30.98,6.21,97.2,28.08,794.5,-78.24,0.051,0.51,-0.63,-0.95,29.51
30.9,6.23,94.7,28.18,799.95,-76.09,0.004,0.8,0.08,0.21,29.33
30.72,6.33,97.1,28.1,823.38,-76.73,0.015,-0.6,-0.77,-0.24,30.32
30.64,6.03,94.4,28.1,797.29,-76.36,0.004,-0.49,-0.0,-1.29,29.86
30.94,6.19,97.6,28.28,794.52,-77.68,0.0,0.61,0.52,-0.47,29.22
30.8,5.86,96.5,28.31,823.93,-76.52,0.042,-0.16,0.43,-0.42,30.4
30.95,5.99,96.6,28.58,821.19,-76.97,0.114,0.72,-0.77,-0.17,30.39
30.8,5.33,94.9,29.23,813.96,-75.56,0.031,-0.02,-0.44,0.0,29.83
30.91,5.66,95.7,28.58,809.44,-74.91,0.003,0.33,-0.13,-0.66,30.97
30.84,5.94,95.8,28.5,805.61,-78.53,0.074,-0.4,-0.54,-0.23,30.11
31.09,5.94,95.9,28.67,812.76,-74.33,0.032,0.02,-0.59,-0.49,31.4
30.99,5.5,96.9,28.63,825.52,-76.15,0.058,-1.58,-0.66,0.09,31.08
31.03,5.35,96.4,28.67,811.74,-74.74,0.033,1.14,-0.02,0.23,30.99
30.86,5.72,95.7,28.67,830.49,-76.39,0.02,0.34,0.18,-0.1,30.37
30.95,5.21,96.5,29.15,799.15,-74.47,0.002,-0.17,-0.64,0.51,30.71
30.85,5.52,96.6,29.17,807.09,-74.76,0.002,-0.27,-0.19,-0.29,30.77
31.0,5.08,95.1,29.27,802.56,-75.44,0.109,-0.9,-0.99,-0.47,30.57
30.81,5.06,95.0,29.36,794.28,-75.97,0.004,-0.65,0.36,0.49,30.7
30.63,4.66,97.2,28.86,802.3,-75.24,0.038,0.23,0.02,-0.2,31.39
30.55,4.56,95.1,28.45,806.54,-73.12,0.009,-0.0,-0.47,-0.7,30.42
30.97,5.17,94.7,29.69,806.0,-74.35,0.106,0.45,0.1,-0.18,30.88
30.81,5.34,95.0,28.21,820.71,-75.01,0.021,-0.64,0.29,-0.09,30.46
30.8,4.8,95.9,28.87,801.74,-76.83,0.011,0.8,-0.31,-0.47,30.04
30.9,4.66,95.5,28.48,806.55,-76.93,0.011,-0.42,-0.84,0.15,31.08
30.5,4.97,94.6,29.11,793.52,-77.12,0.017,-0.62,-0.4,0.66,30.79
30.63,4.72,95.1,28.61,807.3,-77.87,0.0,-0.31,0.05,-0.71,30.99
30.63,3.85,94.7,29.32,812.03,-74.77,0.013,0.92,-0.45,0.25,30.18
30.72,4.83,94.2,28.97,790.75,-75.85,0.006,0.48,0.42,0.97,30.27
30.53,4.09,93.9,29.39,772.77,-75.54,0.125,-0.6,0.75,0.16,30.64
30.44,4.45,94.1,28.86,774.33,-78.52,0.012,-0.46,0.13,-0.27,30.74
30.42,4.28,93.5,29.18,779.64,-77.26,0.006,-1.41,0.79,0.29,30.85
30.67,4.19,93.7,28.35,778.26,-76.34,0.11,0.29,-0.27,-0.53,30.27
30.42,4.37,93.4,29.02,777.43,-77.96,0.003,-0.15,0.47,-0.28,30.45
30.42,4.59,92.1,28.57,771.68,-77.97,0.036,-0.46,0.37,0.51,30.9
30.53,4.31,92.7,28.64,763.66,-77.71,0.003,0.87,0.59,0.54,29.96
30.34,4.7,92.7,28.82,753.63,-75.55,0.0,1.39,0.79,-0.24,30.14
30.2,4.72,94.2,28.56,760.3,-80.14,0.045,0.23,-0.88,0.37,29.89
30.18,4.7,92.4,28.08,771.03,-76.66,0.001,0.18,-0.03,0.89,29.95
30.33,4.21,92.5,28.1,758.77,-74.18,0.016,0.14,-0.74,0.27,30.33
30.37,4.07,93.8,27.82,749.91,-74.92,0.039,-0.0,-0.44,-0.91,29.44
30.26,4.2,90.6,28.36,750.76,-74.89,0.034,-0.88,-0.06,-0.11,29.24
30.3,4.54,90.4,27.9,732.56,-77.16,0.001,-0.44,1.06,0.07,29.82
30.02,4.52,90.8,27.77,726.92,-73.78,0.001,-0.02,0.81,-0.64,29.97
30.0,3.42,90.9,27.9,720.16,-77.63,0.014,0.54,-0.49,0.0,28.67
30.42,4.3,90.7,27.64,721.96,-76.17,0.062,-0.2,0.33,-0.0,29.0
30.27,3.5,90.3,28.03,714.48,-76.13,0.069,0.95,1.37,0.03,29.15
30.18,4.21,89.5,27.79,726.21,-78.65,0.02,0.66,-0.72,-0.27,28.92
29.97,4.07,91.0,27.66,704.74,-80.03,0.005,-0.02,0.83,-0.58,28.83
29.99,3.99,89.6,27.15,696.77,-75.84,0.041,-0.11,-0.41,0.04,28.67
29.98,4.52,90.7,27.42,719.48,-78.63,0.012,0.17,0.18,-0.37,28.22
30.11,4.09,88.7,27.23,690.74,-77.48,0.111,0.35,0.31,0.44,27.35
29.96,4.3,90.8,26.51,691.94,-76.83,0.045,0.05,0.49,0.47,28.23
29.94,4.05,87.7,26.72,690.04,-77.56,0.003,0.13,0.36,0.09,28.01
29.83,4.38,88.7,26.62,669.24,-76.61,0.047,0.59,-0.63,0.48,27.36
29.91,4.67,87.7,27.07,688.01,-77.02,0.056,-0.02,-0.02,0.46,27.54
29.81,4.16,88.3,26.27,677.06,-77.01,0.015,0.56,-0.48,0.46,28.02
29.75,4.65,87.2,26.45,681.28,-77.37,0.004,-0.19,0.09,0.13,27.44
29.62,4.51,86.0,26.6,653.89,-80.22,0.022,-0.47,0.27,-0.59,27.44
29.66,4.55,86.9,25.68,656.65,-78.1,0.042,-0.31,0.7,0.34,26.78
29.51,4.47,88.5,25.96,651.03,-77.53,0.181,-0.19,-0.82,0.37,27.29
29.6,4.85,86.2,26.43,648.25,-74.93,0.071,-0.69,-0.07,-0.33,27.79
29.58,4.87,87.1,25.03,626.04,-77.87,0.075,0.32,1.05,-0.04,26.95
29.25,4.68,86.5,25.22,636.68,-78.86,0.041,-0.35,-0.81,1.04,26.76
29.48,4.83,85.9,25.38,616.31,-77.71,0.045,-0.56,-0.07,0.53,26.52
29.33,5.05,87.6,25.27,629.18,-79.85,0.014,0.19,-0.51,0.46,26.0
29.5,5.04,85.5,25.05,599.36,-76.83,0.004,-0.95,0.68,0.19,26.48
29.48,4.85,85.6,25.03,597.2,-79.21,0.192,-0.02,0.24,-0.85,25.89
29.32,5.35,85.3,25.13,619.01,-79.55,0.001,-0.19,-0.77,0.24,26.46
29.41,5.32,86.3,24.56,600.5,-81.49,0.022,-0.64,-0.26,-0.53,26.32
29.38,5.75,83.6,24.37,591.28,-80.16,0.032,0.32,-0.92,-0.1,25.23
29.25,4.71,86.4,24.45,609.11,-79.71,0.021,-0.34,0.9,0.45,25.59
29.43,5.46,85.6,24.79,594.97,-77.13,0.021,0.44,0.84,0.82,24.89
29.13,5.66,84.5,24.15,595.76,-80.45,0.019,0.19,0.26,-1.21,25.42
29.37,5.69,84.4,24.15,580.79,-80.09,0.027,-0.29,-1.05,0.54,24.44
29.14,5.38,83.5,23.09,604.72,-79.07,0.019,1.06,0.57,-0.58,24.73
29.03,5.12,83.6,23.43,567.43,-81.5,0.025,0.11,-0.7,-0.96,24.68
29.07,6.06,83.6,22.92,586.54,-81.1,0.002,-0.19,-0.62,-0.56,24.62
28.95,5.52,82.4,23.2,564.19,-78.58,0.015,1.08,-0.09,0.23,23.75
29.15,5.65,84.1,23.54,544.04,-82.92,0.091,-0.21,0.41,-0.04,24.18
28.84,6.44,82.9,22.45,561.29,-81.83,0.023,1.54,-0.32,-0.16,23.93
29.17,5.51,82.6,23.36,555.58,-80.38,0.101,0.37,-0.56,0.19,23.23
28.87,6.21,81.6,22.61,537.98,-80.48,0.013,1.08,0.01,-0.48,24.0
29.06,5.81,83.1,22.78,535.44,-77.26,0.002,0.69,0.22,0.07,24.03
28.94,5.88,82.0,22.69,540.68,-81.09,0.001,-0.35,-1.12,-0.01,23.26
28.95,6.24,81.4,22.89,540.81,-82.38,0.07,0.32,-0.46,0.61,23.04
28.83,6.47,80.8,22.26,509.09,-82.26,0.01,0.93,0.95,0.39,22.8
28.92,6.63,81.4,21.62,540.93,-80.07,0.009,1.32,0.26,-0.18,23.82
28.88,6.74,80.4,22.15,522.17,-82.92,0.069,0.14,1.01,0.34,23.04
28.67,6.28,81.5,20.73,510.64,-82.33,0.005,-0.77,0.38,0.48,22.25
28.71,6.22,81.7,21.22,530.34,-80.8,0.017,0.29,0.5,-0.15,21.76
28.74,6.54,80.7,21.21,517.78,-82.77,0.089,-0.3,1.22,0.86,22.1
28.7,6.82,81.1,20.55,527.41,-81.56,0.03,-0.41,-0.23,0.87,21.98
28.93,6.72,81.7,21.76,516.98,-84.87,0.099,0.57,-0.28,-0.3,22.12
28.77,5.77,80.5,21.52,510.08,-84.22,0.008,-0.22,0.42,-0.06,21.92
28.66,6.38,80.5,21.1,506.2,-83.68,0.01,0.19,-0.24,0.48,22.24
28.69,6.93,80.5,21.18,510.32,-85.14,0.034,-0.44,-0.91,0.32,20.59
28.68,7.32,80.0,20.86,499.27,-84.81,0.15,-0.17,0.45,0.38,21.78
28.69,6.86,80.0,20.93,492.94,-84.22,0.034,-0.52,-0.31,0.3,21.82
28.59,7.42,79.6,20.97,505.77,-80.2,0.039,0.93,0.34,0.32,20.64
28.62,6.81,80.5,19.93,496.58,-82.92,0.006,-0.44,0.74,-0.1,20.91
28.8,7.4,80.1,20.66,496.86,-82.4,0.051,0.17,-0.5,0.3,20.98
28.73,7.47,80.6,20.65,506.08,-82.75,0.038,0.49,0.56,0.31,21.28
28.68,7.59,80.9,19.96,492.85,-87.3,0.019,-0.14,0.52,-0.15,20.83
28.7,7.2,79.2,20.01,493.1,-83.82,0.025,0.47,1.11,-0.73,20.9
28.69,7.1,79.3,19.74,486.07,-84.92,0.029,0.26,0.02,-0.04,20.53
28.68,7.83,80.6,20.05,495.65,-86.63,0.003,0.91,-0.32,-0.52,20.8
28.76,7.21,79.8,20.01,494.27,-83.69,0.104,0.46,0.13,-0.31,20.45
28.76,7.49,80.1,19.88,499.36,-87.25,0.028,0.67,0.77,-0.03,20.29
28.52,8.18,80.1,19.48,484.31,-84.63,0.024,0.39,0.84,-0.34,20.65
28.7,7.86,79.3,20.18,485.42,-85.17,0.023,-1.23,-0.6,0.14,20.88
28.54,7.97,80.5,19.44,497.98,-86.16,0.116,-0.63,-0.22,-0.77,20.6
28.8,8.08,80.3,19.8,492.8,-83.49,0.072,0.43,0.06,0.8,20.36
28.82,8.11,79.3,19.84,481.59,-85.33,0.009,-0.98,-0.37,-1.19,20.82
28.67,7.97,80.1,18.93,504.25,-84.81,0.001,0.24,-0.25,-0.68,20.2
28.74,7.74,80.2,19.61,474.89,-84.24,0.043,0.49,-0.16,-0.18,20.32
28.51,8.84,80.9,19.9,500.56,-84.13,0.008,0.53,0.88,-0.99,20.8
28.89,7.98,81.3,19.44,481.07,-85.28,0.005,-0.57,-0.37,-0.7,20.15
28.87,8.19,80.5,19.74,513.73,-86.89,0.213,0.32,0.91,0.88,20.09
28.94,8.25,79.2,19.17,480.74,-85.79,0.015,0.3,-0.03,0.05,20.6
28.99,7.97,81.2,19.77,509.16,-84.59,0.041,0.19,-0.17,-0.64,19.9
28.68,8.02,82.5,19.0,498.44,-86.73,0.011,0.08,0.12,-0.26,20.79
28.95,8.61,81.5,19.39,497.34,-85.2,0.001,-0.17,-0.55,0.11,19.54
29.04,7.96,80.8,19.84,504.77,-86.95,0.008,-1.0,-0.24,-0.95,20.36
28.7,8.31,81.4,19.83,511.29,-84.84,0.002,1.04,0.25,-1.17,20.09
28.88,8.46,81.9,18.98,498.12,-86.26,0.004,0.44,-0.91,0.27,20.51
28.88,8.13,81.5,19.38,501.34,-87.8,0.048,0.28,-0.59,-0.2,20.99
29.05,8.17,82.6,19.27,518.47,-82.37,0.078,0.31,0.73,-0.06,19.97
28.68,8.48,80.8,19.92,497.51,-86.14,0.099,0.83,-0.55,-0.1,19.92
29.21,8.15,81.5,19.52,511.48,-90.18,0.015,-0.74,0.03,0.19,20.98
29.0,7.56,82.4,19.63,550.6,-87.86,0.01,-0.78,-0.59,-0.14,20.48
29.15,8.63,82.7,19.79,513.52,-84.48,0.047,-1.14,1.13,-0.01,20.59
29.06,7.87,81.9,19.25,537.81,-85.34,0.019,-0.24,0.92,-0.23,20.58
29.15,8.21,82.2,19.83,523.72,-84.81,0.052,0.08,-0.33,0.26,20.6
28.84,7.73,82.2,19.43,538.04,-87.19,0.056,-0.01,0.54,-0.13,20.45
29.1,7.95,82.3,19.67,542.97,-85.53,0.099,-0.99,-0.31,0.07,20.79
29.27,7.95,83.5,19.75,551.32,-87.18,0.012,-0.69,0.74,0.71,20.63
29.24,8.11,83.3,20.14,541.73,-86.28,0.01,1.09,0.1,0.66,21.45
29.03,7.76,84.6,19.77,567.43,-88.77,0.023,-0.16,-0.52,-0.45,20.92
29.27,8.59,82.9,19.96,545.56,-87.27,0.02,-0.2,0.56,-0.15,21.75
29.19,7.96,83.8,20.32,557.8,-90.74,0.09,0.56,0.34,0.37,21.59
29.21,8.18,84.7,20.78,562.02,-87.09,0.012,0.67,-0.25,0.72,21.02
29.17,7.88,84.7,20.54,552.53,-88.25,0.039,0.18,-0.64,-0.48,21.1
29.46,8.14,83.7,20.87,565.17,-86.67,0.013,0.23,-0.1,0.77,21.55
29.55,7.16,85.8,19.83,574.0,-88.65,0.0,-0.72,0.0,0.43,21.45
29.7,7.54,85.1,21.18,572.5,-87.13,0.002,0.24,-0.47,-0.45,21.57
29.3,7.54,86.8,20.48,605.73,-82.31,0.005,0.38,-0.64,0.17,22.32
29.61,7.49,85.4,20.67,577.51,-87.28,0.016,0.59,-0.14,0.15,22.21
29.65,7.75,86.7,21.68,602.33,-87.91,0.035,-0.33,-1.2,-0.39,22.72
29.51,7.71,85.7,21.17,603.8,-86.83,0.014,0.62,0.12,0.31,21.93
29.51,7.46,86.1,20.96,599.84,-91.53,0.05,0.58,-0.19,-0.14,21.75
29.52,7.41,86.9,21.13,596.13,-87.57,0.085,-0.26,-0.94,-0.46,22.33
29.62,8.09,85.4,20.99,601.94,-87.06,0.078,0.51,-0.48,0.59,23.19
29.74,7.4,85.4,21.6,609.33,-86.66,0.001,-0.5,-0.03,-0.53,22.65
29.92,6.57,86.7,21.61,601.57,-85.34,0.001,-0.87,-0.39,-0.29,23.7
29.92,7.4,86.5,22.09,614.34,-86.31,0.043,-0.28,-0.12,0.91,22.97
29.63,7.27,86.0,22.59,614.52,-88.6,0.029,0.13,0.41,-0.34,23.57
29.76,7.38,88.6,21.68,647.8,-89.67,0.011,-0.28,-0.25,0.93,23.47
30.05,7.15,87.6,22.47,645.54,-85.31,0.074,-0.93,0.71,0.44,22.85
29.84,6.63,88.2,21.86,652.23,-87.7,0.001,0.26,-0.16,-0.32,23.53
29.95,7.09,88.9,22.69,655.29,-86.3,0.009,-0.09,0.33,0.35,24.14
29.79,6.78,89.4,22.27,656.09,-84.44,0.009,-0.64,0.5,0.68,24.08
30.17,7.0,89.5,22.35,674.05,-86.23,0.003,-0.12,-0.37,0.81,24.08
29.83,7.07,89.7,23.86,658.35,-88.92,0.025,-0.4,0.99,0.34,24.35
29.9,6.5,90.1,23.87,670.52,-86.05,0.005,0.01,0.06,0.12,24.64
30.25,6.72,89.6,23.01,681.91,-86.85,0.032,-0.13,-0.79,0.0,23.65
30.39,6.69,89.7,24.08,666.18,-88.53,0.035,0.28,-0.55,-0.01,24.68
30.16,6.36,88.6,23.55,715.28,-84.91,0.031,-0.14,-0.49,0.93,24.74
30.22,6.82,91.2,23.23,689.49,-85.78,0.041,-1.22,-0.2,-0.55,25.5
30.37,6.47,90.4,24.09,695.48,-83.36,0.156,-0.51,-0.25,0.52,25.69
30.32,5.91,92.8,24.34,711.44,-86.1,0.049,-0.53,-0.95,-0.55,25.62
30.27,6.09,92.0,24.42,712.78,-87.15,0.018,0.12,0.03,0.59,25.76
30.29,6.19,92.4,23.72,708.72,-85.47,0.01,0.0,0.76,0.02,25.08
30.19,6.43,92.4,24.06,714.29,-86.35,0.007,0.61,0.34,-0.04,25.68
30.44,5.97,92.5,24.94,702.54,-83.9,0.055,-0.07,0.55,0.17,26.06
30.43,5.8,92.7,24.36,716.54,-85.6,0.046,-0.63,-0.63,0.7,26.32
30.41,6.02,93.0,25.27,731.73,-86.64,0.004,0.1,-0.5,0.52,26.53
30.37,5.5,92.9,24.93,735.37,-85.27,0.086,0.37,-0.59,0.21,25.91
30.41,5.2,92.4,24.63,747.44,-85.0,0.023,-0.16,0.3,-0.26,27.24
30.62,5.64,92.2,24.89,738.23,-85.04,0.004,0.46,-1.06,-0.33,26.59
30.68,5.24,93.6,25.66,729.69,-85.7,0.102,-0.23,0.87,0.14,26.25
30.55,6.1,94.5,25.82,758.16,-85.04,0.016,-0.01,-1.01,-0.39,27.63
30.57,5.3,93.6,26.34,765.89,-85.92,0.019,0.01,-1.25,-0.12,27.1
30.54,5.37,94.0,25.94,764.34,-84.6,0.035,-0.51,-0.81,-0.77,27.89
30.77,4.91,93.0,26.0,757.46,-86.24,0.013,-0.28,-0.29,0.11,27.07
30.69,5.41,93.8,26.84,773.16,-85.92,0.001,0.09,-1.07,0.0,27.75
30.75,4.96,93.3,26.05,800.52,-81.69,0.033,0.2,-1.14,-0.35,27.67
30.77,4.88,93.6,26.38,770.78,-85.3,0.013,0.96,0.47,-0.47,28.35
30.7,4.83,94.7,26.78,759.79,-83.81,0.03,-0.39,-0.4,-0.11,27.98
30.62,4.41,94.7,26.43,770.2,-86.72,0.044,0.52,-0.92,-0.11,28.62
30.66,4.67,95.5,27.02,785.35,-84.68,0.001,0.34,-0.2,0.43,28.43
30.93,4.86,95.6,26.99,765.95,-82.71,0.031,0.49,-0.59,0.14,28.47
30.72,4.19,94.4,27.51,786.47,-83.33,0.053,-0.38,0.26,-0.21,29.22
30.77,4.91,93.7,27.08,791.22,-86.25,0.0,-0.22,0.21,0.39,29.76
30.69,4.48,94.6,27.12,805.27,-84.64,0.012,-0.35,0.46,-0.63,28.95
30.7,4.59,94.9,28.13,805.39,-82.13,0.035,-0.15,0.5,0.04,28.91
30.76,3.81,96.0,27.86,803.17,-85.13,0.055,0.33,-0.68,0.04,29.27
31.07,4.51,96.1,28.05,774.98,-82.53,0.036,0.03,-0.69,0.52,29.48
30.95,4.09,95.6,28.07,807.76,-82.77,0.053,0.52,-0.28,0.46,28.82
30.82,4.27,96.3,27.64,807.4,-85.48,0.057,-0.47,-0.49,0.02,29.24
31.01,3.87,97.9,27.63,804.55,-81.82,0.047,-1.17,-0.5,-0.03,29.14
30.87,4.05,95.8,27.73,786.18,-81.59,0.012,-0.04,-0.5,0.2,29.37
31.06,4.24,95.7,27.95,797.06,-82.75,0.008,-0.1,-0.42,-0.35,30.5
31.16,4.19,95.3,28.65,794.35,-82.08,0.02,0.15,0.0,-0.43,29.09
31.02,4.52,96.2,28.3,786.9,-83.44,0.026,0.19,0.49,0.1,30.23
30.91,3.68,96.9,28.72,807.91,-82.59,0.001,-0.87,0.6,0.83,30.01
30.98,4.21,95.6,28.75,800.69,-81.76,0.071,-1.16,-0.56,-0.05,30.33
30.9,4.18,95.7,29.09,835.49,-80.37,0.014,1.41,0.64,0.36,29.83
30.68,4.07,95.6,28.87,807.96,-81.1,0.005,0.85,0.88,-0.09,30.17
30.81,3.93,95.1,28.72,822.84,-82.25,0.007,0.67,-0.93,-0.46,30.9
30.77,4.53,96.1,28.25,794.31,-82.0,0.011,0.73,0.49,0.2,30.28
30.8,4.82,96.1,29.43,804.64,-81.19,0.013,0.19,-0.07,-0.3,31.07
31.09,3.69,95.9,29.17,810.69,-81.59,0.073,0.35,-0.92,-0.43,29.46
31.0,3.93,97.3,28.99,800.26,-81.13,0.013,-0.56,0.18,0.18,30.8
30.91,3.92,96.1,28.95,804.59,-84.94,0.008,0.08,0.67,0.2,30.63
30.95,4.15,94.9,28.28,805.94,-82.14,0.015,0.22,0.12,0.64,30.07
30.61,4.63,96.2,29.08,804.94,-78.09,0.006,0.89,-0.26,0.42,31.03
30.91,4.43,95.3,28.77,824.82,-79.89,0.02,-1.34,-0.02,0.28,30.38
30.93,4.24,95.3,28.4,808.9,-79.64,0.079,1.22,1.03,0.41,30.79
30.53,4.32,95.3,28.82,808.6,-79.6,0.041,0.46,-0.04,-0.98,30.3
30.88,4.24,95.1,29.08,807.74,-79.61,0.066,0.25,0.05,-0.17,30.5
30.6,4.59,95.4,29.13,806.86,-79.79,0.114,0.03,-0.38,0.12,30.98
30.52,4.66,96.8,28.59,798.15,-78.1,0.015,-0.16,0.84,0.5,31.63
30.89,4.61,94.7,28.52,793.86,-78.98,0.006,-0.81,-0.94,-0.74,30.31
30.6,3.81,94.9,28.88,796.69,-82.21,0.032,-0.13,0.5,-0.8,31.15
30.61,4.51,94.9,29.17,804.39,-80.53,0.033,0.23,-0.89,-0.81,31.16
30.8,4.49,94.2,28.67,801.75,-80.26,0.031,-0.11,0.19,-0.25,30.85
30.62,4.89,94.1,28.77,785.61,-75.69,0.044,0.25,-0.27,0.17,30.87
30.61,4.71,95.1,28.96,793.08,-78.93,0.007,0.14,-0.76,-0.74,30.24
30.59,4.85,93.7,28.57,780.71,-76.94,0.0,-0.75,0.92,-0.17,30.09
30.63,4.59,93.3,28.12,780.12,-79.19,0.021,-0.55,-0.07,0.22,30.24
30.53,5.07,95.2,28.89,772.04,-78.23,0.005,0.1,-1.04,-0.05,30.48
30.55,5.21,92.7,28.12,771.83,-78.54,0.001,-1.02,-0.12,-0.72,30.19
30.45,4.41,94.2,28.79,783.81,-79.29,0.018,0.77,-1.26,0.23,29.95
30.53,4.57,93.1,28.54,767.95,-79.76,0.034,0.48,-0.46,0.38,29.9
30.49,5.25,92.1,28.48,764.9,-78.28,0.023,-0.25,0.55,-0.47,29.99
30.66,5.03,92.6,28.11,745.48,-79.34,0.001,-0.36,-0.29,-0.22,30.37
30.35,5.45,92.5,28.31,753.15,-77.84,0.006,-0.16,-0.72,-0.51,29.52
30.35,5.28,91.2,28.04,750.02,-78.6,0.017,-0.05,-0.36,1.09,30.09
30.37,5.48,92.6,29.27,740.23,-76.61,0.051,-0.45,0.35,-0.03,29.98
30.43,5.12,92.3,27.91,744.73,-78.96,0.011,0.28,0.51,-0.31,29.47
30.15,5.51,91.6,28.47,736.12,-77.8,0.058,0.28,-0.09,0.13,29.69
30.26,5.58,92.0,27.82,737.02,-77.98,0.054,-0.06,-0.4,-0.56,29.95
29.91,5.34,91.6,28.01,733.16,-78.0,0.029,0.57,0.13,0.13,29.23
30.15,5.92,92.2,27.83,718.03,-76.16,0.056,0.97,-0.64,0.05,28.94
30.28,5.13,90.1,27.67,719.16,-79.88,0.032,-0.83,0.27,0.47,28.75
30.03,5.83,90.5,27.55,719.42,-80.01,0.006,0.64,-0.67,-0.76,28.68
30.11,5.45,91.3,27.6,725.91,-77.58,0.0,-0.61,-0.64,0.03,29.21
29.99,5.61,90.6,27.88,712.0,-74.12,0.027,-0.75,0.16,0.11,28.75
29.91,6.29,88.1,26.89,698.12,-76.41,0.007,-0.59,0.47,-0.22,28.0
30.1,5.74,88.4,26.55,703.98,-74.68,0.028,0.25,-0.31,0.81,29.01
29.82,5.8,89.5,26.76,712.26,-75.18,0.007,-0.68,0.84,-0.51,28.3
29.95,6.39,90.5,26.97,699.51,-78.83,0.004,-0.29,0.57,0.03,28.43
29.92,5.96,88.6,26.7,690.94,-76.68,0.016,0.09,-0.18,-0.46,28.34
29.74,6.67,89.3,27.22,687.8,-77.91,0.041,-0.8,-0.33,-0.45,27.62
29.83,6.64,88.6,27.04,689.99,-78.09,0.008,-0.29,0.09,0.88,27.32
29.66,6.28,88.7,26.25,681.38,-79.01,0.055,-0.29,-0.59,-0.22,27.28
29.81,6.89,88.8,26.82,671.29,-77.81,0.067,-0.21,1.15,0.16,27.44
29.55,6.08,88.5,26.29,671.3,-75.65,0.009,0.54,0.23,-0.56,27.54
29.63,6.88,88.2,25.75,644.78,-75.36,0.009,0.25,0.87,-0.12,27.95
29.61,6.44,86.7,25.82,635.55,-75.75,0.013,0.13,-0.51,0.31,27.41
29.74,6.72,86.9,25.65,647.11,-77.55,0.037,-0.16,0.95,-0.52,26.11
29.59,6.81,87.1,25.32,641.21,-76.86,0.004,-1.07,-0.02,-0.18,26.68
29.65,7.41,86.9,25.21,630.07,-77.69,0.047,-0.63,0.64,0.27,25.67
29.57,6.94,86.7,25.44,638.77,-74.1,0.022,0.35,0.64,1.02,26.8
29.54,7.13,84.6,25.0,606.9,-75.15,0.027,0.13,0.84,-0.39,26.18
29.4,7.09,86.7,24.89,615.23,-78.42,0.05,0.03,0.49,0.28,26.11
29.53,6.99,84.1,24.77,610.8,-75.63,0.003,0.03,-0.09,0.32,25.84
29.33,7.04,84.7,24.63,594.4,-77.65,0.06,0.08,0.34,0.26,25.8
29.13,7.5,85.2,24.86,620.85,-75.45,0.086,-0.82,-0.25,-0.24,25.33
29.29,7.46,84.8,24.1,587.5,-74.88,0.035,-0.29,-0.14,-0.44,25.48
29.33,7.75,85.7,24.32,590.45,-80.39,0.044,0.26,0.17,0.62,24.9
29.06,7.51,83.4,23.56,600.71,-72.65,0.004,0.55,-1.04,-0.68,25.23
29.11,7.57,83.8,23.75,593.44,-74.34,0.022,0.1,0.64,-0.36,25.06
29.04,7.92,82.3,23.33,571.31,-77.17,0.009,0.08,-0.37,0.57,24.98
29.26,7.62,83.8,24.2,584.69,-76.08,0.047,1.12,-0.83,-0.57,24.59
29.34,7.35,83.3,23.53,576.31,-74.91,0.047,-0.82,-0.21,-0.12,24.89
29.08,8.08,82.3,23.19,592.37,-79.06,0.014,-0.61,0.57,0.78,25.04
29.15,7.67,84.1,22.58,568.78,-75.43,0.037,1.23,-0.03,-0.24,23.54
29.12,7.93,83.8,22.57,559.12,-75.36,0.022,-0.38,-1.0,-0.37,23.49
29.22,7.76,82.8,23.2,547.85,-74.76,0.022,-0.59,1.07,-0.71,23.77
28.93,7.69,83.4,22.88,544.94,-77.52,0.033,-0.49,-0.2,-0.21,23.51
28.96,7.45,82.3,22.11,540.19,-75.71,0.026,1.2,-0.89,0.28,23.72
28.92,8.15,82.7,21.97,558.32,-74.74,0.005,0.02,-0.6,-0.26,23.57
28.95,7.06,82.7,22.98,541.06,-77.65,0.029,0.06,-1.09,0.01,23.36
29.22,8.49,81.0,22.67,542.91,-75.3,0.017,-0.34,0.5,-0.26,22.43
28.9,8.43,82.0,22.16,548.89,-77.75,0.018,0.0,-0.72,0.45,23.02
28.77,7.87,81.7,21.96,506.77,-77.17,0.048,0.41,-0.63,0.49,23.55
28.72,8.63,80.6,21.73,539.86,-79.01,0.042,1.09,1.56,-0.11,22.87
28.99,8.79,80.2,21.22,524.47,-80.12,0.038,-0.79,-0.25,0.74,22.5
28.72,8.1,81.5,21.83,525.24,-75.26,0.054,0.96,-0.33,0.08,22.65
28.89,8.31,80.8,21.34,509.7,-74.96,0.007,0.49,0.24,0.08,21.92
28.71,8.24,79.7,21.54,507.66,-76.02,0.021,0.03,-1.22,-0.83,22.31
28.63,8.65,81.2,21.03,517.45,-78.27,0.097,-0.39,0.75,-0.13,22.01
28.84,7.78,81.4,21.18,533.91,-75.6,0.003,-0.38,-0.18,-0.01,21.44
28.68,8.13,79.6,20.77,517.73,-76.49,0.083,-0.3,0.34,0.16,21.88
28.8,8.47,80.5,20.86,518.12,-76.16,0.005,0.41,-0.03,-0.34,21.69
28.8,8.43,81.6,21.01,501.46,-76.38,0.001,0.13,0.47,-0.43,21.89
28.79,8.16,79.6,20.44,495.44,-78.07,0.006,0.71,-0.35,0.7,21.51
28.69,8.57,81.6,21.23,491.84,-77.02,0.018,-0.14,0.15,0.37,21.44
28.8,8.21,79.9,20.23,493.12,-77.8,0.009,-0.12,1.2,0.81,21.32
28.6,8.15,80.1,20.39,475.98,-77.14,0.018,-0.64,-1.06,-0.47,21.22
28.41,8.31,79.0,20.74,487.92,-76.3,0.019,0.44,1.63,0.23,21.54
28.79,8.05,79.0,20.68,488.37,-78.43,0.146,-0.28,0.6,-0.06,21.28
28.72,8.06,79.5,20.25,491.19,-76.52,0.024,-0.9,-0.21,-0.5,20.54
28.63,7.78,80.7,20.11,493.38,-77.64,0.044,-0.47,-0.88,-0.14,20.79
28.52,8.86,81.9,19.96,494.96,-78.04,0.003,-0.69,-1.06,-0.68,20.21
28.46,7.8,82.1,20.35,490.61,-78.14,0.028,0.43,-0.74,-0.3,21.3
28.71,8.13,79.9,20.14,484.54,-76.92,0.01,-0.14,0.26,0.3,20.37
28.91,8.44,79.7,20.13,470.46,-78.41,0.009,0.06,-0.26,0.61,20.28
28.7,7.42,79.2,20.27,484.25,-78.42,0.159,0.62,0.22,-0.34,21.27
28.67,7.96,81.0,19.81,480.34,-75.95,0.011,-0.64,0.42,0.72,20.25
28.72,7.74,79.5,19.46,494.94,-77.23,0.062,0.72,0.21,-0.96,20.07
28.99,8.22,80.0,19.68,499.75,-76.82,0.019,-0.77,-0.93,0.19,20.68
28.83,7.36,80.6,19.54,500.58,-76.26,0.014,-1.6,0.09,-0.15,20.38
28.64,7.35,80.6,19.43,499.45,-78.46,0.005,0.83,0.06,-0.2,20.0
28.76,7.5,79.8,19.32,491.4,-75.41,0.033,-1.38,-0.88,-0.99,20.47
28.81,7.31,80.3,19.63,488.51,-78.35,0.023,1.14,-1.41,-0.29,20.57
28.66,7.26,80.0,19.65,487.42,-81.19,0.029,0.12,0.08,-0.3,20.65
28.89,7.95,79.9,19.17,481.13,-80.12,0.054,0.57,0.06,-0.68,20.4
28.72,7.32,79.8,19.51,507.58,-81.87,0.048,-0.87,-0.18,-0.14,20.66
28.65,6.98,79.6,19.97,497.53,-77.84,0.003,0.04,-0.43,0.01,20.64
28.86,7.03,81.2,19.14,488.57,-79.39,0.001,0.3,-1.36,0.07,20.13
28.86,7.2,80.8,19.89,494.68,-80.59,0.022,0.66,0.03,-0.32,21.01
28.88,7.11,80.2,19.11,496.33,-79.71,0.004,0.28,0.17,-0.03,20.61
28.81,6.77,80.3,19.56,507.62,-80.39,0.109,-0.08,-0.08,0.43,20.93
28.85,6.38,80.4,18.83,520.2,-81.56,0.033,-0.1,0.68,0.51,20.35
29.08,6.79,81.0,19.7,508.52,-77.1,0.063,-0.12,-0.54,0.4,20.78
29.02,6.71,82.6,19.43,492.09,-80.3,0.001,-0.07,-0.0,0.41,20.59
28.88,6.46,81.3,18.93,515.47,-80.53,0.018,-0.36,0.28,0.07,20.91
28.78,6.97,82.5,19.42,518.68,-80.94,0.019,0.41,0.47,0.62,20.4
28.93,6.68,83.4,20.24,520.99,-82.69,0.008,-0.53,-0.46,0.19,20.4
29.08,6.47,82.5,19.87,520.1,-83.68,0.003,0.25,-0.1,-0.12,21.18
29.01,6.25,81.9,19.76,531.8,-79.31,0.01,-0.15,0.36,-0.81,20.85
29.03,6.8,82.7,19.97,533.65,-82.04,0.034,-1.42,-0.2,-0.68,21.21
29.07,5.86,82.9,20.19,536.23,-84.82,0.001,0.78,0.88,-0.75,20.33
29.16,5.98,84.5,20.44,544.2,-83.83,0.021,-0.91,-0.79,0.28,20.65
29.3,5.92,81.9,19.87,539.48,-80.87,0.018,0.12,0.09,-0.44,20.84
29.23,6.07,84.4,20.26,542.73,-80.86,0.009,0.67,0.11,-0.39,21.66
29.27,6.11,82.3,20.29,565.31,-82.72,0.011,-0.13,-0.77,-0.2,21.73
29.26,5.43,84.6,20.25,561.11,-80.48,0.007,1.81,0.01,-0.48,21.36
29.26,5.55,83.8,20.23,567.89,-84.41,0.031,-0.11,-0.17,0.03,21.62
29.46,5.82,85.8,20.95,576.07,-80.05,0.019,-0.55,-0.22,-0.8,21.6
29.47,5.41,85.1,20.57,573.35,-85.08,0.045,1.08,-0.75,0.29,21.24
29.66,5.42,85.3,20.15,581.73,-81.91,0.037,-0.51,-0.36,0.24,21.77
29.52,5.52,84.3,19.66,561.09,-82.49,0.024,0.27,0.57,-0.1,21.5
29.42,5.11,86.8,21.11,583.43,-81.75,0.106,0.54,0.19,-0.31,21.83
29.41,5.42,87.8,20.74,584.13,-85.76,0.015,-0.08,-1.66,0.13,22.01
29.66,5.45,87.4,20.94,607.37,-83.66,0.062,0.11,-0.01,0.54,22.89
29.48,5.21,85.2,21.25,604.57,-81.81,0.019,-0.11,0.39,-0.99,22.42
29.71,5.56,86.1,22.09,593.74,-85.14,0.008,1.81,-0.68,0.29,22.33
29.56,5.29,85.6,21.82,608.57,-81.49,0.03,1.01,-0.83,-0.11,22.87
29.73,5.0,86.3,21.39,611.36,-86.75,0.02,0.55,0.09,-0.26,22.5
29.59,4.85,87.2,21.85,619.12,-86.45,0.012,0.28,0.14,-0.17,23.96
29.85,5.42,87.8,21.51,609.3,-85.31,0.056,-0.37,-0.88,-0.62,23.22
29.64,4.64,87.9,22.13,628.04,-83.18,0.002,-0.71,0.37,-0.89,22.2
29.86,4.7,86.4,21.7,627.13,-82.14,0.012,0.25,-0.01,0.3,23.02
29.83,4.61,88.0,22.19,637.23,-85.39,0.039,0.4,-0.6,0.3,24.21
29.9,4.8,88.7,22.34,632.17,-84.16,0.006,-1.36,-0.13,0.02,23.7
29.88,5.31,89.3,22.03,638.59,-82.73,0.021,-0.68,0.35,0.47,23.6
29.91,4.66,89.1,22.33,661.2,-83.8,0.014,0.11,-0.76,0.52,24.11
30.01,4.45,89.4,21.92,643.97,-81.63,0.012,-0.34,-0.61,0.33,23.47
29.91,4.56,89.1,22.69,649.73,-85.91,0.016,0.22,1.42,0.42,23.87
29.94,4.07,89.7,23.36,664.01,-83.13,0.023,-0.19,0.36,0.52,23.86
30.05,4.37,91.8,23.82,661.8,-86.29,0.011,0.3,-0.01,0.2,24.43
30.08,4.9,91.0,23.79,665.65,-84.73,0.015,0.93,-1.19,-0.12,25.39
30.04,4.56,90.5,23.28,680.51,-85.23,0.029,-0.76,-0.58,-0.05,25.14
30.31,4.7,91.1,23.56,669.33,-84.92,0.012,0.08,0.34,-0.07,25.26
30.19,4.61,90.8,23.69,679.19,-87.21,0.061,1.32,-1.4,-0.53,24.97
30.23,4.07,91.0,23.79,714.67,-86.45,0.049,-0.24,0.62,0.28,25.7
30.13,4.84,92.0,24.35,703.53,-87.14,0.005,-0.46,-0.91,-0.1,25.25
30.57,3.71,90.9,23.97,696.23,-86.77,0.057,0.52,0.52,0.5,25.64
30.64,4.33,91.5,24.82,712.59,-86.04,0.006,-0.02,0.96,-0.42,26.18
30.29,3.6,90.8,24.51,718.73,-87.47,0.004,0.69,0.54,0.9,26.01
30.56,3.7,92.7,24.21,727.59,-87.16,0.113,-0.34,-0.33,-0.39,26.57
30.43,4.49,93.2,24.73,720.89,-85.26,0.024,0.36,0.24,-0.61,26.29
30.66,3.99,93.0,25.08,736.38,-85.73,0.061,-0.25,0.45,0.18,27.07
30.53,4.57,92.5,25.4,710.61,-83.72,0.008,0.09,-0.14,0.49,26.86
30.53,3.55,92.9,25.47,724.72,-86.13,0.087,-0.07,-0.33,0.02,26.5
30.24,4.18,93.2,25.25,741.13,-83.78,0.069,0.79,0.59,0.05,26.79
30.46,3.85,94.2,25.32,746.91,-88.74,0.023,0.06,0.02,-0.23,27.07
30.6,4.13,94.3,26.25,738.53,-89.33,0.055,-0.8,-0.59,-0.42,27.7
30.64,4.7,92.5,25.8,754.17,-87.13,0.015,-0.64,-0.66,-0.06,28.2
30.49,4.79,93.1,25.54,749.17,-87.31,0.028,0.18,0.17,-0.3,27.02
30.57,4.43,94.4,25.87,756.37,-87.83,0.033,-0.52,-0.33,0.39,27.61
30.75,3.82,93.1,25.52,773.01,-87.36,0.056,0.26,0.4,0.55,28.4
30.54,3.96,95.1,25.78,775.36,-85.66,0.032,-0.59,0.08,-0.48,28.03
30.74,4.39,94.3,26.29,759.7,-87.46,0.115,-0.15,-0.57,-0.78,28.13
30.89,4.13,95.2,26.33,762.37,-85.8,0.0,-0.54,-0.44,0.58,28.56
30.8,4.61,94.8,26.5,771.99,-85.01,0.054,-0.03,-0.78,-0.37,27.93
30.82,4.95,94.8,27.14,778.87,-85.77,0.011,-0.68,0.34,-0.59,28.84
30.55,4.19,94.2,27.3,775.46,-87.24,0.004,-0.11,0.11,0.37,28.85
30.71,4.25,94.7,26.71,795.22,-87.59,0.007,0.28,0.33,0.31,28.94
31.07,4.21,95.2,27.89,790.92,-85.01,0.048,-0.26,1.25,0.46,29.41
30.76,4.53,95.2,27.38,794.02,-84.48,0.015,0.19,-0.08,-0.9,29.07
30.99,4.67,96.0,27.46,779.66,-86.52,0.033,-0.77,-0.02,-0.07,29.23
30.78,4.71,95.0,27.29,806.22,-85.79,0.032,-0.58,0.21,-0.22,29.4
30.83,5.02,95.6,27.57,768.43,-86.07,0.013,-0.36,-0.76,0.41,28.62
30.93,4.92,96.9,28.49,806.91,-87.98,0.023,-0.52,-0.72,0.03,29.96
30.89,4.84,96.4,27.5,809.71,-86.82,0.021,0.16,-0.19,-0.81,29.88
30.93,4.93,95.9,28.06,797.68,-86.45,0.017,0.86,-0.98,0.41,29.96
30.79,5.0,94.7,27.87,816.23,-84.92,0.009,-0.19,0.21,-0.31,29.97
30.76,5.02,94.8,27.52,804.21,-87.19,0.019,0.96,0.08,0.2,30.46
30.79,4.9,96.4,27.7,806.66,-88.72,0.002,0.64,-0.61,-0.39,30.09
30.84,4.8,96.6,28.53,810.46,-87.15,0.037,-0.33,-0.82,-0.44,30.0
30.87,5.27,94.4,27.79,839.81,-87.18,0.02,-0.07,-0.92,-0.1,29.47
31.02,5.15,96.6,28.03,822.12,-88.0,0.048,1.17,0.54,-0.19,29.72
30.91,5.52,95.6,28.82,816.25,-85.33,0.007,0.29,-0.83,0.52,30.17
30.95,5.45,95.7,28.84,800.52,-85.18,0.015,-0.49,-0.26,-1.56,30.4
30.91,5.51,96.7,28.67,811.34,-90.52,0.075,0.52,-0.46,0.11,30.18
30.75,5.87,96.5,28.29,801.87,-84.82,0.022,-0.06,0.11,0.07,30.37
30.88,5.23,95.9,28.34,818.16,-86.24,0.073,0.13,0.54,0.44,30.15
30.89,6.25,96.4,28.34,811.12,-86.49,0.015,0.82,-0.36,0.54,30.93
30.96,5.14,95.6,28.79,798.09,-85.84,0.079,0.22,1.1,-0.34,30.47
30.73,6.3,95.2,29.1,809.61,-89.15,0.02,0.07,0.01,0.17,31.09
30.6,6.0,96.8,28.76,799.62,-87.2,0.007,-0.09,-0.12,-0.04,30.54
30.86,5.86,96.7,29.24,808.77,-85.4,0.021,0.33,-0.44,-0.57,30.81
30.87,5.65,95.1,29.52,797.67,-85.55,0.033,-0.75,-0.04,-0.39,30.87
30.79,5.99,95.1,29.11,805.38,-86.8,0.037,-0.55,0.56,0.1,30.76
30.8,6.19,96.1,28.55,811.29,-86.14,0.022,0.66,1.13,0.32,30.26
30.89,6.38,94.8,29.03,801.8,-85.95,0.021,1.69,0.12,-0.41,30.56
30.71,6.83,95.9,29.47,796.81,-85.48,0.008,0.27,-0.64,-0.58,29.86
30.72,6.49,94.3,28.78,800.99,-82.73,0.002,0.89,-0.1,0.18,31.34
30.74,6.64,94.8,28.76,804.02,-88.17,0.002,-0.36,-1.66,-0.36,29.33
30.57,6.72,95.7,29.38,783.92,-87.1,0.014,0.24,0.55,-0.53,30.99
30.68,6.59,94.0,28.46,795.4,-85.74,0.01,-1.53,0.2,-0.35,30.67
30.67,6.7,94.1,29.02,803.63,-84.96,0.068,-0.06,0.21,0.66,29.9
30.85,6.8,94.8,28.71,793.72,-85.5,0.001,0.53,-0.65,0.58,30.67
30.6,7.09,92.9,28.74,785.94,-86.92,0.051,-0.41,-1.07,0.49,30.08
30.63,6.7,94.2,29.45,789.02,-84.65,0.021,-0.17,-0.41,0.79,30.65
30.7,6.89,94.9,28.65,784.27,-84.78,0.047,0.64,-0.51,0.15,30.4
30.46,7.22,94.5,28.82,784.27,-84.81,0.005,-0.61,-0.29,0.08,30.46
30.7,6.86,93.6,29.09,753.37,-85.92,0.069,0.33,0.51,-0.55,30.17
30.72,7.28,93.5,28.23,754.82,-84.25,0.013,-1.2,0.27,-0.11,30.78
30.48,7.14,94.5,28.91,777.03,-83.07,0.114,0.71,1.38,0.28,29.77
30.39,7.52,94.2,28.4,748.45,-83.48,0.043,-0.16,-0.69,-0.17,29.84
30.62,7.84,92.8,28.05,763.91,-86.33,0.057,0.03,0.16,-0.36,29.96
30.49,7.32,92.2,28.25,752.67,-85.96,0.001,0.33,0.06,0.32,29.91
30.38,7.77,93.2,28.37,742.42,-83.28,0.0,-1.45,0.64,-0.14,29.41
30.51,7.66,93.2,28.36,751.96,-85.19,0.006,-0.8,0.96,0.07,28.97
30.47,7.54,93.2,27.93,746.47,-86.02,0.036,0.01,-1.35,0.24,29.82
30.24,7.71,92.3,28.03,761.46,-84.92,0.028,-0.6,0.33,-1.04,29.7
30.28,8.14,91.3,27.53,729.91,-84.94,0.047,-0.82,0.98,0.34,30.15
30.28,7.75,90.1,27.67,746.28,-84.2,0.048,0.44,-0.37,-0.47,29.86
30.19,8.24,92.7,27.35,731.05,-83.95,0.052,-0.49,0.17,0.1,29.28
29.98,7.85,92.2,27.7,716.48,-86.2,0.155,-0.04,0.11,-0.17,28.87
30.01,7.5,90.1,27.33,726.58,-83.06,0.031,-0.4,-1.15,-0.54,29.47
29.92,7.92,90.6,28.24,719.67,-82.56,0.021,-0.25,0.47,0.22,28.56
30.11,7.55,90.0,27.54,709.73,-82.93,0.014,0.19,0.87,-0.63,29.13
29.88,7.93,90.0,26.72,707.34,-82.17,0.102,-0.57,0.81,0.2,28.07
30.01,7.95,89.4,26.91,693.95,-82.09,0.032,0.18,0.02,0.02,29.3
30.17,8.63,90.0,27.3,686.87,-84.61,0.037,-0.51,0.39,-1.01,27.95
30.09,8.59,88.3,27.01,697.87,-82.65,0.04,0.05,1.16,0.07,27.84
29.66,8.15,88.7,26.25,683.16,-82.0,0.01,-0.07,-0.13,0.2,27.34
29.69,8.51,89.4,26.4,679.68,-81.88,0.038,-0.95,-0.68,-0.52,27.8
29.72,8.04,86.9,26.77,678.33,-80.08,0.008,0.01,0.1,-0.49,27.98
29.64,7.75,88.5,26.54,673.21,-81.45,0.022,-0.24,-0.39,-0.0,27.42
29.54,8.34,87.5,26.48,651.27,-81.82,0.004,0.21,0.35,0.8,27.16
29.71,8.3,89.0,26.04,673.41,-80.5,0.022,-0.68,1.28,-0.66,26.78
29.76,7.92,87.7,25.7,656.74,-80.29,0.068,0.45,0.61,0.82,27.32
29.75,7.93,86.6,25.41,648.48,-81.42,0.014,-0.35,0.3,-0.18,27.33
29.55,8.48,88.1,26.05,649.78,-79.4,0.018,0.37,0.44,0.43,26.96
29.54,7.69,86.7,26.25,642.82,-80.96,0.029,1.11,-0.53,0.03,27.01
29.58,8.36,86.6,25.53,643.11,-81.86,0.209,-1.01,0.14,-0.01,26.09
29.49,8.08,86.9,25.61,635.82,-79.56,0.077,-0.65,-0.59,-0.56,26.16
29.57,8.33,85.5,24.86,632.64,-81.89,0.016,-0.46,-0.51,0.7,26.18
29.49,8.45,86.9,24.98,634.02,-78.51,0.123,0.07,0.06,-0.84,26.61
29.36,7.87,86.0,24.82,624.42,-81.26,0.041,0.1,-1.05,-0.44,26.44
29.15,7.77,84.8,24.82,609.09,-81.9,0.003,-0.41,-1.19,0.19,26.09
29.52,8.53,84.7,24.56,594.61,-81.43,0.125,0.56,1.36,0.99,25.91
29.23,8.05,83.8,25.36,617.71,-78.98,0.036,0.51,0.04,0.09,25.13
29.32,8.13,84.8,24.52,593.89,-80.98,0.031,0.69,0.27,0.6,25.32
29.02,8.28,84.2,24.54,586.83,-81.03,0.102,0.49,0.55,0.11,24.45
29.22,7.68,84.4,24.03,569.55,-80.29,0.021,0.75,0.14,-0.05,25.26
29.2,8.2,82.5,23.04,585.71,-83.6,0.006,-0.39,0.43,0.68,24.69
29.18,8.08,83.3,23.79,579.29,-77.61,0.01,-0.42,0.19,-0.44,25.45
29.5,8.29,82.7,23.87,558.2,-81.53,0.026,-0.64,0.65,-0.93,24.57
29.03,8.24,83.7,23.82,573.51,-77.52,0.008,0.29,0.42,0.2,24.01
29.18,7.78,82.6,23.16,559.71,-77.35,0.01,0.13,0.43,0.65,24.04
29.12,7.94,83.3,22.54,587.38,-78.1,0.075,0.46,0.39,0.27,23.74
28.95,7.68,82.3,22.79,550.66,-78.82,0.016,-0.22,-0.74,-0.03,23.61
29.1,7.65,83.8,22.24,547.98,-78.87,0.047,0.83,-0.18,-0.55,23.68
28.96,7.22,82.4,23.06,539.65,-76.18,0.018,0.16,-0.26,0.21,23.14
29.06,7.43,82.9,22.63,557.34,-75.08,0.028,-0.24,0.52,0.14,23.36
29.17,6.9,81.9,22.15,537.11,-81.31,0.109,0.01,0.63,0.82,22.44
28.93,7.34,82.6,22.45,529.96,-77.19,0.001,0.97,0.36,0.04,23.15
28.86,7.72,81.0,22.57,540.77,-78.6,0.002,-0.02,-0.68,-1.32,22.64
29.0,7.49,81.5,22.19,516.51,-74.77,0.01,0.05,-0.1,-0.43,22.26
29.03,7.23,81.0,22.49,533.28,-77.55,0.021,0.21,-0.55,1.22,22.95
28.74,7.07,82.7,21.35,541.69,-78.91,0.099,0.32,0.44,-0.32,21.82
28.77,6.9,80.2,21.87,526.51,-79.04,0.014,0.16,0.76,-0.32,22.65
28.89,6.71,82.6,20.9,524.32,-77.73,0.017,0.36,-0.41,-0.88,22.46
28.78,7.17,79.8,21.95,523.87,-80.76,0.032,0.29,0.19,0.01,21.78
28.67,6.39,81.3,21.42,529.63,-79.18,0.12,0.19,0.44,0.0,21.91
28.83,6.31,80.2,20.92,522.13,-79.53,0.009,1.05,-0.09,-0.26,22.0
28.84,6.98,80.8,20.54,512.06,-81.23,0.03,-0.44,0.23,-0.15,21.88
28.71,6.69,80.3,20.64,514.48,-76.22,0.044,0.25,0.51,0.21,22.04
28.74,6.57,79.7,20.63,494.5,-76.0,0.007,-0.15,-0.3,-0.04,21.85
28.66,6.54,80.4,20.7,509.18,-75.65,0.007,-0.53,0.07,-0.88,21.87
28.59,7.01,79.9,20.52,489.57,-78.54,0.028,-0.15,-0.05,0.05,21.82
28.66,6.35,80.6,20.21,494.31,-76.15,0.045,-0.61,1.01,-0.11,21.31
28.72,6.35,79.3,20.74,465.66,-76.83,0.014,0.07,-0.75,0.15,21.05
28.53,6.8,80.5,19.66,499.16,-78.28,0.058,0.1,-0.56,0.62,21.03
28.65,6.09,80.8,20.37,487.52,-77.26,0.018,0.19,0.37,0.23,20.86
28.71,6.55,79.9,20.15,504.04,-78.6,0.02,-0.1,-0.67,0.67,21.49
28.84,5.32,79.0,20.01,495.95,-79.17,0.013,0.02,-0.15,0.85,20.54
28.66,5.53,81.4,20.16,502.56,-77.75,0.008,-0.46,-0.3,0.13,21.22
28.55,5.61,80.4,19.64,479.92,-77.35,0.008,-0.28,1.1,0.14,20.51
28.68,5.91,79.4,19.54,500.73,-75.11,0.036,-0.58,0.35,0.22,21.09
28.64,6.19,80.4,19.65,511.15,-77.37,0.016,-0.7,-0.6,-0.43,20.88
28.78,5.41,78.7,19.51,497.64,-74.75,0.01,-1.15,0.62,-0.34,20.52
28.68,5.81,81.0,19.56,497.97,-74.52,0.021,0.66,0.59,-0.13,20.59
28.4,6.12,81.8,19.85,491.98,-75.94,0.001,0.76,-0.39,-0.92,20.01
29.17,5.85,80.8,19.6,485.42,-76.84,0.022,-1.04,-0.11,-1.0,20.64
28.76,5.19,79.4,19.53,498.81,-77.64,0.027,0.15,0.84,-0.33,20.76
28.76,5.5,78.7,19.57,476.83,-77.42,0.083,-0.68,0.06,-0.41,20.89
28.58,5.28,81.4,19.35,488.57,-75.06,0.035,-0.31,-2.19,0.32,20.2
28.6,4.92,80.3,19.76,476.04,-74.81,0.018,-0.11,-1.16,-1.03,21.2
28.78,5.18,80.2,19.62,487.87,-76.54,0.024,-0.33,-1.61,-0.04,20.18
28.84,4.85,81.5,19.41,502.64,-75.78,0.12,0.57,-0.17,0.16,20.12
28.9,4.97,80.2,19.01,502.74,-78.28,0.005,1.57,0.04,0.23,20.23
28.86,4.46,81.4,19.86,499.81,-76.83,0.032,-0.79,0.38,0.43,20.24
28.71,4.29,80.9,19.63,502.76,-75.43,0.04,0.52,0.27,-0.23,19.74
28.56,4.68,81.2,19.61,484.11,-76.98,0.015,0.31,-0.55,0.08,19.88
28.87,4.81,82.4,20.01,501.3,-77.85,0.009,-0.02,0.03,-0.12,19.86
28.84,4.33,80.9,19.68,500.41,-77.36,0.011,-0.49,0.02,-0.45,20.47
28.77,4.77,80.9,19.44,502.97,-78.2,0.014,-1.18,-0.25,-0.4,21.0
29.04,4.58,81.4,19.3,518.03,-77.62,0.008,0.27,1.11,-0.76,20.17
28.78,4.72,80.7,19.32,506.05,-74.84,0.015,0.08,-0.69,0.06,20.43
29.06,4.77,82.6,19.64,511.35,-73.94,0.043,0.06,0.17,-0.12,20.2
28.85,4.85,82.7,19.92,499.41,-73.56,0.027,0.44,-0.61,-0.39,20.84
29.06,4.6,82.2,19.97,520.34,-76.43,0.041,0.29,-0.88,0.41,20.73
29.18,4.29,81.6,19.19,515.54,-76.34,0.091,-0.01,-0.78,0.25,21.06
29.05,4.41,80.3,20.05,530.46,-75.05,0.008,0.44,0.14,0.43,20.35
29.32,5.02,82.1,19.68,523.53,-78.12,0.012,0.06,-0.9,0.03,20.81
29.37,4.6,82.7,19.64,537.57,-77.47,0.012,0.04,-0.76,-0.39,20.8
29.2,4.3,81.6,20.04,538.68,-77.34,0.034,0.79,0.52,-0.36,20.9
29.27,4.21,85.3,20.25,560.55,-74.31,0.016,0.04,0.16,0.3,21.45
29.36,4.06,83.9,19.62,552.62,-77.15,0.01,-0.94,0.64,-0.64,20.91
29.33,3.87,84.2,20.2,533.16,-74.65,0.03,0.55,-0.22,-0.21,21.05
29.34,4.73,83.8,19.64,542.92,-77.57,0.072,0.54,0.13,0.14,21.01
29.26,4.35,84.8,20.57,560.23,-78.17,0.011,-0.06,-0.02,-0.42,22.29
29.15,3.82,84.1,20.0,554.57,-74.09,0.037,0.72,-0.12,-0.11,21.15
29.22,4.16,84.5,20.55,538.46,-76.42,0.016,-0.31,0.35,-0.54,21.88
29.7,4.58,86.0,20.45,586.0,-77.82,0.066,0.0,-0.72,-0.26,21.2
29.49,4.07,86.0,20.48,584.14,-79.42,0.026,0.78,-0.32,0.89,22.05
29.45,3.97,85.3,20.08,586.66,-77.8,0.015,-0.19,0.89,-0.7,21.52
29.67,4.33,87.2,20.4,579.95,-74.25,0.048,-0.24,-0.37,0.4,22.17
29.46,4.43,85.7,20.97,594.94,-77.63,0.022,0.06,1.09,0.05,22.36
29.65,4.11,85.6,20.79,588.31,-80.96,0.033,0.51,-0.11,-1.84,22.33
29.63,4.08,86.4,21.12,602.16,-77.87,0.036,-0.71,0.62,-0.69,22.77
29.71,4.42,86.8,21.07,595.7,-76.14,0.082,0.67,-0.2,-0.33,22.81
29.65,3.97,85.8,21.38,624.92,-77.85,0.002,0.64,-0.91,-0.43,22.49
29.6,4.17,87.4,21.18,598.93,-76.69,0.019,0.82,0.43,-0.16,23.1
29.66,4.32,89.0,21.56,631.88,-77.02,0.025,-1.03,-0.15,-0.02,23.14
29.69,4.61,88.3,21.76,624.89,-78.11,0.073,0.69,0.96,0.99,23.57
29.82,4.29,88.3,22.0,624.59,-78.96,0.003,0.08,0.38,-0.29,22.76
29.67,4.63,88.4,21.49,636.14,-78.74,0.008,-0.16,-0.25,-0.57,23.53
29.74,4.84,87.5,22.28,646.82,-78.75,0.082,-0.2,0.52,-0.86,23.68
29.94,4.38,87.7,22.01,658.17,-80.53,0.02,-0.16,-0.99,-0.29,23.64
29.95,5.54,88.9,22.06,652.66,-77.54,0.033,0.33,0.09,-0.88,24.37
30.02,5.05,88.7,23.11,645.65,-79.4,0.024,0.08,0.57,-0.34,23.82
30.02,4.75,88.1,23.08,660.14,-76.81,0.069,0.06,-0.27,-0.8,24.55
30.37,4.67,89.2,23.16,682.76,-76.67,0.003,-1.41,-0.3,-0.79,24.13
30.11,4.61,90.1,23.04,683.07,-79.34,0.002,-0.36,-1.11,0.24,25.11
30.08,5.32,90.5,23.06,683.66,-78.89,0.018,0.12,0.86,0.03,24.91
30.17,4.94,89.6,23.93,687.48,-79.77,0.069,-1.42,0.01,-0.23,24.28
30.32,4.51,90.5,23.61,691.44,-81.39,0.028,0.46,0.22,0.06,25.52
30.22,4.48,91.1,23.4,700.93,-80.08,0.036,-0.2,0.33,-0.27,25.46
30.34,5.09,90.0,23.52,689.62,-79.34,0.066,-0.27,0.3,0.2,25.43
30.34,5.16,90.6,24.12,685.45,-78.64,0.005,-0.01,0.41,-0.34,25.3
30.29,4.91,91.4,24.04,704.45,-76.88,0.029,-0.7,0.66,0.39,25.38
30.36,4.8,90.9,24.68,700.29,-80.66,0.006,-0.73,0.31,-0.0,26.09
30.57,4.73,91.6,24.49,702.57,-81.15,0.046,0.44,-0.63,0.41,25.43
30.44,5.16,94.1,24.2,710.5,-78.65,0.044,0.39,-0.48,-0.45,25.94
30.32,5.35,91.1,25.42,747.08,-84.25,0.002,-0.33,-0.3,-0.61,26.65
30.43,5.74,93.7,24.56,728.04,-81.76,0.086,0.49,-0.45,-0.57,25.97
30.24,5.56,93.0,24.64,734.67,-78.71,0.015,0.59,0.42,0.13,26.15
30.54,5.99,91.9,25.18,723.12,-81.95,0.004,-1.2,-0.22,-0.17,27.06
30.7,5.93,93.7,25.52,721.11,-81.47,0.008,0.48,0.45,-0.0,26.9
30.41,5.97,93.3,25.19,735.48,-80.81,0.071,-0.02,-0.52,0.81,27.83
30.61,6.19,94.5,25.89,762.08,-79.92,0.02,0.62,1.03,-1.19,27.19
30.74,5.55,94.2,25.62,754.97,-81.14,0.034,0.6,-0.39,0.5,26.85
30.77,5.88,94.0,26.79,761.45,-81.3,0.018,0.05,-0.2,-0.03,28.07
30.82,6.84,93.8,26.19,766.58,-81.87,0.003,0.24,0.71,0.48,27.24
30.46,5.62,95.1,25.83,756.9,-81.91,0.031,0.36,0.12,-0.89,27.51
30.76,6.18,94.0,26.1,780.2,-82.89,0.201,0.76,-0.22,-0.31,27.92
30.54,6.49,93.4,26.65,763.38,-83.32,0.022,0.23,-0.04,0.23,28.26
30.62,5.86,93.1,26.33,787.05,-80.02,0.008,-0.26,0.08,-0.31,28.49
30.86,6.27,93.8,26.72,780.57,-83.05,0.01,-0.27,-0.29,0.2,28.86
30.79,7.17,95.5,27.56,761.28,-82.5,0.009,-0.28,-0.47,0.55,27.57
30.88,6.69,94.7,27.22,774.59,-80.87,0.087,-0.02,0.11,0.52,28.36
30.69,6.54,94.5,27.32,767.0,-85.56,0.091,1.69,-1.03,-0.92,29.28
31.0,6.85,94.9,27.93,799.12,-84.84,0.01,0.27,-1.22,-0.54,28.62
30.91,6.69,96.0,27.08,789.74,-82.78,0.0,1.38,-0.61,-0.55,29.08
30.95,7.44,96.0,27.45,770.07,-82.86,0.011,0.71,0.3,0.25,29.76
30.72,6.7,95.7,27.46,798.33,-85.35,0.025,-0.24,-0.07,0.6,29.26
31.0,6.91,95.1,27.46,791.29,-85.89,0.051,0.16,1.17,-0.52,29.33
30.83,6.69,95.4,27.69,783.76,-85.5,0.016,0.02,1.03,-0.34,29.48
30.81,7.11,95.6,27.72,817.17,-82.95,0.02,0.02,-0.58,0.61,30.16
30.96,7.21,95.1,27.74,803.1,-82.35,0.004,0.23,-0.82,0.41,29.1
30.96,7.69,95.8,27.96,800.58,-83.37,0.026,2.17,-0.72,0.05,30.55
30.79,7.09,95.1,27.92,800.87,-86.49,0.029,0.51,0.78,1.14,29.83
31.14,7.6,96.2,28.35,790.91,-85.82,0.004,-0.16,0.95,0.08,29.87
31.12,7.53,96.3,27.98,794.03,-84.34,0.011,-0.14,0.66,-0.2,29.76
30.97,7.0,96.9,28.75,820.81,-84.16,0.01,-0.0,0.03,-0.93,29.71
30.95,7.4,96.2,28.71,803.94,-85.14,0.065,-0.08,-0.1,-1.57,29.29
30.94,7.44,96.2,28.68,809.47,-84.94,0.025,-0.25,0.02,0.79,30.78
30.71,8.23,95.3,28.43,789.21,-84.06,0.037,0.64,-0.03,-0.87,29.47
30.91,7.93,95.9,28.67,796.73,-81.59,0.016,-0.26,-0.33,-0.19,30.39
30.9,7.86,95.1,28.66,816.1,-83.19,0.015,-1.13,0.25,-0.5,30.29
30.81,6.57,94.6,28.76,813.71,-85.39,0.011,-0.37,-0.62,-1.18,30.63
30.84,7.33,95.7,28.33,827.25,-85.2,0.009,0.5,0.18,0.53,29.75
30.58,8.16,95.5,28.88,822.76,-85.22,0.1,-0.21,-0.03,0.06,30.26
30.73,8.21,96.3,28.99,806.49,-86.02,0.017,0.33,0.69,-0.57,30.81
30.96,7.78,95.0,29.41,812.83,-83.35,0.013,-0.86,0.61,-0.26,30.72
31.05,8.05,97.9,28.58,804.08,-83.49,0.013,-0.96,-0.44,-0.38,30.4
30.71,8.05,95.2,28.54,826.79,-85.13,0.014,-0.49,-0.34,-0.49,30.72
30.84,8.14,95.5,29.32,816.57,-83.28,0.006,0.21,0.71,0.65,31.38
30.93,8.0,95.0,28.46,805.47,-86.47,0.007,-0.36,0.16,-0.19,31.13
30.72,8.38,96.0,29.51,804.31,-84.97,0.033,-0.22,0.44,-0.8,31.09
30.85,8.48,95.1,29.41,815.14,-83.94,0.0,-0.11,-0.12,-0.02,30.92
30.75,7.88,94.3,29.2,804.72,-85.0,0.039,-0.66,-0.99,0.29,30.76
30.88,7.82,93.5,28.46,812.6,-83.5,0.006,0.82,0.5,-0.52,30.4
30.56,7.95,95.3,28.93,773.03,-85.27,0.046,1.02,-0.06,0.51,30.67
30.56,8.21,95.3,28.95,797.38,-86.4,0.013,0.47,0.58,0.4,31.41
30.71,8.31,94.9,29.05,785.27,-87.89,0.004,0.76,0.19,-0.33,30.96
30.67,8.44,94.3,29.12,805.51,-86.95,0.043,0.13,0.96,-0.82,30.42
30.63,8.49,94.1,28.63,800.8,-85.06,0.018,0.1,0.95,0.39,29.68
30.68,8.3,94.8,29.23,782.91,-84.89,0.006,0.28,-0.6,0.57,30.78
30.47,8.25,93.9,29.0,795.06,-89.49,0.028,0.05,-0.42,-0.48,30.8
30.4,8.67,94.7,28.95,794.53,-87.36,0.028,0.5,0.23,-0.27,30.16
30.48,8.16,93.6,28.65,774.31,-85.89,0.029,-0.49,0.27,0.23,30.05
30.46,8.32,93.4,28.81,795.03,-86.35,0.01,0.53,-0.74,0.59,29.47
30.45,8.22,93.6,27.87,766.63,-87.83,0.0,1.0,0.44,0.85,30.68
30.61,8.05,94.2,28.7,761.31,-84.46,0.042,-0.16,0.43,-0.45,29.94
30.52,8.03,93.8,29.07,768.51,-85.43,0.0,-0.56,-0.41,0.33,30.13
30.46,8.45,92.6,28.7,752.6,-83.52,0.011,0.73,0.98,0.2,29.51
30.4,8.0,92.2,28.58,753.18,-87.37,0.011,0.32,-0.51,0.37,29.28
30.29,7.88,91.3,28.54,762.51,-89.22,0.008,0.2,0.74,-0.78,30.37
30.21,7.73,92.6,28.61,744.6,-86.69,0.014,-0.27,-0.48,0.14,29.52
30.13,8.05,90.4,28.03,723.35,-83.91,0.044,0.27,0.9,-0.96,29.27
30.16,7.73,93.0,28.36,739.78,-86.66,0.045,0.05,-1.67,0.62,30.63
30.21,7.94,92.1,28.08,724.86,-86.06,0.004,0.14,0.75,0.11,29.76
30.04,7.85,90.6,27.85,736.12,-86.25,0.048,0.29,1.03,-0.01,28.96
30.17,7.62,91.9,28.2,729.99,-88.95,0.004,-0.24,0.41,-0.14,29.43
30.09,7.28,91.1,27.38,733.24,-88.43,0.048,-0.41,-0.67,0.73,28.37
30.04,7.34,90.8,27.28,723.02,-87.84,0.012,-0.72,0.18,-0.64,28.77
30.19,7.33,90.0,26.58,720.21,-87.41,0.002,-0.27,-0.73,0.01,28.43
29.72,7.24,90.4,26.96,697.92,-85.52,0.084,-0.16,0.05,0.71,28.81
29.94,7.62,88.6,27.01,707.9,-88.14,0.034,0.43,0.05,-0.15,29.17
29.67,8.06,89.5,27.03,714.74,-90.66,0.017,0.54,0.3,1.04,27.7
29.94,7.21,88.7,27.08,683.33,-88.27,0.004,-1.64,-0.17,0.78,28.98
29.97,7.18,88.7,27.11,703.33,-87.64,0.002,0.01,-0.94,0.57,28.4
29.68,7.06,88.2,26.21,674.92,-84.91,0.039,0.25,0.23,0.03,27.55
29.66,7.43,88.0,26.58,666.94,-88.13,0.085,-0.13,-0.32,0.91,27.42
29.57,7.23,89.3,26.07,673.45,-91.85,0.065,-0.01,-0.92,0.9,27.37
29.75,7.03,86.8,25.81,672.65,-88.28,0.02,0.09,-0.03,-0.47,27.16
29.67,6.6,88.1,26.25,669.6,-86.79,0.011,-0.15,0.46,0.45,27.02
29.64,6.61,86.6,26.03,645.84,-90.29,0.005,0.14,0.32,0.01,26.48
29.59,6.88,88.3,26.03,654.78,-85.86,0.012,-0.9,-0.17,0.14,26.97
29.49,6.82,87.3,25.92,638.55,-86.01,0.05,-0.45,0.08,-0.28,27.19
29.71,6.67,85.6,25.4,625.5,-86.62,0.039,-0.14,0.56,0.6,26.51
29.57,6.81,86.7,25.81,626.09,-85.84,0.084,-0.32,-0.92,0.97,26.7
29.36,6.16,85.7,24.96,622.87,-87.24,0.006,-0.49,0.24,-0.25,26.87
29.39,6.55,86.2,24.76,630.62,-87.48,0.005,0.37,-0.5,-0.33,25.66
29.33,6.46,84.7,25.12,631.97,-87.36,0.027,-0.47,0.07,0.2,25.83
29.57,6.02,86.5,24.91,600.79,-86.84,0.036,1.02,1.26,0.17,25.33
29.46,6.05,83.7,24.4,614.15,-83.27,0.013,-0.41,1.1,-0.32,25.21
29.33,6.36,84.4,24.24,594.01,-87.36,0.03,-0.18,-0.1,0.42,26.15
29.52,5.74,83.9,24.52,607.26,-85.01,0.044,-0.54,0.59,0.32,25.24
29.45,6.74,84.9,24.32,589.98,-87.53,0.037,-0.63,-0.64,0.31,25.46
29.22,6.1,84.0,23.72,580.99,-86.03,0.007,0.24,0.21,0.76,25.18
29.17,5.84,84.0,23.71,594.85,-86.03,0.026,-0.6,-0.22,0.31,25.23
29.15,5.71,83.4,23.46,576.4,-90.93,0.024,0.06,0.39,-0.06,24.85
29.05,5.95,82.6,22.89,574.59,-85.57,0.028,0.49,-0.56,-0.04,24.67
29.34,5.51,83.3,23.96,551.1,-86.72,0.018,-0.63,0.11,-0.87,23.87
28.99,5.45,82.2,23.42,578.39,-88.18,0.026,-0.95,0.56,-0.39,24.32
29.18,5.93,81.6,23.59,572.84,-85.13,0.016,0.86,-1.15,0.65,24.16
29.14,5.28,83.4,22.93,560.48,-83.77,0.057,-0.83,0.95,0.6,23.62
28.99,5.4,81.7,22.55,541.03,-85.25,0.009,0.28,-0.27,0.23,23.01
29.22,5.06,83.7,22.44,564.37,-83.62,0.003,-0.79,-1.09,0.06,23.78
28.79,5.3,83.5,22.3,541.68,-81.86,0.006,0.18,0.36,-0.55,24.02
28.95,5.33,82.9,22.28,539.98,-85.04,0.035,0.4,-0.68,-0.73,22.67
28.88,5.6,81.1,21.78,563.91,-84.51,0.011,-0.33,-0.88,0.06,23.16
29.03,4.75,83.5,22.05,530.13,-84.26,0.009,-0.88,-0.83,0.19,22.19
28.94,4.53,79.8,21.85,541.08,-83.38,0.009,-0.46,0.15,-0.51,23.2
28.67,4.83,80.8,22.22,535.89,-85.59,0.002,-0.41,0.04,-0.05,23.28
29.01,4.67,82.0,21.97,530.89,-82.82,0.091,-0.42,0.08,0.64,22.62
28.9,4.79,81.8,21.52,526.66,-82.68,0.013,-1.92,-0.14,0.19,22.78
28.7,4.9,80.5,21.7,524.57,-83.65,0.031,-0.79,-0.37,0.05,22.42
28.77,5.38,80.3,21.02,520.63,-81.8,0.039,-0.45,0.4,-0.36,21.88
28.64,4.51,80.7,20.84,514.62,-82.32,0.014,-0.07,0.12,0.93,22.09
28.76,3.94,80.7,21.13,527.61,-85.41,0.062,-0.48,-1.11,0.82,22.01
28.79,4.49,80.3,21.09,496.87,-83.62,0.037,0.23,-0.26,0.01,21.84
28.72,4.62,81.9,20.89,517.85,-82.29,0.002,-0.41,-0.91,-0.82,21.93
28.69,4.18,79.9,21.3,513.63,-81.81,0.051,0.3,0.26,0.47,21.72
28.54,4.51,81.6,20.96,510.31,-87.12,0.007,0.69,0.37,0.41,21.48
28.77,4.45,80.6,20.98,512.56,-83.31,0.015,0.17,-0.96,-0.48,21.2
28.49,4.45,81.1,20.33,498.68,-81.15,0.138,0.38,-0.3,-0.96,21.55
28.72,4.58,79.0,20.54,479.27,-81.33,0.009,-0.44,-0.35,-0.26,21.43
28.49,4.29,81.0,19.97,495.75,-85.03,0.081,0.48,0.07,-0.27,21.24
28.71,4.46,80.9,19.99,485.22,-84.0,0.045,-0.73,0.82,0.47,20.75
28.7,3.73,79.5,20.28,486.63,-81.86,0.039,-0.11,-0.32,0.31,20.54
28.75,3.96,80.7,19.77,480.49,-82.51,0.141,0.25,0.88,0.55,21.18
28.8,4.13,78.8,19.73,487.26,-82.55,0.068,-0.12,-0.06,-0.1,20.48
28.83,3.92,79.6,20.09,485.35,-82.0,0.057,0.11,-0.6,0.02,20.63
28.51,4.22,80.9,19.6,466.97,-82.29,0.002,-0.61,-0.11,-0.06,20.08
28.7,4.1,79.9,20.15,497.34,-82.29,0.014,0.45,0.47,0.27,20.82
28.95,4.07,79.8,19.67,512.3,-80.76,0.012,-0.66,-0.84,-0.01,20.09
28.73,4.47,81.2,19.63,496.06,-80.32,0.002,-0.68,0.36,0.64,20.02
28.62,4.23,78.5,19.73,488.04,-81.25,0.004,0.57,-0.61,0.62,20.09
28.71,3.88,80.0,19.55,489.74,-79.28,0.035,0.76,0.58,-0.5,20.62
28.69,4.03,80.1,19.66,486.46,-81.97,0.05,0.17,0.35,0.26,20.33
28.6,4.45,79.6,19.2,492.11,-80.84,0.029,-0.17,-0.35,-0.04,20.13
28.85,4.29,81.4,18.54,491.54,-81.13,0.046,-0.66,0.36,-0.41,21.02
28.83,4.61,79.6,18.97,484.35,-82.89,0.028,-0.65,0.46,-0.42,20.54
28.61,4.52,79.7,19.28,510.59,-79.71,0.038,-0.26,-0.16,-0.2,19.52
28.78,4.17,78.5,19.6,480.05,-78.69,0.039,-0.26,-0.34,0.65,19.96
28.73,4.74,81.5,20.17,503.42,-79.01,0.05,-1.38,0.11,-0.12,19.51
28.62,4.79,80.4,19.2,496.69,-79.75,0.011,0.23,-0.49,0.97,20.11
28.66,3.83,80.5,19.17,518.33,-82.3,0.047,-1.06,0.37,0.44,20.72
28.7,4.41,80.7,19.52,504.49,-78.85,0.021,-0.84,0.55,0.16,20.41
28.86,4.27,82.0,19.49,499.4,-76.99,0.098,-0.33,0.05,-0.18,20.24
28.83,4.39,82.4,19.51,502.57,-79.78,0.005,0.15,-0.38,-0.51,20.16
28.79,4.26,79.9,19.34,507.65,-79.31,0.13,0.06,0.1,0.62,20.5
28.88,4.27,81.0,18.76,498.16,-77.45,0.003,-0.03,-0.77,-0.14,19.73
29.04,4.86,80.6,19.55,504.4,-79.09,0.027,-0.66,0.08,-0.45,20.39
29.01,4.29,81.5,19.49,496.84,-79.37,0.034,-0.03,0.88,-0.43,20.55
29.11,4.72,81.8,18.99,508.21,-78.98,0.069,0.75,0.25,-0.09,20.01
28.99,4.33,80.6,19.78,521.25,-77.67,0.043,0.0,-0.75,-0.31,20.22
29.23,5.17,82.5,19.88,526.32,-77.35,0.003,0.39,0.41,-0.54,21.42
29.11,4.85,82.0,19.87,506.66,-81.82,0.029,-1.28,-0.56,-0.38,20.9
29.03,5.12,83.2,19.58,528.34,-77.49,0.036,0.07,-0.39,0.01,20.07
29.13,5.02,82.8,19.86,538.72,-78.15,0.007,0.5,-0.49,-0.61,20.52
29.0,4.94,81.5,19.53,534.94,-79.46,0.032,0.29,-0.3,-0.18,20.88
29.14,5.1,83.6,19.42,533.84,-76.02,0.003,0.27,-0.26,-0.43,21.9
29.25,5.6,82.2,19.94,539.76,-77.08,0.005,-0.49,-0.43,-0.06,21.41
29.3,4.94,82.5,19.53,542.29,-79.91,0.013,0.12,-0.29,-0.1,21.58
29.21,4.51,83.5,20.08,545.24,-76.74,0.007,0.62,0.31,-0.42,21.39
29.62,5.11,83.7,20.19,557.36,-75.99,0.0,-0.09,0.12,0.39,20.94
29.3,5.05,82.8,20.01,582.81,-78.8,0.029,1.05,-0.11,-0.54,22.07
29.15,5.77,84.3,21.07,556.49,-77.22,0.019,-0.68,-0.01,-0.02,21.87
29.53,5.5,84.5,20.27,565.02,-77.58,0.008,0.2,1.17,0.65,22.15
29.49,5.87,84.7,20.65,572.05,-77.33,0.007,-0.14,-0.56,0.48,22.43
29.48,5.71,83.7,20.61,570.13,-77.75,0.027,-0.95,0.1,-1.24,22.49
29.43,5.77,85.4,21.11,592.49,-77.85,0.003,0.1,-0.25,-0.42,21.98
29.56,5.89,86.0,20.77,562.37,-76.17,0.009,-0.08,-0.26,-0.14,22.22
29.74,6.36,84.7,20.56,585.41,-76.85,0.001,-0.69,-0.73,0.13,22.31
29.61,6.05,85.2,21.26,603.6,-75.78,0.044,-0.98,-0.32,-0.93,22.73
29.44,6.4,86.9,20.71,597.23,-75.25,0.112,0.12,0.1,1.01,22.63
29.24,6.46,87.8,21.05,596.76,-74.38,0.009,0.01,-0.51,-0.23,22.69
29.73,6.17,86.6,21.3,614.23,-77.86,0.019,0.04,-1.02,0.49,22.72
29.6,6.27,86.7,21.43,623.77,-74.69,0.017,0.62,0.37,0.16,22.85
29.74,6.26,87.4,21.61,621.73,-75.9,0.023,0.12,-0.7,-0.52,23.17
29.69,6.83,88.6,21.71,616.56,-76.25,0.014,-0.43,1.14,-0.76,23.71
29.72,6.24,87.1,22.04,634.11,-75.98,0.004,1.54,0.67,-0.3,22.96
29.77,6.38,87.6,21.89,630.52,-76.61,0.009,1.09,0.53,1.11,23.52
29.81,6.58,87.9,22.42,647.0,-78.76,0.048,-0.12,0.09,-0.79,23.78
30.02,6.4,87.4,22.11,659.4,-75.07,0.027,0.09,-0.16,-0.35,24.46
30.03,6.63,89.5,22.1,623.54,-75.4,0.002,-1.31,0.6,-0.45,23.78
29.85,7.22,89.2,22.29,655.73,-75.76,0.007,0.42,0.35,0.55,23.8
29.9,7.15,87.7,22.68,642.29,-78.4,0.015,-0.19,-0.14,0.02,24.87
30.11,6.9,89.5,23.31,689.08,-75.9,0.031,0.21,-0.88,0.82,24.63
30.22,7.33,91.1,23.11,664.97,-75.45,0.046,-0.82,-0.32,0.7,24.42
30.25,7.78,90.2,23.11,682.1,-73.31,0.026,0.34,0.95,1.2,25.17
30.04,7.32,91.5,23.4,679.23,-75.5,0.069,-1.14,1.04,0.82,24.16
30.31,7.71,90.0,23.14,676.48,-78.67,0.049,-1.63,0.06,-0.56,25.05
30.01,7.61,91.5,23.12,680.18,-75.26,0.019,0.94,-0.28,0.83,25.35
30.23,7.32,92.0,23.52,710.11,-74.26,0.039,-1.27,-0.1,-0.3,25.63
30.35,7.53,91.1,23.65,708.62,-76.51,0.005,-1.04,0.21,0.05,25.23
30.07,7.69,91.1,25.01,723.26,-78.32,0.013,-0.64,-0.23,0.35,25.39
30.6,7.36,92.5,24.99,709.08,-73.19,0.001,-0.16,-0.64,0.51,26.5
30.54,6.85,92.3,25.14,716.06,-75.82,0.041,-1.41,0.06,0.14,26.06
30.49,7.44,92.9,24.19,715.09,-76.81,0.08,-0.95,-0.14,0.82,26.28
30.32,7.09,92.6,25.38,719.41,-74.81,0.014,-0.82,0.42,-0.51,26.08
30.46,7.56,92.5,24.67,716.31,-77.42,0.011,-0.28,-0.76,0.04,26.17
30.59,7.32,92.7,25.64,731.95,-77.44,0.009,1.04,0.15,-0.44,26.47
30.38,8.14,92.6,25.37,727.51,-76.62,0.0,0.32,0.74,-0.15,27.33
30.52,7.56,93.4,25.01,744.02,-75.71,0.011,-0.02,-0.35,-0.53,26.76
30.68,8.11,93.2,26.09,745.43,-77.01,0.001,-0.54,-0.44,-0.09,27.07
30.42,8.21,93.7,26.22,750.63,-75.28,0.025,-0.19,-0.02,-0.89,27.96
30.66,8.23,93.0,25.42,768.43,-75.12,0.035,-0.18,-0.05,0.41,28.33
30.43,7.49,93.2,26.05,755.14,-76.23,0.013,0.2,-0.01,0.23,27.03
30.55,8.41,94.5,25.4,766.81,-76.52,0.015,0.11,-0.22,-0.26,26.92
30.62,8.23,94.5,26.08,783.37,-75.0,0.011,-0.16,-0.25,-0.02,27.63
30.77,8.36,94.0,26.21,779.43,-75.42,0.009,0.31,0.79,0.24,27.67
30.64,8.69,95.6,26.34,781.29,-77.96,0.012,0.03,-0.62,0.06,28.39
30.76,8.4,94.0,27.18,769.96,-74.57,0.025,-1.02,0.46,-0.47,28.33
30.68,7.82,95.1,26.28,778.48,-75.31,0.025,-0.77,0.6,-0.01,28.42
30.71,8.38,95.3,26.79,766.03,-77.32,0.04,-0.54,-0.52,0.03,28.96
30.94,7.74,95.1,27.26,787.1,-79.04,0.004,0.66,-0.48,-0.01,27.88
30.67,8.18,96.2,26.66,787.63,-76.21,0.096,0.52,-0.05,-0.55,28.61
30.91,8.05,96.6,26.92,787.75,-76.37,0.022,-0.09,0.06,0.21,28.94
30.83,8.2,94.4,27.74,800.29,-76.38,0.056,0.06,-0.4,-0.31,29.52
30.77,7.74,93.6,27.93,780.31,-74.78,0.002,-0.21,-0.3,-0.01,29.2
30.71,7.77,95.1,27.42,810.95,-76.97,0.013,0.09,-0.39,-0.81,29.5
30.73,8.05,94.8,27.98,805.7,-76.42,0.039,0.37,0.19,0.24,29.31
30.78,8.1,95.3,28.32,797.91,-76.24,0.003,0.17,0.36,-0.36,29.53
30.86,8.03,97.2,27.73,798.92,-77.84,0.006,-0.44,-0.02,0.29,29.53
30.96,8.57,98.0,28.25,806.85,-76.09,0.026,-0.19,-0.41,0.73,29.65
30.85,8.25,95.1,27.92,818.75,-75.3,0.02,0.11,0.19,0.32,29.87
30.87,8.21,96.1,27.68,805.89,-78.06,0.015,-0.5,1.01,-0.97,30.5
30.89,7.96,96.1,28.24,807.5,-80.27,0.005,0.16,-0.33,-0.2,30.17
30.96,7.63,96.2,28.23,807.27,-78.82,0.0,0.36,-0.14,0.23,30.0
30.98,8.01,94.9,28.07,825.79,-77.63,0.0,-0.02,-0.31,-0.66,30.38
30.73,8.52,97.0,28.34,805.0,-80.19,0.028,0.63,0.64,0.36,30.3
30.86,8.01,96.7,28.45,808.96,-78.72,0.017,0.22,-0.03,-0.24,30.53
31.04,8.24,95.6,28.69,824.29,-77.99,0.046,0.39,-1.21,-0.3,30.2
30.73,8.24,97.0,29.01,811.38,-77.19,0.012,-0.47,-0.38,-0.58,30.61
30.9,7.99,94.8,29.07,821.37,-76.78,0.0,0.75,-0.32,0.07,30.67
30.86,7.84,94.6,28.72,800.82,-77.84,0.021,0.34,0.19,0.13,29.94
30.81,7.43,96.1,28.61,807.66,-78.74,0.018,-0.1,0.03,-0.09,30.4
31.06,7.62,96.2,29.31,824.17,-79.21,0.007,0.26,-0.5,0.74,30.52
30.86,7.52,95.7,28.84,802.02,-78.8,0.159,0.01,-0.07,-0.24,30.49
31.03,7.67,96.6,28.7,806.58,-77.64,0.004,0.52,-0.1,0.78,30.23
30.84,7.09,95.1,29.0,809.8,-78.17,0.015,-0.08,0.38,0.69,29.68
30.88,7.3,96.6,28.32,796.34,-79.04,0.023,-0.22,0.1,-0.38,31.09
30.74,7.52,96.1,28.81,800.93,-77.23,0.013,-0.27,-0.53,-0.49,29.83
30.73,7.13,96.9,28.8,804.88,-79.83,0.013,0.44,-0.77,0.9,31.49
30.83,7.0,93.9,28.72,802.75,-77.83,0.069,0.24,-0.09,-0.05,30.61
30.82,6.97,94.8,29.13,813.47,-80.25,0.016,1.29,-0.9,0.34,30.43
30.82,7.06,94.4,29.38,814.32,-81.39,0.018,-0.04,0.31,-0.22,30.07
30.78,6.37,95.6,29.58,788.43,-79.74,0.021,-0.94,0.3,0.01,30.01
30.56,6.79,96.1,28.81,796.05,-82.7,0.027,0.3,0.94,0.19,30.29
30.6,7.23,94.4,28.87,799.48,-80.56,0.014,0.08,0.28,0.23,30.7
30.78,6.97,95.1,28.71,805.56,-79.05,0.08,0.09,0.07,0.07,31.16
30.42,6.93,95.6,29.11,795.1,-79.2,0.002,-0.11,-0.45,0.67,29.94
30.67,6.18,94.6,28.24,788.2,-78.52,0.008,-0.02,-0.33,0.64,30.66
30.6,6.53,94.7,28.72,789.21,-81.72,0.097,0.36,-0.04,0.03,29.74
30.69,6.55,92.4,28.92,786.4,-82.4,0.008,0.33,-0.47,-0.06,30.06
30.61,6.65,95.1,28.56,767.38,-79.95,0.058,-0.44,-1.21,1.07,30.57
30.46,6.76,93.4,28.58,775.45,-82.19,0.036,-0.14,0.45,-0.07,29.91
30.42,6.64,95.6,29.02,784.86,-80.89,0.051,0.87,-0.23,0.09,30.87
30.42,6.11,92.6,28.6,764.82,-82.89,0.033,0.72,-0.06,0.74,30.48
30.52,6.04,93.5,28.98,764.7,-82.17,0.016,0.14,0.02,0.3,30.3
30.15,6.55,93.5,29.06,757.38,-82.37,0.116,-0.0,0.78,-0.22,29.8
30.42,5.95,90.7,28.61,732.95,-81.79,0.0,-1.51,-1.32,-0.14,29.6
30.26,5.66,93.9,28.25,752.48,-82.08,0.024,-0.04,-0.34,0.12,29.67
30.36,5.84,92.9,28.82,751.38,-81.71,0.012,-0.36,0.4,0.45,29.87
30.35,6.24,90.9,27.3,739.22,-81.84,0.025,-0.72,0.41,-0.17,29.77
30.08,5.49,92.1,27.56,728.7,-81.61,0.083,-0.85,-0.59,0.09,29.24
30.22,5.56,91.9,28.28,727.24,-82.96,0.101,0.33,0.33,0.06,29.18
30.23,5.35,91.3,28.79,739.41,-81.86,0.011,-0.9,-1.04,0.11,28.74
30.19,5.83,90.7,28.06,747.13,-81.18,0.083,-0.35,0.47,-0.67,30.16
30.14,5.56,90.9,27.79,736.8,-84.6,0.13,0.11,-0.35,-0.73,28.77
29.97,5.68,91.4,27.45,705.02,-84.49,0.02,1.21,0.89,-0.06,28.34
29.96,5.8,91.1,27.7,722.43,-82.07,0.004,-0.03,0.6,-0.86,27.9
29.88,4.81,90.2,27.8,702.61,-82.07,0.107,-0.42,0.53,0.01,28.5
30.08,4.97,90.1,27.55,698.73,-83.88,0.068,0.77,0.45,0.29,28.8
29.97,5.0,89.6,27.19,695.18,-82.61,0.032,0.25,-0.66,0.43,28.46
29.94,5.09,88.7,27.41,702.06,-84.22,0.001,-0.01,-0.11,-0.58,28.3
29.71,5.16,89.2,27.03,699.74,-83.8,0.013,-0.3,0.31,0.12,28.53
29.88,4.8,88.4,26.98,684.28,-83.93,0.005,0.66,-0.38,-0.02,28.33
29.92,4.68,87.9,27.01,679.53,-83.84,0.006,0.93,-0.1,0.16,27.59
29.59,5.12,86.5,26.21,680.04,-82.06,0.035,0.94,-1.24,-0.15,27.91
29.71,4.94,87.9,26.4,676.1,-80.54,0.015,-0.61,-0.05,-0.32,27.69
29.55,4.82,88.6,26.31,677.19,-86.43,0.012,0.11,-0.49,0.33,27.27
29.66,4.03,88.7,25.72,647.57,-85.35,0.019,-0.12,-0.16,-0.48,27.93
29.56,4.99,87.8,25.62,655.59,-85.65,0.005,-0.63,0.71,0.46,26.89
29.68,4.64,86.2,25.64,639.69,-82.66,0.017,-0.93,0.91,0.57,26.82
29.62,4.49,86.8,26.08,644.83,-83.05,0.083,-0.48,-1.28,-0.75,26.7
29.73,4.26,85.8,25.5,638.06,-83.61,0.048,0.8,-0.66,0.01,27.1
29.53,4.27,88.0,25.47,634.84,-85.64,0.001,1.14,0.49,-0.4,27.01
29.54,4.16,85.9,25.39,622.31,-84.84,0.017,-0.51,-0.35,-0.36,26.95
29.4,3.79,85.6,25.35,610.46,-87.64,0.059,-1.97,-0.02,0.35,26.56
29.3,4.12,86.5,25.16,599.43,-84.26,0.009,0.23,-0.2,0.29,26.05
29.5,3.85,85.5,24.86,614.14,-84.87,0.055,1.19,0.34,0.66,26.31
29.52,4.29,86.1,24.64,606.25,-86.24,0.027,0.13,-0.91,-0.15,25.91
29.43,3.94,84.1,24.92,598.95,-84.47,0.0,-0.7,0.8,-0.4,25.55
29.33,4.48,84.9,24.21,614.13,-86.03,0.064,-0.21,-0.39,0.21,25.25
29.16,3.75,85.0,24.71,587.55,-88.59,0.068,-1.08,-0.42,0.34,25.21
29.39,4.59,82.2,23.88,605.61,-83.99,0.052,0.65,-0.6,-0.16,24.92
29.29,4.47,83.6,23.83,603.03,-83.38,0.022,0.23,0.72,-0.38,25.12
29.43,3.89,83.4,24.03,562.7,-88.11,0.039,-0.0,-0.91,-0.07,24.7
29.02,4.18,83.7,24.46,578.61,-85.74,0.004,0.27,0.5,0.2,24.82
29.24,3.94,83.2,22.8,569.24,-83.97,0.059,-0.84,0.12,-0.39,24.67
29.17,4.37,83.5,23.64,539.75,-88.26,0.089,-0.26,-0.05,-0.16,24.31
29.04,4.74,82.9,23.35,550.13,-89.53,0.012,0.71,-0.23,0.05,23.97
29.22,4.56,83.8,22.88,568.12,-86.77,0.009,-0.81,-0.1,-0.68,23.63
29.08,4.01,84.4,23.02,576.44,-86.34,0.009,0.62,-0.04,-0.3,23.79
28.89,4.26,81.3,22.33,561.25,-84.6,0.012,-0.17,0.6,-0.13,23.8
28.97,4.7,82.3,22.33,551.53,-83.16,0.002,-0.84,0.2,0.68,22.98
28.85,4.41,83.0,22.61,544.25,-85.62,0.047,0.2,0.21,-0.26,22.67
28.88,4.58,81.4,21.97,557.56,-89.3,0.012,0.9,0.24,-1.14,23.18
29.0,4.49,82.0,22.24,558.6,-86.05,0.003,-0.3,-0.19,-0.27,22.73
29.01,4.34,81.4,21.82,527.74,-86.98,0.135,0.5,-0.02,0.54,23.34
28.9,4.33,80.7,21.76,510.22,-85.37,0.007,0.4,0.44,-0.47,23.32
28.77,4.01,80.6,22.16,505.97,-89.68,0.051,-0.11,0.11,0.14,22.26
28.89,4.18,79.3,21.25,537.01,-85.48,0.02,0.56,0.91,1.01,21.85
28.91,4.17,81.2,21.52,520.3,-84.53,0.014,0.36,0.38,0.43,22.62
28.57,4.38,81.2,21.57,519.7,-86.59,0.033,-0.91,-0.86,-0.23,22.35
28.81,4.55,80.1,21.37,497.19,-85.19,0.059,-0.72,0.93,-0.73,22.3
28.76,4.53,80.5,20.96,504.93,-85.79,0.002,-0.1,0.69,-0.86,22.32
28.88,4.67,79.5,21.18,507.01,-90.22,0.001,0.63,-0.77,0.51,21.73
28.8,4.85,81.0,20.58,509.68,-86.74,0.126,-0.16,0.85,-0.19,21.7
28.8,4.58,80.1,20.66,501.39,-86.49,0.009,1.2,0.21,-0.05,21.99
28.68,4.98,81.0,21.28,492.93,-88.59,0.002,0.57,-0.9,-0.03,21.74
28.73,5.15,80.1,20.84,493.52,-86.53,0.012,-0.31,0.37,-0.87,22.27
28.83,4.99,79.5,20.52,511.66,-89.46,0.006,-1.03,-0.13,1.07,21.47
28.71,4.76,79.8,20.58,500.39,-86.95,0.018,-0.05,-0.35,-0.93,21.36
28.73,5.26,81.3,20.05,502.57,-86.31,0.064,0.13,-0.59,-1.71,21.52
28.52,5.19,81.8,20.35,486.13,-83.3,0.068,0.2,0.1,0.26,21.9
28.69,5.29,78.9,20.01,464.39,-88.3,0.011,0.27,0.55,0.09,21.28
28.46,5.63,80.8,19.88,487.67,-85.82,0.019,-0.38,0.55,-0.42,20.8
28.64,5.44,79.1,19.97,483.36,-88.73,0.023,0.7,0.01,-0.07,20.57
28.71,5.77,79.4,19.73,494.8,-85.15,0.009,-0.6,-0.01,0.04,20.83
28.79,5.32,80.2,19.92,523.6,-86.92,0.006,0.72,0.35,0.05,20.26
28.58,5.31,80.4,19.95,497.29,-85.95,0.019,-0.58,0.65,0.97,20.9
28.75,5.85,79.4,19.65,517.45,-88.13,0.016,0.08,-0.29,-0.0,20.71
28.89,5.28,80.5,18.7,495.69,-85.93,0.069,0.41,-0.71,-0.29,20.74
28.64,6.22,81.0,19.34,483.77,-87.58,0.056,0.28,-0.31,0.24,19.78
28.54,6.11,80.7,19.22,493.77,-86.83,0.033,-0.56,-1.25,0.09,20.99
28.77,5.82,79.4,19.69,508.48,-88.26,0.01,-0.59,-0.56,0.59,19.96
28.6,6.23,79.8,19.27,509.51,-87.07,0.014,-0.88,0.52,0.89,19.88
28.65,6.14,81.0,19.32,486.16,-86.07,0.006,-0.78,-0.18,-0.49,19.55
28.87,5.63,81.6,19.76,495.3,-86.45,0.009,-0.85,0.46,0.27,20.09
29.0,5.85,79.4,19.17,479.48,-84.5,0.124,0.77,0.69,-0.11,20.38
28.67,6.26,80.7,19.5,503.19,-87.16,0.024,1.09,0.28,0.61,20.27
28.71,6.29,81.2,19.2,511.79,-83.83,0.051,0.28,1.04,0.22,20.58
28.76,6.71,79.6,19.24,498.12,-86.66,0.01,0.35,0.86,-0.18,20.81
28.77,6.49,81.6,18.99,492.67,-83.63,0.016,0.43,0.76,0.22,20.85
29.08,6.09,82.6,19.22,504.71,-85.5,0.027,-0.13,0.42,-0.68,20.21
28.8,6.38,81.5,19.59,507.2,-82.82,0.002,-0.34,0.83,1.01,20.27
28.84,6.84,81.6,19.08,505.89,-85.59,0.069,-0.11,-0.01,-0.24,20.29
29.1,6.15,80.7,19.18,509.07,-88.09,0.056,-1.04,0.95,-0.63,20.21
28.99,6.34,81.0,20.22,507.89,-86.01,0.119,0.04,0.35,-0.57,21.21
29.06,6.73,81.0,19.57,522.06,-85.57,0.015,1.2,-0.29,0.13,20.56
28.86,7.19,81.0,19.63,522.08,-83.02,0.004,-0.1,-0.09,0.03,20.68
28.93,6.91,81.7,19.32,507.64,-88.01,0.034,-0.24,-0.53,-0.16,20.8
28.89,7.19,82.3,19.95,510.25,-86.63,0.004,0.35,-0.06,0.03,21.06
29.14,7.12,81.5,20.05,520.82,-84.84,0.011,-0.35,-0.37,0.54,20.54
29.21,7.14,82.1,19.46,533.87,-84.59,0.007,-0.67,0.03,0.48,20.89
29.02,7.05,82.8,20.1,531.24,-83.08,0.03,-0.51,0.74,0.33,20.99
29.07,7.56,81.0,20.25,526.7,-87.8,0.031,0.85,-0.47,-0.5,20.2
29.11,7.0,83.7,19.12,539.24,-85.81,0.012,-0.28,0.23,-1.14,20.7
28.99,7.36,83.3,20.21,536.91,-83.36,0.041,-0.82,-0.5,0.13,20.91
29.12,7.83,83.5,19.71,552.74,-84.61,0.046,0.41,0.06,0.08,21.45
29.32,7.32,84.5,20.52,551.08,-83.33,0.035,0.17,-0.85,0.31,22.54
29.16,7.13,84.5,19.85,548.51,-84.47,0.002,-0.42,-0.98,0.46,21.06
29.3,7.02,84.4,20.42,557.99,-82.6,0.005,0.31,0.54,0.26,21.14
29.17,7.91,84.4,19.68,572.93,-85.03,0.014,0.42,-0.57,0.27,21.61
29.34,7.97,84.4,20.78,558.28,-84.29,0.017,-0.71,0.49,0.32,20.84
29.32,7.7,84.2,20.51,572.29,-83.87,0.012,0.59,0.9,0.44,20.93
29.27,7.46,84.1,21.03,571.92,-84.75,0.024,-0.19,-0.73,0.34,21.7
29.55,7.84,85.4,20.43,581.33,-83.36,0.011,-0.99,0.36,0.07,21.65
29.58,8.28,85.6,20.86,575.02,-84.06,0.016,-0.96,-0.59,-0.31,22.43
29.4,7.58,85.7,21.42,587.25,-82.8,0.001,-0.41,0.76,-0.29,21.96
29.52,8.31,84.7,20.99,601.86,-82.75,0.013,0.16,0.47,0.91,21.71
29.59,7.52,83.9,21.27,586.11,-84.13,0.036,0.45,0.16,0.29,21.96
29.4,7.72,86.3,21.48,586.94,-82.05,0.021,-0.15,1.09,0.45,22.97
29.48,8.12,85.1,20.81,592.12,-82.38,0.038,-1.02,0.55,-0.22,22.34
29.84,8.39,87.0,21.29,598.18,-83.49,0.028,0.74,0.02,-1.07,22.63
29.59,8.57,88.6,22.0,620.72,-81.16,0.12,0.74,0.46,0.39,22.79
29.91,8.45,87.5,21.01,605.63,-82.16,0.009,0.14,0.29,-0.19,22.82
29.63,8.63,87.2,22.25,621.66,-80.59,0.003,-0.28,-0.19,0.34,23.32
29.9,8.23,86.9,21.79,635.8,-79.93,0.004,-0.23,0.41,-0.09,24.05
29.82,8.0,87.6,22.85,638.77,-83.57,0.009,-1.13,0.78,0.06,23.71
29.87,8.55,88.3,22.42,635.76,-79.26,0.026,-0.25,-0.26,0.49,23.97
30.15,8.61,89.4,22.12,646.55,-80.82,0.045,-0.82,0.8,-0.21,23.41
29.81,8.48,88.9,22.89,650.74,-81.04,0.001,0.15,0.13,-0.08,24.1
30.07,8.38,88.8,23.19,652.45,-82.4,0.101,-0.42,-1.39,-0.73,24.66
30.1,8.61,89.8,23.04,657.6,-80.72,0.013,1.02,-0.54,0.42,24.17
30.47,8.29,90.7,22.82,687.08,-84.43,0.052,0.83,0.28,-0.93,24.43
29.97,8.17,90.0,23.63,677.82,-82.61,0.033,-0.64,0.34,-0.47,24.89
30.06,8.38,90.2,22.94,699.51,-83.61,0.027,-0.36,0.41,-0.18,25.36
30.26,8.29,88.9,23.79,674.68,-80.89,0.003,0.18,-0.14,-1.45,25.39
30.17,8.4,89.4,22.72,683.73,-78.51,0.068,0.21,1.39,-0.69,24.57
30.17,8.07,89.5,23.76,676.15,-80.02,0.014,0.47,0.69,0.6,25.37
30.37,8.36,90.8,23.67,686.22,-79.39,0.067,-0.04,0.47,-0.02,25.16
30.26,8.32,90.5,23.54,718.15,-80.49,0.006,-1.27,-0.02,-0.27,25.43
30.21,8.1,91.0,24.63,698.67,-79.99,0.102,-0.24,-1.03,-0.76,25.2
30.44,7.78,91.0,23.57,727.78,-82.56,0.029,-0.22,1.1,0.17,25.78
30.43,8.34,91.3,24.95,700.81,-78.16,0.054,0.1,-0.28,0.58,25.71
30.37,7.57,90.6,24.08,707.29,-78.85,0.021,0.54,0.17,-0.49,26.15
30.4,7.6,92.5,25.14,718.93,-78.31,0.027,0.59,0.7,-0.66,26.57
30.36,7.9,93.1,24.65,726.15,-78.84,0.012,0.3,0.17,-1.08,26.65
30.58,7.05,92.8,24.39,740.39,-79.92,0.041,-0.13,0.55,0.65,27.05
30.48,8.22,93.2,25.06,739.96,-78.33,0.07,0.1,-0.73,0.39,26.66
30.45,7.72,93.5,25.56,735.5,-79.43,0.038,-0.41,-0.33,1.05,26.34
30.42,8.12,93.7,25.19,742.45,-78.98,0.019,0.7,0.36,0.24,27.81
30.64,8.15,94.2,25.74,744.62,-77.04,0.054,-0.24,0.02,-0.14,27.54
30.56,7.51,94.6,26.04,742.59,-77.11,0.021,-0.02,0.11,0.12,27.71
30.4,7.9,95.1,26.46,746.68,-79.22,0.017,-1.13,-0.69,0.21,27.84
30.52,7.12,92.5,26.1,769.57,-77.82,0.033,-0.13,0.69,-0.54,27.87
30.66,7.51,94.6,26.62,744.62,-76.66,0.008,0.64,0.21,-0.52,28.31
30.68,7.18,93.4,26.65,782.58,-80.37,0.019,-0.03,0.37,-0.49,27.8
30.69,7.46,95.6,26.45,766.37,-77.88,0.001,-0.28,-0.22,0.0,28.52
30.7,7.45,94.7,27.02,765.35,-77.77,0.125,0.92,0.57,-0.61,28.48
30.58,7.08,95.0,27.06,783.62,-80.37,0.098,-0.62,-0.62,0.68,28.53
30.67,7.22,95.0,26.81,794.1,-79.18,0.128,-0.53,0.23,0.76,28.41
30.93,7.27,95.2,27.25,793.33,-79.48,0.063,-0.89,-0.4,-0.39,28.84
30.93,6.97,96.5,27.21,789.94,-77.74,0.069,0.78,-0.77,0.04,28.78
30.89,7.61,96.2,27.43,798.42,-77.13,0.003,-1.1,-0.56,0.48,29.33
30.89,6.73,96.6,28.01,772.89,-79.48,0.007,-0.09,0.16,0.22,28.92
30.95,7.2,95.3,27.18,787.2,-78.34,0.033,-0.27,0.56,0.05,28.81
30.72,6.97,93.8,27.66,785.52,-77.47,0.007,0.02,-0.79,0.33,29.56
30.87,6.0,96.2,27.69,808.96,-74.34,0.002,0.72,1.89,0.43,30.28
30.74,6.93,94.8,28.06,794.81,-77.86,0.016,-0.24,-0.06,0.25,29.65
30.75,6.73,95.5,27.72,808.89,-77.02,0.079,-0.22,-0.05,-0.24,29.59
30.93,6.36,95.8,27.78,807.43,-76.39,0.164,-0.81,-0.35,0.38,30.46
31.0,6.37,95.9,28.04,794.93,-74.18,0.02,0.29,-0.46,0.25,30.02
30.87,6.33,96.4,28.32,799.02,-76.49,0.028,-0.03,-0.47,0.09,29.86
31.1,6.52,95.2,28.08,819.01,-73.98,0.013,0.04,0.9,-0.72,30.69
30.92,5.91,96.5,27.39,799.35,-78.86,0.01,0.77,0.17,0.14,29.79
30.81,6.43,95.8,28.06,809.23,-75.44,0.08,0.16,-0.55,-0.14,30.03
30.77,5.55,98.1,28.96,800.87,-77.68,0.038,-0.83,0.42,-0.17,30.37
31.02,5.28,94.7,29.07,806.12,-76.79,0.008,-0.44,0.48,-0.79,31.43
30.91,5.91,96.1,28.42,809.2,-77.03,0.009,1.45,0.88,0.08,29.99
30.97,6.04,96.5,29.28,802.08,-77.92,0.038,0.54,-1.13,-0.04,29.96
30.57,5.53,95.6,28.59,800.4,-74.62,0.015,-0.36,0.53,-0.06,30.56
30.91,4.84,95.5,28.22,812.79,-77.72,0.02,-0.62,0.93,-0.5,31.11
30.81,5.0,97.0,28.69,801.26,-77.17,0.05,-1.0,-0.34,0.31,30.91
30.7,5.51,96.5,29.1,801.21,-76.51,0.035,0.4,1.61,-0.36,30.32
30.85,5.3,95.2,28.68,799.39,-77.14,0.088,-0.16,0.28,0.04,30.16
30.98,5.63,94.6,29.12,807.3,-75.66,0.053,-0.35,-0.55,-0.23,30.38
31.11,5.2,96.1,29.03,816.66,-78.91,0.009,0.1,-0.04,0.23,30.71
30.86,4.89,95.9,28.86,821.28,-77.41,0.024,0.46,0.16,0.21,30.81
30.73,5.14,96.0,29.25,797.79,-77.18,0.009,-0.6,0.5,0.59,30.6
30.71,5.29,95.3,29.42,825.24,-77.32,0.011,1.92,-1.18,0.13,30.59
30.9,5.33,96.0,29.06,792.22,-73.95,0.041,-0.71,0.42,-0.21,30.59
30.65,4.84,96.5,29.21,811.48,-76.66,0.015,0.23,0.41,0.59,30.94
30.83,4.84,96.3,28.49,791.66,-76.73,0.02,-0.21,-0.47,-0.65,30.82
30.77,5.0,94.3,29.48,788.26,-75.74,0.033,0.02,0.68,0.1,30.92
30.74,4.49,96.9,28.79,787.46,-74.48,0.016,1.0,-0.24,0.67,30.79
30.51,4.88,95.3,28.66,792.18,-76.98,0.017,0.63,-0.26,0.82,29.88
30.63,4.55,93.5,29.26,796.16,-75.64,0.013,-1.06,0.62,-0.06,30.6
30.48,4.55,94.8,28.79,794.58,-77.96,0.018,-0.06,-0.28,0.36,30.29
30.56,4.53,94.5,28.65,775.82,-75.57,0.047,-0.61,0.31,-0.57,31.15
30.72,4.53,94.1,28.75,772.61,-76.13,0.027,-0.42,0.01,0.52,30.02
30.73,5.02,93.8,28.39,770.46,-77.68,0.002,-0.85,0.46,-0.71,29.66
30.59,4.27,94.4,28.53,775.5,-78.71,0.003,-0.87,0.0,0.14,30.69
30.47,4.26,94.2,29.08,771.38,-74.36,0.0,0.27,-0.45,0.25,30.41
30.7,4.79,93.0,29.08,760.72,-74.82,0.007,0.36,-0.76,-0.91,30.3
30.41,4.46,92.8,28.64,769.54,-75.43,0.008,-0.18,-0.0,-0.21,30.34
30.32,4.53,92.6,28.32,785.98,-74.33,0.002,-0.26,0.1,0.15,30.07
30.51,3.97,92.7,28.64,754.71,-75.51,0.035,0.29,0.55,0.16,29.84
30.45,4.33,93.4,27.76,751.71,-77.77,0.036,-0.51,0.44,-0.03,30.01
30.3,4.48,93.4,28.76,757.82,-76.11,0.023,-1.44,0.02,-0.87,29.43
30.35,4.03,92.1,28.24,742.72,-74.18,0.031,0.71,-0.31,-0.44,30.36
30.36,4.4,92.9,27.83,750.98,-77.33,0.067,0.48,-0.63,0.14,29.41
30.3,4.15,92.2,28.62,733.0,-77.03,0.008,0.04,-0.26,0.45,29.08
30.3,4.01,91.7,28.03,754.31,-76.07,0.018,0.47,0.4,0.19,29.62
30.15,4.5,92.9,27.77,735.16,-74.44,0.016,0.38,0.73,0.23,29.03
30.25,4.54,91.4,28.54,721.15,-75.77,0.052,0.25,-1.22,-0.45,29.72
30.15,4.24,90.8,27.54,717.02,-78.13,0.011,0.68,-0.32,0.06,28.33
30.06,4.34,91.3,27.88,713.26,-76.77,0.014,-0.78,-0.7,-0.85,28.35
30.05,4.62,89.5,27.75,727.55,-76.85,0.006,-0.64,0.52,0.19,28.74
30.04,4.11,90.0,27.1,696.5,-76.11,0.001,0.44,0.12,-0.44,28.82
29.84,4.35,90.2,27.23,697.81,-79.24,0.067,0.12,-0.15,-0.17,28.34
29.91,4.15,90.3,27.08,694.12,-79.28,0.049,0.25,-1.01,-0.3,28.4
29.96,3.98,89.7,26.43,694.77,-77.51,0.048,0.23,-0.02,0.43,29.06
29.75,4.19,88.2,26.24,687.37,-77.47,0.009,1.09,-0.9,0.53,27.95
29.8,3.99,88.3,26.04,670.29,-78.81,0.004,-0.44,0.38,0.09,27.45
30.13,4.49,88.4,26.51,676.28,-77.52,0.028,0.65,-0.11,0.44,27.86
29.67,4.16,88.7,26.19,674.33,-77.69,0.019,-0.55,0.29,0.58,27.35
29.73,4.0,87.2,26.08,664.07,-75.08,0.008,-0.45,1.47,-0.07,27.89
29.64,4.68,89.1,26.12,672.23,-78.53,0.045,-0.83,-0.48,-0.43,27.71
29.69,4.7,88.0,26.14,669.54,-79.79,0.005,0.52,-0.06,0.29,27.3
29.57,4.44,87.7,25.89,654.54,-75.96,0.052,-0.61,-0.81,-0.83,27.35
29.61,4.79,87.1,25.61,652.61,-79.09,0.083,-0.37,0.05,0.8,26.62
29.52,4.38,85.8,26.39,623.66,-77.75,0.041,1.65,-0.71,0.5,27.27
29.7,4.56,86.8,25.5,636.04,-76.79,0.033,-1.07,-0.72,-0.81,26.5
29.55,4.84,87.1,25.77,645.29,-76.07,0.013,-0.01,-0.03,0.12,27.24
29.38,5.08,86.1,24.84,626.01,-78.49,0.006,0.27,0.12,-0.01,26.28
29.57,4.71,86.8,25.6,617.89,-80.59,0.008,0.07,-1.24,0.28,26.07
29.32,4.7,85.7,24.79,643.09,-78.35,0.013,1.14,-0.69,-0.7,26.01
29.22,5.24,86.1,25.81,633.58,-79.27,0.018,-0.18,-0.93,0.25,26.16
29.37,5.18,85.2,24.22,615.17,-80.8,0.072,0.42,0.05,-0.28,26.34
29.57,5.11,85.3,24.16,617.04,-77.91,0.017,-0.67,-0.47,-0.87,25.74
29.09,5.48,85.5,24.31,578.58,-78.18,0.072,0.66,0.63,-0.24,26.29
29.12,5.77,83.7,24.11,588.21,-77.55,0.008,-0.35,0.11,0.67,24.94
29.34,5.36,84.9,23.67,586.68,-79.4,0.05,0.55,0.58,0.24,25.03
29.14,5.14,85.0,24.44,584.37,-82.34,0.03,0.17,0.22,0.12,24.5
29.26,5.54,85.7,24.26,577.24,-77.18,0.007,0.44,1.2,-0.48,24.58
29.06,5.21,83.7,23.51,552.13,-82.23,0.004,-0.47,-0.22,-0.48,24.36
29.15,5.9,81.8,23.83,577.04,-81.6,0.0,-0.65,-0.85,0.62,23.88
29.32,5.39,81.8,23.83,574.24,-81.18,0.012,-0.43,-0.76,-0.74,24.68
28.94,5.62,82.4,23.18,580.54,-79.63,0.009,0.27,0.5,0.04,24.38
29.18,5.5,83.9,22.8,552.43,-81.12,0.087,-0.41,-0.04,-0.5,23.83
29.11,5.88,84.4,23.34,547.49,-79.86,0.041,0.15,0.06,0.18,23.96
28.83,5.96,82.2,23.14,525.37,-82.63,0.003,0.35,0.49,-0.74,23.51
29.05,6.19,82.4,22.16,545.3,-81.43,0.038,-1.17,0.65,-0.14,23.44
28.97,6.08,80.1,22.96,553.42,-79.86,0.009,-0.16,-0.93,0.23,23.58
28.95,6.13,82.5,21.96,534.57,-79.67,0.048,-0.37,-0.89,0.24,23.22
28.96,6.02,81.9,22.32,558.5,-80.29,0.018,0.5,-0.14,-0.12,23.09
28.85,6.19,81.5,21.76,531.0,-80.94,0.007,1.18,-0.28,0.1,22.17
28.88,5.93,80.7,21.97,531.65,-82.75,0.055,-0.24,-0.26,0.26,23.13
28.89,6.84,81.1,21.82,513.27,-83.11,0.097,0.98,0.23,0.23,23.18
28.93,6.47,80.2,22.43,526.63,-80.89,0.02,0.25,-0.59,0.54,22.93
28.64,7.06,80.4,20.96,500.94,-82.05,0.016,-0.31,0.23,-0.19,22.18
28.96,6.61,80.0,21.13,524.77,-83.65,0.031,0.02,0.2,0.26,22.65
28.66,6.15,80.0,21.12,522.31,-81.12,0.008,-0.04,-1.24,-0.27,22.31
28.87,6.65,79.8,21.28,526.02,-83.47,0.083,0.55,-0.48,-0.12,21.67
28.78,6.86,81.1,20.94,499.73,-80.62,0.031,-1.15,-1.05,-0.24,21.77
28.6,6.95,79.6,20.17,509.18,-83.59,0.04,0.13,-0.52,-0.76,21.74
28.81,7.2,80.4,21.09,510.99,-83.98,0.046,0.83,0.29,0.14,20.73
28.62,7.12,79.5,21.19,507.7,-84.01,0.048,0.42,-0.61,1.17,21.64
28.86,7.04,79.5,20.77,492.69,-83.72,0.041,0.01,0.1,-0.06,21.0
28.64,6.93,79.4,20.36,475.64,-82.47,0.01,0.21,-0.16,-0.58,20.93
28.54,7.15,81.0,20.5,501.39,-83.72,0.033,-0.19,-0.73,0.21,21.32
28.89,7.51,80.0,19.91,494.91,-81.21,0.028,0.03,-0.06,0.73,21.03
28.73,7.65,79.5,20.62,489.43,-83.9,0.075,0.35,-0.33,0.13,20.68
28.81,7.25,79.3,20.34,501.56,-85.45,0.041,-0.16,0.07,0.12,21.05
28.6,7.81,79.0,19.9,492.44,-83.69,0.025,-0.82,-0.81,0.58,20.57
28.47,7.74,79.4,20.04,478.82,-81.1,0.077,-0.93,-0.05,-0.38,20.49
28.9,7.35,78.9,20.3,471.98,-84.28,0.059,0.31,0.14,0.52,21.24
28.7,7.75,79.7,20.28,479.45,-86.98,0.01,0.07,1.24,-0.09,20.77
28.76,7.83,79.4,19.78,514.26,-85.79,0.077,0.5,-0.59,-0.39,20.77
28.79,7.45,79.4,20.5,497.32,-84.12,0.019,-0.46,-0.18,0.08,21.21
28.67,7.41,81.0,20.17,491.89,-87.56,0.01,-0.67,1.45,-0.31,20.44
28.74,8.0,79.9,19.83,488.25,-82.41,0.006,0.49,0.18,-0.12,20.24
28.92,7.76,80.0,19.46,487.82,-85.56,0.035,0.18,-0.82,0.35,20.2
28.73,8.39,81.2,19.43,502.36,-89.4,0.031,-0.24,-1.33,-0.26,21.15
28.85,8.49,79.1,19.59,486.32,-81.47,0.027,-0.08,0.19,-0.43,20.34
28.51,8.15,79.9,19.45,497.7,-83.05,0.052,-0.47,-0.34,-0.18,19.98
28.9,8.32,79.1,20.06,489.3,-86.25,0.121,0.49,-0.41,0.08,20.39
28.59,7.76,80.5,19.11,513.19,-86.8,0.004,0.12,0.32,-0.22,20.07
28.91,7.69,81.0,19.6,502.38,-85.69,0.053,0.08,-0.46,-0.11,20.14
28.85,8.07,78.6,18.71,508.73,-83.18,0.038,0.42,0.02,0.7,20.95
28.8,7.75,81.4,19.54,491.9,-85.71,0.019,-0.36,0.6,0.44,20.35
28.82,8.25,81.0,19.71,509.95,-87.95,0.013,0.96,0.13,-0.39,19.79
28.82,7.93,80.9,19.91,498.01,-83.96,0.029,-0.76,0.79,0.18,20.14
28.77,8.24,80.0,19.2,504.15,-85.23,0.038,-0.14,-0.58,0.74,19.59
28.86,8.14,81.7,19.17,521.46,-88.15,0.021,0.94,-0.27,-0.22,20.05
29.17,8.39,82.6,19.79,496.88,-87.18,0.009,0.0,0.27,-0.48,20.78
29.08,8.3,81.1,19.87,511.69,-86.47,0.038,-0.16,-0.38,-0.46,20.12
28.84,8.08,81.3,19.4,516.52,-86.52,0.004,-0.01,0.25,-0.6,21.5
29.0,7.79,81.7,18.82,519.96,-84.96,0.006,0.7,0.24,0.17,19.43
29.0,8.24,81.5,19.17,513.0,-84.76,0.027,-0.38,0.82,-0.36,20.35
29.0,7.66,81.9,19.55,541.26,-85.91,0.018,-0.25,0.72,0.22,20.62
28.92,8.55,83.0,19.13,510.46,-84.9,0.028,0.43,0.59,0.3,20.65
29.12,8.32,82.3,19.93,541.13,-85.88,0.05,-0.19,-0.49,0.15,20.91
29.19,8.4,82.8,19.46,541.95,-88.15,0.048,-0.64,0.83,0.76,20.64
29.02,7.83,84.4,19.76,552.18,-86.61,0.026,-0.03,-0.31,-0.3,21.32
29.38,8.21,84.1,20.23,520.79,-87.51,0.06,-0.56,0.24,-0.54,20.4
29.36,7.88,82.3,20.04,531.58,-85.04,0.012,0.05,1.59,0.19,20.88
29.27,8.1,84.7,20.66,558.9,-87.84,0.022,-0.22,0.6,-1.46,20.61
29.08,7.72,84.6,20.54,529.03,-86.33,0.031,-0.07,0.12,-0.39,20.95
29.31,7.96,84.9,19.77,535.65,-87.83,0.018,-0.37,-1.36,-0.32,21.13
29.33,7.54,83.5,20.42,550.85,-89.33,0.076,0.48,1.12,-1.02,21.58
29.38,7.87,84.3,20.35,561.76,-86.79,0.12,0.17,0.81,-0.6,21.03
29.55,7.38,84.1,20.8,579.96,-86.5,0.0,-0.07,-0.31,-0.14,21.42
29.36,8.36,84.7,20.67,566.47,-85.42,0.05,-0.37,0.12,0.27,21.65
29.66,7.84,86.3,20.41,566.6,-85.91,0.176,-0.26,-0.33,0.69,21.81
29.5,7.75,85.2,20.85,580.23,-88.82,0.061,-0.22,0.08,-0.13,21.42
29.45,7.9,83.9,20.66,586.32,-87.03,0.065,-0.18,0.36,-0.04,22.08
29.81,7.25,85.3,20.67,590.62,-88.6,0.063,0.41,0.58,0.24,22.58
29.65,7.36,85.3,20.96,589.07,-88.22,0.002,-0.5,-0.22,-0.43,22.7
29.53,7.69,87.5,21.2,576.0,-86.55,0.006,-0.08,0.72,-1.02,22.25
29.63,7.53,85.6,21.69,591.12,-86.22,0.013,-0.07,-0.77,-0.35,22.7
29.73,7.2,86.2,21.18,619.3,-89.34,0.007,0.51,-0.14,0.24,22.57
29.67,7.55,86.5,20.81,611.82,-86.48,0.023,0.6,-0.23,-0.18,23.19
29.74,7.39,88.3,21.53,611.61,-86.5,0.009,0.28,-0.67,0.05,23.18
29.66,7.38,88.0,21.82,630.94,-88.62,0.005,0.64,0.29,-0.58,22.59
29.59,7.28,88.0,21.93,613.4,-87.11,0.006,0.35,-0.41,-0.05,23.14
29.84,6.9,88.0,21.91,627.43,-88.48,0.041,0.04,-0.19,1.12,23.08
29.88,7.01,88.2,22.46,636.05,-89.59,0.006,0.97,-0.37,0.38,23.46
29.96,6.41,88.3,22.38,635.27,-85.26,0.021,-0.32,-0.07,0.63,23.19
29.86,6.74,90.2,22.62,645.71,-85.42,0.068,0.34,-0.33,0.29,23.75
29.8,6.75,87.8,21.9,647.85,-87.0,0.023,-0.35,-0.7,-0.51,23.89
29.88,6.94,86.8,22.63,640.76,-86.02,0.007,-0.58,0.82,0.37,24.06
30.16,6.83,89.6,22.78,661.59,-88.32,0.017,0.69,0.82,0.06,24.37
29.98,6.38,90.7,23.57,651.51,-85.3,0.036,0.02,0.37,-0.6,23.81
30.04,6.3,89.9,23.09,671.44,-86.28,0.022,0.91,1.18,-0.4,24.9
30.09,6.85,88.4,23.04,688.51,-88.35,0.044,0.71,0.73,-0.18,25.09
30.09,6.29,90.9,23.17,676.91,-85.95,0.003,0.12,0.5,0.43,25.48
30.11,6.34,89.7,23.91,672.93,-85.79,0.012,0.07,-0.53,-0.28,25.04
30.12,6.46,89.7,23.52,688.26,-87.05,0.005,1.46,-0.71,0.73,25.34
30.43,6.13,90.2,23.57,686.06,-88.5,0.083,0.04,0.07,-0.2,25.82
30.37,6.03,89.9,24.34,705.14,-86.88,0.007,-1.24,0.08,-0.92,25.28
30.47,5.91,91.6,24.31,702.47,-84.38,0.048,0.77,-1.12,-0.36,25.93
30.53,5.78,91.1,24.24,725.75,-84.96,0.006,0.54,-0.45,0.08,25.6
30.1,5.9,90.8,24.01,724.93,-85.44,0.069,0.31,0.37,-0.61,26.26
30.45,5.23,94.0,24.82,716.36,-86.87,0.003,-0.01,-0.83,-0.83,26.37
30.37,5.6,91.9,25.06,729.56,-86.61,0.011,0.0,0.47,0.37,26.02
30.6,5.8,92.6,24.59,722.92,-87.02,0.004,0.17,-0.23,0.09,26.74
30.4,5.69,94.0,25.2,731.56,-85.31,0.012,0.03,0.01,0.19,26.52
30.39,5.91,93.5,25.18,731.9,-85.14,0.022,0.64,-0.4,0.5,26.79
30.37,5.67,94.7,25.06,747.38,-83.67,0.106,0.82,0.38,-0.42,27.34
30.53,5.47,92.8,25.36,758.16,-87.51,0.011,-0.55,0.54,-0.02,27.6
30.71,5.29,94.3,25.64,755.85,-85.5,0.009,0.24,-0.04,-0.81,27.49
30.65,5.08,94.1,25.34,761.01,-86.06,0.031,-0.79,0.35,0.21,27.48
30.5,5.3,94.7,26.14,764.84,-84.89,0.012,0.84,-0.21,0.76,27.91
30.92,5.19,94.7,25.83,764.85,-83.85,0.012,-0.26,1.26,-0.24,27.64
30.76,4.92,93.6,25.98,751.56,-85.76,0.097,0.05,-0.36,-0.32,28.28
30.8,4.71,96.6,26.53,783.47,-83.55,0.007,0.65,0.1,0.46,27.82
30.88,4.89,92.7,26.33,787.89,-83.65,0.004,-0.47,0.55,-0.45,28.12
30.55,5.2,93.9,26.54,770.78,-84.86,0.071,0.11,0.52,0.05,27.97
30.65,4.83,95.3,26.71,772.56,-82.86,0.03,-0.69,-1.01,-0.22,28.44
30.87,4.75,95.1,26.6,785.41,-83.43,0.031,0.05,-0.09,-0.01,29.22
30.69,4.82,95.1,26.82,787.7,-85.06,0.036,0.17,0.12,-0.62,29.35
30.77,4.79,95.7,27.11,782.93,-85.04,0.016,-1.28,-0.58,-0.93,29.52
30.81,4.67,94.6,27.23,775.09,-82.5,0.022,0.43,-0.36,0.08,28.73
30.68,4.54,96.0,27.54,793.14,-84.48,0.043,-0.66,0.85,-0.76,30.19
30.8,4.36,95.3,27.66,797.96,-82.53,0.024,-0.22,-0.56,0.18,29.7
30.96,4.78,96.7,28.0,801.92,-85.06,0.027,-0.15,-0.87,0.36,29.74
30.95,4.31,95.4,27.15,800.23,-81.78,0.089,-0.78,1.26,-0.95,29.54
31.0,4.87,96.1,28.1,795.96,-85.52,0.016,0.21,0.35,0.08,28.92
31.0,4.42,96.3,27.76,810.39,-85.39,0.011,0.03,-0.44,0.13,29.4
30.93,4.36,96.5,28.21,802.75,-83.58,0.003,-0.8,0.85,-0.09,29.58
30.93,4.54,95.9,28.19,798.93,-80.84,0.003,0.88,-0.09,0.44,29.78
30.92,4.1,95.7,27.95,803.1,-81.02,0.017,1.59,0.12,-0.17,29.75
30.82,4.44,95.3,28.77,788.63,-81.44,0.011,-0.24,-0.42,-0.62,30.0
30.78,4.29,96.4,28.58,805.3,-81.51,0.022,-0.42,1.6,-0.58,30.28
30.82,4.36,94.5,28.54,814.87,-83.27,0.002,-0.43,0.92,0.14,30.19
30.86,4.02,96.2,29.23,812.1,-84.27,0.034,-0.08,-0.53,0.28,30.15
30.82,4.01,96.3,28.19,824.47,-79.93,0.0,0.32,-0.11,0.88,30.19
30.95,3.66,97.5,28.6,807.04,-80.07,0.0,-0.51,0.05,-0.31,30.93
30.92,4.06,95.5,28.85,814.79,-83.1,0.003,0.43,-0.67,0.31,30.26
30.93,4.05,96.1,28.33,817.93,-81.2,0.001,-0.05,-0.4,0.22,30.78
30.92,4.0,96.1,28.52,833.36,-81.66,0.01,0.18,-0.16,-0.0,30.52
31.02,4.17,95.0,29.15,811.15,-82.77,0.058,-0.06,0.27,-0.57,29.81
30.87,4.23,95.8,28.67,798.87,-83.21,0.005,-0.92,-0.71,-0.37,31.52
30.98,4.37,94.7,29.18,817.25,-80.54,0.053,0.29,-0.67,0.04,31.11
30.91,4.4,96.5,28.69,826.73,-81.06,0.024,0.62,-0.52,-0.19,31.55
30.97,4.45,96.1,29.64,803.99,-81.36,0.004,0.9,0.54,-0.85,31.02
31.02,4.48,95.9,28.14,814.61,-80.7,0.068,-0.01,-0.71,0.09,30.7
30.88,4.37,95.0,29.33,817.32,-80.52,0.022,-1.15,0.54,0.36,30.92
30.81,4.33,96.6,29.08,813.89,-79.8,0.025,0.01,-1.69,0.34,30.51
30.8,4.62,94.5,28.46,803.5,-78.31,0.024,-0.11,-0.1,-0.53,30.36
30.71,4.58,95.3,28.92,793.64,-78.6,0.057,0.42,-1.51,0.75,31.53
30.69,3.95,94.2,28.32,798.04,-78.68,0.049,-0.81,-0.13,-0.66,30.57
30.84,4.38,94.8,29.12,801.52,-80.44,0.003,-0.42,0.3,-0.02,30.73
30.6,3.93,95.9,28.77,803.96,-80.66,0.029,-0.54,-0.14,-0.1,30.84
30.89,3.96,95.1,28.28,796.01,-80.5,0.106,-0.21,0.16,0.49,30.53
30.66,4.4,93.9,29.0,786.53,-78.03,0.034,-0.11,-0.34,0.38,30.98
31.0,4.56,94.0,28.97,793.4,-78.08,0.059,-0.49,0.28,-0.02,30.52
30.55,4.51,94.0,29.63,793.82,-81.67,0.007,0.6,0.29,0.34,31.93
30.64,4.16,93.5,29.15,786.27,-77.48,0.033,0.92,-0.39,1.05,29.71
30.54,4.97,94.2,27.98,771.22,-78.47,0.034,-1.42,0.54,-0.27,30.16
30.46,4.58,95.6,28.59,774.76,-78.7,0.003,0.11,0.06,-0.11,30.8
30.66,4.99,93.2,29.11,782.92,-76.96,0.015,1.33,0.01,0.31,29.68
30.38,4.7,95.0,28.1,756.35,-78.08,0.015,0.09,0.22,0.05,30.32
30.4,4.81,93.3,28.35,745.87,-79.72,0.041,-0.56,0.29,-0.06,30.04
30.52,5.15,93.3,28.56,778.39,-79.41,0.025,-0.39,0.07,0.32,30.06
30.52,4.98,93.1,28.3,764.82,-77.83,0.006,0.73,0.41,0.01,30.51
30.23,5.2,91.3,28.98,762.06,-77.78,0.013,-0.32,0.88,0.14,30.0
30.44,5.29,92.8,28.41,741.41,-77.02,0.001,0.59,-0.2,0.6,29.55
30.35,4.85,90.3,28.28,755.63,-74.38,0.013,-0.11,-0.61,-0.09,30.17
30.2,5.49,92.2,27.87,746.99,-75.86,0.001,-0.33,0.74,0.21,29.76
30.18,5.13,92.0,27.71,724.29,-78.98,0.125,0.71,-0.27,0.63,29.02
30.0,5.15,90.4,28.05,750.18,-77.45,0.048,1.42,0.56,-0.03,29.2
30.42,5.34,91.4,27.89,733.24,-77.88,0.096,0.27,0.92,-0.2,29.32
30.3,5.87,90.9,27.39,723.33,-76.96,0.018,0.5,0.56,-0.35,29.55
29.99,5.22,90.8,27.8,719.07,-78.76,0.014,0.91,-0.04,-0.16,29.08
30.21,5.97,90.6,27.63,698.19,-79.34,0.116,-0.22,-0.36,1.19,29.39
30.01,5.95,90.0,27.4,719.7,-79.12,0.058,0.02,0.86,1.15,28.92
30.16,5.94,90.3,27.81,711.74,-80.73,0.036,-0.75,0.49,0.85,28.49
29.96,6.07,90.6,27.28,702.48,-78.04,0.013,0.37,-0.29,0.41,28.66
29.94,5.98,89.5,27.08,712.45,-73.68,0.008,-0.59,1.15,-0.42,28.79
29.91,6.35,89.4,27.44,681.03,-77.48,0.02,0.63,-0.93,0.08,28.29
29.83,6.09,89.7,26.87,684.05,-76.26,0.008,-0.38,-0.31,0.31,27.79
30.05,5.81,90.8,26.66,676.63,-78.29,0.006,0.2,0.48,0.36,28.17
29.95,6.35,88.6,26.26,677.43,-77.8,0.012,-0.12,-0.31,-0.15,27.58
29.82,6.69,87.1,26.56,675.94,-78.03,0.004,0.96,-0.36,-0.25,28.4
29.9,6.67,87.5,26.73,674.59,-77.4,0.021,1.15,0.42,0.78,28.11
29.55,7.14,88.4,26.12,661.82,-76.45,0.049,0.36,-0.58,0.02,27.41
29.56,6.59,88.9,25.67,651.51,-74.72,0.089,-0.27,0.2,-0.01,27.54
29.73,6.69,86.7,26.35,672.12,-74.27,0.016,0.69,-0.62,-0.06,27.16
29.73,6.74,87.2,26.22,674.35,-75.28,0.098,0.78,-0.18,0.21,27.65
29.64,6.65,87.0,25.91,646.64,-75.13,0.037,-0.9,0.1,0.23,26.24
29.34,6.81,86.1,25.6,632.62,-76.77,0.002,0.32,0.31,0.97,26.81
29.41,6.71,87.7,25.57,649.93,-73.04,0.016,0.36,-0.73,-0.19,26.19
29.55,6.41,87.2,24.73,615.71,-77.27,0.096,-0.22,-0.55,-0.51,26.58
29.76,6.99,86.3,24.92,621.85,-76.2,0.008,-0.15,0.04,-0.05,25.49
29.58,7.23,85.4,25.22,613.29,-76.68,0.003,-0.66,-0.2,0.69,26.22
29.59,7.48,86.3,24.95,603.73,-74.55,0.01,0.29,0.96,-0.38,26.7
29.41,7.18,85.7,25.0,607.63,-76.7,0.028,-0.54,0.61,-0.13,25.54
29.38,7.24,84.7,25.07,596.94,-75.77,0.052,0.43,0.2,0.74,24.99
29.18,7.78,85.6,23.95,600.9,-74.61,0.02,0.18,-0.25,0.54,25.7
29.39,7.13,84.9,24.4,596.29,-77.6,0.03,-0.82,0.32,-0.21,25.14
29.24,7.54,83.0,23.99,585.1,-75.09,0.066,-0.33,0.57,-0.06,25.48
29.3,7.93,83.3,23.77,582.96,-75.48,0.029,0.85,0.16,-0.39,25.38
29.19,7.48,82.8,24.64,579.77,-77.22,0.023,-0.58,-0.03,-0.19,25.2
29.19,7.28,84.5,23.08,585.66,-76.85,0.002,-0.44,0.66,0.72,24.61
29.12,8.3,82.9,23.41,571.64,-76.19,0.033,-0.02,-0.26,-0.37,25.19
29.13,8.07,83.8,23.25,577.0,-75.71,0.024,0.55,-0.26,-0.49,24.62
29.2,8.12,84.8,23.2,570.32,-73.89,0.053,-0.1,0.31,-0.26,23.85
28.9,7.89,83.5,22.34,565.97,-73.38,0.022,-0.86,0.14,0.9,23.73
28.85,8.14,82.3,22.54,570.02,-77.22,0.01,0.69,0.3,0.79,24.35
29.06,7.24,81.9,22.76,540.92,-72.29,0.006,1.47,-0.73,0.11,23.94
29.15,7.89,82.1,22.11,543.46,-76.84,0.035,-0.18,-0.21,0.44,23.24
29.16,8.33,81.3,22.79,561.99,-73.44,0.018,0.48,0.24,-0.37,23.23
28.79,7.66,81.1,22.52,538.06,-74.07,0.032,-0.49,0.32,0.29,23.2
28.87,8.0,81.2,21.63,508.87,-77.78,0.053,0.75,0.7,-0.09,23.41
28.72,8.22,82.1,21.97,531.49,-78.42,0.012,0.78,0.23,1.08,22.85
28.81,7.91,81.1,22.04,531.48,-76.18,0.03,0.47,0.39,0.09,23.32
28.99,8.16,81.2,21.3,500.69,-75.05,0.08,0.52,-0.79,0.78,22.8
28.84,8.29,81.6,21.1,537.05,-76.42,0.007,0.68,-0.53,-0.67,23.07
28.78,8.27,81.7,21.19,513.55,-76.45,0.058,0.05,0.52,0.29,21.93
28.87,8.07,79.4,22.34,521.08,-75.91,0.006,-1.26,0.4,0.34,22.86
28.7,7.95,79.5,21.66,512.77,-78.99,0.013,-0.05,-0.9,0.24,22.6
28.97,8.32,80.4,20.95,499.51,-76.54,0.017,-0.39,-0.4,-0.24,22.04
28.77,8.3,79.8,20.58,499.19,-77.99,0.028,-0.22,0.75,0.07,21.68
28.71,8.28,81.2,20.65,498.19,-77.4,0.006,0.23,0.41,0.26,22.3
28.82,8.22,80.1,21.36,516.18,-78.84,0.02,0.2,-0.14,-0.02,21.48
28.85,8.28,81.8,21.43,501.77,-78.97,0.086,-0.82,0.25,-0.12,21.55
28.92,8.43,79.9,20.33,496.1,-76.6,0.012,0.41,0.06,0.01,21.65
28.7,8.25,80.5,20.63,490.19,-77.37,0.008,-0.0,-0.31,-0.07,20.9
28.85,8.17,79.7,20.33,509.86,-74.79,0.001,0.56,-0.38,0.34,21.18
28.72,7.96,80.5,20.78,511.06,-77.92,0.037,0.19,1.01,-0.05,20.79
28.63,8.51,80.5,19.86,506.93,-76.32,0.021,0.23,-0.35,-0.65,20.45
28.61,7.73,80.8,20.5,498.83,-75.76,0.023,-0.24,0.12,-0.77,21.82
28.57,7.98,79.9,19.61,495.77,-77.36,0.112,0.45,-1.08,0.1,20.65
28.61,7.86,81.0,20.34,479.84,-77.36,0.009,0.42,1.48,-0.08,21.09
28.83,7.43,80.2,19.64,488.83,-75.99,0.055,0.15,1.2,-0.57,21.6
28.79,8.05,79.5,19.76,483.89,-75.94,0.006,0.25,-0.5,0.79,20.45
28.56,7.84,79.5,19.58,472.07,-77.14,0.018,0.25,0.67,-0.12,20.14
28.5,7.87,80.6,20.43,500.66,-76.06,0.032,0.03,0.73,-0.5,21.29
28.58,7.77,81.1,20.04,483.04,-77.97,0.057,-0.53,-0.31,-0.84,20.16
28.62,8.0,79.2,19.5,502.03,-80.0,0.039,-0.64,0.43,-0.26,20.32
28.69,7.99,80.7,19.31,499.12,-78.02,0.029,-0.32,-0.75,-0.25,20.22
28.87,7.35,79.0,20.02,496.26,-79.61,0.001,0.92,0.06,0.04,20.47
28.68,8.15,79.7,18.33,497.36,-76.85,0.025,0.7,0.35,0.85,19.65
28.95,7.5,80.7,19.66,485.78,-79.25,0.014,0.54,0.16,-0.45,20.6
28.56,7.69,79.6,19.13,511.37,-77.62,0.103,-1.05,0.13,0.06,20.52
28.73,7.51,81.6,20.23,494.24,-80.29,0.012,0.36,-0.25,-0.13,20.66
28.88,7.43,81.0,20.38,497.99,-80.78,0.003,0.53,0.15,0.67,20.64
28.9,7.5,79.6,19.42,489.8,-79.66,0.005,0.21,0.39,0.12,20.48
28.78,7.67,81.2,19.28,488.45,-81.44,0.035,0.29,-0.81,0.6,20.18
28.95,7.44,79.7,19.42,504.16,-78.42,0.016,0.34,0.01,-0.5,20.33
28.95,7.07,80.9,19.18,503.33,-77.9,0.015,0.26,0.54,0.95,20.05
28.78,7.05,81.7,19.13,495.18,-78.98,0.014,0.11,1.45,-0.33,20.41
28.92,6.84,81.7,19.5,490.75,-77.9,0.096,-0.54,1.42,0.9,20.03
28.99,7.15,81.2,19.65,494.64,-79.09,0.005,-0.1,-0.31,-1.37,20.43
28.85,7.05,81.1,19.5,521.65,-80.88,0.056,-1.17,0.28,0.49,20.23
29.15,6.69,80.6,19.58,506.04,-80.23,0.058,-0.23,0.23,0.56,20.11
28.87,7.12,81.8,19.29,511.41,-80.34,0.032,0.47,-1.24,0.27,20.9
29.01,6.97,82.5,19.22,532.05,-78.88,0.009,-0.66,-0.43,0.35,20.84
28.87,7.12,83.7,19.25,509.21,-80.67,0.029,-0.5,-0.85,-0.68,20.6
29.05,6.27,81.8,19.9,516.18,-82.58,0.002,-0.79,-0.16,0.31,19.93
28.94,6.4,83.0,19.7,518.9,-83.08,0.081,1.32,0.05,-0.56,20.34
29.06,6.29,83.2,19.8,546.02,-81.49,0.033,0.71,-0.2,-0.27,20.72
28.93,7.06,82.4,19.9,553.16,-81.27,0.005,-0.27,-0.04,0.14,21.01
29.24,6.21,83.5,19.82,544.23,-83.49,0.045,1.48,-0.33,0.11,21.09
29.22,6.51,82.5,19.95,548.15,-79.95,0.011,0.74,0.11,0.2,21.07
29.33,6.36,83.5,20.43,538.23,-82.07,0.001,0.62,-0.04,0.04,21.07
29.19,5.95,83.4,20.33,567.32,-80.57,0.008,-0.04,-0.64,0.1,21.06
29.4,5.92,84.1,20.07,554.45,-83.32,0.031,0.44,1.49,0.24,20.99
29.3,5.99,84.4,20.05,564.32,-80.79,0.032,0.49,0.2,0.24,21.99
29.34,6.13,83.8,20.66,558.84,-83.85,0.093,-0.8,0.55,-0.02,21.85
29.61,5.63,84.4,20.51,561.41,-83.28,0.014,0.19,-0.48,-0.04,21.77
29.33,5.46,84.5,20.38,585.01,-83.22,0.045,-0.05,-0.26,-0.54,21.19
29.57,5.82,84.0,20.13,578.14,-83.14,0.02,0.02,-0.17,0.17,21.28
29.51,5.12,84.8,21.28,591.69,-81.23,0.041,0.52,0.71,1.03,21.86
29.42,5.47,84.9,20.39,584.24,-82.44,0.021,0.8,-0.42,0.22,21.78
29.36,5.65,84.7,20.99,577.78,-84.61,0.019,-0.72,-0.34,0.05,21.66
29.43,5.39,85.2,21.64,585.08,-84.88,0.015,-0.5,-0.83,-1.09,22.28
29.72,5.03,85.8,21.0,596.64,-83.15,0.001,-0.11,0.65,-0.25,21.61
29.83,4.83,86.3,21.22,594.1,-83.88,0.056,0.6,-0.97,0.39,22.46
29.66,5.42,85.5,21.66,594.09,-83.34,0.03,-0.29,-1.31,0.07,22.84
29.7,4.95,87.7,21.06,622.03,-86.24,0.02,-0.56,0.23,0.25,22.96
29.81,4.68,87.5,21.02,609.45,-80.55,0.024,0.19,-0.5,0.22,22.19
29.77,5.23,87.2,21.61,621.2,-86.59,0.007,-1.27,0.34,0.16,22.31
29.92,5.07,86.6,21.89,627.73,-84.47,0.091,0.05,0.05,-0.1,23.11
29.86,4.46,87.6,22.02,623.86,-85.37,0.009,1.38,-0.69,0.3,23.09
29.88,5.48,87.8,22.63,649.25,-86.23,0.0,0.27,-0.37,-0.53,23.01
29.81,4.51,87.4,21.94,628.58,-83.56,0.027,-0.47,-0.5,-0.6,22.79
29.82,4.86,87.6,22.36,647.39,-84.92,0.052,0.06,-0.45,-0.09,23.45
29.58,5.18,89.4,23.08,652.26,-86.46,0.03,-0.44,-0.95,0.66,23.92
30.15,4.81,88.8,22.59,654.28,-85.52,0.01,-0.77,-0.19,0.0,24.02
30.01,4.58,90.0,23.53,646.88,-83.96,0.016,-0.23,0.43,-0.38,23.79
30.02,4.03,89.5,22.9,673.57,-83.59,0.037,-0.48,1.38,-0.02,24.03
29.86,5.04,90.4,22.88,677.29,-82.79,0.034,0.83,-0.22,-0.93,24.46
30.05,4.65,90.6,23.26,668.08,-84.77,0.018,1.15,0.02,-0.11,24.42
30.07,3.94,90.6,23.51,686.86,-86.12,0.0,-0.07,-0.27,-0.39,25.04
30.1,4.8,91.5,23.43,688.46,-86.4,0.025,-0.21,-0.38,-1.08,25.3
30.27,4.33,90.8,23.86,676.79,-84.78,0.017,0.21,-0.41,-0.8,25.42
30.27,4.2,89.8,23.82,685.91,-83.66,0.011,-0.44,0.04,0.13,24.97
30.13,4.09,90.1,24.47,710.64,-88.7,0.038,-0.11,0.72,-0.15,25.7
30.17,4.3,90.9,24.35,707.11,-85.85,0.015,0.04,0.09,1.06,25.87
30.2,4.47,92.3,24.33,703.07,-87.81,0.024,-0.44,-0.1,0.36,26.49
30.6,4.07,91.6,24.36,704.78,-85.87,0.006,-0.69,0.26,-0.12,26.85
30.59,4.25,92.3,24.91,712.79,-83.48,0.005,0.19,-0.19,-0.6,26.71
30.34,5.22,92.7,24.79,718.02,-88.8,0.019,0.26,-0.06,-0.16,26.2
30.23,4.34,92.7,24.77,718.45,-88.7,0.005,-0.56,0.61,0.91,26.23
30.51,4.49,90.9,24.82,713.86,-84.0,0.078,0.28,0.71,0.03,26.62
30.53,3.91,92.0,25.47,746.97,-85.86,0.023,-0.15,-0.35,-0.3,26.63
30.58,3.8,94.5,25.2,749.48,-86.44,0.024,-0.28,0.49,-0.0,27.85
30.66,4.65,93.6,25.41,731.16,-85.11,0.035,-1.07,-0.22,-0.39,27.55
30.65,4.58,91.3,25.85,749.27,-83.9,0.021,0.41,-0.89,0.28,27.57
30.49,4.75,93.7,26.18,742.82,-86.18,0.03,-0.16,0.58,-0.13,27.8
30.68,4.23,95.3,26.15,753.05,-86.65,0.009,-0.13,-0.22,0.74,28.18
30.77,4.65,94.2,26.38,755.94,-89.51,0.007,0.35,0.41,-0.22,28.02
30.6,3.53,94.2,26.47,758.72,-88.07,0.002,0.82,-0.99,-0.45,27.84
30.74,4.48,92.9,26.36,786.53,-89.56,0.018,-0.3,-0.04,-0.78,28.36
30.66,4.66,94.3,26.63,765.49,-86.76,0.017,0.11,-0.47,1.22,28.5
30.98,4.17,93.3,27.26,765.08,-84.71,0.07,1.01,0.85,-0.45,27.9
30.6,4.73,93.8,26.68,768.68,-87.5,0.004,0.19,-0.17,-0.06,29.44
30.91,4.39,93.7,26.49,789.77,-86.22,0.029,-0.16,0.5,-0.73,28.37
30.59,4.46,96.4,26.12,765.7,-85.61,0.009,1.09,0.21,-0.28,29.36
31.02,4.45,95.7,27.8,777.36,-86.35,0.049,-0.78,-0.32,-0.92,28.8
30.68,5.04,96.4,27.93,802.09,-87.1,0.005,0.18,0.57,-0.7,29.45
30.85,4.47,94.3,27.01,792.56,-89.02,0.002,-0.28,-0.06,0.95,29.13
30.65,4.48,95.6,27.92,794.39,-85.92,0.013,0.37,0.3,-0.09,28.65
30.69,4.45,94.7,27.94,816.01,-85.2,0.046,0.3,0.16,-0.33,29.76
30.97,4.65,94.9,27.91,799.23,-86.96,0.007,-2.12,0.24,0.53,30.03
30.99,4.87,96.1,27.96,791.61,-87.5,0.01,0.62,0.26,-0.6,29.55
30.91,5.06,95.9,27.62,797.66,-85.78,0.031,0.2,0.41,0.55,29.99
30.97,4.7,96.0,28.02,790.76,-86.47,0.013,0.9,0.3,0.32,29.47
31.02,5.09,94.9,28.19,816.15,-84.56,0.031,-0.6,0.06,0.49,29.86
30.81,5.23,96.0,28.18,810.67,-87.65,0.039,-0.15,0.32,0.07,30.37
30.73,4.83,96.2,28.22,817.35,-85.82,0.008,0.48,0.1,-0.77,30.16
30.9,5.19,95.4,28.77,819.26,-86.29,0.018,-0.07,0.23,-0.31,30.29
30.83,5.21,95.8,28.75,803.86,-86.83,0.009,-0.03,-2.01,-0.29,30.57
30.95,5.32,94.7,28.77,799.27,-87.76,0.039,-1.57,-0.84,0.48,30.91
30.96,5.21,94.3,28.86,808.76,-85.71,0.021,-0.13,0.48,-0.09,30.75
30.81,5.4,97.6,28.67,800.94,-84.41,0.002,0.82,0.06,0.11,30.49
30.98,5.52,96.1,29.06,811.56,-89.77,0.042,0.46,-1.0,0.03,30.41
30.97,6.14,95.7,28.29,821.32,-86.49,0.047,0.02,-0.01,0.28,30.54
30.97,5.66,96.6,28.78,808.25,-85.81,0.01,-0.6,0.11,-0.37,30.0
30.83,6.13,95.2,29.05,811.2,-87.91,0.03,-0.12,0.72,-0.37,30.66
30.96,6.22,95.9,29.03,808.37,-85.92,0.089,-1.03,0.04,-0.66,30.13
30.92,5.48,96.7,29.01,816.79,-86.0,0.013,0.56,0.78,-0.92,30.47
30.93,5.86,94.9,29.23,801.38,-85.39,0.061,0.4,0.33,-0.01,30.95
31.04,6.45,95.3,29.44,785.24,-86.93,0.095,-0.15,-0.21,-0.53,30.51
30.87,6.15,94.5,28.59,810.89,-88.33,0.02,0.73,-0.55,0.56,31.25
30.74,6.14,96.2,29.08,814.9,-86.25,0.008,0.57,-0.03,-0.36,30.68
30.67,6.47,95.6,28.74,808.16,-84.27,0.005,0.51,0.31,0.02,31.18
30.92,6.64,96.3,29.37,795.82,-84.82,0.021,0.86,0.7,0.35,30.59
30.81,6.39,95.9,29.25,789.25,-88.04,0.069,1.18,0.11,0.61,30.65
30.95,6.39,94.9,28.66,803.78,-86.24,0.032,-0.26,-0.0,0.67,31.15
30.49,5.84,95.3,28.99,798.33,-86.08,0.044,-0.26,-1.11,0.84,30.6
30.82,6.64,95.2,28.46,793.59,-84.94,0.017,-0.37,0.52,0.35,30.8
30.66,6.58,95.3,29.3,810.87,-85.89,0.011,-0.57,0.63,0.33,30.45
30.63,6.47,95.8,28.76,780.83,-85.9,0.111,-0.89,-0.2,0.18,29.68
30.56,6.78,93.6,28.52,805.56,-86.43,0.007,-0.27,0.44,0.03,30.32
30.74,6.79,92.8,28.77,785.51,-81.84,0.082,-0.1,-0.19,0.89,31.1
30.68,7.03,93.3,29.06,764.08,-88.03,0.065,-0.69,-0.1,0.1,30.61
30.45,6.97,94.4,28.92,777.76,-85.23,0.004,-0.28,0.04,-0.97,30.78
30.58,7.25,94.1,28.6,786.13,-84.97,0.01,-0.14,-0.52,0.11,30.74
30.62,7.24,93.2,28.69,769.74,-84.09,0.054,-0.23,1.11,0.08,30.62
30.53,7.63,93.2,28.57,755.39,-85.56,0.011,-0.31,-0.56,0.21,30.88
30.61,7.15,92.6,28.29,765.11,-85.49,0.024,-0.23,-0.62,0.11,30.05
30.42,7.91,93.0,27.9,754.69,-83.94,0.025,0.24,0.46,0.69,30.7
30.16,7.75,92.3,28.49,764.57,-85.18,0.039,-0.4,0.13,0.33,30.29
30.42,7.94,94.0,28.62,763.68,-85.52,0.086,-0.75,-0.12,-0.1,30.12
30.39,7.62,93.5,28.34,741.56,-82.73,0.001,0.01,-0.27,0.37,29.03
30.38,7.52,92.8,28.98,741.14,-85.81,0.081,-0.47,-0.1,-0.5,29.92
30.44,7.49,92.1,27.98,751.75,-85.23,0.054,0.2,-0.5,-0.5,30.03
30.04,8.23,92.7,28.08,731.49,-83.5,0.004,-0.87,1.19,0.69,29.66
30.22,8.08,91.7,28.18,725.06,-82.81,0.034,0.24,-0.59,-0.18,29.96
30.1,7.5,91.5,28.07,719.81,-84.14,0.033,0.0,-0.67,-0.55,29.87
30.04,8.14,89.8,27.73,730.75,-82.95,0.01,0.36,0.19,-0.24,29.13
30.14,7.64,91.1,27.7,725.88,-83.22,0.044,-1.08,1.19,0.56,29.17
30.2,8.02,89.6,27.58,711.44,-83.84,0.062,-1.11,0.97,1.02,28.9
30.12,8.21,90.1,27.74,713.75,-84.73,0.009,-0.04,0.56,-0.08,28.72
29.97,8.44,90.3,27.15,724.33,-81.66,0.053,-0.68,-0.03,0.18,28.8
30.0,8.1,89.2,26.43,694.62,-84.49,0.043,-0.33,0.11,-0.73,28.73
30.09,8.02,90.1,27.04,680.09,-78.85,0.002,0.87,-1.29,0.21,27.66
30.03,8.1,90.3,27.63,699.35,-83.52,0.035,0.12,1.27,0.08,28.35
29.85,8.43,88.5,27.2,688.85,-80.2,0.005,-0.58,0.47,0.65,28.39
29.8,8.37,89.1,26.25,677.97,-80.83,0.007,0.13,1.25,0.05,28.14
29.64,8.14,87.7,26.9,686.67,-82.77,0.004,-0.07,0.11,-0.12,27.92
29.76,7.61,87.5,26.61,683.59,-80.64,0.039,0.03,0.34,-0.33,27.4
29.57,7.45,88.5,26.27,648.14,-80.59,0.084,1.51,0.61,0.32,27.13
29.99,8.25,88.5,25.89,658.7,-82.42,0.01,0.46,-1.21,1.07,27.29
29.6,7.84,86.5,25.85,683.39,-84.36,0.021,-1.05,-0.17,-0.36,26.63
29.8,8.04,89.1,25.8,661.03,-83.91,0.021,1.57,0.22,-0.2,27.18
29.85,8.13,86.8,26.49,656.93,-80.61,0.0,-0.35,1.24,-1.06,26.71
29.63,8.82,87.1,25.93,656.87,-81.4,0.011,0.04,0.78,0.05,26.97
29.56,8.23,86.3,25.32,640.29,-80.95,0.007,-0.89,0.52,0.14,26.5
29.38,8.4,86.2,25.23,643.08,-79.58,0.0,-0.08,0.13,1.0,25.79
29.44,8.33,87.4,25.26,637.29,-81.51,0.004,-0.5,-0.08,0.32,26.01
29.66,7.44,87.2,24.97,630.52,-79.69,0.025,-0.26,-0.73,-0.28,26.32
29.48,8.03,84.4,24.98,616.96,-81.62,0.036,-0.31,0.53,0.99,26.4
29.41,7.77,85.0,24.78,616.98,-80.4,0.203,0.7,-0.15,-0.21,25.81
29.53,8.63,87.6,24.71,604.49,-80.13,0.037,0.08,-0.15,0.22,25.86
29.42,7.54,84.7,23.83,605.65,-81.87,0.003,1.09,0.29,-1.0,25.52
29.29,7.93,85.1,24.66,589.03,-80.15,0.018,-0.13,-0.3,0.12,25.35
29.3,7.95,85.5,24.03,588.05,-78.72,0.033,0.07,0.74,0.13,24.94
29.16,7.7,85.0,24.39,588.43,-79.1,0.02,0.06,0.0,-0.48,25.09
29.15,8.0,81.9,24.69,577.17,-77.56,0.011,0.67,-0.34,-0.77,24.7
29.16,7.92,84.2,23.27,576.97,-80.31,0.002,0.71,0.04,0.36,25.33
29.23,7.94,85.1,23.66,575.87,-77.21,0.016,-0.37,0.44,0.65,24.35
28.98,8.0,83.5,23.33,577.08,-79.02,0.012,-0.45,-0.43,-0.89,24.53
29.11,7.88,82.4,23.46,578.19,-79.94,0.059,-0.18,-0.25,-0.83,23.87
29.03,7.87,82.2,22.44,559.77,-78.85,0.006,-0.32,0.43,-0.97,24.06
28.95,8.04,82.7,22.91,573.55,-80.05,0.102,-0.98,0.5,0.22,23.58
28.98,7.16,83.2,22.6,565.47,-78.39,0.054,0.05,-0.74,-0.59,23.6
28.73,7.82,84.8,23.31,557.1,-81.2,0.009,0.31,0.16,-0.02,24.06
28.89,7.24,82.1,23.25,549.67,-76.75,0.001,0.15,0.67,0.32,23.5
28.83,7.3,82.6,22.36,547.5,-79.46,0.019,-0.1,-1.61,-0.28,23.7
28.9,7.47,80.7,21.92,552.46,-78.33,0.031,0.26,0.63,-0.12,23.14
28.64,7.5,80.5,21.89,549.21,-76.47,0.011,1.05,1.1,0.05,23.37
28.92,7.47,81.3,22.06,546.82,-79.1,0.0,0.2,0.19,0.26,23.26
28.99,6.97,81.9,21.42,530.5,-77.04,0.093,-0.28,-0.56,0.04,23.08
28.84,7.68,81.3,21.96,532.37,-76.21,0.012,0.33,0.12,-0.32,23.04
28.9,7.0,81.3,21.58,537.11,-77.63,0.081,0.73,-0.02,0.24,22.72
28.76,6.84,80.9,21.65,514.41,-77.15,0.012,0.38,-0.93,0.2,22.22
28.62,6.6,80.9,21.54,514.57,-75.68,0.031,0.62,-1.26,0.85,21.69
28.79,6.5,80.6,21.76,515.15,-79.27,0.027,-0.27,-0.64,0.25,21.83
28.86,6.42,79.7,21.38,521.36,-75.65,0.05,0.14,-1.24,-0.55,22.17
28.61,6.87,79.4,21.15,519.02,-79.82,0.072,1.33,-0.35,-0.53,22.34
28.7,6.88,81.6,21.02,505.2,-78.05,0.019,0.28,-0.53,-0.29,21.97
28.72,6.37,79.8,20.13,490.21,-74.21,0.017,-0.51,-0.46,-1.16,21.54
29.08,6.21,80.2,20.78,505.68,-75.64,0.049,-0.31,-0.31,-0.85,21.38
28.76,6.41,81.3,20.83,492.11,-76.99,0.004,1.09,0.25,0.05,21.46
28.49,6.43,80.0,20.48,484.61,-73.85,0.009,-0.01,-0.08,-0.57,21.59
28.46,6.41,80.9,21.01,485.24,-78.51,0.004,0.44,-1.03,0.98,21.27
28.8,5.96,79.4,19.81,499.66,-76.0,0.011,-0.3,0.03,-0.0,20.96
29.0,6.13,81.3,19.99,508.68,-76.87,0.024,-0.55,0.85,0.76,20.73
28.67,6.57,80.2,19.94,494.28,-76.61,0.035,-0.65,0.62,-0.81,20.7
28.66,5.67,80.0,20.08,494.98,-75.46,0.01,0.23,0.03,-0.34,20.63
28.75,5.94,79.9,19.78,503.82,-75.56,0.036,1.26,0.23,0.14,20.81
28.6,6.03,80.6,19.5,475.84,-76.31,0.016,0.2,1.73,0.34,20.44
28.4,5.51,80.2,19.74,495.93,-75.28,0.041,0.32,-0.16,-0.19,20.48
28.83,5.91,77.4,20.16,490.21,-74.3,0.023,-0.11,0.2,-0.26,20.91
28.63,5.25,79.7,20.01,495.74,-75.8,0.061,-0.47,0.21,-0.16,20.82
28.84,5.77,80.3,19.45,485.17,-75.04,0.057,-0.39,-0.53,-0.77,21.21
28.63,5.53,79.3,19.51,481.89,-75.9,0.017,-0.64,0.52,-0.25,20.62
28.74,5.02,79.7,19.33,491.71,-76.9,0.049,-0.19,-0.76,-0.51,19.88
28.83,5.58,79.8,19.12,507.19,-76.08,0.026,-0.4,-0.61,-0.35,19.79
28.87,5.04,81.5,19.67,499.85,-75.09,0.008,0.08,-0.23,-0.63,20.43
28.78,5.19,80.7,19.04,486.87,-78.74,0.004,1.05,-0.54,-1.05,20.33
28.78,5.36,80.6,19.7,479.4,-75.61,0.001,0.81,0.02,-0.01,20.23
28.85,4.82,79.5,20.08,477.0,-75.01,0.009,-0.1,-0.5,0.54,19.84
28.84,4.89,79.9,19.56,508.15,-75.89,0.003,-0.44,0.31,-0.65,19.92
28.65,5.32,81.3,19.63,486.76,-77.46,0.006,0.31,-0.03,-0.63,20.73
28.66,4.31,81.2,19.61,494.53,-74.95,0.016,-1.25,0.07,-0.46,20.71
28.58,5.3,79.6,19.23,512.62,-76.96,0.005,0.19,-0.19,-0.01,20.41
28.94,4.38,82.0,19.53,485.04,-73.44,0.039,-0.94,0.44,0.27,20.56
28.82,4.55,80.3,19.52,518.02,-74.41,0.0,0.11,-1.0,-0.3,19.87
28.98,4.79,81.4,19.2,502.63,-75.62,0.078,0.62,-0.46,-0.76,20.48
28.95,4.84,83.5,18.55,495.89,-76.41,0.015,0.47,0.21,0.33,20.12
28.81,4.7,81.1,19.09,507.25,-78.2,0.003,0.77,-0.75,-0.2,20.9
28.93,4.58,81.7,19.15,504.98,-73.3,0.0,-0.14,-0.34,0.35,20.63
28.91,4.4,81.3,19.69,519.24,-76.94,0.075,0.12,0.47,0.34,19.86
28.92,4.95,82.0,19.03,511.1,-73.59,0.018,0.02,0.58,-0.24,20.04
29.13,4.68,83.2,20.24,501.36,-79.41,0.061,0.3,-0.39,-0.15,20.54
29.34,4.77,82.0,20.2,521.28,-76.23,0.024,-0.79,0.59,-0.46,20.27
29.2,4.25,82.1,20.04,513.06,-77.01,0.004,-0.05,0.13,-0.41,21.14
29.09,3.65,83.4,19.55,531.93,-77.65,0.032,0.07,-0.39,0.07,20.01
29.27,4.63,81.7,19.06,521.4,-75.74,0.04,0.18,0.11,0.25,20.8
29.35,4.41,83.0,20.14,531.88,-73.82,0.022,-0.49,1.08,0.52,20.26
29.01,4.33,82.5,19.65,542.19,-76.91,0.01,0.71,0.69,-0.07,20.83
29.35,4.09,83.1,20.26,541.96,-76.03,0.054,-0.01,0.04,0.2,20.56
29.32,4.14,82.8,20.27,550.41,-77.55,0.003,0.24,0.85,-0.0,21.12
29.4,4.05,82.6,19.98,558.63,-77.83,0.023,-0.7,0.56,-0.09,20.87
29.39,4.23,82.2,19.79,544.26,-79.76,0.054,-0.44,-0.95,0.79,21.06
29.3,3.87,83.8,20.37,559.31,-77.61,0.015,-0.15,-0.61,-0.21,21.86
29.6,4.43,84.6,19.84,530.85,-76.99,0.015,0.99,-0.74,0.25,21.36
29.43,4.81,85.3,20.58,570.91,-78.86,0.01,0.42,-0.55,0.51,20.55
29.37,4.02,83.8,20.75,569.79,-73.96,0.014,0.95,-0.7,-0.85,21.69
29.51,3.73,85.2,20.45,567.4,-76.11,0.012,-0.57,-0.21,0.9,22.44
29.6,4.18,85.8,20.26,584.91,-75.84,0.014,1.19,0.22,-0.16,22.13
29.53,4.31,85.9,21.47,598.06,-79.23,0.002,0.41,-0.26,-1.4,22.48
29.6,4.37,86.0,20.82,586.21,-76.42,0.012,0.62,-0.25,0.15,21.99
29.6,4.73,84.3,21.05,586.22,-74.88,0.086,-0.88,0.25,0.19,22.62
29.54,4.51,86.2,21.62,602.08,-77.38,0.014,-0.84,0.32,0.22,22.32
29.55,3.74,86.5,21.16,591.87,-76.83,0.082,-0.38,-0.08,-0.65,22.76
29.52,3.93,87.2,21.21,603.47,-77.82,0.001,0.27,0.12,0.74,23.24
29.9,4.45,88.1,22.31,627.19,-76.87,0.03,0.47,-1.43,0.73,22.48
29.73,4.22,87.1,21.48,620.51,-77.62,0.015,0.06,0.3,-0.34,22.34
29.38,4.84,87.3,22.29,606.04,-78.16,0.013,-0.57,0.2,0.02,23.03
29.87,4.14,87.9,22.05,611.84,-77.23,0.026,0.71,0.91,-0.5,23.48
29.91,4.75,88.1,22.18,636.43,-77.95,0.004,0.28,0.26,0.63,24.16
29.67,4.3,88.6,22.09,648.44,-77.54,0.039,-0.69,0.38,0.38,23.69
29.83,4.62,89.0,22.34,628.66,-78.26,0.052,-1.02,-1.16,-0.19,24.05
29.86,4.33,88.7,23.18,654.36,-76.63,0.001,-0.31,-0.73,0.38,23.68
29.91,4.79,89.4,22.99,668.2,-75.55,0.005,-0.53,0.19,-0.6,23.85
30.18,5.0,89.1,22.36,678.79,-78.1,0.004,0.04,0.19,0.62,24.41
30.05,4.8,88.4,22.63,668.24,-77.82,0.084,0.19,-0.33,-0.08,25.07
30.05,5.35,88.9,23.26,674.99,-79.33,0.035,-0.24,-0.55,-0.42,24.6
30.27,4.61,88.2,23.5,653.57,-77.88,0.01,0.29,-0.2,-0.39,24.86
30.22,4.91,91.6,23.69,700.85,-81.31,0.003,-0.0,-0.94,-0.22,24.64
29.99,5.2,91.5,23.55,679.02,-78.3,0.033,-0.73,-0.58,0.36,24.85
30.15,4.72,91.6,23.43,680.33,-80.6,0.003,-0.24,0.35,0.19,25.69
30.3,5.08,90.8,23.59,691.96,-77.29,0.076,0.05,-0.93,-0.3,24.82
30.18,5.33,92.0,23.22,714.44,-78.22,0.009,-0.61,0.61,-0.19,25.26
30.57,5.47,92.2,24.75,726.16,-79.81,0.009,0.17,0.01,1.03,25.64
30.37,5.6,90.5,23.41,710.03,-78.8,0.018,1.48,0.24,-0.72,25.94
30.29,5.06,91.3,24.39,723.41,-77.0,0.087,0.9,-0.12,0.8,26.02
30.28,5.48,92.5,24.01,718.44,-80.14,0.015,0.42,-0.04,-0.26,26.54
30.55,5.07,91.9,24.57,712.15,-79.63,0.013,0.88,-0.62,0.73,27.56
30.39,5.32,92.0,25.13,741.74,-79.52,0.026,0.31,0.73,-0.28,26.12
30.54,5.55,93.4,24.27,725.11,-79.54,0.113,0.22,0.16,-0.28,26.81
30.38,6.02,92.3,25.35,750.98,-81.0,0.008,0.04,1.23,0.25,26.59
30.56,5.91,95.1,25.67,752.81,-79.4,0.061,0.68,0.58,-0.01,27.39
30.5,5.84,94.6,25.37,750.08,-80.78,0.021,0.43,-0.3,0.22,27.91
30.56,6.03,93.3,26.62,766.25,-80.66,0.047,-0.72,-0.77,0.5,27.3
30.52,6.13,94.7,25.02,774.21,-81.92,0.014,-0.4,0.33,-0.2,27.88
30.77,6.16,94.0,25.34,753.96,-79.62,0.018,1.13,0.26,-0.11,27.24
30.6,5.95,93.7,25.98,751.35,-82.68,0.015,-0.06,-0.62,0.15,28.28
30.67,5.91,95.8,26.12,744.41,-83.7,0.022,0.17,-0.18,-0.4,28.61
30.69,6.21,94.7,26.4,789.0,-84.76,0.005,-0.37,-0.4,0.54,28.01
30.92,6.11,93.8,26.82,765.54,-80.55,0.053,0.73,-0.22,0.21,28.47
30.85,6.61,95.0,26.18,784.55,-82.64,0.015,0.3,-0.01,-0.12,27.85
30.85,6.96,96.1,26.28,768.94,-82.95,0.012,-0.02,-0.22,-0.17,28.23
30.59,6.74,94.9,26.63,794.75,-82.14,0.055,0.33,0.7,-0.15,28.83
30.71,6.1,95.2,27.36,775.26,-84.15,0.007,-0.14,-0.41,0.67,29.69
30.95,6.53,94.9,27.41,773.11,-81.91,0.039,-0.24,-0.47,-0.53,28.14
30.68,6.8,95.5,27.22,785.57,-79.19,0.012,-0.72,-0.35,-0.24,29.07
30.84,6.43,94.6,27.18,784.83,-81.64,0.025,0.32,0.62,-0.08,29.62
30.72,6.94,94.8,27.41,798.47,-82.26,0.022,0.73,0.55,0.47,29.96
30.74,7.14,95.3,27.7,794.21,-81.64,0.026,0.25,0.46,0.85,29.26
31.06,7.5,95.8,27.72,803.07,-79.42,0.026,-0.37,-0.19,0.65,29.96
30.96,7.69,96.6,27.29,795.81,-83.85,0.035,0.03,-0.29,0.9,29.85
31.0,6.85,95.6,27.37,793.85,-83.97,0.019,1.06,0.34,-1.49,30.36
30.98,7.24,96.5,27.89,796.3,-84.35,0.02,0.39,-0.33,-0.29,29.67
30.87,7.3,95.5,28.32,824.06,-85.87,0.043,-1.1,0.35,0.14,29.88
30.81,7.18,96.4,27.78,807.2,-83.55,0.007,-0.27,0.28,-0.3,29.68
30.85,7.48,96.9,28.38,786.28,-83.85,0.045,-1.07,0.02,-0.11,29.89
30.88,7.49,95.9,27.69,801.94,-83.56,0.0,0.86,2.2,-0.18,29.97
31.11,7.75,96.3,28.42,808.98,-85.69,0.026,-0.0,0.01,0.1,29.84
30.74,8.03,95.5,28.19,827.18,-87.12,0.017,0.42,1.04,0.24,30.95
30.83,7.71,96.5,27.8,819.57,-87.33,0.03,0.16,0.73,-0.79,30.32
30.79,7.58,93.8,28.4,800.46,-84.03,0.02,-0.38,0.02,-0.26,30.17
31.02,7.46,94.7,28.21,834.1,-84.07,0.047,0.88,-0.22,-0.29,30.26
31.11,8.43,96.4,28.61,809.69,-82.12,0.007,-0.66,-0.7,0.16,29.85
30.92,8.13,94.6,28.9,822.39,-83.08,0.009,-0.99,0.4,0.22,30.76
30.92,8.02,95.5,28.96,798.14,-86.94,0.026,0.53,0.49,-0.37,30.21
30.88,7.89,97.0,28.15,785.32,-86.7,0.008,0.57,-0.32,-0.14,30.34
30.91,8.46,96.5,29.08,794.67,-84.38,0.087,0.15,-0.31,-0.33,31.08
30.94,7.96,97.7,29.05,775.54,-85.21,0.059,0.56,-0.51,0.18,30.43
30.89,7.53,95.7,28.79,828.31,-83.89,0.043,-0.56,0.42,-0.55,30.85
30.89,8.15,95.5,28.52,808.32,-83.4,0.042,-0.44,0.78,0.6,30.46
30.91,7.73,95.5,28.83,795.76,-84.98,0.031,-0.21,-0.58,0.55,30.49
30.59,8.2,94.7,29.55,808.21,-85.55,0.04,-0.86,-0.56,-0.44,30.45
30.78,8.54,95.2,29.21,804.1,-87.26,0.001,0.85,-0.09,-0.5,30.63
30.8,7.65,94.2,29.34,806.79,-87.29,0.026,-0.01,0.5,0.09,30.14
30.8,7.9,96.0,28.65,810.9,-84.94,0.009,-0.62,0.3,-0.2,30.99
30.71,8.44,95.6,28.81,793.99,-87.83,0.003,-0.94,0.71,-0.42,31.79
30.73,8.04,93.9,28.53,786.02,-86.63,0.107,-0.36,-1.41,-0.36,30.89
30.61,8.32,94.2,28.73,800.89,-87.87,0.088,0.16,-0.28,-0.57,30.26
30.46,8.32,94.9,29.42,798.29,-87.7,0.071,-0.56,0.65,-0.37,30.86
30.77,8.47,94.7,28.76,788.78,-86.56,0.031,0.14,1.01,-0.69,29.94
30.49,8.0,93.5,28.65,806.93,-86.78,0.0,-0.17,-0.12,-0.36,30.21
30.59,7.43,94.2,28.94,778.02,-85.52,0.011,0.38,-0.31,-0.96,30.3
30.49,8.3,94.4,28.62,770.51,-84.6,0.001,-0.84,-0.51,0.21,30.84
30.75,7.7,94.3,28.81,780.67,-86.89,0.012,-0.97,0.44,0.53,30.65
30.52,8.44,95.0,28.53,766.6,-88.4,0.011,0.56,0.72,-0.33,29.74
30.47,8.13,93.6,28.74,775.05,-87.14,0.025,-0.42,0.2,-0.4,30.57
30.57,8.04,92.3,28.48,758.38,-85.25,0.005,1.43,-1.33,0.88,29.95
30.71,8.31,92.2,28.16,759.21,-88.21,0.012,-0.7,0.24,0.85,30.34
30.47,7.56,93.9,28.86,778.52,-88.37,0.069,0.73,-0.3,-0.26,29.72
30.35,7.99,94.0,29.05,751.84,-88.96,0.008,0.89,0.29,0.67,29.9
30.45,8.16,92.4,28.52,744.08,-84.74,0.02,-0.35,0.05,-0.03,29.52
30.15,8.06,92.6,27.74,759.86,-90.29,0.004,0.36,0.77,0.3,29.72
30.31,7.81,92.1,28.1,733.62,-88.53,0.042,-0.11,0.07,-0.05,29.19
30.52,7.77,91.6,28.18,733.09,-88.59,0.003,0.6,-0.05,-1.35,29.22
30.26,8.34,90.4,27.42,741.59,-87.52,0.006,-0.37,-0.05,0.63,29.21
30.23,8.11,91.8,27.73,740.92,-87.92,0.128,0.25,0.92,0.35,28.97
30.18,7.59,92.6,27.32,739.38,-86.78,0.011,-0.36,-0.26,0.18,29.09
30.1,8.15,91.0,27.36,715.26,-87.8,0.0,1.29,0.47,-0.87,29.16
30.15,7.92,90.4,27.73,724.18,-88.49,0.008,0.57,0.34,-0.08,29.54
30.17,7.79,90.1,27.49,708.98,-87.7,0.017,-0.09,0.15,0.19,28.44
30.01,7.75,90.6,27.01,702.94,-88.84,0.019,0.75,0.12,0.05,28.35
29.72,7.19,90.9,27.25,716.33,-85.45,0.016,-0.32,0.04,0.24,28.64
30.04,7.93,90.1,27.03,694.05,-84.97,0.004,0.16,0.88,-0.48,27.85
30.2,7.7,88.0,27.35,697.52,-89.74,0.006,0.01,0.22,0.12,28.46
29.87,7.43,90.6,26.19,691.45,-86.27,0.033,0.29,0.47,0.15,28.23
29.7,7.37,89.6,26.53,674.3,-86.8,0.108,0.24,-0.02,-0.01,28.3
29.92,7.2,88.6,27.2,689.74,-86.79,0.041,-0.55,0.89,-0.71,28.84
30.02,6.99,88.0,26.13,680.73,-87.67,0.044,0.65,-0.13,-0.12,27.82
29.84,7.26,87.9,26.02,650.29,-87.94,0.017,-0.46,0.13,0.84,27.43
29.95,6.79,88.6,26.08,667.93,-85.43,0.013,0.4,-1.15,0.87,27.89
29.8,7.01,86.1,26.57,652.42,-85.37,0.048,0.62,0.11,-0.4,27.34
29.76,6.92,87.9,26.13,666.1,-86.6,0.035,0.96,-0.38,-0.04,27.13
29.57,6.94,87.4,25.48,635.65,-89.12,0.018,0.85,-0.17,0.54,27.75
29.64,7.03,87.2,25.68,641.51,-86.59,0.043,-0.75,-0.5,0.12,27.18
29.56,6.8,85.8,25.44,643.67,-87.25,0.002,0.88,-0.14,-0.15,26.34
29.53,6.81,85.1,25.57,635.59,-86.68,0.002,0.27,0.91,0.21,26.2
29.47,5.94,88.0,25.26,637.67,-86.35,0.037,-0.6,0.04,-0.25,25.87
29.5,6.59,86.1,25.19,609.88,-86.65,0.118,-0.74,-0.57,-0.18,25.8
29.28,6.4,87.3,24.86,636.63,-84.94,0.005,-1.23,0.09,0.8,26.53
29.5,6.41,86.2,25.29,620.44,-87.35,0.09,-1.29,0.49,-0.11,25.72
29.27,6.07,85.3,24.66,623.9,-84.82,0.106,-0.68,-0.14,0.71,25.04
29.31,6.5,85.2,24.31,614.2,-86.74,0.003,-1.24,0.35,0.52,25.78
29.35,6.15,85.6,24.75,600.53,-84.94,0.018,-0.03,-1.2,0.28,25.5
29.17,5.78,85.5,24.43,583.05,-84.72,0.017,-0.43,-0.68,-1.03,25.09
29.01,5.76,84.7,23.75,585.55,-85.36,0.007,0.44,0.29,-0.16,24.85
29.17,6.12,85.0,22.54,602.44,-86.79,0.017,0.89,-0.89,-0.19,24.95
29.02,5.75,84.8,23.96,595.82,-88.55,0.054,-0.16,0.27,0.5,24.81
29.25,5.7,83.9,23.47,571.25,-85.03,0.074,-1.0,-0.46,0.13,24.78
28.99,5.57,83.0,23.49,544.82,-86.29,0.012,-0.48,-0.58,-0.21,23.76
29.28,5.86,83.7,23.74,566.51,-85.42,0.008,-0.17,0.21,0.39,23.86
29.08,5.63,82.5,22.84,561.47,-84.01,0.022,1.13,0.34,-0.53,23.96
29.06,5.06,82.6,22.64,557.65,-86.41,0.01,-1.11,0.72,-1.16,23.45
28.79,5.06,83.0,22.4,561.32,-85.07,0.023,0.53,0.38,-0.34,24.02
29.02,5.28,82.4,23.51,560.77,-87.6,0.029,0.86,0.21,-0.07,23.94
28.97,5.02,83.4,23.01,557.99,-84.51,0.048,0.7,0.79,1.04,23.28
28.8,4.5,81.6,22.69,548.72,-85.87,0.032,-0.77,-0.56,-0.29,23.64
28.95,4.86,80.3,21.64,522.53,-88.29,0.023,-0.14,-0.75,0.34,23.31
28.87,4.94,82.9,21.68,533.52,-84.1,0.034,-0.56,-0.9,-0.26,23.17
28.87,4.85,81.7,22.29,556.47,-80.68,0.008,-0.74,0.5,-0.56,21.78
28.88,5.12,81.6,22.05,533.78,-84.56,0.081,0.46,-0.44,0.53,22.71
28.8,4.18,80.7,21.68,530.45,-85.99,0.031,-0.02,-0.48,-0.22,22.41
28.87,4.56,79.7,21.18,527.23,-83.32,0.056,-0.13,-0.06,0.09,22.46
28.81,4.98,80.4,21.89,524.76,-84.72,0.007,-0.83,-0.5,0.22,22.22
28.87,4.49,81.4,22.03,493.89,-83.35,0.034,-0.66,-0.4,1.39,21.78
28.73,4.28,80.7,21.43,512.56,-85.4,0.001,-0.54,-0.27,0.16,22.0
28.65,4.39,80.5,20.89,511.95,-86.08,0.005,-0.2,0.33,0.57,21.84
28.68,4.69,79.3,21.58,522.65,-83.16,0.004,1.27,0.71,-0.4,22.25
28.93,4.44,82.0,20.99,507.96,-84.38,0.065,-0.91,-0.48,-0.16,21.72
28.86,4.26,80.4,21.39,488.8,-84.43,0.019,0.94,-1.18,0.13,21.43
28.88,4.58,82.3,20.59,507.5,-81.82,0.034,0.32,0.29,-0.65,21.05
28.88,4.51,80.6,21.34,493.23,-83.84,0.11,-0.5,-0.89,-0.47,22.54
28.67,3.99,81.5,20.36,487.32,-82.35,0.062,0.57,-0.15,0.07,21.75
28.75,4.37,79.6,20.19,489.52,-83.71,0.028,-1.28,0.41,0.07,21.32
28.72,3.92,78.9,20.62,501.8,-80.93,0.009,-1.03,0.75,-0.1,20.59
28.78,4.64,79.9,20.22,507.64,-79.98,0.005,-0.73,-0.97,0.61,20.46
28.67,4.64,80.5,20.3,498.7,-81.45,0.034,0.03,0.43,-0.34,21.66
28.71,4.16,80.6,19.72,499.17,-83.76,0.012,0.19,-1.14,0.14,21.55
28.71,4.56,80.3,19.66,496.71,-80.96,0.017,-0.12,-0.27,0.84,20.95
28.76,4.0,81.8,19.8,492.29,-82.06,0.034,0.14,0.1,0.05,20.44
28.78,4.17,80.3,19.99,497.69,-81.26,0.049,-0.6,-0.64,-0.43,20.48
28.72,4.03,79.8,19.53,466.13,-82.29,0.024,1.77,0.21,-0.63,20.29
28.72,4.19,79.8,20.12,491.19,-82.25,0.058,-0.12,-0.24,-0.41,21.42
28.74,4.22,79.4,19.65,479.55,-81.14,0.055,-1.47,-0.01,0.32,20.45
28.92,4.2,80.3,20.24,501.71,-78.53,0.024,0.45,0.03,-0.28,20.81
28.52,4.18,81.0,19.23,488.84,-80.78,0.003,-0.39,-0.01,-0.35,20.83
28.62,4.25,81.3,19.68,491.01,-81.41,0.035,-0.56,0.84,0.39,19.9
28.82,4.6,80.0,19.68,476.2,-81.97,0.014,0.16,-0.31,-0.13,20.41
28.78,3.63,80.2,19.58,502.13,-81.33,0.045,0.41,-0.42,0.44,20.24
28.79,4.83,79.8,19.45,499.09,-78.35,0.002,-0.01,0.88,0.29,20.85
28.85,4.16,81.2,19.74,499.41,-81.28,0.018,0.39,-0.25,-0.14,20.56
28.81,4.27,79.5,18.99,486.88,-81.03,0.016,-0.36,0.1,0.46,20.28
28.73,4.71,80.0,19.51,488.59,-81.98,0.006,0.85,0.51,-0.29,20.36
28.89,4.52,77.3,19.06,500.04,-79.03,0.024,0.29,0.24,0.44,20.03
28.83,4.53,79.8,19.2,492.49,-79.13,0.023,-0.74,-0.09,0.02,19.93
28.8,4.77,80.4,19.5,505.56,-77.84,0.02,0.42,-0.62,0.25,20.01
28.95,4.39,80.6,19.74,481.52,-78.61,0.012,-0.02,-1.31,0.18,20.53
28.96,4.75,80.1,18.94,500.32,-79.8,0.075,-0.54,-0.06,0.19,20.72
28.93,4.13,80.4,20.01,525.37,-77.22,0.046,-0.82,0.11,0.07,20.63
29.13,4.68,82.4,19.81,514.15,-77.38,0.056,-1.07,0.02,0.34,19.78
29.11,4.76,80.9,19.5,513.91,-79.02,0.01,0.88,0.44,-0.25,20.57
29.09,4.99,80.3,19.14,534.72,-78.5,0.096,0.26,-0.42,-0.11,20.73
29.3,4.9,81.0,20.08,494.26,-81.43,0.012,-0.11,0.16,-0.23,21.21
29.0,4.8,81.2,19.75,512.36,-78.42,0.003,1.06,0.22,-0.51,20.04
28.99,4.7,82.1,19.79,519.52,-78.58,0.051,1.48,0.18,-0.33,21.06
29.17,4.75,82.7,19.44,535.25,-78.72,0.001,0.57,1.09,-0.14,21.33
29.06,4.81,81.5,19.8,538.69,-77.8,0.107,0.29,0.1,0.12,20.32
29.12,4.57,83.0,19.57,524.65,-79.77,0.004,0.19,-0.75,0.45,21.09
29.03,5.55,84.1,20.27,546.79,-74.79,0.005,0.67,-0.58,-0.62,20.22
29.25,5.38,83.9,20.35,536.38,-77.02,0.001,0.05,0.64,-0.85,20.97
29.03,5.23,83.8,19.93,556.25,-76.98,0.004,-1.21,0.32,0.42,20.65
29.22,5.46,83.9,19.85,537.63,-76.88,0.008,-0.24,-0.05,-0.16,21.42
29.26,5.51,83.5,20.41,550.64,-76.35,0.047,-0.26,-0.32,-1.42,21.22
29.24,5.05,85.1,20.44,550.99,-77.54,0.0,-0.39,0.2,-0.56,21.2
29.11,5.61,84.5,19.89,570.57,-78.5,0.058,0.34,0.1,-0.47,21.68
29.14,5.87,83.8,20.29,558.98,-79.87,0.011,-1.53,0.27,-0.47,21.2
29.3,5.35,84.5,21.25,568.07,-75.84,0.066,-1.24,-1.13,0.05,21.65
29.48,5.17,84.3,20.58,577.92,-76.5,0.016,0.1,-0.16,-0.37,22.04
29.49,5.35,85.0,20.77,582.75,-79.11,0.037,0.07,0.2,0.63,21.74
29.48,5.75,86.3,20.98,590.68,-79.12,0.005,0.05,-0.24,0.67,22.05
29.41,5.48,85.4,20.7,588.5,-79.81,0.024,-0.27,0.51,0.21,22.01
29.59,5.87,85.2,21.28,586.85,-77.46,0.012,0.2,0.46,-0.88,22.81
29.37,5.8,86.9,21.25,592.24,-75.2,0.009,-0.24,-0.72,0.22,22.93
29.33,6.07,87.3,21.63,600.75,-79.06,0.034,0.44,0.71,-1.09,22.47
29.62,6.0,85.9,20.77,607.79,-76.66,0.07,-1.78,-0.33,-0.47,22.59
29.62,6.21,88.0,21.61,608.67,-78.99,0.03,-0.01,0.41,0.42,22.37
29.84,6.48,87.8,21.68,615.22,-78.83,0.065,0.09,0.13,0.26,23.82
29.78,6.09,86.8,21.24,604.78,-77.61,0.014,-0.99,-0.26,0.55,23.37
29.99,6.53,88.5,21.77,631.58,-73.81,0.033,-1.32,0.68,0.14,23.56
29.76,6.27,86.8,22.14,631.69,-77.67,0.003,-0.04,0.7,-0.35,23.92
29.92,6.6,87.7,22.15,644.89,-78.52,0.09,-0.74,0.23,0.56,23.48
29.87,6.65,87.4,22.26,639.89,-77.18,0.037,-0.53,0.45,0.57,23.55
30.1,6.85,87.8,22.41,627.52,-77.11,0.023,0.35,-0.46,0.7,24.4
29.94,6.87,89.5,22.39,646.35,-76.64,0.061,0.21,0.97,0.3,23.74
30.1,7.26,89.0,23.4,652.96,-77.23,0.037,0.54,-0.04,-0.67,24.05
29.9,6.95,88.4,22.95,667.41,-77.04,0.018,1.4,0.09,-0.23,24.4
30.02,6.84,89.1,23.09,644.29,-75.56,0.025,0.29,0.68,0.05,24.0
30.09,7.37,89.3,22.67,670.4,-76.17,0.025,0.93,-0.2,0.49,24.92
30.28,7.26,90.2,23.17,680.1,-77.6,0.033,-0.37,-0.85,-0.12,24.98
29.9,7.49,92.1,23.24,673.3,-75.21,0.043,-1.08,-0.78,-0.76,24.7
30.16,7.26,90.7,23.56,685.59,-72.74,0.015,-0.95,-0.44,-0.11,25.55
30.19,6.96,91.0,23.61,683.46,-75.42,0.044,-1.05,0.78,0.12,24.78
30.01,8.09,92.2,23.66,687.28,-74.25,0.01,0.44,1.19,-0.12,25.26
30.24,7.29,90.8,23.95,695.3,-76.83,0.014,1.42,0.62,0.1,26.17
30.14,7.18,92.5,23.8,697.03,-75.88,0.014,-0.41,-0.29,0.22,25.68
30.07,7.8,91.3,24.54,715.68,-77.67,0.003,-1.41,0.07,0.14,25.3
30.35,7.36,91.6,24.76,706.14,-79.59,0.006,-0.03,-0.21,-0.24,26.16
30.38,7.57,91.8,24.8,709.04,-77.1,0.12,-0.17,-0.87,0.03,26.11
30.41,7.78,92.2,25.08,740.26,-76.66,0.021,-0.69,-0.41,-0.34,26.59
30.5,7.74,92.4,25.2,736.63,-77.75,0.007,0.5,-0.53,-0.18,26.98
30.39,7.72,93.0,24.63,712.78,-76.36,0.015,-0.39,-1.03,0.34,26.68
30.74,8.35,92.6,25.75,728.03,-77.9,0.018,0.13,-0.18,0.39,25.91
30.54,7.88,93.2,25.68,742.31,-73.25,0.019,0.27,0.11,-0.18,27.24
30.73,7.68,92.0,24.85,747.23,-78.01,0.017,0.02,-0.16,-0.44,26.77
30.39,8.28,94.1,25.4,733.11,-77.41,0.047,-0.23,-0.14,-0.05,27.53
30.52,7.8,94.6,25.37,763.53,-77.11,0.013,-0.01,-0.12,-0.62,27.83
30.72,8.02,94.0,26.1,764.02,-74.8,0.027,-0.51,-0.72,0.82,28.06
30.64,7.81,94.6,25.9,764.3,-75.18,0.018,0.1,0.49,0.04,28.12
30.56,8.17,93.5,26.23,776.66,-76.22,0.019,0.27,-0.8,-0.37,27.8
30.48,8.14,95.6,26.97,771.12,-77.29,0.085,-0.8,-0.73,-0.02,28.02
30.81,8.13,94.6,27.0,774.47,-80.44,0.012,-0.56,1.01,0.19,28.38
30.82,8.2,93.4,26.29,788.82,-77.73,0.004,-0.16,-0.01,-0.5,28.67
30.79,8.42,95.7,26.91,787.4,-76.41,0.014,-0.38,-1.3,-0.18,28.09
30.72,8.4,95.5,27.52,770.99,-77.14,0.004,-0.62,1.22,0.11,28.98
30.66,7.88,96.5,26.68,788.63,-74.93,0.051,0.01,0.58,0.16,28.02
30.8,8.0,96.5,27.46,778.42,-75.93,0.008,0.32,-0.31,-0.11,28.03
30.66,8.48,96.3,27.18,792.73,-77.75,0.025,-1.48,0.45,-0.57,28.33
30.74,7.96,95.7,27.03,794.95,-75.78,0.007,0.14,-0.64,-0.63,29.32
30.99,8.34,96.0,28.0,778.7,-79.09,0.002,0.61,-0.54,-0.56,29.48
30.63,8.44,94.7,27.43,793.53,-76.52,0.012,-0.78,-0.39,0.67,29.42
30.94,7.69,95.4,27.63,799.47,-75.54,0.146,0.75,0.42,0.11,29.22
31.05,8.05,98.1,27.66,794.38,-76.24,0.11,0.36,0.74,0.1,29.74
30.98,8.4,94.4,28.25,803.67,-78.06,0.019,-0.65,-0.06,-0.36,29.38
30.93,8.09,96.1,28.32,810.21,-76.06,0.014,-0.71,0.25,0.06,29.62
30.83,8.0,95.8,27.81,803.33,-79.98,0.111,0.01,0.18,0.6,29.51
30.82,8.34,96.6,28.2,807.21,-79.18,0.017,-0.31,-0.89,0.23,30.19
30.63,8.4,96.1,28.37,819.97,-78.97,0.001,-0.43,-1.31,0.37,29.78
30.9,7.84,96.9,28.66,811.89,-80.37,0.094,1.24,0.17,0.45,30.25
30.85,8.54,96.0,28.18,810.03,-76.17,0.056,0.61,0.1,-0.73,30.2
30.82,7.44,96.6,28.95,799.15,-75.62,0.035,-0.38,-0.54,-0.24,30.88
30.9,7.49,96.3,28.82,816.0,-78.26,0.06,0.19,-0.64,0.46,30.33
30.9,7.77,95.8,28.26,812.98,-76.23,0.005,0.06,-0.15,-0.18,30.86
30.82,7.76,95.6,28.82,822.76,-79.68,0.008,0.43,-0.15,0.01,30.74
31.08,7.73,97.0,28.88,810.47,-78.94,0.003,-0.11,-0.34,-0.86,30.02
30.97,7.61,96.4,28.51,791.76,-78.95,0.078,0.87,-0.1,-0.47,30.29
30.98,7.51,96.7,28.95,792.69,-80.18,0.012,0.98,-1.27,0.01,30.45
30.86,7.61,96.9,28.84,816.65,-77.88,0.079,-0.04,-0.76,0.96,30.81
30.92,7.45,95.4,28.34,803.04,-78.87,0.02,0.29,1.24,-0.1,30.93
30.74,7.77,95.5,27.79,812.41,-79.59,0.039,0.46,1.31,0.1,30.91
30.92,7.52,95.4,29.65,808.32,-78.85,0.042,-0.02,-0.82,0.02,30.35
30.8,7.39,96.4,28.92,804.49,-77.77,0.011,-0.15,0.75,0.43,30.68
30.69,7.37,95.6,29.01,804.02,-79.82,0.018,0.32,0.25,-0.4,30.53
30.8,7.67,95.6,28.63,795.01,-75.98,0.069,0.12,-0.73,-0.03,30.85
30.75,7.13,94.5,28.79,802.03,-78.43,0.046,0.92,-0.35,-0.4,30.05
31.05,6.83,95.9,29.76,794.71,-79.15,0.025,0.22,0.64,-0.37,30.69
30.8,6.85,95.8,29.84,795.06,-79.62,0.016,1.1,0.36,0.78,29.98
30.92,7.0,95.4,28.34,793.62,-77.06,0.113,-0.71,0.35,-0.64,30.24
30.85,7.15,95.0,29.0,792.52,-79.52,0.001,-0.28,-0.22,0.52,31.3
30.7,7.2,95.6,29.62,801.8,-80.31,0.044,-0.35,-1.29,-0.78,31.3
30.62,7.36,94.6,29.01,788.93,-81.62,0.026,-0.15,0.39,-0.77,30.33
30.44,7.02,95.6,29.16,797.98,-79.92,0.078,-0.21,0.09,-0.6,30.76
30.53,6.46,94.9,28.83,800.49,-79.68,0.041,-1.01,0.52,-1.34,30.71
30.69,6.59,93.1,29.04,790.91,-78.1,0.005,0.74,0.6,-0.24,31.02
30.55,5.93,93.9,29.32,784.81,-81.12,0.047,-0.01,-1.26,0.77,30.52
30.6,6.41,94.1,28.95,779.72,-80.6,0.012,-0.11,1.0,0.12,29.95
30.29,6.24,93.1,28.3,781.96,-81.51,0.013,-0.05,0.02,-0.38,29.98
30.56,5.66,94.3,28.45,770.94,-80.34,0.02,-0.01,-0.08,-0.02,30.4
30.61,6.91,91.7,28.88,776.51,-80.4,0.03,-0.23,-1.09,-0.87,29.44
30.24,6.09,93.7,28.53,769.31,-82.29,0.0,-0.96,-0.21,0.08,29.41
30.47,5.49,93.4,28.3,755.96,-81.55,0.094,0.21,0.01,-0.33,30.36
30.56,5.97,91.1,28.04,764.8,-81.62,0.03,0.07,0.91,-0.5,31.0
30.57,6.47,92.5,27.99,752.93,-81.43,0.016,0.16,-0.61,-0.22,29.6
30.28,6.47,91.9,28.01,747.04,-80.49,0.032,-0.62,-0.14,0.43,29.7
30.4,5.84,93.2,28.34,739.32,-79.91,0.034,0.21,-0.31,0.02,29.63
30.45,5.78,91.1,27.92,741.63,-84.47,0.001,-1.69,-0.35,-0.04,29.66
30.29,6.05,92.2,28.07,745.73,-81.05,0.003,1.31,-0.32,-1.15,29.12
30.37,5.56,92.2,27.97,740.37,-84.01,0.025,0.5,-1.19,0.17,29.31
30.18,5.67,90.8,28.08,730.65,-81.88,0.016,-0.43,0.04,0.4,29.56
30.19,5.72,91.9,27.43,728.67,-82.41,0.019,1.4,-0.41,-0.04,28.89
30.04,5.07,90.3,28.18,730.88,-83.94,0.007,-0.15,0.22,0.28,29.01
30.06,5.79,91.5,26.89,712.08,-80.84,0.083,-0.99,0.69,0.55,29.3
30.1,5.0,92.3,27.28,697.78,-83.95,0.013,-1.03,-0.33,-0.02,28.75
29.93,5.0,90.7,27.13,717.24,-81.92,0.002,-0.72,-0.26,-0.42,28.01
29.95,5.16,90.2,26.88,694.18,-83.47,0.031,0.51,0.1,0.53,27.59
30.04,5.35,89.1,26.27,687.77,-86.11,0.026,0.15,-0.19,0.9,27.91
30.16,5.21,90.7,27.34,671.86,-83.96,0.026,0.86,0.41,-0.35,28.7
29.63,4.93,89.7,27.08,690.65,-82.89,0.002,0.8,0.65,0.15,27.98
30.08,4.97,88.3,26.84,663.8,-84.48,0.044,0.95,1.11,-0.51,28.08
29.78,5.15,89.7,26.28,667.56,-85.54,0.012,-0.38,-0.39,0.32,28.31
29.89,4.78,88.3,26.22,675.97,-83.36,0.092,-0.09,-0.47,-0.53,27.15
29.88,4.48,88.5,26.15,672.31,-84.79,0.029,-0.61,0.53,-0.48,28.56
29.89,4.49,87.4,26.04,653.56,-84.63,0.034,0.43,-0.11,-0.16,27.3
29.58,4.9,86.7,26.27,653.72,-86.59,0.026,-0.82,-0.07,-0.67,27.41
29.61,4.34,86.5,25.67,641.31,-82.54,0.018,0.33,-0.1,-0.51,26.76
29.6,4.07,86.6,25.4,639.52,-82.48,0.012,-0.59,0.77,-0.79,26.49
29.52,4.41,87.1,25.61,642.65,-85.6,0.005,0.24,0.2,-0.38,26.73
29.69,4.44,86.2,25.43,629.96,-86.12,0.029,-1.14,-0.82,-0.25,26.32
29.49,4.68,85.6,25.44,627.54,-81.57,0.165,-0.22,-0.6,0.31,26.44
29.27,3.95,85.2,25.61,610.35,-84.86,0.016,-0.73,0.7,-0.71,25.39
29.36,4.46,86.7,24.83,631.38,-86.59,0.008,-0.59,1.73,0.4,25.53
29.21,4.68,85.4,25.15,620.23,-85.07,0.048,-0.03,0.68,-0.21,25.71
29.34,4.06,83.7,24.72,618.17,-85.51,0.082,-1.07,-0.59,-0.27,25.3
29.42,4.31,85.0,24.88,618.29,-83.87,0.127,-0.76,0.12,-0.37,26.81
29.23,3.62,84.4,24.8,592.33,-82.27,0.058,-0.45,0.58,0.32,25.5
29.23,4.51,84.7,23.96,592.25,-85.87,0.021,0.42,-0.57,-0.4,25.37
29.21,4.47,83.9,24.76,572.18,-84.85,0.058,-0.4,-0.88,0.44,24.66
29.23,4.21,85.1,23.98,617.89,-86.66,0.002,-0.16,0.59,-0.82,24.66
29.25,3.81,83.8,23.37,580.41,-87.96,0.05,-0.51,-0.02,0.16,24.57
29.26,4.4,83.5,23.22,587.77,-86.05,0.003,-0.42,0.29,0.83,25.07
29.4,4.13,83.2,23.99,560.56,-89.01,0.028,0.34,0.48,-0.19,23.89
29.12,3.37,83.6,23.78,578.54,-82.47,0.012,0.46,-0.05,0.61,24.16
29.17,4.44,83.4,23.56,582.87,-84.78,0.025,0.41,-0.51,-0.24,24.31
28.86,4.56,82.6,22.84,559.49,-85.94,0.011,1.22,0.31,-0.24,23.06
28.98,4.62,82.7,22.75,545.87,-89.14,0.002,0.48,0.39,1.08,23.16
28.97,3.84,82.3,22.19,550.57,-86.38,0.047,0.39,-0.4,-0.14,23.11
28.86,3.67,83.0,22.49,525.76,-88.71,0.004,-0.66,0.53,0.26,23.44
28.89,4.13,81.1,22.51,543.83,-85.47,0.029,-0.23,0.55,0.39,23.19
28.92,4.43,81.7,22.84,548.7,-84.87,0.011,0.25,-0.09,0.49,23.59
28.85,4.01,81.7,22.08,536.52,-86.66,0.03,0.46,0.06,-0.19,22.19
29.21,3.85,82.8,21.92,530.54,-89.23,0.017,0.73,-0.0,0.16,22.77
28.94,4.57,82.4,22.01,535.27,-89.12,0.062,-0.3,0.9,-0.52,23.26
29.1,4.28,81.7,22.07,532.77,-89.31,0.039,0.62,-0.52,-0.37,22.02
29.02,4.6,80.4,22.19,506.99,-88.07,0.009,-0.14,-0.31,-0.3,22.47
28.75,4.45,81.1,21.28,521.46,-88.69,0.1,0.42,0.2,-0.03,22.69
28.81,4.43,82.5,21.34,542.04,-87.85,0.009,-1.11,0.47,0.05,22.82
28.74,4.51,80.7,21.32,501.57,-84.74,0.005,0.99,-0.48,0.37,21.63
28.76,4.46,80.8,21.06,511.44,-87.9,0.111,0.51,-0.02,0.64,22.16
28.65,4.47,80.8,20.82,529.22,-87.98,0.003,-0.28,0.77,0.17,21.9
28.7,4.33,79.9,20.84,518.49,-86.81,0.013,0.38,-0.35,1.16,21.36
28.79,4.85,79.8,20.4,500.1,-86.03,0.03,0.46,-0.06,0.04,21.17
28.78,5.13,79.7,20.5,505.23,-85.34,0.092,0.97,0.31,0.03,21.05
28.76,4.66,80.1,20.18,501.22,-84.2,0.01,-0.19,-0.18,0.59,22.93
28.71,5.43,80.6,20.52,491.99,-88.05,0.032,-0.55,0.53,0.1,21.82
28.82,5.04,80.3,20.28,497.09,-87.28,0.001,0.32,0.35,0.2,21.28
28.68,5.06,80.5,20.14,493.56,-89.99,0.038,-0.21,0.15,0.16,20.82
28.87,5.24,81.8,20.25,496.16,-88.76,0.074,0.97,-0.46,-0.13,21.3
28.48,5.4,82.1,19.29,486.37,-87.36,0.005,-0.18,-0.17,-0.62,20.5
28.78,5.03,80.1,19.97,480.07,-88.04,0.045,0.17,-0.76,0.48,21.04
28.76,5.4,80.8,20.07,491.56,-88.16,0.021,-0.34,-0.37,0.61,21.17
28.62,5.62,80.5,20.27,508.42,-88.34,0.027,0.12,-0.3,0.64,20.7
28.66,5.26,80.9,20.08,491.53,-85.57,0.037,0.04,-1.1,0.01,20.46
28.76,5.44,80.8,20.25,487.0,-88.97,0.037,-0.73,0.63,-0.03,20.43
28.82,5.28,79.6,19.24,497.62,-84.53,0.019,0.11,-0.31,-0.67,20.97
28.5,5.43,81.6,20.06,488.42,-88.39,0.018,-0.88,-0.45,-0.75,20.51
28.79,5.55,81.3,19.75,508.76,-84.38,0.01,0.57,-0.28,-0.1,21.15
28.67,5.46,80.9,19.41,490.28,-88.72,0.005,0.8,0.3,0.73,19.71
28.87,5.78,80.7,19.59,497.71,-88.52,0.057,-0.41,-0.83,-0.49,19.9
28.52,5.97,80.5,20.61,483.71,-86.23,0.053,0.52,0.19,-0.57,20.41
29.04,6.08,80.4,19.54,497.0,-86.53,0.059,-0.06,0.04,-0.05,20.53
28.66,5.78,81.0,19.49,495.58,-85.22,0.111,0.36,0.4,-0.2,20.31
28.95,5.92,80.6,19.74,493.29,-87.79,0.013,0.16,0.9,0.0,20.88
28.78,6.43,80.8,19.35,490.01,-86.85,0.018,-0.27,0.75,-0.28,19.93
28.7,6.07,80.6,19.13,489.97,-86.28,0.075,-0.75,-0.79,0.4,20.31
28.85,6.57,80.6,19.89,500.65,-85.34,0.006,0.84,-0.48,-0.38,20.73
28.96,6.18,82.3,18.9,505.74,-85.39,0.028,0.84,0.62,0.51,21.02
28.66,6.59,81.1,19.42,499.96,-84.8,0.035,-0.02,0.12,-0.5,20.23
28.95,6.78,80.8,19.39,506.03,-83.99,0.042,-0.32,0.54,-0.3,21.4
28.88,5.83,81.4,19.13,504.84,-86.01,0.055,0.2,-0.07,-0.07,20.39
28.97,6.96,80.4,18.97,508.42,-83.52,0.009,-0.17,-1.12,-0.66,21.05
28.93,7.16,82.3,19.41,507.78,-85.88,0.027,-0.75,-0.23,-0.36,20.27
28.88,6.75,81.7,19.61,512.46,-85.36,0.083,0.4,0.53,0.73,20.38
28.84,7.02,81.5,19.88,541.88,-84.92,0.069,0.01,0.71,-0.31,20.95
29.07,6.73,81.6,19.28,520.78,-85.28,0.027,-0.19,0.21,-0.09,20.85
29.1,7.16,80.9,19.31,527.0,-84.16,0.01,-0.37,-0.52,-0.21,20.57
29.12,7.86,83.8,20.16,527.95,-84.64,0.023,0.06,0.28,0.56,20.22
29.12,6.53,82.6,19.51,524.08,-87.28,0.013,-0.0,0.53,-0.05,21.74
29.21,7.1,84.1,19.61,542.92,-87.46,0.034,0.32,0.44,0.08,20.65
29.29,7.55,82.6,20.21,530.45,-84.35,0.026,0.22,0.14,-0.31,20.85
28.92,7.75,83.4,19.27,547.41,-86.04,0.005,0.46,-0.58,0.68,20.13
28.89,7.02,83.8,19.49,537.12,-83.92,0.015,-1.2,0.61,0.21,20.76
29.41,7.3,83.8,20.47,534.58,-86.97,0.091,0.1,-0.66,0.31,21.42
29.07,7.38,83.3,19.85,551.66,-84.52,0.047,0.5,-0.18,0.06,21.09
29.13,7.41,82.4,19.95,540.88,-85.36,0.016,0.31,0.51,-0.28,22.3
29.26,7.62,85.9,20.06,561.31,-83.42,0.06,0.79,0.8,-0.32,21.45
29.13,7.28,83.7,20.19,548.12,-85.78,0.02,-0.44,-0.36,0.57,21.2
29.31,7.68,86.5,20.23,561.07,-83.1,0.02,0.25,-0.33,0.66,22.23
29.27,7.52,84.3,20.54,554.23,-82.18,0.051,-0.55,-0.23,-0.18,22.63
29.39,7.83,86.1,21.02,601.16,-82.97,0.04,1.21,0.0,0.24,22.3
29.49,7.68,85.7,20.41,560.82,-83.06,0.0,-0.28,-0.43,-0.37,21.93
29.44,7.88,85.9,20.58,581.97,-81.96,0.015,-0.18,-0.34,0.01,21.92
29.47,7.65,85.2,20.91,597.89,-82.02,0.0,0.39,-0.64,-0.71,21.46
29.58,8.28,85.6,21.56,601.46,-85.93,0.024,-0.45,-0.78,-0.28,22.38
29.71,7.93,85.8,21.02,604.31,-81.39,0.018,-0.79,-0.16,-0.17,22.53
29.81,8.06,86.5,20.93,597.38,-80.57,0.009,0.96,-0.2,0.52,22.05
29.63,8.04,86.5,20.65,618.87,-81.86,0.13,0.73,-0.1,0.31,22.67
29.91,8.11,86.5,21.22,619.34,-84.67,0.004,0.29,-0.37,-0.47,23.22
29.83,8.13,86.4,21.31,617.22,-84.32,0.066,-0.23,-0.85,0.07,22.8
29.61,8.39,86.7,21.32,622.42,-85.68,0.083,0.52,-0.43,-0.17,23.19
29.64,8.08,88.0,21.89,621.93,-80.62,0.065,-0.92,-0.43,-0.63,22.4
29.76,7.96,87.2,21.91,620.85,-80.1,0.018,-0.91,-0.89,-0.47,24.08
30.03,8.2,87.2,22.64,647.31,-81.25,0.108,-0.71,0.28,-0.6,23.23
29.84,8.01,88.4,22.35,653.07,-80.59,0.0,-0.21,-0.48,-0.27,23.54
29.7,8.18,86.8,22.77,636.13,-82.1,0.011,0.24,-0.11,0.54,23.91
29.94,7.88,88.8,22.49,648.46,-80.71,0.005,-0.36,-0.47,0.04,23.88
